using usscd = 64

Iters. done: 1 [Current cost: -21.773539679439313]
Current parameters: [2.00147231 0.56187831 1.76143006 2.161649   2.6086688  1.84847862
 1.5350275  2.03880017 1.37869846 2.88971667 0.13976753 2.18659565
 2.67698766 1.21186559 3.05764021 0.30640764 1.53753858 1.52603128
 3.06656421 2.83384978 0.17404602 2.68650884 0.47037724 3.04488237
 2.324415   1.80989914 0.58621027 2.93744591 0.22505595 2.485036
 1.94943176 1.16258259 2.07772071 1.29119741 0.0265394  1.4062386
 1.25259101 1.67110224 0.66749267 0.53608265 1.31478196 2.08412094
 0.46070426 2.75048672 2.69902641 1.00035067 2.52171262 0.65162745
 1.313649   0.88035827 0.32871222 1.65317673 0.89579359 1.35262029
 0.60627079 0.03156917 2.87646302 3.01232147 3.06946205 2.06626146
 0.55771216 1.11381164 1.73342252 1.54709117]
Device (GPU) time: 1.0160 seconds
Iters. done: 2 [Current cost: -21.736580856797882]
Current parameters: [1.00147231 1.56187831 1.76143006 2.161649   2.6086688  1.84847862
 1.5350275  2.03880017 1.37869846 2.88971667 0.13976753 2.18659565
 2.67698766 1.21186559 3.05764021 0.30640764 1.53753858 1.52603128
 3.06656421 2.83384978 0.17404602 2.68650884 0.47037724 3.04488237
 2.324415   1.80989914 0.58621027 2.93744591 0.22505595 2.485036
 1.94943176 1.16258259 2.07772071 1.29119741 0.0265394  1.4062386
 1.25259101 1.67110224 0.66749267 0.53608265 1.31478196 2.08412094
 0.46070426 2.75048672 2.69902641 1.00035067 2.52171262 0.65162745
 1.313649   0.88035827 0.32871222 1.65317673 0.89579359 1.35262029
 0.60627079 0.03156917 2.87646302 3.01232147 3.06946205 2.06626146
 0.55771216 1.11381164 1.73342252 1.54709117]
Device (GPU) time: 0.8727 seconds
Iters. done: 3 [Current cost: -21.551727083697926]
Current parameters: [1.00147231 0.56187831 2.76143006 2.161649   2.6086688  1.84847862
 1.5350275  2.03880017 1.37869846 2.88971667 0.13976753 2.18659565
 2.67698766 1.21186559 3.05764021 0.30640764 1.53753858 1.52603128
 3.06656421 2.83384978 0.17404602 2.68650884 0.47037724 3.04488237
 2.324415   1.80989914 0.58621027 2.93744591 0.22505595 2.485036
 1.94943176 1.16258259 2.07772071 1.29119741 0.0265394  1.4062386
 1.25259101 1.67110224 0.66749267 0.53608265 1.31478196 2.08412094
 0.46070426 2.75048672 2.69902641 1.00035067 2.52171262 0.65162745
 1.313649   0.88035827 0.32871222 1.65317673 0.89579359 1.35262029
 0.60627079 0.03156917 2.87646302 3.01232147 3.06946205 2.06626146
 0.55771216 1.11381164 1.73342252 1.54709117]
Device (GPU) time: 0.7955 seconds
Iters. done: 4 [Current cost: -21.517316419793822]
Current parameters: [1.00147231 0.56187831 1.76143006 3.161649   2.6086688  1.84847862
 1.5350275  2.03880017 1.37869846 2.88971667 0.13976753 2.18659565
 2.67698766 1.21186559 3.05764021 0.30640764 1.53753858 1.52603128
 3.06656421 2.83384978 0.17404602 2.68650884 0.47037724 3.04488237
 2.324415   1.80989914 0.58621027 2.93744591 0.22505595 2.485036
 1.94943176 1.16258259 2.07772071 1.29119741 0.0265394  1.4062386
 1.25259101 1.67110224 0.66749267 0.53608265 1.31478196 2.08412094
 0.46070426 2.75048672 2.69902641 1.00035067 2.52171262 0.65162745
 1.313649   0.88035827 0.32871222 1.65317673 0.89579359 1.35262029
 0.60627079 0.03156917 2.87646302 3.01232147 3.06946205 2.06626146
 0.55771216 1.11381164 1.73342252 1.54709117]
Device (GPU) time: 0.8701 seconds
Iters. done: 5 [Current cost: -21.543438207182785]
Current parameters: [1.00147231 0.56187831 1.76143006 2.161649   3.6086688  1.84847862
 1.5350275  2.03880017 1.37869846 2.88971667 0.13976753 2.18659565
 2.67698766 1.21186559 3.05764021 0.30640764 1.53753858 1.52603128
 3.06656421 2.83384978 0.17404602 2.68650884 0.47037724 3.04488237
 2.324415   1.80989914 0.58621027 2.93744591 0.22505595 2.485036
 1.94943176 1.16258259 2.07772071 1.29119741 0.0265394  1.4062386
 1.25259101 1.67110224 0.66749267 0.53608265 1.31478196 2.08412094
 0.46070426 2.75048672 2.69902641 1.00035067 2.52171262 0.65162745
 1.313649   0.88035827 0.32871222 1.65317673 0.89579359 1.35262029
 0.60627079 0.03156917 2.87646302 3.01232147 3.06946205 2.06626146
 0.55771216 1.11381164 1.73342252 1.54709117]
Device (GPU) time: 0.8231 seconds
Iters. done: 6 [Current cost: -21.327063318675666]
Current parameters: [1.00147231 0.56187831 1.76143006 2.161649   2.6086688  2.84847862
 1.5350275  2.03880017 1.37869846 2.88971667 0.13976753 2.18659565
 2.67698766 1.21186559 3.05764021 0.30640764 1.53753858 1.52603128
 3.06656421 2.83384978 0.17404602 2.68650884 0.47037724 3.04488237
 2.324415   1.80989914 0.58621027 2.93744591 0.22505595 2.485036
 1.94943176 1.16258259 2.07772071 1.29119741 0.0265394  1.4062386
 1.25259101 1.67110224 0.66749267 0.53608265 1.31478196 2.08412094
 0.46070426 2.75048672 2.69902641 1.00035067 2.52171262 0.65162745
 1.313649   0.88035827 0.32871222 1.65317673 0.89579359 1.35262029
 0.60627079 0.03156917 2.87646302 3.01232147 3.06946205 2.06626146
 0.55771216 1.11381164 1.73342252 1.54709117]
Device (GPU) time: 0.9175 seconds
Iters. done: 7 [Current cost: -21.80788974038703]
Current parameters: [1.00147231 0.56187831 1.76143006 2.161649   2.6086688  2.84847862
 2.5350275  2.03880017 1.37869846 2.88971667 0.13976753 2.18659565
 2.67698766 1.21186559 3.05764021 0.30640764 1.53753858 1.52603128
 3.06656421 2.83384978 0.17404602 2.68650884 0.47037724 3.04488237
 2.324415   1.80989914 0.58621027 2.93744591 0.22505595 2.485036
 1.94943176 1.16258259 2.07772071 1.29119741 0.0265394  1.4062386
 1.25259101 1.67110224 0.66749267 0.53608265 1.31478196 2.08412094
 0.46070426 2.75048672 2.69902641 1.00035067 2.52171262 0.65162745
 1.313649   0.88035827 0.32871222 1.65317673 0.89579359 1.35262029
 0.60627079 0.03156917 2.87646302 3.01232147 3.06946205 2.06626146
 0.55771216 1.11381164 1.73342252 1.54709117]
Device (GPU) time: 0.7975 seconds
Iters. done: 8 [Current cost: -21.499090803020195]
Current parameters: [1.00147231 0.56187831 1.76143006 2.161649   2.6086688  2.84847862
 1.5350275  3.03880017 1.37869846 2.88971667 0.13976753 2.18659565
 2.67698766 1.21186559 3.05764021 0.30640764 1.53753858 1.52603128
 3.06656421 2.83384978 0.17404602 2.68650884 0.47037724 3.04488237
 2.324415   1.80989914 0.58621027 2.93744591 0.22505595 2.485036
 1.94943176 1.16258259 2.07772071 1.29119741 0.0265394  1.4062386
 1.25259101 1.67110224 0.66749267 0.53608265 1.31478196 2.08412094
 0.46070426 2.75048672 2.69902641 1.00035067 2.52171262 0.65162745
 1.313649   0.88035827 0.32871222 1.65317673 0.89579359 1.35262029
 0.60627079 0.03156917 2.87646302 3.01232147 3.06946205 2.06626146
 0.55771216 1.11381164 1.73342252 1.54709117]
Device (GPU) time: 0.8706 seconds
Iters. done: 9 [Current cost: -21.642626052377675]
Current parameters: [1.00147231 0.56187831 1.76143006 2.161649   2.6086688  2.84847862
 1.5350275  2.03880017 2.37869846 2.88971667 0.13976753 2.18659565
 2.67698766 1.21186559 3.05764021 0.30640764 1.53753858 1.52603128
 3.06656421 2.83384978 0.17404602 2.68650884 0.47037724 3.04488237
 2.324415   1.80989914 0.58621027 2.93744591 0.22505595 2.485036
 1.94943176 1.16258259 2.07772071 1.29119741 0.0265394  1.4062386
 1.25259101 1.67110224 0.66749267 0.53608265 1.31478196 2.08412094
 0.46070426 2.75048672 2.69902641 1.00035067 2.52171262 0.65162745
 1.313649   0.88035827 0.32871222 1.65317673 0.89579359 1.35262029
 0.60627079 0.03156917 2.87646302 3.01232147 3.06946205 2.06626146
 0.55771216 1.11381164 1.73342252 1.54709117]
Device (GPU) time: 0.8343 seconds
Iters. done: 10 [Current cost: -21.3873887043606]
Current parameters: [1.00147231 0.56187831 1.76143006 2.161649   2.6086688  2.84847862
 1.5350275  2.03880017 1.37869846 3.88971667 0.13976753 2.18659565
 2.67698766 1.21186559 3.05764021 0.30640764 1.53753858 1.52603128
 3.06656421 2.83384978 0.17404602 2.68650884 0.47037724 3.04488237
 2.324415   1.80989914 0.58621027 2.93744591 0.22505595 2.485036
 1.94943176 1.16258259 2.07772071 1.29119741 0.0265394  1.4062386
 1.25259101 1.67110224 0.66749267 0.53608265 1.31478196 2.08412094
 0.46070426 2.75048672 2.69902641 1.00035067 2.52171262 0.65162745
 1.313649   0.88035827 0.32871222 1.65317673 0.89579359 1.35262029
 0.60627079 0.03156917 2.87646302 3.01232147 3.06946205 2.06626146
 0.55771216 1.11381164 1.73342252 1.54709117]
Device (GPU) time: 0.9019 seconds
Iters. done: 11 [Current cost: -21.65521550291966]
Current parameters: [1.00147231 0.56187831 1.76143006 2.161649   2.6086688  2.84847862
 1.5350275  2.03880017 1.37869846 2.88971667 1.13976753 2.18659565
 2.67698766 1.21186559 3.05764021 0.30640764 1.53753858 1.52603128
 3.06656421 2.83384978 0.17404602 2.68650884 0.47037724 3.04488237
 2.324415   1.80989914 0.58621027 2.93744591 0.22505595 2.485036
 1.94943176 1.16258259 2.07772071 1.29119741 0.0265394  1.4062386
 1.25259101 1.67110224 0.66749267 0.53608265 1.31478196 2.08412094
 0.46070426 2.75048672 2.69902641 1.00035067 2.52171262 0.65162745
 1.313649   0.88035827 0.32871222 1.65317673 0.89579359 1.35262029
 0.60627079 0.03156917 2.87646302 3.01232147 3.06946205 2.06626146
 0.55771216 1.11381164 1.73342252 1.54709117]
Device (GPU) time: 0.7958 seconds
Iters. done: 12 [Current cost: -21.273579326081517]
Current parameters: [1.00147231 0.56187831 1.76143006 2.161649   2.6086688  2.84847862
 1.5350275  2.03880017 1.37869846 2.88971667 0.13976753 3.18659565
 2.67698766 1.21186559 3.05764021 0.30640764 1.53753858 1.52603128
 3.06656421 2.83384978 0.17404602 2.68650884 0.47037724 3.04488237
 2.324415   1.80989914 0.58621027 2.93744591 0.22505595 2.485036
 1.94943176 1.16258259 2.07772071 1.29119741 0.0265394  1.4062386
 1.25259101 1.67110224 0.66749267 0.53608265 1.31478196 2.08412094
 0.46070426 2.75048672 2.69902641 1.00035067 2.52171262 0.65162745
 1.313649   0.88035827 0.32871222 1.65317673 0.89579359 1.35262029
 0.60627079 0.03156917 2.87646302 3.01232147 3.06946205 2.06626146
 0.55771216 1.11381164 1.73342252 1.54709117]
Device (GPU) time: 0.9536 seconds
Iters. done: 13 [Current cost: -21.652060263988954]
Current parameters: [1.00147231 0.56187831 1.76143006 2.161649   2.6086688  2.84847862
 1.5350275  2.03880017 1.37869846 2.88971667 0.13976753 2.18659565
 3.67698766 1.21186559 3.05764021 0.30640764 1.53753858 1.52603128
 3.06656421 2.83384978 0.17404602 2.68650884 0.47037724 3.04488237
 2.324415   1.80989914 0.58621027 2.93744591 0.22505595 2.485036
 1.94943176 1.16258259 2.07772071 1.29119741 0.0265394  1.4062386
 1.25259101 1.67110224 0.66749267 0.53608265 1.31478196 2.08412094
 0.46070426 2.75048672 2.69902641 1.00035067 2.52171262 0.65162745
 1.313649   0.88035827 0.32871222 1.65317673 0.89579359 1.35262029
 0.60627079 0.03156917 2.87646302 3.01232147 3.06946205 2.06626146
 0.55771216 1.11381164 1.73342252 1.54709117]
Device (GPU) time: 0.7816 seconds
Iters. done: 14 [Current cost: -21.682398814573016]
Current parameters: [1.00147231 0.56187831 1.76143006 2.161649   2.6086688  2.84847862
 1.5350275  2.03880017 1.37869846 2.88971667 0.13976753 2.18659565
 2.67698766 2.21186559 3.05764021 0.30640764 1.53753858 1.52603128
 3.06656421 2.83384978 0.17404602 2.68650884 0.47037724 3.04488237
 2.324415   1.80989914 0.58621027 2.93744591 0.22505595 2.485036
 1.94943176 1.16258259 2.07772071 1.29119741 0.0265394  1.4062386
 1.25259101 1.67110224 0.66749267 0.53608265 1.31478196 2.08412094
 0.46070426 2.75048672 2.69902641 1.00035067 2.52171262 0.65162745
 1.313649   0.88035827 0.32871222 1.65317673 0.89579359 1.35262029
 0.60627079 0.03156917 2.87646302 3.01232147 3.06946205 2.06626146
 0.55771216 1.11381164 1.73342252 1.54709117]
Device (GPU) time: 0.8777 seconds
Iters. done: 15 [Current cost: -21.437744994027575]
Current parameters: [1.00147231 0.56187831 1.76143006 2.161649   2.6086688  2.84847862
 1.5350275  2.03880017 1.37869846 2.88971667 0.13976753 2.18659565
 2.67698766 1.21186559 4.05764021 0.30640764 1.53753858 1.52603128
 3.06656421 2.83384978 0.17404602 2.68650884 0.47037724 3.04488237
 2.324415   1.80989914 0.58621027 2.93744591 0.22505595 2.485036
 1.94943176 1.16258259 2.07772071 1.29119741 0.0265394  1.4062386
 1.25259101 1.67110224 0.66749267 0.53608265 1.31478196 2.08412094
 0.46070426 2.75048672 2.69902641 1.00035067 2.52171262 0.65162745
 1.313649   0.88035827 0.32871222 1.65317673 0.89579359 1.35262029
 0.60627079 0.03156917 2.87646302 3.01232147 3.06946205 2.06626146
 0.55771216 1.11381164 1.73342252 1.54709117]
Device (GPU) time: 0.7869 seconds
Iters. done: 16 [Current cost: -21.876452416548435]
Current parameters: [1.00147231 0.56187831 1.76143006 2.161649   2.6086688  2.84847862
 1.5350275  2.03880017 1.37869846 2.88971667 0.13976753 2.18659565
 2.67698766 1.21186559 4.05764021 1.30640764 1.53753858 1.52603128
 3.06656421 2.83384978 0.17404602 2.68650884 0.47037724 3.04488237
 2.324415   1.80989914 0.58621027 2.93744591 0.22505595 2.485036
 1.94943176 1.16258259 2.07772071 1.29119741 0.0265394  1.4062386
 1.25259101 1.67110224 0.66749267 0.53608265 1.31478196 2.08412094
 0.46070426 2.75048672 2.69902641 1.00035067 2.52171262 0.65162745
 1.313649   0.88035827 0.32871222 1.65317673 0.89579359 1.35262029
 0.60627079 0.03156917 2.87646302 3.01232147 3.06946205 2.06626146
 0.55771216 1.11381164 1.73342252 1.54709117]
Device (GPU) time: 0.9021 seconds
Iters. done: 17 [Current cost: -22.156546874128868]
Current parameters: [1.00147231 0.56187831 1.76143006 2.161649   2.6086688  2.84847862
 1.5350275  2.03880017 1.37869846 2.88971667 0.13976753 2.18659565
 2.67698766 1.21186559 4.05764021 1.30640764 2.53753858 1.52603128
 3.06656421 2.83384978 0.17404602 2.68650884 0.47037724 3.04488237
 2.324415   1.80989914 0.58621027 2.93744591 0.22505595 2.485036
 1.94943176 1.16258259 2.07772071 1.29119741 0.0265394  1.4062386
 1.25259101 1.67110224 0.66749267 0.53608265 1.31478196 2.08412094
 0.46070426 2.75048672 2.69902641 1.00035067 2.52171262 0.65162745
 1.313649   0.88035827 0.32871222 1.65317673 0.89579359 1.35262029
 0.60627079 0.03156917 2.87646302 3.01232147 3.06946205 2.06626146
 0.55771216 1.11381164 1.73342252 1.54709117]
Device (GPU) time: 0.7823 seconds
Iters. done: 18 [Current cost: -21.946600430334925]
Current parameters: [1.00147231 0.56187831 1.76143006 2.161649   2.6086688  2.84847862
 1.5350275  2.03880017 1.37869846 2.88971667 0.13976753 2.18659565
 2.67698766 1.21186559 4.05764021 1.30640764 1.53753858 2.52603128
 3.06656421 2.83384978 0.17404602 2.68650884 0.47037724 3.04488237
 2.324415   1.80989914 0.58621027 2.93744591 0.22505595 2.485036
 1.94943176 1.16258259 2.07772071 1.29119741 0.0265394  1.4062386
 1.25259101 1.67110224 0.66749267 0.53608265 1.31478196 2.08412094
 0.46070426 2.75048672 2.69902641 1.00035067 2.52171262 0.65162745
 1.313649   0.88035827 0.32871222 1.65317673 0.89579359 1.35262029
 0.60627079 0.03156917 2.87646302 3.01232147 3.06946205 2.06626146
 0.55771216 1.11381164 1.73342252 1.54709117]
Device (GPU) time: 0.8947 seconds
Iters. done: 19 [Current cost: -22.004059458326875]
Current parameters: [1.00147231 0.56187831 1.76143006 2.161649   2.6086688  2.84847862
 1.5350275  2.03880017 1.37869846 2.88971667 0.13976753 2.18659565
 2.67698766 1.21186559 4.05764021 1.30640764 1.53753858 1.52603128
 4.06656421 2.83384978 0.17404602 2.68650884 0.47037724 3.04488237
 2.324415   1.80989914 0.58621027 2.93744591 0.22505595 2.485036
 1.94943176 1.16258259 2.07772071 1.29119741 0.0265394  1.4062386
 1.25259101 1.67110224 0.66749267 0.53608265 1.31478196 2.08412094
 0.46070426 2.75048672 2.69902641 1.00035067 2.52171262 0.65162745
 1.313649   0.88035827 0.32871222 1.65317673 0.89579359 1.35262029
 0.60627079 0.03156917 2.87646302 3.01232147 3.06946205 2.06626146
 0.55771216 1.11381164 1.73342252 1.54709117]
Device (GPU) time: 0.8992 seconds
Iters. done: 20 [Current cost: -21.95194667890634]
Current parameters: [1.00147231 0.56187831 1.76143006 2.161649   2.6086688  2.84847862
 1.5350275  2.03880017 1.37869846 2.88971667 0.13976753 2.18659565
 2.67698766 1.21186559 4.05764021 1.30640764 1.53753858 1.52603128
 3.06656421 3.83384978 0.17404602 2.68650884 0.47037724 3.04488237
 2.324415   1.80989914 0.58621027 2.93744591 0.22505595 2.485036
 1.94943176 1.16258259 2.07772071 1.29119741 0.0265394  1.4062386
 1.25259101 1.67110224 0.66749267 0.53608265 1.31478196 2.08412094
 0.46070426 2.75048672 2.69902641 1.00035067 2.52171262 0.65162745
 1.313649   0.88035827 0.32871222 1.65317673 0.89579359 1.35262029
 0.60627079 0.03156917 2.87646302 3.01232147 3.06946205 2.06626146
 0.55771216 1.11381164 1.73342252 1.54709117]
Device (GPU) time: 0.9388 seconds
Iters. done: 21 [Current cost: -21.593930528676623]
Current parameters: [1.00147231 0.56187831 1.76143006 2.161649   2.6086688  2.84847862
 1.5350275  2.03880017 1.37869846 2.88971667 0.13976753 2.18659565
 2.67698766 1.21186559 4.05764021 1.30640764 1.53753858 1.52603128
 3.06656421 2.83384978 1.17404602 2.68650884 0.47037724 3.04488237
 2.324415   1.80989914 0.58621027 2.93744591 0.22505595 2.485036
 1.94943176 1.16258259 2.07772071 1.29119741 0.0265394  1.4062386
 1.25259101 1.67110224 0.66749267 0.53608265 1.31478196 2.08412094
 0.46070426 2.75048672 2.69902641 1.00035067 2.52171262 0.65162745
 1.313649   0.88035827 0.32871222 1.65317673 0.89579359 1.35262029
 0.60627079 0.03156917 2.87646302 3.01232147 3.06946205 2.06626146
 0.55771216 1.11381164 1.73342252 1.54709117]
Device (GPU) time: 0.7717 seconds
Iters. done: 22 [Current cost: -21.725846819387048]
Current parameters: [1.00147231 0.56187831 1.76143006 2.161649   2.6086688  2.84847862
 1.5350275  2.03880017 1.37869846 2.88971667 0.13976753 2.18659565
 2.67698766 1.21186559 4.05764021 1.30640764 1.53753858 1.52603128
 3.06656421 2.83384978 0.17404602 3.68650884 0.47037724 3.04488237
 2.324415   1.80989914 0.58621027 2.93744591 0.22505595 2.485036
 1.94943176 1.16258259 2.07772071 1.29119741 0.0265394  1.4062386
 1.25259101 1.67110224 0.66749267 0.53608265 1.31478196 2.08412094
 0.46070426 2.75048672 2.69902641 1.00035067 2.52171262 0.65162745
 1.313649   0.88035827 0.32871222 1.65317673 0.89579359 1.35262029
 0.60627079 0.03156917 2.87646302 3.01232147 3.06946205 2.06626146
 0.55771216 1.11381164 1.73342252 1.54709117]
Device (GPU) time: 0.8729 seconds
Iters. done: 23 [Current cost: -21.577908291961965]
Current parameters: [1.00147231 0.56187831 1.76143006 2.161649   2.6086688  2.84847862
 1.5350275  2.03880017 1.37869846 2.88971667 0.13976753 2.18659565
 2.67698766 1.21186559 4.05764021 1.30640764 1.53753858 1.52603128
 3.06656421 2.83384978 0.17404602 2.68650884 1.47037724 3.04488237
 2.324415   1.80989914 0.58621027 2.93744591 0.22505595 2.485036
 1.94943176 1.16258259 2.07772071 1.29119741 0.0265394  1.4062386
 1.25259101 1.67110224 0.66749267 0.53608265 1.31478196 2.08412094
 0.46070426 2.75048672 2.69902641 1.00035067 2.52171262 0.65162745
 1.313649   0.88035827 0.32871222 1.65317673 0.89579359 1.35262029
 0.60627079 0.03156917 2.87646302 3.01232147 3.06946205 2.06626146
 0.55771216 1.11381164 1.73342252 1.54709117]
Device (GPU) time: 0.7955 seconds
Iters. done: 24 [Current cost: -21.8088182865714]
Current parameters: [1.00147231 0.56187831 1.76143006 2.161649   2.6086688  2.84847862
 1.5350275  2.03880017 1.37869846 2.88971667 0.13976753 2.18659565
 2.67698766 1.21186559 4.05764021 1.30640764 1.53753858 1.52603128
 3.06656421 2.83384978 0.17404602 2.68650884 0.47037724 4.04488237
 2.324415   1.80989914 0.58621027 2.93744591 0.22505595 2.485036
 1.94943176 1.16258259 2.07772071 1.29119741 0.0265394  1.4062386
 1.25259101 1.67110224 0.66749267 0.53608265 1.31478196 2.08412094
 0.46070426 2.75048672 2.69902641 1.00035067 2.52171262 0.65162745
 1.313649   0.88035827 0.32871222 1.65317673 0.89579359 1.35262029
 0.60627079 0.03156917 2.87646302 3.01232147 3.06946205 2.06626146
 0.55771216 1.11381164 1.73342252 1.54709117]
Device (GPU) time: 0.8731 seconds
Iters. done: 25 [Current cost: -22.13009886809867]
Current parameters: [1.00147231 0.56187831 1.76143006 2.161649   2.6086688  2.84847862
 1.5350275  2.03880017 1.37869846 2.88971667 0.13976753 2.18659565
 2.67698766 1.21186559 4.05764021 1.30640764 1.53753858 1.52603128
 3.06656421 2.83384978 0.17404602 2.68650884 0.47037724 3.04488237
 3.324415   1.80989914 0.58621027 2.93744591 0.22505595 2.485036
 1.94943176 1.16258259 2.07772071 1.29119741 0.0265394  1.4062386
 1.25259101 1.67110224 0.66749267 0.53608265 1.31478196 2.08412094
 0.46070426 2.75048672 2.69902641 1.00035067 2.52171262 0.65162745
 1.313649   0.88035827 0.32871222 1.65317673 0.89579359 1.35262029
 0.60627079 0.03156917 2.87646302 3.01232147 3.06946205 2.06626146
 0.55771216 1.11381164 1.73342252 1.54709117]
Device (GPU) time: 0.8022 seconds
Iters. done: 26 [Current cost: -21.908262317060593]
Current parameters: [1.00147231 0.56187831 1.76143006 2.161649   2.6086688  2.84847862
 1.5350275  2.03880017 1.37869846 2.88971667 0.13976753 2.18659565
 2.67698766 1.21186559 4.05764021 1.30640764 1.53753858 1.52603128
 3.06656421 2.83384978 0.17404602 2.68650884 0.47037724 3.04488237
 2.324415   2.80989914 0.58621027 2.93744591 0.22505595 2.485036
 1.94943176 1.16258259 2.07772071 1.29119741 0.0265394  1.4062386
 1.25259101 1.67110224 0.66749267 0.53608265 1.31478196 2.08412094
 0.46070426 2.75048672 2.69902641 1.00035067 2.52171262 0.65162745
 1.313649   0.88035827 0.32871222 1.65317673 0.89579359 1.35262029
 0.60627079 0.03156917 2.87646302 3.01232147 3.06946205 2.06626146
 0.55771216 1.11381164 1.73342252 1.54709117]
Device (GPU) time: 0.9331 seconds
Iters. done: 27 [Current cost: -21.979210858511514]
Current parameters: [1.00147231 0.56187831 1.76143006 2.161649   2.6086688  2.84847862
 1.5350275  2.03880017 1.37869846 2.88971667 0.13976753 2.18659565
 2.67698766 1.21186559 4.05764021 1.30640764 1.53753858 1.52603128
 3.06656421 2.83384978 0.17404602 2.68650884 0.47037724 3.04488237
 2.324415   1.80989914 1.58621027 2.93744591 0.22505595 2.485036
 1.94943176 1.16258259 2.07772071 1.29119741 0.0265394  1.4062386
 1.25259101 1.67110224 0.66749267 0.53608265 1.31478196 2.08412094
 0.46070426 2.75048672 2.69902641 1.00035067 2.52171262 0.65162745
 1.313649   0.88035827 0.32871222 1.65317673 0.89579359 1.35262029
 0.60627079 0.03156917 2.87646302 3.01232147 3.06946205 2.06626146
 0.55771216 1.11381164 1.73342252 1.54709117]
Device (GPU) time: 0.7678 seconds
Iters. done: 28 [Current cost: -22.138500167188184]
Current parameters: [1.00147231 0.56187831 1.76143006 2.161649   2.6086688  2.84847862
 1.5350275  2.03880017 1.37869846 2.88971667 0.13976753 2.18659565
 2.67698766 1.21186559 4.05764021 1.30640764 1.53753858 1.52603128
 3.06656421 2.83384978 0.17404602 2.68650884 0.47037724 3.04488237
 2.324415   1.80989914 0.58621027 3.93744591 0.22505595 2.485036
 1.94943176 1.16258259 2.07772071 1.29119741 0.0265394  1.4062386
 1.25259101 1.67110224 0.66749267 0.53608265 1.31478196 2.08412094
 0.46070426 2.75048672 2.69902641 1.00035067 2.52171262 0.65162745
 1.313649   0.88035827 0.32871222 1.65317673 0.89579359 1.35262029
 0.60627079 0.03156917 2.87646302 3.01232147 3.06946205 2.06626146
 0.55771216 1.11381164 1.73342252 1.54709117]
Device (GPU) time: 0.9096 seconds
Iters. done: 29 [Current cost: -22.01514405873042]
Current parameters: [1.00147231 0.56187831 1.76143006 2.161649   2.6086688  2.84847862
 1.5350275  2.03880017 1.37869846 2.88971667 0.13976753 2.18659565
 2.67698766 1.21186559 4.05764021 1.30640764 1.53753858 1.52603128
 3.06656421 2.83384978 0.17404602 2.68650884 0.47037724 3.04488237
 2.324415   1.80989914 0.58621027 2.93744591 1.22505595 2.485036
 1.94943176 1.16258259 2.07772071 1.29119741 0.0265394  1.4062386
 1.25259101 1.67110224 0.66749267 0.53608265 1.31478196 2.08412094
 0.46070426 2.75048672 2.69902641 1.00035067 2.52171262 0.65162745
 1.313649   0.88035827 0.32871222 1.65317673 0.89579359 1.35262029
 0.60627079 0.03156917 2.87646302 3.01232147 3.06946205 2.06626146
 0.55771216 1.11381164 1.73342252 1.54709117]
Device (GPU) time: 0.7788 seconds
Iters. done: 30 [Current cost: -21.78850128419129]
Current parameters: [1.00147231 0.56187831 1.76143006 2.161649   2.6086688  2.84847862
 1.5350275  2.03880017 1.37869846 2.88971667 0.13976753 2.18659565
 2.67698766 1.21186559 4.05764021 1.30640764 1.53753858 1.52603128
 3.06656421 2.83384978 0.17404602 2.68650884 0.47037724 3.04488237
 2.324415   1.80989914 0.58621027 2.93744591 0.22505595 3.485036
 1.94943176 1.16258259 2.07772071 1.29119741 0.0265394  1.4062386
 1.25259101 1.67110224 0.66749267 0.53608265 1.31478196 2.08412094
 0.46070426 2.75048672 2.69902641 1.00035067 2.52171262 0.65162745
 1.313649   0.88035827 0.32871222 1.65317673 0.89579359 1.35262029
 0.60627079 0.03156917 2.87646302 3.01232147 3.06946205 2.06626146
 0.55771216 1.11381164 1.73342252 1.54709117]
Device (GPU) time: 0.8889 seconds
Iters. done: 31 [Current cost: -21.89240381446827]
Current parameters: [1.00147231 0.56187831 1.76143006 2.161649   2.6086688  2.84847862
 1.5350275  2.03880017 1.37869846 2.88971667 0.13976753 2.18659565
 2.67698766 1.21186559 4.05764021 1.30640764 1.53753858 1.52603128
 3.06656421 2.83384978 0.17404602 2.68650884 0.47037724 3.04488237
 2.324415   1.80989914 0.58621027 2.93744591 0.22505595 2.485036
 2.94943176 1.16258259 2.07772071 1.29119741 0.0265394  1.4062386
 1.25259101 1.67110224 0.66749267 0.53608265 1.31478196 2.08412094
 0.46070426 2.75048672 2.69902641 1.00035067 2.52171262 0.65162745
 1.313649   0.88035827 0.32871222 1.65317673 0.89579359 1.35262029
 0.60627079 0.03156917 2.87646302 3.01232147 3.06946205 2.06626146
 0.55771216 1.11381164 1.73342252 1.54709117]
Device (GPU) time: 0.8187 seconds
Iters. done: 32 [Current cost: -21.661470250794387]
Current parameters: [1.00147231 0.56187831 1.76143006 2.161649   2.6086688  2.84847862
 1.5350275  2.03880017 1.37869846 2.88971667 0.13976753 2.18659565
 2.67698766 1.21186559 4.05764021 1.30640764 1.53753858 1.52603128
 3.06656421 2.83384978 0.17404602 2.68650884 0.47037724 3.04488237
 2.324415   1.80989914 0.58621027 2.93744591 0.22505595 2.485036
 1.94943176 2.16258259 2.07772071 1.29119741 0.0265394  1.4062386
 1.25259101 1.67110224 0.66749267 0.53608265 1.31478196 2.08412094
 0.46070426 2.75048672 2.69902641 1.00035067 2.52171262 0.65162745
 1.313649   0.88035827 0.32871222 1.65317673 0.89579359 1.35262029
 0.60627079 0.03156917 2.87646302 3.01232147 3.06946205 2.06626146
 0.55771216 1.11381164 1.73342252 1.54709117]
Device (GPU) time: 0.8823 seconds
Iters. done: 33 [Current cost: -21.96062858900191]
Current parameters: [1.00147231 0.56187831 1.76143006 2.161649   2.6086688  2.84847862
 1.5350275  2.03880017 1.37869846 2.88971667 0.13976753 2.18659565
 2.67698766 1.21186559 4.05764021 1.30640764 1.53753858 1.52603128
 3.06656421 2.83384978 0.17404602 2.68650884 0.47037724 3.04488237
 2.324415   1.80989914 0.58621027 2.93744591 0.22505595 2.485036
 1.94943176 1.16258259 3.07772071 1.29119741 0.0265394  1.4062386
 1.25259101 1.67110224 0.66749267 0.53608265 1.31478196 2.08412094
 0.46070426 2.75048672 2.69902641 1.00035067 2.52171262 0.65162745
 1.313649   0.88035827 0.32871222 1.65317673 0.89579359 1.35262029
 0.60627079 0.03156917 2.87646302 3.01232147 3.06946205 2.06626146
 0.55771216 1.11381164 1.73342252 1.54709117]
Device (GPU) time: 0.7745 seconds
Iters. done: 34 [Current cost: -22.00843436009003]
Current parameters: [1.00147231 0.56187831 1.76143006 2.161649   2.6086688  2.84847862
 1.5350275  2.03880017 1.37869846 2.88971667 0.13976753 2.18659565
 2.67698766 1.21186559 4.05764021 1.30640764 1.53753858 1.52603128
 3.06656421 2.83384978 0.17404602 2.68650884 0.47037724 3.04488237
 2.324415   1.80989914 0.58621027 2.93744591 0.22505595 2.485036
 1.94943176 1.16258259 2.07772071 2.29119741 0.0265394  1.4062386
 1.25259101 1.67110224 0.66749267 0.53608265 1.31478196 2.08412094
 0.46070426 2.75048672 2.69902641 1.00035067 2.52171262 0.65162745
 1.313649   0.88035827 0.32871222 1.65317673 0.89579359 1.35262029
 0.60627079 0.03156917 2.87646302 3.01232147 3.06946205 2.06626146
 0.55771216 1.11381164 1.73342252 1.54709117]
Device (GPU) time: 0.9129 seconds
Iters. done: 35 [Current cost: -22.09987126623298]
Current parameters: [1.00147231 0.56187831 1.76143006 2.161649   2.6086688  2.84847862
 1.5350275  2.03880017 1.37869846 2.88971667 0.13976753 2.18659565
 2.67698766 1.21186559 4.05764021 1.30640764 1.53753858 1.52603128
 3.06656421 2.83384978 0.17404602 2.68650884 0.47037724 3.04488237
 2.324415   1.80989914 0.58621027 2.93744591 0.22505595 2.485036
 1.94943176 1.16258259 2.07772071 1.29119741 1.0265394  1.4062386
 1.25259101 1.67110224 0.66749267 0.53608265 1.31478196 2.08412094
 0.46070426 2.75048672 2.69902641 1.00035067 2.52171262 0.65162745
 1.313649   0.88035827 0.32871222 1.65317673 0.89579359 1.35262029
 0.60627079 0.03156917 2.87646302 3.01232147 3.06946205 2.06626146
 0.55771216 1.11381164 1.73342252 1.54709117]
Device (GPU) time: 0.7876 seconds
Iters. done: 36 [Current cost: -21.952843950529438]
Current parameters: [1.00147231 0.56187831 1.76143006 2.161649   2.6086688  2.84847862
 1.5350275  2.03880017 1.37869846 2.88971667 0.13976753 2.18659565
 2.67698766 1.21186559 4.05764021 1.30640764 1.53753858 1.52603128
 3.06656421 2.83384978 0.17404602 2.68650884 0.47037724 3.04488237
 2.324415   1.80989914 0.58621027 2.93744591 0.22505595 2.485036
 1.94943176 1.16258259 2.07772071 1.29119741 0.0265394  2.4062386
 1.25259101 1.67110224 0.66749267 0.53608265 1.31478196 2.08412094
 0.46070426 2.75048672 2.69902641 1.00035067 2.52171262 0.65162745
 1.313649   0.88035827 0.32871222 1.65317673 0.89579359 1.35262029
 0.60627079 0.03156917 2.87646302 3.01232147 3.06946205 2.06626146
 0.55771216 1.11381164 1.73342252 1.54709117]
Device (GPU) time: 0.8794 seconds
Iters. done: 37 [Current cost: -22.077575763780363]
Current parameters: [1.00147231 0.56187831 1.76143006 2.161649   2.6086688  2.84847862
 1.5350275  2.03880017 1.37869846 2.88971667 0.13976753 2.18659565
 2.67698766 1.21186559 4.05764021 1.30640764 1.53753858 1.52603128
 3.06656421 2.83384978 0.17404602 2.68650884 0.47037724 3.04488237
 2.324415   1.80989914 0.58621027 2.93744591 0.22505595 2.485036
 1.94943176 1.16258259 2.07772071 1.29119741 0.0265394  1.4062386
 2.25259101 1.67110224 0.66749267 0.53608265 1.31478196 2.08412094
 0.46070426 2.75048672 2.69902641 1.00035067 2.52171262 0.65162745
 1.313649   0.88035827 0.32871222 1.65317673 0.89579359 1.35262029
 0.60627079 0.03156917 2.87646302 3.01232147 3.06946205 2.06626146
 0.55771216 1.11381164 1.73342252 1.54709117]
Device (GPU) time: 0.8098 seconds
Iters. done: 38 [Current cost: -22.20399136548408]
Current parameters: [1.00147231 0.56187831 1.76143006 2.161649   2.6086688  2.84847862
 1.5350275  2.03880017 1.37869846 2.88971667 0.13976753 2.18659565
 2.67698766 1.21186559 4.05764021 1.30640764 1.53753858 1.52603128
 3.06656421 2.83384978 0.17404602 2.68650884 0.47037724 3.04488237
 2.324415   1.80989914 0.58621027 2.93744591 0.22505595 2.485036
 1.94943176 1.16258259 2.07772071 1.29119741 0.0265394  1.4062386
 2.25259101 2.67110224 0.66749267 0.53608265 1.31478196 2.08412094
 0.46070426 2.75048672 2.69902641 1.00035067 2.52171262 0.65162745
 1.313649   0.88035827 0.32871222 1.65317673 0.89579359 1.35262029
 0.60627079 0.03156917 2.87646302 3.01232147 3.06946205 2.06626146
 0.55771216 1.11381164 1.73342252 1.54709117]
Device (GPU) time: 0.8801 seconds
Iters. done: 39 [Current cost: -22.07886570031827]
Current parameters: [1.00147231 0.56187831 1.76143006 2.161649   2.6086688  2.84847862
 1.5350275  2.03880017 1.37869846 2.88971667 0.13976753 2.18659565
 2.67698766 1.21186559 4.05764021 1.30640764 1.53753858 1.52603128
 3.06656421 2.83384978 0.17404602 2.68650884 0.47037724 3.04488237
 2.324415   1.80989914 0.58621027 2.93744591 0.22505595 2.485036
 1.94943176 1.16258259 2.07772071 1.29119741 0.0265394  1.4062386
 2.25259101 1.67110224 1.66749267 0.53608265 1.31478196 2.08412094
 0.46070426 2.75048672 2.69902641 1.00035067 2.52171262 0.65162745
 1.313649   0.88035827 0.32871222 1.65317673 0.89579359 1.35262029
 0.60627079 0.03156917 2.87646302 3.01232147 3.06946205 2.06626146
 0.55771216 1.11381164 1.73342252 1.54709117]
Device (GPU) time: 0.7678 seconds
Iters. done: 40 [Current cost: -22.020650769853024]
Current parameters: [1.00147231 0.56187831 1.76143006 2.161649   2.6086688  2.84847862
 1.5350275  2.03880017 1.37869846 2.88971667 0.13976753 2.18659565
 2.67698766 1.21186559 4.05764021 1.30640764 1.53753858 1.52603128
 3.06656421 2.83384978 0.17404602 2.68650884 0.47037724 3.04488237
 2.324415   1.80989914 0.58621027 2.93744591 0.22505595 2.485036
 1.94943176 1.16258259 2.07772071 1.29119741 0.0265394  1.4062386
 2.25259101 1.67110224 0.66749267 1.53608265 1.31478196 2.08412094
 0.46070426 2.75048672 2.69902641 1.00035067 2.52171262 0.65162745
 1.313649   0.88035827 0.32871222 1.65317673 0.89579359 1.35262029
 0.60627079 0.03156917 2.87646302 3.01232147 3.06946205 2.06626146
 0.55771216 1.11381164 1.73342252 1.54709117]
Device (GPU) time: 0.9010 seconds
Iters. done: 41 [Current cost: -21.8573377611636]
Current parameters: [1.00147231 0.56187831 1.76143006 2.161649   2.6086688  2.84847862
 1.5350275  2.03880017 1.37869846 2.88971667 0.13976753 2.18659565
 2.67698766 1.21186559 4.05764021 1.30640764 1.53753858 1.52603128
 3.06656421 2.83384978 0.17404602 2.68650884 0.47037724 3.04488237
 2.324415   1.80989914 0.58621027 2.93744591 0.22505595 2.485036
 1.94943176 1.16258259 2.07772071 1.29119741 0.0265394  1.4062386
 2.25259101 1.67110224 0.66749267 0.53608265 2.31478196 2.08412094
 0.46070426 2.75048672 2.69902641 1.00035067 2.52171262 0.65162745
 1.313649   0.88035827 0.32871222 1.65317673 0.89579359 1.35262029
 0.60627079 0.03156917 2.87646302 3.01232147 3.06946205 2.06626146
 0.55771216 1.11381164 1.73342252 1.54709117]
Device (GPU) time: 0.7898 seconds
Iters. done: 42 [Current cost: -22.324279971157406]
Current parameters: [1.00147231 0.56187831 1.76143006 2.161649   2.6086688  2.84847862
 1.5350275  2.03880017 1.37869846 2.88971667 0.13976753 2.18659565
 2.67698766 1.21186559 4.05764021 1.30640764 1.53753858 1.52603128
 3.06656421 2.83384978 0.17404602 2.68650884 0.47037724 3.04488237
 2.324415   1.80989914 0.58621027 2.93744591 0.22505595 2.485036
 1.94943176 1.16258259 2.07772071 1.29119741 0.0265394  1.4062386
 2.25259101 1.67110224 0.66749267 0.53608265 2.31478196 3.08412094
 0.46070426 2.75048672 2.69902641 1.00035067 2.52171262 0.65162745
 1.313649   0.88035827 0.32871222 1.65317673 0.89579359 1.35262029
 0.60627079 0.03156917 2.87646302 3.01232147 3.06946205 2.06626146
 0.55771216 1.11381164 1.73342252 1.54709117]
Device (GPU) time: 0.8770 seconds
Iters. done: 43 [Current cost: -22.325858108619162]
Current parameters: [1.00147231 0.56187831 1.76143006 2.161649   2.6086688  2.84847862
 1.5350275  2.03880017 1.37869846 2.88971667 0.13976753 2.18659565
 2.67698766 1.21186559 4.05764021 1.30640764 1.53753858 1.52603128
 3.06656421 2.83384978 0.17404602 2.68650884 0.47037724 3.04488237
 2.324415   1.80989914 0.58621027 2.93744591 0.22505595 2.485036
 1.94943176 1.16258259 2.07772071 1.29119741 0.0265394  1.4062386
 2.25259101 1.67110224 0.66749267 0.53608265 2.31478196 3.08412094
 1.46070426 2.75048672 2.69902641 1.00035067 2.52171262 0.65162745
 1.313649   0.88035827 0.32871222 1.65317673 0.89579359 1.35262029
 0.60627079 0.03156917 2.87646302 3.01232147 3.06946205 2.06626146
 0.55771216 1.11381164 1.73342252 1.54709117]
Device (GPU) time: 0.7964 seconds
Iters. done: 44 [Current cost: -22.1228119784235]
Current parameters: [1.00147231 0.56187831 1.76143006 2.161649   2.6086688  2.84847862
 1.5350275  2.03880017 1.37869846 2.88971667 0.13976753 2.18659565
 2.67698766 1.21186559 4.05764021 1.30640764 1.53753858 1.52603128
 3.06656421 2.83384978 0.17404602 2.68650884 0.47037724 3.04488237
 2.324415   1.80989914 0.58621027 2.93744591 0.22505595 2.485036
 1.94943176 1.16258259 2.07772071 1.29119741 0.0265394  1.4062386
 2.25259101 1.67110224 0.66749267 0.53608265 2.31478196 3.08412094
 0.46070426 3.75048672 2.69902641 1.00035067 2.52171262 0.65162745
 1.313649   0.88035827 0.32871222 1.65317673 0.89579359 1.35262029
 0.60627079 0.03156917 2.87646302 3.01232147 3.06946205 2.06626146
 0.55771216 1.11381164 1.73342252 1.54709117]
Device (GPU) time: 0.9142 seconds
Iters. done: 45 [Current cost: -22.11441053610783]
Current parameters: [1.00147231 0.56187831 1.76143006 2.161649   2.6086688  2.84847862
 1.5350275  2.03880017 1.37869846 2.88971667 0.13976753 2.18659565
 2.67698766 1.21186559 4.05764021 1.30640764 1.53753858 1.52603128
 3.06656421 2.83384978 0.17404602 2.68650884 0.47037724 3.04488237
 2.324415   1.80989914 0.58621027 2.93744591 0.22505595 2.485036
 1.94943176 1.16258259 2.07772071 1.29119741 0.0265394  1.4062386
 2.25259101 1.67110224 0.66749267 0.53608265 2.31478196 3.08412094
 0.46070426 2.75048672 3.69902641 1.00035067 2.52171262 0.65162745
 1.313649   0.88035827 0.32871222 1.65317673 0.89579359 1.35262029
 0.60627079 0.03156917 2.87646302 3.01232147 3.06946205 2.06626146
 0.55771216 1.11381164 1.73342252 1.54709117]
Device (GPU) time: 0.7779 seconds
Iters. done: 46 [Current cost: -21.891162265021492]
Current parameters: [1.00147231 0.56187831 1.76143006 2.161649   2.6086688  2.84847862
 1.5350275  2.03880017 1.37869846 2.88971667 0.13976753 2.18659565
 2.67698766 1.21186559 4.05764021 1.30640764 1.53753858 1.52603128
 3.06656421 2.83384978 0.17404602 2.68650884 0.47037724 3.04488237
 2.324415   1.80989914 0.58621027 2.93744591 0.22505595 2.485036
 1.94943176 1.16258259 2.07772071 1.29119741 0.0265394  1.4062386
 2.25259101 1.67110224 0.66749267 0.53608265 2.31478196 3.08412094
 0.46070426 2.75048672 2.69902641 2.00035067 2.52171262 0.65162745
 1.313649   0.88035827 0.32871222 1.65317673 0.89579359 1.35262029
 0.60627079 0.03156917 2.87646302 3.01232147 3.06946205 2.06626146
 0.55771216 1.11381164 1.73342252 1.54709117]
Device (GPU) time: 0.9052 seconds
Iters. done: 47 [Current cost: -21.37635267652065]
Current parameters: [1.00147231 0.56187831 1.76143006 2.161649   2.6086688  2.84847862
 1.5350275  2.03880017 1.37869846 2.88971667 0.13976753 2.18659565
 2.67698766 1.21186559 4.05764021 1.30640764 1.53753858 1.52603128
 3.06656421 2.83384978 0.17404602 2.68650884 0.47037724 3.04488237
 2.324415   1.80989914 0.58621027 2.93744591 0.22505595 2.485036
 1.94943176 1.16258259 2.07772071 1.29119741 0.0265394  1.4062386
 2.25259101 1.67110224 0.66749267 0.53608265 2.31478196 3.08412094
 0.46070426 2.75048672 2.69902641 1.00035067 3.52171262 0.65162745
 1.313649   0.88035827 0.32871222 1.65317673 0.89579359 1.35262029
 0.60627079 0.03156917 2.87646302 3.01232147 3.06946205 2.06626146
 0.55771216 1.11381164 1.73342252 1.54709117]
Device (GPU) time: 0.7850 seconds
Iters. done: 48 [Current cost: -21.522344944292765]
Current parameters: [1.00147231 0.56187831 1.76143006 2.161649   2.6086688  2.84847862
 1.5350275  2.03880017 1.37869846 2.88971667 0.13976753 2.18659565
 2.67698766 1.21186559 4.05764021 1.30640764 1.53753858 1.52603128
 3.06656421 2.83384978 0.17404602 2.68650884 0.47037724 3.04488237
 2.324415   1.80989914 0.58621027 2.93744591 0.22505595 2.485036
 1.94943176 1.16258259 2.07772071 1.29119741 0.0265394  1.4062386
 2.25259101 1.67110224 0.66749267 0.53608265 2.31478196 3.08412094
 0.46070426 2.75048672 2.69902641 1.00035067 2.52171262 1.65162745
 1.313649   0.88035827 0.32871222 1.65317673 0.89579359 1.35262029
 0.60627079 0.03156917 2.87646302 3.01232147 3.06946205 2.06626146
 0.55771216 1.11381164 1.73342252 1.54709117]
Device (GPU) time: 0.8999 seconds
Iters. done: 49 [Current cost: -21.910151962242402]
Current parameters: [1.00147231 0.56187831 1.76143006 2.161649   2.6086688  2.84847862
 1.5350275  2.03880017 1.37869846 2.88971667 0.13976753 2.18659565
 2.67698766 1.21186559 4.05764021 1.30640764 1.53753858 1.52603128
 3.06656421 2.83384978 0.17404602 2.68650884 0.47037724 3.04488237
 2.324415   1.80989914 0.58621027 2.93744591 0.22505595 2.485036
 1.94943176 1.16258259 2.07772071 1.29119741 0.0265394  1.4062386
 2.25259101 1.67110224 0.66749267 0.53608265 2.31478196 3.08412094
 0.46070426 2.75048672 2.69902641 1.00035067 2.52171262 0.65162745
 2.313649   0.88035827 0.32871222 1.65317673 0.89579359 1.35262029
 0.60627079 0.03156917 2.87646302 3.01232147 3.06946205 2.06626146
 0.55771216 1.11381164 1.73342252 1.54709117]
Device (GPU) time: 0.7837 seconds
Iters. done: 50 [Current cost: -22.02893311902064]
Current parameters: [1.00147231 0.56187831 1.76143006 2.161649   2.6086688  2.84847862
 1.5350275  2.03880017 1.37869846 2.88971667 0.13976753 2.18659565
 2.67698766 1.21186559 4.05764021 1.30640764 1.53753858 1.52603128
 3.06656421 2.83384978 0.17404602 2.68650884 0.47037724 3.04488237
 2.324415   1.80989914 0.58621027 2.93744591 0.22505595 2.485036
 1.94943176 1.16258259 2.07772071 1.29119741 0.0265394  1.4062386
 2.25259101 1.67110224 0.66749267 0.53608265 2.31478196 3.08412094
 0.46070426 2.75048672 2.69902641 1.00035067 2.52171262 0.65162745
 1.313649   1.88035827 0.32871222 1.65317673 0.89579359 1.35262029
 0.60627079 0.03156917 2.87646302 3.01232147 3.06946205 2.06626146
 0.55771216 1.11381164 1.73342252 1.54709117]
Device (GPU) time: 0.8804 seconds
Iters. done: 51 [Current cost: -22.186277654243053]
Current parameters: [1.00147231 0.56187831 1.76143006 2.161649   2.6086688  2.84847862
 1.5350275  2.03880017 1.37869846 2.88971667 0.13976753 2.18659565
 2.67698766 1.21186559 4.05764021 1.30640764 1.53753858 1.52603128
 3.06656421 2.83384978 0.17404602 2.68650884 0.47037724 3.04488237
 2.324415   1.80989914 0.58621027 2.93744591 0.22505595 2.485036
 1.94943176 1.16258259 2.07772071 1.29119741 0.0265394  1.4062386
 2.25259101 1.67110224 0.66749267 0.53608265 2.31478196 3.08412094
 0.46070426 2.75048672 2.69902641 1.00035067 2.52171262 0.65162745
 1.313649   0.88035827 1.32871222 1.65317673 0.89579359 1.35262029
 0.60627079 0.03156917 2.87646302 3.01232147 3.06946205 2.06626146
 0.55771216 1.11381164 1.73342252 1.54709117]
Device (GPU) time: 0.8333 seconds
Iters. done: 52 [Current cost: -22.04897712497752]
Current parameters: [1.00147231 0.56187831 1.76143006 2.161649   2.6086688  2.84847862
 1.5350275  2.03880017 1.37869846 2.88971667 0.13976753 2.18659565
 2.67698766 1.21186559 4.05764021 1.30640764 1.53753858 1.52603128
 3.06656421 2.83384978 0.17404602 2.68650884 0.47037724 3.04488237
 2.324415   1.80989914 0.58621027 2.93744591 0.22505595 2.485036
 1.94943176 1.16258259 2.07772071 1.29119741 0.0265394  1.4062386
 2.25259101 1.67110224 0.66749267 0.53608265 2.31478196 3.08412094
 0.46070426 2.75048672 2.69902641 1.00035067 2.52171262 0.65162745
 1.313649   0.88035827 0.32871222 2.65317673 0.89579359 1.35262029
 0.60627079 0.03156917 2.87646302 3.01232147 3.06946205 2.06626146
 0.55771216 1.11381164 1.73342252 1.54709117]
Device (GPU) time: 0.9188 seconds
Iters. done: 53 [Current cost: -22.202991259922964]
Current parameters: [1.00147231 0.56187831 1.76143006 2.161649   2.6086688  2.84847862
 1.5350275  2.03880017 1.37869846 2.88971667 0.13976753 2.18659565
 2.67698766 1.21186559 4.05764021 1.30640764 1.53753858 1.52603128
 3.06656421 2.83384978 0.17404602 2.68650884 0.47037724 3.04488237
 2.324415   1.80989914 0.58621027 2.93744591 0.22505595 2.485036
 1.94943176 1.16258259 2.07772071 1.29119741 0.0265394  1.4062386
 2.25259101 1.67110224 0.66749267 0.53608265 2.31478196 3.08412094
 0.46070426 2.75048672 2.69902641 1.00035067 2.52171262 0.65162745
 1.313649   0.88035827 0.32871222 1.65317673 1.89579359 1.35262029
 0.60627079 0.03156917 2.87646302 3.01232147 3.06946205 2.06626146
 0.55771216 1.11381164 1.73342252 1.54709117]
Device (GPU) time: 0.7765 seconds
Iters. done: 54 [Current cost: -21.859868598963594]
Current parameters: [1.00147231 0.56187831 1.76143006 2.161649   2.6086688  2.84847862
 1.5350275  2.03880017 1.37869846 2.88971667 0.13976753 2.18659565
 2.67698766 1.21186559 4.05764021 1.30640764 1.53753858 1.52603128
 3.06656421 2.83384978 0.17404602 2.68650884 0.47037724 3.04488237
 2.324415   1.80989914 0.58621027 2.93744591 0.22505595 2.485036
 1.94943176 1.16258259 2.07772071 1.29119741 0.0265394  1.4062386
 2.25259101 1.67110224 0.66749267 0.53608265 2.31478196 3.08412094
 0.46070426 2.75048672 2.69902641 1.00035067 2.52171262 0.65162745
 1.313649   0.88035827 0.32871222 1.65317673 0.89579359 2.35262029
 0.60627079 0.03156917 2.87646302 3.01232147 3.06946205 2.06626146
 0.55771216 1.11381164 1.73342252 1.54709117]
Device (GPU) time: 0.8919 seconds
Iters. done: 55 [Current cost: -21.91755926175271]
Current parameters: [1.00147231 0.56187831 1.76143006 2.161649   2.6086688  2.84847862
 1.5350275  2.03880017 1.37869846 2.88971667 0.13976753 2.18659565
 2.67698766 1.21186559 4.05764021 1.30640764 1.53753858 1.52603128
 3.06656421 2.83384978 0.17404602 2.68650884 0.47037724 3.04488237
 2.324415   1.80989914 0.58621027 2.93744591 0.22505595 2.485036
 1.94943176 1.16258259 2.07772071 1.29119741 0.0265394  1.4062386
 2.25259101 1.67110224 0.66749267 0.53608265 2.31478196 3.08412094
 0.46070426 2.75048672 2.69902641 1.00035067 2.52171262 0.65162745
 1.313649   0.88035827 0.32871222 1.65317673 0.89579359 1.35262029
 1.60627079 0.03156917 2.87646302 3.01232147 3.06946205 2.06626146
 0.55771216 1.11381164 1.73342252 1.54709117]
Device (GPU) time: 0.7905 seconds
Iters. done: 56 [Current cost: -22.081362178206337]
Current parameters: [1.00147231 0.56187831 1.76143006 2.161649   2.6086688  2.84847862
 1.5350275  2.03880017 1.37869846 2.88971667 0.13976753 2.18659565
 2.67698766 1.21186559 4.05764021 1.30640764 1.53753858 1.52603128
 3.06656421 2.83384978 0.17404602 2.68650884 0.47037724 3.04488237
 2.324415   1.80989914 0.58621027 2.93744591 0.22505595 2.485036
 1.94943176 1.16258259 2.07772071 1.29119741 0.0265394  1.4062386
 2.25259101 1.67110224 0.66749267 0.53608265 2.31478196 3.08412094
 0.46070426 2.75048672 2.69902641 1.00035067 2.52171262 0.65162745
 1.313649   0.88035827 0.32871222 1.65317673 0.89579359 1.35262029
 0.60627079 1.03156917 2.87646302 3.01232147 3.06946205 2.06626146
 0.55771216 1.11381164 1.73342252 1.54709117]
Device (GPU) time: 0.8969 seconds
Iters. done: 57 [Current cost: -22.074006068364525]
Current parameters: [1.00147231 0.56187831 1.76143006 2.161649   2.6086688  2.84847862
 1.5350275  2.03880017 1.37869846 2.88971667 0.13976753 2.18659565
 2.67698766 1.21186559 4.05764021 1.30640764 1.53753858 1.52603128
 3.06656421 2.83384978 0.17404602 2.68650884 0.47037724 3.04488237
 2.324415   1.80989914 0.58621027 2.93744591 0.22505595 2.485036
 1.94943176 1.16258259 2.07772071 1.29119741 0.0265394  1.4062386
 2.25259101 1.67110224 0.66749267 0.53608265 2.31478196 3.08412094
 0.46070426 2.75048672 2.69902641 1.00035067 2.52171262 0.65162745
 1.313649   0.88035827 0.32871222 1.65317673 0.89579359 1.35262029
 0.60627079 0.03156917 3.87646302 3.01232147 3.06946205 2.06626146
 0.55771216 1.11381164 1.73342252 1.54709117]
Device (GPU) time: 0.8758 seconds
Iters. done: 58 [Current cost: -22.115294485936]
Current parameters: [1.00147231 0.56187831 1.76143006 2.161649   2.6086688  2.84847862
 1.5350275  2.03880017 1.37869846 2.88971667 0.13976753 2.18659565
 2.67698766 1.21186559 4.05764021 1.30640764 1.53753858 1.52603128
 3.06656421 2.83384978 0.17404602 2.68650884 0.47037724 3.04488237
 2.324415   1.80989914 0.58621027 2.93744591 0.22505595 2.485036
 1.94943176 1.16258259 2.07772071 1.29119741 0.0265394  1.4062386
 2.25259101 1.67110224 0.66749267 0.53608265 2.31478196 3.08412094
 0.46070426 2.75048672 2.69902641 1.00035067 2.52171262 0.65162745
 1.313649   0.88035827 0.32871222 1.65317673 0.89579359 1.35262029
 0.60627079 0.03156917 2.87646302 4.01232147 3.06946205 2.06626146
 0.55771216 1.11381164 1.73342252 1.54709117]
Device (GPU) time: 0.8178 seconds
Iters. done: 59 [Current cost: -22.33639079490685]
Current parameters: [1.00147231 0.56187831 1.76143006 2.161649   2.6086688  2.84847862
 1.5350275  2.03880017 1.37869846 2.88971667 0.13976753 2.18659565
 2.67698766 1.21186559 4.05764021 1.30640764 1.53753858 1.52603128
 3.06656421 2.83384978 0.17404602 2.68650884 0.47037724 3.04488237
 2.324415   1.80989914 0.58621027 2.93744591 0.22505595 2.485036
 1.94943176 1.16258259 2.07772071 1.29119741 0.0265394  1.4062386
 2.25259101 1.67110224 0.66749267 0.53608265 2.31478196 3.08412094
 0.46070426 2.75048672 2.69902641 1.00035067 2.52171262 0.65162745
 1.313649   0.88035827 0.32871222 1.65317673 0.89579359 1.35262029
 0.60627079 0.03156917 2.87646302 4.01232147 4.06946205 2.06626146
 0.55771216 1.11381164 1.73342252 1.54709117]
Device (GPU) time: 0.9027 seconds
Iters. done: 60 [Current cost: -22.16159483761482]
Current parameters: [1.00147231 0.56187831 1.76143006 2.161649   2.6086688  2.84847862
 1.5350275  2.03880017 1.37869846 2.88971667 0.13976753 2.18659565
 2.67698766 1.21186559 4.05764021 1.30640764 1.53753858 1.52603128
 3.06656421 2.83384978 0.17404602 2.68650884 0.47037724 3.04488237
 2.324415   1.80989914 0.58621027 2.93744591 0.22505595 2.485036
 1.94943176 1.16258259 2.07772071 1.29119741 0.0265394  1.4062386
 2.25259101 1.67110224 0.66749267 0.53608265 2.31478196 3.08412094
 0.46070426 2.75048672 2.69902641 1.00035067 2.52171262 0.65162745
 1.313649   0.88035827 0.32871222 1.65317673 0.89579359 1.35262029
 0.60627079 0.03156917 2.87646302 4.01232147 3.06946205 3.06626146
 0.55771216 1.11381164 1.73342252 1.54709117]
Device (GPU) time: 0.7871 seconds
Iters. done: 61 [Current cost: -22.127000362332762]
Current parameters: [1.00147231 0.56187831 1.76143006 2.161649   2.6086688  2.84847862
 1.5350275  2.03880017 1.37869846 2.88971667 0.13976753 2.18659565
 2.67698766 1.21186559 4.05764021 1.30640764 1.53753858 1.52603128
 3.06656421 2.83384978 0.17404602 2.68650884 0.47037724 3.04488237
 2.324415   1.80989914 0.58621027 2.93744591 0.22505595 2.485036
 1.94943176 1.16258259 2.07772071 1.29119741 0.0265394  1.4062386
 2.25259101 1.67110224 0.66749267 0.53608265 2.31478196 3.08412094
 0.46070426 2.75048672 2.69902641 1.00035067 2.52171262 0.65162745
 1.313649   0.88035827 0.32871222 1.65317673 0.89579359 1.35262029
 0.60627079 0.03156917 2.87646302 4.01232147 3.06946205 2.06626146
 1.55771216 1.11381164 1.73342252 1.54709117]
Device (GPU) time: 0.8675 seconds
Iters. done: 62 [Current cost: -22.3328918027398]
Current parameters: [1.00147231 0.56187831 1.76143006 2.161649   2.6086688  2.84847862
 1.5350275  2.03880017 1.37869846 2.88971667 0.13976753 2.18659565
 2.67698766 1.21186559 4.05764021 1.30640764 1.53753858 1.52603128
 3.06656421 2.83384978 0.17404602 2.68650884 0.47037724 3.04488237
 2.324415   1.80989914 0.58621027 2.93744591 0.22505595 2.485036
 1.94943176 1.16258259 2.07772071 1.29119741 0.0265394  1.4062386
 2.25259101 1.67110224 0.66749267 0.53608265 2.31478196 3.08412094
 0.46070426 2.75048672 2.69902641 1.00035067 2.52171262 0.65162745
 1.313649   0.88035827 0.32871222 1.65317673 0.89579359 1.35262029
 0.60627079 0.03156917 2.87646302 4.01232147 3.06946205 2.06626146
 0.55771216 2.11381164 1.73342252 1.54709117]
Device (GPU) time: 0.8243 seconds
Iters. done: 63 [Current cost: -22.287243557256115]
Current parameters: [1.00147231 0.56187831 1.76143006 2.161649   2.6086688  2.84847862
 1.5350275  2.03880017 1.37869846 2.88971667 0.13976753 2.18659565
 2.67698766 1.21186559 4.05764021 1.30640764 1.53753858 1.52603128
 3.06656421 2.83384978 0.17404602 2.68650884 0.47037724 3.04488237
 2.324415   1.80989914 0.58621027 2.93744591 0.22505595 2.485036
 1.94943176 1.16258259 2.07772071 1.29119741 0.0265394  1.4062386
 2.25259101 1.67110224 0.66749267 0.53608265 2.31478196 3.08412094
 0.46070426 2.75048672 2.69902641 1.00035067 2.52171262 0.65162745
 1.313649   0.88035827 0.32871222 1.65317673 0.89579359 1.35262029
 0.60627079 0.03156917 2.87646302 4.01232147 3.06946205 2.06626146
 0.55771216 1.11381164 2.73342252 1.54709117]
Device (GPU) time: 0.8906 seconds
Iters. done: 64 [Current cost: -22.220378284481647]
Current parameters: [1.00147231 0.56187831 1.76143006 2.161649   2.6086688  2.84847862
 1.5350275  2.03880017 1.37869846 2.88971667 0.13976753 2.18659565
 2.67698766 1.21186559 4.05764021 1.30640764 1.53753858 1.52603128
 3.06656421 2.83384978 0.17404602 2.68650884 0.47037724 3.04488237
 2.324415   1.80989914 0.58621027 2.93744591 0.22505595 2.485036
 1.94943176 1.16258259 2.07772071 1.29119741 0.0265394  1.4062386
 2.25259101 1.67110224 0.66749267 0.53608265 2.31478196 3.08412094
 0.46070426 2.75048672 2.69902641 1.00035067 2.52171262 0.65162745
 1.313649   0.88035827 0.32871222 1.65317673 0.89579359 1.35262029
 0.60627079 0.03156917 2.87646302 4.01232147 3.06946205 2.06626146
 0.55771216 1.11381164 1.73342252 2.54709117]
Device (GPU) time: 0.7635 seconds
Iters. done: 65 [Current cost: -22.07068219379773]
Current parameters: [ 9.86475769e-01  4.71874837e-01  1.65746399e+00  2.06828220e+00
  2.42750495e+00  2.86241662e+00  1.40972814e+00  1.97174219e+00
  1.20807446e+00  2.82776703e+00 -7.70361725e-02  2.12336573e+00
  2.62606802e+00  1.06167433e+00  4.08546044e+00  1.42005976e+00
  1.45234996e+00  1.46415744e+00  2.98354490e+00  2.60556057e+00
 -7.16370794e-04  2.45171838e+00  3.29281643e-01  3.03415073e+00
  2.22367017e+00  1.73794265e+00  5.78887569e-01  2.88006980e+00
  7.57164526e-02  2.37785637e+00  1.74854770e+00  1.08308608e+00
  2.01762205e+00  1.26820052e+00 -5.61158209e-02  1.37419500e+00
  2.27184226e+00  1.62033080e+00  5.93099737e-01  3.95423247e-01
  2.36359069e+00  3.08476129e+00  3.78315532e-01  2.66468900e+00
  2.52264267e+00  6.15075956e-01  2.19567624e+00  4.82949034e-01
  1.19316766e+00  8.23721602e-01  2.16364001e-01  1.60332183e+00
  7.06712019e-01  1.18694749e+00  5.07063250e-01 -7.06232141e-02
  2.79102397e+00  4.01659525e+00  2.99853622e+00  1.98129845e+00
  5.56292394e-01  1.09386948e+00  1.68634887e+00  1.43927630e+00]
Device (GPU) time: 0.9576 seconds
Iters. done: 66 [Current cost: -22.252587456762786]
Current parameters: [0.50217714 0.56187831 1.76143006 2.161649   2.6086688  2.84008615
 1.54341997 2.04719264 1.38709093 2.89810914 0.14816    2.19498812
 2.68538013 1.22025805 4.06603267 1.30640764 1.53753858 1.52603128
 3.06656421 2.83384978 0.17404602 2.68650884 0.47037724 3.04488237
 2.324415   1.80989914 0.58621027 2.93744591 0.22505595 2.485036
 1.94943176 1.16258259 2.07772071 1.29119741 0.0265394  1.4062386
 2.25259101 1.67110224 0.66749267 0.53608265 2.31478196 3.08412094
 0.46070426 2.75048672 2.69902641 1.00035067 2.52171262 0.65162745
 1.313649   0.88035827 0.32871222 1.65317673 0.89579359 1.35262029
 0.60627079 0.03156917 2.87646302 4.01232147 3.06946205 2.06626146
 0.55771216 1.11381164 1.73342252 1.54709117]
Device (GPU) time: 0.7940 seconds
Iters. done: 67 [Current cost: -21.92829158360329]
Current parameters: [1.14608899e+00 5.36355450e-01 1.73194774e+00 2.13517238e+00
 2.55729501e+00 2.52628353e+00 1.82564314e+00 2.34593169e+00
 1.65646111e+00 3.19829680e+00 4.04434700e-01 2.49481272e+00
 2.98869563e+00 1.49542248e+00 4.39167695e+00 1.33863670e+00
 1.51338110e+00 1.50848532e+00 3.04302189e+00 2.76911235e+00
 1.24487535e-01 2.61992781e+00 4.30365859e-01 3.04183913e+00
 2.29584614e+00 1.78949398e+00 5.84133722e-01 2.92117540e+00
 1.82706793e-01 2.45464239e+00 1.89246578e+00 1.14003926e+00
 2.06067815e+00 1.28467604e+00 3.10033533e-03 1.39715179e+00
 2.25805021e+00 1.65670466e+00 6.46396593e-01 4.96194967e-01
 2.32862296e+00 3.08430253e+00 4.37340759e-01 2.72615651e+00
 2.64900815e+00 8.91095863e-01 2.42925640e+00 6.03794232e-01
 1.27948334e+00 8.64297445e-01 2.96852918e-01 1.63903906e+00
 8.42174521e-01 1.30563940e+00 5.78137877e-01 2.58982330e-03
 2.85223453e+00 4.01353342e+00 3.04934916e+00 2.04216795e+00
 5.57309546e-01 1.10815651e+00 1.72007355e+00 1.51651742e+00]
Device (GPU) time: 0.8925 seconds
Iters. done: 68 [Current cost: -22.102928472367264]
Current parameters: [1.00147231 0.93990356 1.43417342 2.161649   2.6086688  2.84847862
 1.5350275  2.03880017 1.37869846 2.88971667 0.13976753 2.18659565
 2.67698766 1.21186559 4.05764021 1.30640764 1.53753858 1.52603128
 3.06656421 2.83384978 0.17404602 2.68650884 0.47037724 3.04488237
 2.324415   1.80989914 0.58621027 2.93744591 0.22505595 2.485036
 1.94943176 1.16258259 2.07772071 1.29119741 0.0265394  1.4062386
 2.25259101 1.67110224 0.66749267 0.53608265 2.31478196 3.08412094
 0.46070426 2.75048672 2.69902641 1.00035067 2.52171262 0.65162745
 1.313649   0.88035827 0.32871222 1.65317673 0.89579359 1.35262029
 0.60627079 0.03156917 2.87646302 4.01232147 3.06946205 2.06626146
 0.55771216 1.11381164 1.73342252 1.54709117]
Device (GPU) time: 0.8093 seconds
Iters. done: 69 [Current cost: -22.19444605261222]
Current parameters: [1.04718471 1.19737702 2.52028793 2.1485075  2.58316975 2.84364122
 1.52419064 2.03616086 1.3614821  2.88779636 0.11605131 2.18449515
 2.67661984 1.19752516 4.06835513 1.32240432 1.52554817 1.51732245
 3.05487913 2.80171777 0.14944798 2.65346177 0.45051785 3.04337188
 2.31023503 1.79977117 0.58517959 2.92937015 0.20403622 2.46995033
 1.92115706 1.15139335 2.06926175 1.28796057 0.01490557 1.40172842
 2.25530065 1.66395609 0.65702177 0.51628465 2.32165185 3.08421107
 0.44910793 2.73841058 2.67420017 0.94612275 2.47582257 0.62788574
 1.2966911  0.87238658 0.31289906 1.64615958 0.86918011 1.32930163
 0.5923072  0.01718546 2.86443736 4.01292301 3.05947915 2.0543028
 0.55751232 1.11100475 1.72679684 1.53191609]
Device (GPU) time: 0.9062 seconds
Iters. done: 70 [Current cost: -22.215112618774274]
Current parameters: [1.00147231 0.56187831 1.76143006 2.60609635 2.37961302 2.84847862
 1.5350275  2.03880017 1.37869846 2.88971667 0.13976753 2.18659565
 2.67698766 1.21186559 4.05764021 1.30640764 1.53753858 1.52603128
 3.06656421 2.83384978 0.17404602 2.68650884 0.47037724 3.04488237
 2.324415   1.80989914 0.58621027 2.93744591 0.22505595 2.485036
 1.94943176 1.16258259 2.07772071 1.29119741 0.0265394  1.4062386
 2.25259101 1.67110224 0.66749267 0.53608265 2.31478196 3.08412094
 0.46070426 2.75048672 2.69902641 1.00035067 2.52171262 0.65162745
 1.313649   0.88035827 0.32871222 1.65317673 0.89579359 1.35262029
 0.60627079 0.03156917 2.87646302 4.01232147 3.06946205 2.06626146
 0.55771216 1.11381164 1.73342252 1.54709117]
Device (GPU) time: 0.7591 seconds
Iters. done: 71 [Current cost: -22.16200646167293]
Current parameters: [1.07072438 0.5351415  1.76807344 2.58220248 3.4905583  2.8411502
 1.51861018 2.03480174 1.3526165  2.8868075  0.1038386  2.18341348
 2.67643043 1.19014053 4.0738728  1.33064184 1.51937369 1.51283783
 3.04886188 2.78517134 0.13678118 2.63644413 0.44029122 3.04259405
 2.30293303 1.79455576 0.58464884 2.92521152 0.19321207 2.46218193
 1.90659696 1.14563143 2.06490579 1.28629375 0.00891471 1.39940589
 2.25669599 1.66027617 0.65162976 0.50608964 2.32518951 3.08425748
 0.44313639 2.73219195 2.66141585 0.91819799 2.45219141 0.6156599
 1.28795859 0.86828155 0.30475605 1.6425461  0.85547545 1.31729364
 0.58511662 0.00977854 2.85824473 4.01323278 3.05433843 2.04814467
 0.55740942 1.10955934 1.72338494 1.52410165]
Device (GPU) time: 0.9011 seconds
Iters. done: 72 [Current cost: -22.437393784967206]
Current parameters: [1.07072438 0.5351415  1.76807344 2.58220248 3.4905583  2.82582197
 1.53393841 2.05012997 0.94445937 2.90213573 0.38936989 2.19874172
 2.69175866 1.20546876 4.08920103 1.33064184 1.51937369 1.51283783
 3.04886188 2.78517134 0.13678118 2.63644413 0.44029122 3.04259405
 2.30293303 1.79455576 0.58464884 2.92521152 0.19321207 2.46218193
 1.90659696 1.14563143 2.06490579 1.28629375 0.00891471 1.39940589
 2.25669599 1.66027617 0.65162976 0.50608964 2.32518951 3.08425748
 0.44313639 2.73219195 2.66141585 0.91819799 2.45219141 0.6156599
 1.28795859 0.86828155 0.30475605 1.6425461  0.85547545 1.31729364
 0.58511662 0.00977854 2.85824473 4.01323278 3.05433843 2.04814467
 0.55740942 1.10955934 1.72338494 1.52410165]
Device (GPU) time: 0.7988 seconds
Iters. done: 73 [Current cost: -22.322994470537452]
Current parameters: [ 1.13043145  0.51208982  1.77380116  2.56095912  3.50613035  2.99262892
  1.34665859  1.87355734  1.83414786  2.72650223  0.83121983  2.02287285
  2.51815294  1.01361277  3.93007098  1.35153585  1.50371246  1.50146283
  3.03359946  2.74320225  0.10465256  2.59327984  0.41435196  3.04062113
  2.28441193  1.78132715  0.58330262  2.91466339  0.16575723  2.44247784
  1.86966608  1.13101666  2.05385714  1.28206596 -0.00628077  1.39351494
  2.26023517  1.65094226  0.63795323  0.48023057  2.3341626   3.08437521
  0.4279899   2.71641875  2.62898916  0.8473684   2.39225231  0.58464977
  1.26580909  0.85786936  0.28410175  1.63338068  0.82071436  1.28683606
  0.56687814 -0.00900869  2.84253746  4.01401848  3.0412993   2.03252492
  0.55714841  1.10589314  1.71473084  1.50428078]
Device (GPU) time: 0.8807 seconds
Iters. done: 74 [Current cost: -21.87532059941551]
Current parameters: [1.07072438 0.5351415  1.76807344 2.58220248 3.4905583  2.82656491
 1.12492971 2.04938702 1.3526165  2.90139278 0.1038386  2.19799877
 2.69101572 1.49630929 4.08845808 1.33064184 1.51937369 1.51283783
 3.04886188 2.78517134 0.13678118 2.63644413 0.44029122 3.04259405
 2.30293303 1.79455576 0.58464884 2.92521152 0.19321207 2.46218193
 1.90659696 1.14563143 2.06490579 1.28629375 0.00891471 1.39940589
 2.25669599 1.66027617 0.65162976 0.50608964 2.32518951 3.08425748
 0.44313639 2.73219195 2.66141585 0.91819799 2.45219141 0.6156599
 1.28795859 0.86828155 0.30475605 1.6425461  0.85547545 1.31729364
 0.58511662 0.00977854 2.85824473 4.01323278 3.05433843 2.04814467
 0.55740942 1.10955934 1.72338494 1.52410165]
Device (GPU) time: 0.7917 seconds
Iters. done: 75 [Current cost: -22.210233087375965]
Current parameters: [ 1.11350639e+00  5.18624243e-01  1.77217754e+00  2.56698094e+00
  3.50171616e+00  3.03959460e+00  2.03722350e+00  1.82935992e+00
  1.34174604e+00  2.68203860e+00  6.72287459e-02  1.97847593e+00
  2.47311449e+00  1.87496579e+00  3.88092914e+00  1.34561306e+00
  1.50815193e+00  1.50468728e+00  3.03792588e+00  2.75509916e+00
  1.13760005e-01  2.60551555e+00  4.21704915e-01  3.04118039e+00
  2.28966207e+00  1.78507704e+00  5.83684229e-01  2.91765345e+00
  1.73539810e-01  2.44806333e+00  1.88013481e+00  1.13515948e+00
  2.05698908e+00  1.28326441e+00 -1.97333302e-03  1.39518484e+00
  2.25923192e+00  1.65358813e+00  6.41830093e-01  4.87560798e-01
  2.33161901e+00  3.08434183e+00  4.32283450e-01  2.72088995e+00
  2.63818110e+00  8.67446346e-01  2.40924314e+00  5.93440159e-01
  1.27208777e+00  8.60820888e-01  2.89956589e-01  1.63597879e+00
  8.30568030e-01  1.29546982e+00  5.72048169e-01 -3.68310447e-03
  2.84698998e+00  4.01379576e+00  3.04499548e+00  2.03695263e+00
  5.57222396e-01  1.10693239e+00  1.71718400e+00  1.50989937e+00]
Device (GPU) time: 0.8940 seconds
Iters. done: 76 [Current cost: -22.17321892160672]
Current parameters: [1.07072438 0.5351415  1.76807344 2.58220248 3.4905583  2.83278854
 1.51861018 2.37103804 1.3526165  2.89516916 0.1038386  1.81373054
 2.68479209 1.19014053 4.08223446 1.33064184 1.51937369 1.51283783
 3.04886188 2.78517134 0.13678118 2.63644413 0.44029122 3.04259405
 2.30293303 1.79455576 0.58464884 2.92521152 0.19321207 2.46218193
 1.90659696 1.14563143 2.06490579 1.28629375 0.00891471 1.39940589
 2.25669599 1.66027617 0.65162976 0.50608964 2.32518951 3.08425748
 0.44313639 2.73219195 2.66141585 0.91819799 2.45219141 0.6156599
 1.28795859 0.86828155 0.30475605 1.6425461  0.85547545 1.31729364
 0.58511662 0.00977854 2.85824473 4.01323278 3.05433843 2.04814467
 0.55740942 1.10955934 1.72338494 1.52410165]
Device (GPU) time: 0.7758 seconds
Iters. done: 77 [Current cost: -22.22750191953616]
Current parameters: [1.08685292 0.5289146  1.76962066 2.57646406 3.49476474 3.12784986
 1.5223504  2.64630154 1.34851841 2.59772354 0.09003692 2.72504185
 2.38789423 1.17979997 3.78924688 1.3362859  1.51514316 1.50976512
 3.04473908 2.77383432 0.12810235 2.62478425 0.4332843  3.04206111
 2.29792997 1.79098234 0.58428519 2.92236218 0.18579575 2.45685931
 1.8966209  1.14168358 2.06192124 1.28515171 0.00480999 1.39781458
 2.25765202 1.65775482 0.64793535 0.49910439 2.32761339 3.08428928
 0.4390449  2.72793117 2.6526565  0.89906494 2.43600019 0.6072832
 1.2819754  0.86546893 0.29917675 1.64007026 0.84608551 1.3090662
 0.5801899  0.00470359 2.85400176 4.01344502 3.0508162  2.04392534
 0.55733891 1.108569   1.72104723 1.51874748]
Device (GPU) time: 0.8935 seconds
Iters. done: 78 [Current cost: -22.298739551022898]
Current parameters: [1.07072438 0.5351415  1.76807344 2.58220248 3.4905583  2.81061413
 1.51861018 2.03480174 1.3526165  3.20717754 0.1038386  2.18341348
 2.29498825 1.19014053 4.10440887 1.33064184 1.51937369 1.51283783
 3.04886188 2.78517134 0.13678118 2.63644413 0.44029122 3.04259405
 2.30293303 1.79455576 0.58464884 2.92521152 0.19321207 2.46218193
 1.90659696 1.14563143 2.06490579 1.28629375 0.00891471 1.39940589
 2.25669599 1.66027617 0.65162976 0.50608964 2.32518951 3.08425748
 0.44313639 2.73219195 2.66141585 0.91819799 2.45219141 0.6156599
 1.28795859 0.86828155 0.30475605 1.6425461  0.85547545 1.31729364
 0.58511662 0.00977854 2.85824473 4.01323278 3.05433843 2.04814467
 0.55740942 1.10955934 1.72338494 1.52410165]
Device (GPU) time: 0.7851 seconds
Iters. done: 79 [Current cost: -22.127579793136604]
Current parameters: [1.09275993e+00 5.26634024e-01 1.77018732e+00 2.57436238e+00
 3.49630533e+00 3.33647811e+00 1.52372025e+00 2.02525319e+00
 1.34701750e+00 3.45894657e+00 8.49821134e-02 2.19054359e+00
 3.10024658e+00 1.17601278e+00 3.58137814e+00 1.33835301e+00
 1.51359374e+00 1.50863976e+00 3.04322912e+00 2.76968219e+00
 1.24923760e-01 2.62051387e+00 4.30718048e-01 3.04186592e+00
 2.29609761e+00 1.78967359e+00 5.84152000e-01 2.92131862e+00
 1.83079560e-01 2.45490992e+00 1.89296721e+00 1.14023769e+00
 2.06082816e+00 1.28473344e+00 3.30665119e-03 1.39723177e+00
 2.25800216e+00 1.65683139e+00 6.46582285e-01 4.96546067e-01
 2.32850113e+00 3.08430093e+00 4.37546410e-01 2.72637067e+00
 2.64944842e+00 8.92057548e-01 2.43007022e+00 6.04215271e-01
 1.27978408e+00 8.64438816e-01 2.97133350e-01 1.63916350e+00
 8.42646488e-01 1.30605293e+00 5.78385509e-01 2.84490589e-03
 2.85244779e+00 4.01352275e+00 3.04952620e+00 2.04238003e+00
 5.57313090e-01 1.10820629e+00 1.72019105e+00 1.51678654e+00]
Device (GPU) time: 0.9199 seconds
Iters. done: 80 [Current cost: -22.18426801671748]
Current parameters: [1.07072438 0.5351415  1.76807344 2.58220248 3.4905583  2.49035995
 1.51861018 2.03480174 1.3526165  2.8868075  0.1038386  2.18341348
 2.67643043 1.19014053 3.72308255 1.33064184 1.51937369 1.51283783
 3.04886188 2.78517134 0.13678118 2.57405495 0.44029122 3.04259405
 2.30293303 1.79455576 0.58464884 2.92521152 0.19321207 2.46218193
 1.90659696 1.14563143 2.06490579 1.28629375 0.00891471 1.39940589
 2.25669599 1.66027617 0.65162976 0.50608964 2.32518951 3.08425748
 0.44313639 2.73219195 2.66141585 0.91819799 2.45219141 0.6156599
 1.28795859 0.86828155 0.30475605 1.6425461  0.85547545 1.31729364
 0.58511662 0.00977854 2.85824473 4.01323278 3.05433843 2.04814467
 0.55740942 1.10955934 1.72338494 1.52410165]
Device (GPU) time: 0.7924 seconds
Iters. done: 81 [Current cost: -22.064983639483525]
Current parameters: [ 1.15353008  0.50317192  1.77601703  2.55274078  3.51215464  2.79179041
  1.53781291  1.99891998  1.33157643  2.8356777   0.03297926  2.21020716
  2.72052472  1.13705094  4.06210961  1.35961903  1.49765367  1.49706223
  3.02769495  2.72696584  0.09222309  3.59765342  0.40431694  3.03985787
  2.27724674  1.77620945  0.58278181  2.91058268  0.15513589  2.434855
  1.85537878  1.1253627   2.0495828   1.28043037 -0.01215939  1.39123593
  2.26160436  1.64733129  0.63266225  0.47022657  2.33763398  3.08442075
  0.42213024  2.71031663  2.61644437  0.81996685  2.36906391  0.572653
  1.2572402   0.85384124  0.27611131  1.6298349   0.80726648  1.27505306
  0.55982228 -0.01627683  2.83646086  4.01432244  3.03625491  2.02648217
  0.55704743  1.10447481  1.71138286  1.49661275]
Device (GPU) time: 0.8971 seconds
Iters. done: 82 [Current cost: -21.781398622341857]
Current parameters: [1.07072438 0.5351415  1.76807344 2.58220248 3.4905583  2.8411502
 1.51861018 2.03480174 1.3526165  2.8868075  0.1038386  2.18341348
 2.67643043 1.19014053 4.0738728  1.33064184 1.51937369 1.51283783
 3.04886188 3.1154756  0.13678118 2.63644413 0.44029122 3.04259405
 2.30293303 1.79455576 0.58464884 2.92521152 0.19321207 2.46218193
 1.53123168 1.14563143 2.06490579 1.28629375 0.00891471 1.39940589
 2.25669599 1.66027617 0.65162976 0.50608964 2.32518951 3.08425748
 0.44313639 2.73219195 2.66141585 0.91819799 2.45219141 0.6156599
 1.28795859 0.86828155 0.30475605 1.6425461  0.85547545 1.31729364
 0.58511662 0.00977854 2.85824473 4.01323278 3.05433843 2.04814467
 0.55740942 1.10955934 1.72338494 1.52410165]
Device (GPU) time: 0.8159 seconds
Iters. done: 83 [Current cost: -22.04013366961308]
Current parameters: [ 1.17481694  0.49495349  1.77805908  2.54516706  3.51770641  2.89528522
  1.54274935  1.98969585  1.32616766  2.82253376  0.01476345  2.21709502
  2.73186004  1.1234032   4.17526939  1.3670682   1.4920701   1.4930068
  3.02225357  3.41303696  0.08076853  2.53823896  0.39506903  3.03915448
  2.27064356  1.77149316  0.58230186  2.90682205  0.14534765  2.42783006
  2.59672596  1.12015221  2.04564372  1.27892307 -0.0175769   1.38913568
  2.26286615  1.64400355  0.62778627  0.46100725  2.34083308  3.08446272
  0.41673019  2.70469314  2.60488355  0.79471457  2.34769432  0.56159721
  1.24934342  0.85012907  0.2687476   1.62656723  0.7948734   1.26419427
  0.55331987 -0.02297488  2.83086088  4.01460256  3.03160618  2.02091339
  0.55695437  1.10316773  1.70829748  1.48954618]
Device (GPU) time: 0.8848 seconds
Iters. done: 84 [Current cost: -21.756780760203263]
Current parameters: [ 1.07072438  0.5351415   1.76807344  2.58220248  3.4905583   2.8411502
  1.51861018  2.03480174  1.3526165   2.8868075   0.1038386   2.18341348
  2.67643043  1.19014053  4.0738728   1.33064184  1.51937369  1.51283783
  3.04886188  2.78517134  0.46160368  2.63644413  0.44029122  3.04259405
  2.30293303  1.79455576  0.58464884  2.92521152 -0.18690679  2.46218193
  1.90659696  1.14563143  2.06490579  1.28629375  0.00891471  1.39940589
  2.25669599  1.66027617  0.65162976  0.50608964  2.32518951  3.08425748
  0.44313639  2.73219195  2.66141585  0.91819799  2.45219141  0.6156599
  1.28795859  0.86828155  0.30475605  1.6425461   0.85547545  1.31729364
  0.58511662  0.00977854  2.85824473  4.01323278  3.05433843  2.04814467
  0.55740942  1.10955934  1.72338494  1.52410165]
Device (GPU) time: 0.7668 seconds
Iters. done: 85 [Current cost: -22.324729985295]
Current parameters: [ 1.14571584  0.50618883  1.7752674   2.55552103  3.51011663  2.88015073
  1.53600078  2.00230608  1.33356195  2.84050273  0.03966614  2.20767869
  2.71636362  1.14206091  4.146922    1.3568845   1.49970335  1.49855095
  3.02969244  2.66298846  0.85232272  2.56569412  0.40771177  3.04011608
  2.27967071  1.77794076  0.582958    2.91196318  0.83243242  2.43743379
  1.89823881  1.12727542  2.0510288   1.28098369 -0.01017066  1.39200692
  2.26114116  1.64855288  0.63445218  0.47361091  2.33645962  3.08440534
  0.42411255  2.71238097  2.62068825  0.82923675  2.37690851  0.57671149
  1.26013904  0.85520395  0.27881446  1.63103443  0.81181588  1.27903923
  0.56220927 -0.01381803  2.83851657  4.01421961  3.03796142  2.02852642
  0.55708159  1.10495463  1.71251547  1.49920684]
Device (GPU) time: 0.9192 seconds
Iters. done: 86 [Current cost: -22.352044988160763]
Current parameters: [1.07072438 0.5351415  1.76807344 2.58220248 3.4905583  2.8411502
 1.51861018 2.03480174 1.3526165  2.8868075  0.1038386  2.18341348
 2.67643043 1.19014053 4.0738728  1.72002987 1.51937369 1.51283783
 3.04886188 2.78517134 0.13678118 2.63644413 0.75394224 3.04259405
 2.30293303 1.79455576 0.58464884 2.92521152 0.19321207 2.46218193
 1.90659696 1.14563143 2.06490579 1.28629375 0.00891471 1.39940589
 2.25669599 1.66027617 0.65162976 0.50608964 2.32518951 3.08425748
 0.44313639 2.73219195 2.66141585 0.91819799 2.45219141 0.6156599
 1.28795859 0.86828155 0.30475605 1.6425461  0.85547545 1.31729364
 0.58511662 0.00977854 2.85824473 4.01323278 3.05433843 2.04814467
 0.55740942 1.10955934 1.72338494 1.52410165]
Device (GPU) time: 0.7743 seconds
Iters. done: 87 [Current cost: -22.450108833705798]
Current parameters: [ 1.13054333  0.51204663  1.7738119   2.56091931  3.50615953  2.87226001
  1.53248226  2.00888071  1.33741713  2.84987126  0.05264972  2.20276927
  2.70828421  1.15178854  4.13214245  1.11026532  1.50368312  1.50144152
  3.03357086  2.6877089   0.10372264  2.58000849  1.51397574  3.04061743
  2.28437722  1.78130236  0.5833001   2.91464363  0.18711369  2.44244092
  1.89992986  1.13098927  2.05383644  1.28205804 -0.00630924  1.3935039
  2.2602418   1.65092477  0.6379276   0.48018211  2.33417941  3.08437543
  0.42796152  2.71638919  2.62892839  0.84723568  2.39213999  0.58459166
  1.26576759  0.85784985  0.28406305  1.63336351  0.82064923  1.28677899
  0.56684396 -0.00904389  2.84250803  4.01401995  3.04127487  2.03249565
  0.55714792  1.10588627  1.71471462  1.50424364]
Device (GPU) time: 0.8800 seconds
Iters. done: 88 [Current cost: -22.14903197440429]
Current parameters: [1.07072438 0.5351415  1.76807344 2.58220248 3.4905583  2.8411502
 1.51861018 2.03480174 1.3526165  2.8868075  0.1038386  2.18341348
 2.67643043 1.19014053 4.0738728  1.72002987 1.51937369 1.51283783
 3.04886188 2.78517134 0.13678118 2.63644413 0.75394224 3.04259405
 1.93861237 1.79455576 0.58464884 2.92521152 0.19321207 2.80462967
 1.90659696 1.14563143 2.06490579 1.28629375 0.00891471 1.39940589
 2.25669599 1.66027617 0.65162976 0.50608964 2.32518951 3.08425748
 0.44313639 2.73219195 2.66141585 0.91819799 2.45219141 0.6156599
 1.28795859 0.86828155 0.30475605 1.6425461  0.85547545 1.31729364
 0.58511662 0.00977854 2.85824473 4.01323278 3.05433843 2.04814467
 0.55740942 1.10955934 1.72338494 1.52410165]
Device (GPU) time: 0.8171 seconds
Iters. done: 89 [Current cost: -22.547835585064238]
Current parameters: [ 1.11882816e+00  5.16569614e-01  1.77268806e+00  2.56508749e+00
  3.50310412e+00  2.86616735e+00  1.52976550e+00  2.01395718e+00
  1.34039383e+00  2.85710499e+00  6.26747391e-02  2.19897857e+00
  2.70204584e+00  1.15929953e+00  4.12073070e+00  1.74150535e+00
  1.50675602e+00  1.50367341e+00  3.03656551e+00  2.70679631e+00
  1.10196946e-01  2.59106106e+00  7.29717465e-01  3.04100454e+00
  2.60341682e+00  1.78389795e+00  5.83564238e-01  2.91671328e+00
  1.88308018e-01  3.52904772e+00  1.90123557e+00  1.13385685e+00
  2.05600430e+00  1.28288758e+00 -3.32772868e-03  1.39465977e+00
  2.25954737e+00  1.65275618e+00  6.40611084e-01  4.85255941e-01
  2.33241880e+00  3.08435233e+00  4.30933421e-01  2.71948406e+00
  2.63529086e+00  8.61133201e-01  2.40390068e+00  5.90676180e-01
  1.27011356e+00  8.59892835e-01  2.88115642e-01  1.63516186e+00
  8.27469723e-01  1.29275509e+00  5.70422546e-01 -5.35763768e-03
  2.84558997e+00  4.01386579e+00  3.04383329e+00  2.03556041e+00
  5.57199132e-01  1.10660562e+00  1.71641265e+00  1.50813270e+00]
Device (GPU) time: 0.8818 seconds
Iters. done: 90 [Current cost: -22.936660283654366]
Current parameters: [ 1.11882816e+00  5.16569614e-01  1.77268806e+00  2.56508749e+00
  3.50310412e+00  2.86616735e+00  1.52976550e+00  2.01395718e+00
  1.34039383e+00  2.85710499e+00  6.26747391e-02  2.19897857e+00
  2.70204584e+00  1.15929953e+00  4.12073070e+00  1.74150535e+00
  1.85572075e+00  1.50367341e+00  2.67848226e+00  2.70679631e+00
  1.10196946e-01  2.59106106e+00  7.29717465e-01  3.04100454e+00
  2.60341682e+00  1.78389795e+00  5.83564238e-01  2.91671328e+00
  1.88308018e-01  3.52904772e+00  1.90123557e+00  1.13385685e+00
  2.05600430e+00  1.28288758e+00 -3.32772868e-03  1.39465977e+00
  2.25954737e+00  1.65275618e+00  6.40611084e-01  4.85255941e-01
  2.33241880e+00  3.08435233e+00  4.30933421e-01  2.71948406e+00
  2.63529086e+00  8.61133201e-01  2.40390068e+00  5.90676180e-01
  1.27011356e+00  8.59892835e-01  2.88115642e-01  1.63516186e+00
  8.27469723e-01  1.29275509e+00  5.70422546e-01 -5.35763768e-03
  2.84558997e+00  4.01386579e+00  3.04383329e+00  2.03556041e+00
  5.57199132e-01  1.10660562e+00  1.71641265e+00  1.50813270e+00]
Device (GPU) time: 0.9029 seconds
Iters. done: 91 [Current cost: -22.81498541888953]
Current parameters: [ 1.15897584  0.50106942  1.77653944  2.55080322  3.51357494  2.8870468
  1.53907579  1.99656019  1.33019272  2.83231512  0.02831916  2.21196926
  2.72342461  1.13355947  4.15983856  1.7594289   2.20601751  1.49602474
  3.73506433  2.64138408  0.0880096   2.5531841   0.70949933  3.03967792
  2.60275585  1.77500289  0.58265903  2.90962061  0.18421507  3.54265886
  1.89676092  1.12402971  2.04857507  1.28004477 -0.01354534  1.39069863
  2.26192716  1.64647996  0.63141484  0.46786802  2.3384524   3.08443149
  0.42074876  2.70887799  2.6134868   0.81350662  2.36359698  0.56982463
  1.25521999  0.85289157  0.27422747  1.62899894  0.80409599  1.27227508
  0.55815879 -0.01799037  2.83502823  4.0143941   3.03506564  2.02505753
  0.55702362  1.10414043  1.71059354  1.49480493]
Device (GPU) time: 0.7862 seconds
Iters. done: 92 [Current cost: -22.602388712964494]
Current parameters: [ 1.11882816  0.51656961  1.77268806  2.56508749  3.50310412  2.86616735
  1.5297655   2.01395718  1.34039383  2.85710499  0.06267474  2.19897857
  2.70204584  1.15929953  4.1207307   1.74150535  1.50675602  1.50367341
  3.03656551  2.70679631  0.11019695  2.59106106  0.72971746  3.04100454
  2.60341682  1.78389795  0.58356424  2.91671328  0.18830802  3.52904772
  1.90123557  0.77348459  2.0560043   1.28288758  0.34327267  1.39465977
  2.25954737  1.65275618  0.64061108  0.48525594  2.3324188   3.08435233
  0.43093342  2.71948406  2.63529086  0.8611332   2.40390068  0.59067618
  1.27011356  0.85989283  0.28811564  1.63516186  0.82746972  1.29275509
  0.57042255 -0.00535764  2.84558997  4.01386579  3.04383329  2.03556041
  0.55719913  1.10660562  1.71641265  1.5081327 ]
Device (GPU) time: 0.8911 seconds
Iters. done: 93 [Current cost: -22.90502429253717]
Current parameters: [ 1.15711203  0.501789    1.77636064  2.55146635  3.51308884  2.8860775
  1.53864357  1.99736783  1.33066629  2.83346596  0.02991407  2.21136619
  2.72243212  1.13475442  4.15802303  1.75859682  1.48125877  1.49637982
  3.0279702   2.64442076  0.08903962  2.55494249  0.71043794  3.03973951
  2.60278653  1.77541584  0.58270105  2.90994988  0.18440508  3.54202698
  1.89696865  1.82171661  2.04891997  1.28017674  0.70749777  1.39088252
  2.26181668  1.64677133  0.63184176  0.46867523  2.33817229  3.08442781
  0.42122157  2.70937036  2.61449902  0.81571763  2.36546803  0.57079264
  1.25591141  0.85321659  0.27487221  1.62928505  0.80518109  1.27322584
  0.55872812 -0.01740391  2.83551855  4.01436957  3.03547266  2.02554511
  0.55703177  1.10425487  1.71086368  1.49542366]
Device (GPU) time: 0.7889 seconds
Iters. done: 94 [Current cost: -22.72770932809647]
Current parameters: [ 1.11882816e+00  5.16569614e-01  1.77268806e+00  2.56508749e+00
  3.50310412e+00  2.86616735e+00  1.52976550e+00  2.01395718e+00
  1.34039383e+00  2.85710499e+00  6.26747391e-02  2.19897857e+00
  2.70204584e+00  1.15929953e+00  4.12073070e+00  1.74150535e+00
  1.50675602e+00  1.12455803e+00  3.03656551e+00  2.70679631e+00
  1.10196946e-01  2.59106106e+00  7.29717465e-01  3.04100454e+00
  2.60341682e+00  2.10989110e+00  5.83564238e-01  2.91671328e+00
  1.88308018e-01  3.52904772e+00  1.90123557e+00  1.13385685e+00
  2.05600430e+00  1.28288758e+00 -3.32772868e-03  1.39465977e+00
  2.25954737e+00  1.65275618e+00  6.40611084e-01  4.85255941e-01
  2.33241880e+00  3.08435233e+00  4.30933421e-01  2.71948406e+00
  2.63529086e+00  8.61133201e-01  2.40390068e+00  5.90676180e-01
  1.27011356e+00  8.59892835e-01  2.88115642e-01  1.63516186e+00
  8.27469723e-01  1.29275509e+00  5.70422546e-01 -5.35763768e-03
  2.84558997e+00  4.01386579e+00  3.04383329e+00  2.03556041e+00
  5.57199132e-01  1.10660562e+00  1.71641265e+00  1.50813270e+00]
Device (GPU) time: 0.9204 seconds
Iters. done: 95 [Current cost: -22.76454914549301]
Current parameters: [ 1.15033278  0.50440632  1.77571031  2.55387836  3.51132076  2.88255184
  1.53707145  2.00030544  1.33238883  2.83765192  0.03571528  2.20917261
  2.71882215  1.13910083  4.15141936  1.75557029  1.48577379  2.16104436
  3.02949225  2.65546613  0.09278612  2.56133831  0.71385192  3.03996352
  2.60289814  2.52760984  0.5828539   2.91114753  0.18509621  3.53972863
  1.89772423  1.12529278  2.05017445  1.28065677 -0.01582475  1.39155139
  2.26141484  1.64783112  0.63339462  0.47161132  2.33715347  3.08441444
  0.42294133  2.71116128  2.61818081  0.82375975  2.37227363  0.57431358
  1.2584263   0.85439881  0.27721734  1.6303257   0.80912792  1.27668405
  0.56079895 -0.01527078  2.83730198  4.01428036  3.03695315  2.0273186
  0.55706141  1.10467114  1.71184628  1.49767416]
Device (GPU) time: 0.7904 seconds
Iters. done: 96 [Current cost: -22.69756980052353]
Current parameters: [ 1.11882816e+00  5.16569614e-01  1.77268806e+00  2.56508749e+00
  3.50310412e+00  2.86616735e+00  1.52976550e+00  2.01395718e+00
  1.34039383e+00  2.85710499e+00  6.26747391e-02  2.19897857e+00
  2.70204584e+00  1.15929953e+00  4.12073070e+00  1.74150535e+00
  1.50675602e+00  1.50367341e+00  3.03656551e+00  2.70679631e+00
  1.10196946e-01  2.59106106e+00  7.29717465e-01  3.04100454e+00
  2.60341682e+00  1.78389795e+00  5.83564238e-01  2.55506318e+00
  1.88308018e-01  3.52904772e+00  1.90123557e+00  1.13385685e+00
  2.40127116e+00  1.28288758e+00 -3.32772868e-03  1.39465977e+00
  2.25954737e+00  1.65275618e+00  6.40611084e-01  4.85255941e-01
  2.33241880e+00  3.08435233e+00  4.30933421e-01  2.71948406e+00
  2.63529086e+00  8.61133201e-01  2.40390068e+00  5.90676180e-01
  1.27011356e+00  8.59892835e-01  2.88115642e-01  1.63516186e+00
  8.27469723e-01  1.29275509e+00  5.70422546e-01 -5.35763768e-03
  2.84558997e+00  4.01386579e+00  3.04383329e+00  2.03556041e+00
  5.57199132e-01  1.10660562e+00  1.71641265e+00  1.50813270e+00]
Device (GPU) time: 0.8898 seconds
Iters. done: 97 [Current cost: -22.583824514978946]
Current parameters: [ 1.14622835  0.50599096  1.77531657  2.55533869  3.5102503   2.88041726
  1.53611963  2.002084    1.33343173  2.84018628  0.03922757  2.20784452
  2.71663653  1.14173233  4.14742123  1.7537379   1.48850736  1.50399608
  3.03041376  2.66215344  0.09505441  2.5652106   0.71591889  3.04009914
  2.60296572  1.76619956  0.58294645  3.62056097  0.18551464  3.53833712
  1.89818169  1.12640851  2.75826677  1.2809474  -0.01419663  1.39195635
  2.26117154  1.64847276  0.63433478  0.47338895  2.33653664  3.08440635
  0.42398254  2.71224557  2.62040991  0.82862878  2.37639401  0.57644531
  1.25994892  0.85511458  0.27863717  1.63095576  0.8115175   1.27877779
  0.56205271 -0.01397929  2.83838174  4.01422635  3.0378495   2.02839235
  0.55707935  1.10492316  1.71244119  1.4990367 ]
Device (GPU) time: 0.8363 seconds
Iters. done: 98 [Current cost: -22.511145557519743]
Current parameters: [ 1.11882816e+00  5.16569614e-01  1.77268806e+00  2.56508749e+00
  3.50310412e+00  2.86616735e+00  1.52976550e+00  2.01395718e+00
  1.34039383e+00  2.85710499e+00  6.26747391e-02  2.19897857e+00
  2.70204584e+00  1.15929953e+00  4.12073070e+00  1.74150535e+00
  1.50675602e+00  1.50367341e+00  3.03656551e+00  2.70679631e+00
  1.10196946e-01  2.59106106e+00  7.29717465e-01  3.04100454e+00
  2.60341682e+00  1.78389795e+00  5.83564238e-01  2.91671328e+00
  1.88308018e-01  3.52904772e+00  1.90123557e+00  1.13385685e+00
  2.05600430e+00  8.76673081e-01 -3.32772868e-03  1.68618984e+00
  2.25954737e+00  1.65275618e+00  6.40611084e-01  4.85255941e-01
  2.33241880e+00  3.08435233e+00  4.30933421e-01  2.71948406e+00
  2.63529086e+00  8.61133201e-01  2.40390068e+00  5.90676180e-01
  1.27011356e+00  8.59892835e-01  2.88115642e-01  1.63516186e+00
  8.27469723e-01  1.29275509e+00  5.70422546e-01 -5.35763768e-03
  2.84558997e+00  4.01386579e+00  3.04383329e+00  2.03556041e+00
  5.57199132e-01  1.10660562e+00  1.71641265e+00  1.50813270e+00]
Device (GPU) time: 0.8694 seconds
Iters. done: 99 [Current cost: -22.633171383576666]
Current parameters: [ 1.13166261  0.5116145   1.77391927  2.56052108  3.50645144  2.87284211
  1.53274182  2.00839569  1.33713273  2.84918014  0.05169192  2.20313144
  2.70888023  1.15107093  4.13323274  1.74723517  1.49820821  1.50382455
  3.03368399  2.68588527  0.10310407  2.57895252  0.72325411  3.04058044
  2.60320552  1.7756079   0.58327486  2.91856167  0.18699958  3.53339894
  1.89980511  1.13036799  2.04155389  1.8730348  -0.0084188   2.20027106
  2.26030815  1.6507498   0.63767122  0.47969735  2.33434762  3.08437763
  0.42767758  2.7160935   2.62832052  0.84590789  2.39101636  0.58401034
  1.26535237  0.85765466  0.28367586  1.63319169  0.81999759  1.28620802
  0.56650206 -0.00939608  2.84221358  4.01403468  3.04103044  2.03220284
  0.55714303  1.10581754  1.71455239  1.50387207]
Device (GPU) time: 0.7763 seconds
Iters. done: 100 [Current cost: -22.672417871320977]
Current parameters: [ 1.11882816e+00  5.16569614e-01  1.77268806e+00  2.56508749e+00
  3.50310412e+00  2.86616735e+00  1.52976550e+00  2.01395718e+00
  1.34039383e+00  2.85710499e+00  6.26747391e-02  2.19897857e+00
  2.70204584e+00  1.15929953e+00  4.12073070e+00  1.74150535e+00
  1.50675602e+00  1.50367341e+00  3.03656551e+00  2.70679631e+00
  1.10196946e-01  2.59106106e+00  7.29717465e-01  3.32282192e+00
  2.60341682e+00  1.78389795e+00  1.70552173e-01  2.91671328e+00
  1.88308018e-01  3.52904772e+00  1.90123557e+00  1.13385685e+00
  2.05600430e+00  1.28288758e+00 -3.32772868e-03  1.39465977e+00
  2.25954737e+00  1.65275618e+00  6.40611084e-01  4.85255941e-01
  2.33241880e+00  3.08435233e+00  4.30933421e-01  2.71948406e+00
  2.63529086e+00  8.61133201e-01  2.40390068e+00  5.90676180e-01
  1.27011356e+00  8.59892835e-01  2.88115642e-01  1.63516186e+00
  8.27469723e-01  1.29275509e+00  5.70422546e-01 -5.35763768e-03
  2.84558997e+00  4.01386579e+00  3.04383329e+00  2.03556041e+00
  5.57199132e-01  1.10660562e+00  1.71641265e+00  1.50813270e+00]
Device (GPU) time: 0.8880 seconds
Iters. done: 101 [Current cost: -22.7085456663877]
Current parameters: [ 1.12303862  0.51494404  1.77309197  2.56358943  3.50420224  2.86835707
  1.53074191  2.01213268  1.33932399  2.85450517  0.05907172  2.20034096
  2.70428793  1.15660006  4.12483211  1.74338507  1.50395183  1.50372299
  3.0356202   2.69993624  0.10787006  2.58708873  0.7275971   3.86554728
  2.6033475   1.78117832  1.14909361  2.91731966  0.18787877  3.53047518
  1.90076629  1.1327123   2.05126371  1.28443128 -0.0049979   1.39133453
  2.25979695  1.65209797  0.63964663  0.48343239  2.33305157  3.08436063
  0.42986531  2.71837176  2.63300417  0.8561384   2.39967386  0.58848939
  1.2685516   0.85915858  0.28665913  1.63451553  0.82501842  1.29060726
  0.56913639 -0.00668249  2.84448231  4.01392119  3.04291379  2.03445893
  0.55718073  1.10634708  1.71580237  1.50673496]
Device (GPU) time: 0.7836 seconds
Iters. done: 102 [Current cost: -22.197950139276603]
Current parameters: [ 1.11882816e+00  5.16569614e-01  1.77268806e+00  2.56508749e+00
  3.50310412e+00  2.86616735e+00  1.52976550e+00  2.01395718e+00
  1.34039383e+00  2.85710499e+00  6.26747391e-02  2.19897857e+00
  2.70204584e+00  1.15929953e+00  4.12073070e+00  1.74150535e+00
  1.50675602e+00  1.50367341e+00  3.03656551e+00  2.70679631e+00
  1.10196946e-01  2.59106106e+00  7.29717465e-01  3.04100454e+00
  2.60341682e+00  1.78389795e+00  5.83564238e-01  2.91671328e+00
  1.88308018e-01  3.52904772e+00  1.90123557e+00  1.13385685e+00
  2.05600430e+00  1.28288758e+00 -3.32772868e-03  1.39465977e+00
  2.25954737e+00  1.65275618e+00  1.98621258e-01  7.19018628e-01
  2.33241880e+00  3.08435233e+00  4.30933421e-01  2.71948406e+00
  2.63529086e+00  8.61133201e-01  2.40390068e+00  5.90676180e-01
  1.27011356e+00  8.59892835e-01  2.88115642e-01  1.63516186e+00
  8.27469723e-01  1.29275509e+00  5.70422546e-01 -5.35763768e-03
  2.84558997e+00  4.01386579e+00  3.04383329e+00  2.03556041e+00
  5.57199132e-01  1.10660562e+00  1.71641265e+00  1.50813270e+00]
Device (GPU) time: 0.9151 seconds
Iters. done: 103 [Current cost: -22.83839897128296]
Current parameters: [ 1.17023315  0.4967232   1.77761936  2.54679794  3.51651093  2.89290135
  1.54168637  1.99168212  1.32733235  2.8253641   0.01868593  2.21561183
  2.72941916  1.12634202  4.17080432  1.76445462  1.47252004  1.50427875
  3.02502431  2.62304264  0.08178831  2.54256349  0.70383022  2.98385753
  2.60257051  1.75069432  0.5800423   2.9241165   0.18306742  3.54647539
  1.89550624  1.11988317  1.99812698  1.30173441 -0.02371869  1.35406227
  2.26259445  1.64472012  1.10784312  1.34168467  2.3401442   3.08445368
  0.417893    2.70590407  2.60737299  0.80015224  2.35229592  0.5639779
  1.25104387  0.85092843  0.27033326  1.62727087  0.79754205  1.26653254
  0.55472006 -0.02153256  2.83206674  4.01454224  3.03260721  2.02211254
  0.55697441  1.10344919  1.70896187  1.49106786]
Device (GPU) time: 0.7739 seconds
Iters. done: 104 [Current cost: -22.49339553937994]
Current parameters: [ 1.11882816e+00  5.16569614e-01  1.77268806e+00  2.56508749e+00
  3.50310412e+00  2.86616735e+00  1.52976550e+00  2.01395718e+00
  1.34039383e+00  2.85710499e+00  6.26747391e-02  2.19897857e+00
  2.70204584e+00  1.15929953e+00  4.12073070e+00  1.74150535e+00
  1.50675602e+00  1.50367341e+00  3.03656551e+00  2.70679631e+00
  1.10196946e-01  2.59106106e+00  7.29717465e-01  3.04100454e+00
  2.60341682e+00  1.78389795e+00  5.83564238e-01  2.91671328e+00
  1.88308018e-01  3.52904772e+00  1.90123557e+00  1.13385685e+00
  2.05600430e+00  1.28288758e+00 -3.32772868e-03  1.39465977e+00
  2.72706716e+00  1.83002788e+00  6.40611084e-01  4.85255941e-01
  2.33241880e+00  3.08435233e+00  4.30933421e-01  2.71948406e+00
  2.63529086e+00  8.61133201e-01  2.40390068e+00  5.90676180e-01
  1.27011356e+00  8.59892835e-01  2.88115642e-01  1.63516186e+00
  8.27469723e-01  1.29275509e+00  5.70422546e-01 -5.35763768e-03
  2.84558997e+00  4.01386579e+00  3.04383329e+00  2.03556041e+00
  5.57199132e-01  1.10660562e+00  1.71641265e+00  1.50813270e+00]
Device (GPU) time: 0.9229 seconds
Iters. done: 105 [Current cost: -22.70951983794978]
Current parameters: [ 1.13589582  0.50998014  1.77432536  2.55901493  3.5075555   2.87504366
  1.53372351  2.00656134  1.33605711  2.84656627  0.04806943  2.2045012
  2.71113443  1.14835687  4.13735631  1.74912504  1.49538887  1.5038744
  3.03273357  2.67898813  0.10076462  2.57495873  0.72112229  3.0220304
  2.60313583  1.77287357  0.58239487  2.91917132  0.18656802  3.53483412
  1.8993333   1.12921726  2.03678768  1.28914517 -0.010098    1.38118045
  1.89696177  2.58168306  0.63620529  0.46796223  2.33498381  3.08438598
  0.4266037   2.71497519  2.62602147  0.8408861   2.38676669  0.58181173
  1.26378197  0.85691644  0.28221148  1.63254187  0.81753304  1.28404859
  0.56520895 -0.01072809  2.84109994  4.01409038  3.04010597  2.03109541
  0.55712452  1.10555761  1.71393882  1.50246678]
Device (GPU) time: 0.7721 seconds
Iters. done: 106 [Current cost: -22.344422928624176]
Current parameters: [ 1.11882816e+00  5.16569614e-01  1.77268806e+00  2.56508749e+00
  3.50310412e+00  2.86616735e+00  1.52976550e+00  2.01395718e+00
  1.34039383e+00  2.85710499e+00  6.26747391e-02  2.19897857e+00
  2.70204584e+00  1.15929953e+00  4.12073070e+00  1.74150535e+00
  1.50675602e+00  1.50367341e+00  3.03656551e+00  2.70679631e+00
  1.10196946e-01  2.59106106e+00  7.29717465e-01  3.04100454e+00
  2.60341682e+00  1.78389795e+00  5.83564238e-01  2.91671328e+00
  1.88308018e-01  3.52904772e+00  1.90123557e+00  1.13385685e+00
  2.05600430e+00  1.28288758e+00 -3.32772868e-03  1.39465977e+00
  2.25954737e+00  1.65275618e+00  6.40611084e-01  4.85255941e-01
  1.83638344e+00  3.08435233e+00  4.30933421e-01  2.71948406e+00
  2.63529086e+00  7.98292696e-01  2.40390068e+00  5.90676180e-01
  1.27011356e+00  8.59892835e-01  2.88115642e-01  1.63516186e+00
  8.27469723e-01  1.29275509e+00  5.70422546e-01 -5.35763768e-03
  2.84558997e+00  4.01386579e+00  3.04383329e+00  2.03556041e+00
  5.57199132e-01  1.10660562e+00  1.71641265e+00  1.50813270e+00]
Device (GPU) time: 0.8738 seconds
Iters. done: 107 [Current cost: -22.748304830552453]
Current parameters: [ 1.23864227  0.47031184  1.78418188  2.52245845  3.53435254  2.92847862
  1.55755052  1.96203876  1.30995031  2.78312372 -0.03985382  2.23774716
  2.76584723  1.08248257  4.23744166  1.79499523  1.42695924  1.50508433
  3.00966543  2.51158432  0.04398247  2.47802353  0.66937979  2.90780701
  2.60144425  1.70650734  0.57535534  2.93396861  0.17609329  3.56966792
  1.88788172  1.10128717  1.92110457  1.32681553 -0.05085471  1.30003564
  2.23454994  1.52687944  0.60968264  0.36385496  2.28145205  3.08458856
  0.40053898  2.68783199  2.57022023  1.71212364  2.28362095  0.52844817
  1.22566617  0.83899871  0.24666869  1.61676964  0.75771468  1.23163589
  0.53382339 -0.04305795  2.81407021  4.01544245  3.01766768  2.00421628
  0.55667536  1.09924866  1.69904647  1.46835817]
Device (GPU) time: 0.7729 seconds
Iters. done: 108 [Current cost: -22.08991055112712]
Current parameters: [ 1.11882816e+00  5.16569614e-01  1.77268806e+00  2.56508749e+00
  3.50310412e+00  2.86616735e+00  1.52976550e+00  2.01395718e+00
  1.34039383e+00  2.85710499e+00  6.26747391e-02  2.19897857e+00
  2.70204584e+00  1.15929953e+00  4.12073070e+00  1.74150535e+00
  1.50675602e+00  1.50367341e+00  3.03656551e+00  2.70679631e+00
  1.10196946e-01  2.59106106e+00  7.29717465e-01  3.04100454e+00
  2.60341682e+00  1.78389795e+00  5.83564238e-01  2.91671328e+00
  1.88308018e-01  3.52904772e+00  1.90123557e+00  1.13385685e+00
  2.05600430e+00  1.28288758e+00 -3.32772868e-03  1.39465977e+00
  2.25954737e+00  1.65275618e+00  6.40611084e-01  4.85255941e-01
  2.33241880e+00  3.08435233e+00  4.30933421e-01  2.71948406e+00
  2.63529086e+00  8.61133201e-01  2.65474034e+00  5.90676180e-01
  1.27011356e+00  8.59892835e-01  2.88115642e-01  1.63516186e+00
  3.94942885e-01  1.29275509e+00  5.70422546e-01 -5.35763768e-03
  2.84558997e+00  4.01386579e+00  3.04383329e+00  2.03556041e+00
  5.57199132e-01  1.10660562e+00  1.71641265e+00  1.50813270e+00]
Device (GPU) time: 0.9249 seconds
Iters. done: 109 [Current cost: -22.992286680477516]
Current parameters: [ 1.2202199   0.47742434  1.78241461  2.529013    3.52954785  2.91889777
  1.55327835  1.97002162  1.31463124  2.79449892 -0.02408924  2.23178619
  2.75603726  1.09429379  4.21949643  1.78677074  1.43922863  1.50486739
  3.01380153  2.54159971  0.05416347  2.49540394  0.67865719  2.92828719
  2.60174755  1.71840676  0.57661752  2.93131547  0.1779714   3.56342224
  1.88993498  1.10629501  1.94184647  1.32006126 -0.04354706  1.31458484
  2.2383935   1.54623399  0.61443813  0.38252132  2.40985937  3.08455224
  0.40521236  2.69269874  2.58022536  0.62954434  3.41513154  0.53801622
  1.23250031  0.84221135  0.25304149  1.61959759  0.8196327   1.24103345
  0.5394508  -0.03726123  2.81891662  4.01520002  3.02169085  2.00903569
  0.55675589  1.10037985  1.70171666  1.47447382]
Device (GPU) time: 0.7753 seconds
Iters. done: 110 [Current cost: -22.278691665428397]
Current parameters: [ 1.11882816e+00  5.16569614e-01  1.77268806e+00  2.56508749e+00
  3.50310412e+00  2.86616735e+00  1.52976550e+00  2.01395718e+00
  1.34039383e+00  2.85710499e+00  6.26747391e-02  2.19897857e+00
  2.70204584e+00  1.15929953e+00  4.12073070e+00  1.74150535e+00
  1.50675602e+00  1.50367341e+00  3.03656551e+00  2.70679631e+00
  1.10196946e-01  2.59106106e+00  7.29717465e-01  3.04100454e+00
  2.60341682e+00  1.78389795e+00  5.83564238e-01  2.91671328e+00
  1.88308018e-01  3.52904772e+00  1.90123557e+00  1.13385685e+00
  2.05600430e+00  1.28288758e+00 -3.32772868e-03  1.39465977e+00
  2.25954737e+00  1.65275618e+00  6.40611084e-01  4.85255941e-01
  2.33241880e+00  3.08435233e+00  4.30933421e-01  2.71948406e+00
  2.98086316e+00  8.61133201e-01  2.65474034e+00  2.29317933e-01
  1.27011356e+00  8.59892835e-01  2.88115642e-01  1.63516186e+00
  3.94942885e-01  1.29275509e+00  5.70422546e-01 -5.35763768e-03
  2.84558997e+00  4.01386579e+00  3.04383329e+00  2.03556041e+00
  5.57199132e-01  1.10660562e+00  1.71641265e+00  1.50813270e+00]
Device (GPU) time: 0.8594 seconds
Iters. done: 111 [Current cost: -22.809116428137806]
Current parameters: [ 1.17796084  0.4937397   1.77836068  2.54404848  3.51852637  2.89692026
  1.54347843  1.98833352  1.32536883  2.8205925   0.01207311  2.2181123
  2.73353418  1.12138753  4.17833186  1.76790458  1.46737336  1.50436975
  3.02328933  2.61045199  0.07751766  2.53527287  0.6999386   2.97526665
  2.60244329  1.74570283  0.57951284  2.92522943  0.1822796   3.54909529
  1.89464495  1.11778251  1.98942631  1.30456764 -0.02678405  1.34795927
  2.24721022  1.59063137  0.62534676  0.42534008  2.37758292  3.08446892
  0.41593264  2.70386259  3.30248303  0.72606825  2.54169588  1.26617069
  1.24817713  0.84958082  0.26766004  1.62608462  0.31988248  1.26259051
  0.55235951 -0.02396413  2.8300338   4.01464393  3.03091959  2.02009093
  0.55694063  1.10297469  1.7078418   1.4885025 ]
Device (GPU) time: 0.7727 seconds
Iters. done: 112 [Current cost: -22.951669169225905]
Current parameters: [ 1.11882816e+00  5.16569614e-01  1.77268806e+00  2.56508749e+00
  3.50310412e+00  2.86616735e+00  1.52976550e+00  2.01395718e+00
  1.34039383e+00  2.85710499e+00  6.26747391e-02  2.19897857e+00
  2.70204584e+00  1.15929953e+00  4.12073070e+00  1.74150535e+00
  1.50675602e+00  1.50367341e+00  3.03656551e+00  2.70679631e+00
  1.10196946e-01  2.59106106e+00  7.29717465e-01  3.04100454e+00
  2.60341682e+00  1.78389795e+00  5.83564238e-01  2.91671328e+00
  1.88308018e-01  3.52904772e+00  1.90123557e+00  1.13385685e+00
  2.05600430e+00  1.28288758e+00 -3.32772868e-03  1.39465977e+00
  2.25954737e+00  1.65275618e+00  6.40611084e-01  4.85255941e-01
  2.33241880e+00  3.08435233e+00  4.30933421e-01  2.71948406e+00
  2.63529086e+00  8.61133201e-01  2.65474034e+00  5.90676180e-01
  8.65736267e-01  8.59892835e-01  2.88115642e-01  1.63516186e+00
  3.94942885e-01  1.58682823e+00  5.70422546e-01 -5.35763768e-03
  2.84558997e+00  4.01386579e+00  3.04383329e+00  2.03556041e+00
  5.57199132e-01  1.10660562e+00  1.71641265e+00  1.50813270e+00]
Device (GPU) time: 0.8739 seconds
Iters. done: 113 [Current cost: -22.81891414025815]
Current parameters: [ 1.16775638  0.49767943  1.77738176  2.54767916  3.51586497  2.89161327
  1.541112    1.99275537  1.32796168  2.82689342  0.02080538  2.21481041
  2.72810027  1.12792996  4.1683917   1.76334889  1.47416958  1.50424959
  3.02558039  2.62707802  0.08315709  2.54490017  0.7050775   2.98661096
  2.60261129  1.75229412  0.58021199  2.9237598   0.18331992  3.5456357
  1.89578229  1.12055644  2.0009156   1.30082634 -0.02273622  1.35601832
  2.24933923  1.60135218  0.6279809   0.43567969  2.369789    3.0844488
  0.41852131  2.70655837  2.58362444  0.74937626  2.56120383  0.57225298
  1.85444842  0.85136035  0.27119004  1.62765107  0.33283557  2.06022938
  0.55547663 -0.02075323  2.83271831  4.01450965  3.0331481   2.02276048
  0.55698524  1.10360127  1.70932086  1.49189007]
Device (GPU) time: 0.7665 seconds
Iters. done: 114 [Current cost: -22.76809365712837]
Current parameters: [ 1.11882816e+00  5.16569614e-01  1.77268806e+00  2.56508749e+00
  3.50310412e+00  2.86616735e+00  1.52976550e+00  2.01395718e+00
  1.34039383e+00  2.85710499e+00  6.26747391e-02  2.19897857e+00
  2.70204584e+00  1.15929953e+00  4.12073070e+00  1.74150535e+00
  1.50675602e+00  1.50367341e+00  3.03656551e+00  2.70679631e+00
  1.10196946e-01  2.59106106e+00  7.29717465e-01  3.04100454e+00
  2.60341682e+00  1.78389795e+00  5.83564238e-01  2.91671328e+00
  1.88308018e-01  3.52904772e+00  1.90123557e+00  1.13385685e+00
  2.05600430e+00  1.28288758e+00 -3.32772868e-03  1.39465977e+00
  2.25954737e+00  1.65275618e+00  6.40611084e-01  4.85255941e-01
  2.33241880e+00  3.08435233e+00  4.30933421e-01  2.71948406e+00
  2.63529086e+00  8.61133201e-01  2.65474034e+00  5.90676180e-01
  1.27011356e+00  8.59892835e-01  6.24555925e-01  1.63516186e+00
  3.94942885e-01  1.29275509e+00  5.70422546e-01 -3.75233206e-01
  2.84558997e+00  4.01386579e+00  3.04383329e+00  2.03556041e+00
  5.57199132e-01  1.10660562e+00  1.71641265e+00  1.50813270e+00]
Device (GPU) time: 0.9036 seconds
Iters. done: 115 [Current cost: -22.513318123721078]
Current parameters: [ 1.15431551  0.50286867  1.77609237  2.55246133  3.51235949  2.88462312
  1.53799505  1.99857963  1.33137686  2.83519272  0.03230714  2.21046131
  2.72094297  1.13654737  4.15529894  1.75734834  1.48312127  1.50409131
  3.02859807  2.64897711  0.0905851   2.55758084  0.71184625  3.0015532
  2.60283257  1.76097588  0.58113287  2.92182408  0.18469018  3.54107889
  1.89728034  1.12421014  2.01604879  1.29589845 -0.01740459  1.36663336
  2.25214347  1.61547317  0.63145049  0.44929858  2.35952318  3.0844223
  0.42193099  2.71010914  2.59781751  0.78007656  2.58689887  0.57731394
  1.25943213  0.85370427  0.98438416  1.62971433  0.34989682  1.25192809
  0.55958236  0.68538479  2.83625423  4.01433277  3.03608338  2.0262767
  0.557044    1.10442659  1.71126902  1.49635202]
Device (GPU) time: 0.7909 seconds
Iters. done: 116 [Current cost: -23.15711717826752]
Current parameters: [ 1.15431551  0.50286867  1.77609237  2.55246133  3.51235949  2.88462312
  1.53799505  1.99857963  1.33137686  2.83519272  0.03230714  2.21046131
  2.72094297  1.13654737  4.15529894  1.75734834  1.48312127  1.50409131
  3.02859807  2.64897711  0.0905851   2.55758084  0.71184625  3.0015532
  2.60283257  1.76097588  0.58113287  2.92182408  0.18469018  3.54107889
  1.89728034  1.12421014  2.01604879  1.29589845 -0.01740459  1.36663336
  2.25214347  1.61547317  0.63145049  0.44929858  2.35952318  3.0844223
  0.42193099  2.33192115  2.59781751  0.78007656  2.58689887  0.57731394
  1.25943213  0.85370427  0.98438416  1.62971433  0.34989682  1.25192809
  0.88665092  0.68538479  2.83625423  4.01433277  3.03608338  2.0262767
  0.557044    1.10442659  1.71126902  1.49635202]
Device (GPU) time: 0.8584 seconds
Iters. done: 117 [Current cost: -23.08693885071742]
Current parameters: [ 1.18499719  0.4910231   1.77903568  2.541545    3.5203615   2.90057963
  1.54511017  1.9852845   1.32358096  2.81624779  0.00605189  2.22038907
  2.73728106  1.11687628  4.18518598  1.77104589  1.46268712  1.50445261
  3.02170956  2.59898773  0.07362906  2.52863449  0.69639513  2.96744432
  2.60232744  1.74115789  0.57903076  2.92624278  0.18156226  3.5514808
  1.89386072  1.11586978  1.98150402  1.30714741 -0.02957518  1.34240226
  2.24574219  1.58323898  0.62353041  0.41821053  2.38295711  3.08448279
  0.41414766  3.35846455  2.56541877  0.70999652  2.52824442  0.5657612
  1.25019717  0.84835376  0.94920039  1.6250045   0.31095085  1.21662984
  1.301048    0.70302038  2.82818274  4.01473652  3.02938296  2.01825017
  0.55690987  1.10254263  1.70682193  1.48616666]
Device (GPU) time: 0.7947 seconds
Iters. done: 118 [Current cost: -23.025790428783598]
Current parameters: [ 1.15431551  0.50286867  1.77609237  2.55246133  3.51235949  2.88462312
  1.53799505  1.99857963  1.33137686  2.83519272  0.03230714  2.21046131
  2.72094297  1.13654737  4.15529894  1.75734834  1.48312127  1.50409131
  3.02859807  2.64897711  0.0905851   2.55758084  0.71184625  3.0015532
  2.60283257  1.76097588  0.58113287  2.92182408  0.18469018  3.54107889
  1.89728034  1.12421014  2.01604879  1.29589845 -0.01740459  1.36663336
  2.25214347  1.61547317  0.63145049  0.44929858  2.35952318  3.0844223
  0.0620111   2.71010914  2.59781751  0.78007656  2.58689887  0.57731394
  1.25943213  0.85370427  0.98438416  1.62971433  0.34989682  1.25192809
  0.55958236  0.68538479  3.18332435  4.01433277  3.03608338  2.0262767
  0.557044    1.10442659  1.71126902  1.49635202]
Device (GPU) time: 0.9951 seconds
Iters. done: 119 [Current cost: -22.997782399399938]
Current parameters: [ 1.18180553  0.49225534  1.7787295   2.54268057  3.51952909  2.89891975
  1.54437002  1.98666752  1.32439193  2.81821854  0.0087831   2.21935634
  2.73558149  1.11892257  4.18207698  1.769621    1.46481278  1.50441503
  3.02242614  2.60418788  0.07539292  2.53164563  0.69800244  2.9709925
  2.60237999  1.74321946  0.57924943  2.92578313  0.18188764  3.55039874
  1.89421644  1.11673739  1.98509754  1.30597724 -0.02830913  1.3449229
  2.24640808  1.58659214  0.6243543   0.42144447  2.3805194   3.0844765
  1.11541741  2.70040212  2.56878905  0.7172866   2.53434595  0.56696298
  1.25115783  0.84891035  0.95286038  1.62549444  0.3150022   1.22030175
  0.5409888   0.70118584  3.5396486   4.01469452  3.03007997  2.01908513
  0.55692382  1.10273861  1.70728454  1.48722619]
Device (GPU) time: 0.8101 seconds
Iters. done: 120 [Current cost: -23.20088318720583]
Current parameters: [ 1.18180553  0.49225534  1.7787295   2.54268057  3.51952909  2.89891975
  1.54437002  1.98666752  1.32439193  2.81821854  0.0087831   2.21935634
  2.73558149  1.11892257  4.18207698  1.769621    1.46481278  1.50441503
  3.02242614  2.60418788  0.07539292  2.53164563  0.69800244  2.9709925
  2.60237999  1.74321946  0.57924943  2.92578313  0.18188764  3.55039874
  1.89421644  1.11673739  1.98509754  1.30597724 -0.02830913  1.3449229
  2.24640808  1.58659214  0.6243543   0.42144447  2.3805194   3.0844765
  1.11541741  2.70040212  2.56878905  0.7172866   2.53434595  0.56696298
  1.25115783  1.17927892  0.95286038  1.25018575  0.3150022   1.22030175
  0.5409888   0.70118584  3.5396486   4.01469452  3.03007997  2.01908513
  0.55692382  1.10273861  1.70728454  1.48722619]
Device (GPU) time: 0.8901 seconds
Iters. done: 121 [Current cost: -22.994467473227264]
Current parameters: [ 1.19925168  0.48551974  1.78040312  2.53647335  3.52407918  2.90799291
  1.5484158   1.97910767  1.31995905  2.80744611 -0.0061461   2.22500144
  2.74487162  1.10773724  4.19907127  1.77740967  1.45319357  1.50462047
  3.01850921  2.57576304  0.06575142  2.51518622  0.68921666  2.95159759
  2.60209276  1.7319506   0.57805413  2.92829568  0.18010905  3.55631345
  1.89227199  1.11199491  1.96545477  1.31237359 -0.03522954  1.33114467
  2.2427682   1.56826321  0.6198508   0.40376726  2.39384435  3.0845109
  1.11467475  2.6942417   2.55036655  0.67743786  2.500994    0.56039389
  1.24590667  1.58982961  0.93285427  2.2896827   0.29285684  1.20023054
  0.52918867  0.71121375  3.52887189  4.0149241   3.02626999  2.01452111
  0.55684756  1.10166736  1.70475585  1.48143461]
Device (GPU) time: 0.7827 seconds
Iters. done: 122 [Current cost: -23.14015993341119]
Current parameters: [ 1.18180553  0.49225534  1.7787295   2.54268057  3.51952909  2.89891975
  1.54437002  1.98666752  1.32439193  2.81821854  0.0087831   2.21935634
  2.73558149  1.11892257  4.18207698  1.769621    1.46481278  1.50441503
  3.02242614  2.60418788  0.07539292  2.53164563  0.69800244  2.9709925
  2.60237999  1.74321946  0.57924943  2.92578313  0.18188764  3.55039874
  1.89421644  1.11673739  1.98509754  1.30597724 -0.02830913  1.3449229
  2.24640808  1.58659214  0.6243543   0.42144447  2.3805194   3.58446768
  1.11541741  2.70040212  2.56878905  0.7172866   2.53434595  0.56696298
  1.25115783  0.84891035  0.95286038  1.62549444  0.3150022   1.22030175
  0.5409888   0.70118584  3.5396486   4.01469452  3.03007997  2.01908513
  0.55692382  1.10273861  1.70728454  1.49019581]
Device (GPU) time: 0.8779 seconds
Iters. done: 123 [Current cost: -22.845140158842245]
Current parameters: [ 1.20662416  0.48267337  1.78111036  2.53385027  3.52600198  2.91182709
  1.55012548  1.97591299  1.31808578  2.80289384 -0.01245496  2.22738697
  2.74879749  1.10301049  4.20625281  1.78070105  1.44828345  1.50470729
  3.01685398  2.56375111  0.06167706  2.50823072  0.68550392  2.94340159
  2.60197138  1.72718855  0.57754902  2.92935745  0.17935745  3.55881292
  1.89145029  1.10999081  1.95715403  1.3150766  -0.03815401  1.32532219
  2.24123004  1.56051767  0.61794769  0.39629712  2.39947527  3.05653792
  1.11436091  2.6916384   2.54258147  0.66059836  2.48689995  0.55761789
  1.24368761  0.83268809  0.92439998  1.62826856  0.28349853  1.19174874
  0.5242021   0.71545139  3.52431781  4.01502112  3.02465995  2.01259242
  0.55681533  1.10121467  1.70368726  2.47666862]
Device (GPU) time: 0.7591 seconds
Iters. done: 124 [Current cost: -23.041824597445803]
Current parameters: [ 1.19658949  0.48791765  1.77371889  2.53818079  3.51079796  2.80733703
  1.63058572  2.07569015  1.40842323  2.90748736  0.09058878  2.30856345
  2.8253819   1.20393861  4.27567223  1.77509843  1.46070715  1.50143304
  3.01842505  2.59318555  0.0669703   2.52032998  0.69120238  2.97047529
  2.59752462  1.73975154  0.57889652  2.9230179   0.17469027  3.54523325
  1.8845349   1.11290608  1.98220111  1.30486891 -0.03229267  1.34337857
  2.24733589  1.58414523  0.62076895  0.41466543  2.38287172  3.08450736
  1.11144672  2.69626713  2.56028829  0.69871841  2.51863273  0.55883357
  1.24535127  0.84618076  0.9474458   1.6230917   0.30588948  1.2123172
  0.53620753  0.69626071  3.5355309   4.01469452  3.03007997  1.60638836
  0.55692382  1.10273861  1.70728454  1.48203008]
Device (GPU) time: 0.8674 seconds
Iters. done: 125 [Current cost: -22.976177585262526]
Current parameters: [ 1.25654749  0.46721626  1.76798791  2.51820604  3.50395355  2.66120712
  1.7923593   2.22015771  1.54998927  3.04621634  0.2079934   2.47875587
  3.00364401  1.33427748  4.47552886  1.79986077  1.43102821  1.49650191
  3.00374566  2.51886817  0.03338415  2.4684645   0.66216004  2.93225183
  2.5882999   1.71188546  0.5759674   2.9229109   0.15841428  3.54738197
  1.86350284  1.09694227  1.93925135  1.31519055 -0.05271693  1.31412233
  2.24199298  1.54452511  0.60570407  0.36856092  2.41269939  3.05487913
  1.10292625  2.67703395  2.50967524  0.5889173   2.4264254   0.5316799
  1.22488111  0.81937478  0.8992995   1.62255036  0.24702367  1.15945542
  0.50497388  0.70674911  3.50745069  4.01513604  3.02275275  2.58820677
  0.55677715  1.10067842  1.70242144  1.44887866]
Device (GPU) time: 0.7976 seconds
Iters. done: 126 [Current cost: -23.032248437053216]
Current parameters: [ 1.18178386  0.25178917  1.50095887  2.54546675  3.52493524  2.90129519
  1.54531774  1.98587725  1.3266922   2.81727583  0.01246142  2.21845183
  2.73430963  1.1206131   4.17845543  1.76622949  1.46735491  1.50626142
  3.02490353  2.6110003   0.08060803  2.53865206  0.7022129   2.97131275
  2.60538633  1.74536673  0.57946795  2.9274953   0.18634411  3.55359711
  1.90021106  1.11910966  1.98689096  1.30666349 -0.0258426   1.34587912
  2.2458336   1.58810722  0.62657427  0.42564191  2.37906289  3.08445739
  1.11787599  2.70296243  2.57405255  0.72878366  2.54407527  0.57199654
  1.25475314  0.85060045  0.95621299  1.62698217  0.32064462  1.22524562
  0.54394927  0.70423538  3.54219821  4.01469452  3.36804977  2.02162053
  0.55692382  1.10273861  1.70728454  1.49044351]
Device (GPU) time: 0.9428 seconds
Iters. done: 127 [Current cost: -22.951401997137186]
Current parameters: [ 1.20134191  0.92623769  2.29145874  2.5305453   3.51602988  2.91530596
  1.5383028   1.96947173  1.30583098  2.79739531 -0.02475157  2.21830346
  2.73954345  1.09321866  4.19925633  1.78467413  1.44654541  1.50159073
  3.01357159  2.5585117   0.05506681  2.500102    0.68038193  2.94702871
  2.59703025  1.72603243  0.57744177  2.92596937  0.17232311  3.552222
  1.88189196  1.10706043  1.95838287  1.31256267 -0.0407741   1.32668628
  2.24296673  1.56192788  0.61521948  0.39310393  2.39904092  3.06586182
  1.11042899  2.68869925  2.53777415  0.65001376  2.47786348  0.55065075
  1.23883113  0.83232157  0.92311217  1.62537462  0.27885918  1.18782693
  0.52180672  0.70822588  3.52238663  4.01497187  3.75234289  2.01338601
  0.55683169  1.10144444  1.70422964  1.46687742]
Device (GPU) time: 0.7901 seconds
Iters. done: 128 [Current cost: -23.177032037185487]
Current parameters: [1.18772762 0.52779743 1.81978538 2.57955083 3.59107013 2.89341568
 1.59385035 2.01314851 1.39177082 2.84268226 0.09439821 2.24432564
 2.7556895  1.17823263 4.17109085 1.72474013 1.49845351 1.52884882
 3.05521021 2.69433858 0.14440604 2.62436366 0.75372065 2.97523039
 2.64216381 1.77163486 0.58214114 2.94844078 0.24086135 3.59272364
 1.97354494 1.14813031 2.00883032 1.31505864 0.00433116 1.35757682
 2.23880583 1.60664162 0.65373184 0.47699043 2.36124498 3.08422363
 1.14795247 2.73428338 2.63844244 0.86943039 2.66309671 0.63357356
 1.29873554 0.87127599 0.99722635 1.64518198 0.38966993 1.28572542
 0.58016555 0.74154129 3.57338822 4.01469452 3.05808836 2.05263676
 0.55692382 1.10273861 2.01463967 1.52980195]
Device (GPU) time: 0.8883 seconds
Iters. done: 129 [Current cost: -22.84901691868729]
Current parameters: [ 1.18494792  0.43635434  1.72097949  2.48554179  3.42063633  2.91922225
  1.47072764  1.93749746  1.21906728  2.76961104 -0.13016223  2.18187543
  2.70767424  1.02024872  4.20413927  1.83934207  1.40838062  1.46966639
  2.97277628  2.45491807 -0.03013161  2.38734467  0.6120836   2.95094238
  2.5453525   1.69450309  0.57425677  2.89523627  0.09637639  3.49421801
  1.77951429  1.06847859  1.93702548  1.29762327 -0.07992129  1.31690641
  2.25463888  1.54472885  0.57914639  0.32935462  2.4176643   3.07369837
  1.0684141   2.64756609  2.45601276  0.47123208  2.32639071  0.46708721
  1.17941642  0.80873731  0.87505729  1.5987836   0.1923775   1.11237655
  0.47651939  0.65078645  3.48368325  4.01486021  2.98007779  1.97028172
  0.55686878  1.10196548  2.48820779  1.4174606 ]
Device (GPU) time: 0.8143 seconds
Iters. done: 130 [Current cost: -22.88742411600092]
Current parameters: [ 1.18180553  0.49225534  1.7787295   2.54268057  3.51952909  2.89891975
  1.54437002  1.98666752  1.32439193  2.81821854  0.0087831   2.21935634
  2.73558149  1.11892257  4.18207698  1.769621    1.46481278  1.50441503
  3.02242614  2.60418788  0.07539292  2.53164563  0.69800244  2.9709925
  2.60237999  1.74321946  0.57924943  2.92578313  0.18188764  3.55039874
  1.89421644  1.11673739  1.98509754  1.30597724 -0.02830913  1.3449229
  2.24640808  1.58659214  0.6243543   0.42144447  2.3805194   3.0844765
  1.11541741  2.70040212  2.56878905  0.7172866   2.53434595  0.56696298
  1.25115783  0.84891035  0.95286038  1.62549444  0.3150022   1.22030175
  0.5409888   0.70118584  3.5396486   4.50359341  3.03007997  2.01908513
  0.55692382  1.20751395  1.70728454  1.48722619]
Device (GPU) time: 0.8886 seconds
Iters. done: 131 [Current cost: -23.04904165762385]
Current parameters: [ 1.18603012  0.49215825  1.78094022  2.54286963  3.52397311  2.90289943
  1.54565817  1.98403492  1.32442903  2.81470282  0.0070891   2.21989788
  2.73679261  1.11692547  4.18373538  1.76944808  1.46352197  1.50560148
  3.02298794  2.6013952   0.07623255  2.5319122   0.69843422  2.96642423
  2.60415903  1.7417718   0.57909019  2.92745385  0.18419243  3.55381973
  1.89742681  1.11703168  1.98137472  1.30797102 -0.02849196  1.34212591
  2.24516033  1.58302088  0.62461361  0.41968363  2.38289722  3.08067248
  1.11674755  2.70046371  2.56750097  0.71456925  2.53213727  0.5684458
  1.2520796   0.84714838  0.95000756  1.62688887  0.31303255  1.21841194
  0.53991092  0.70552587  3.53856939  3.80358573  3.02797775  2.02034399
  0.55690509  2.08004565  1.70356841  1.48615598]
Device (GPU) time: 0.8045 seconds
Iters. done: 132 [Current cost: -22.90108980952586]
Current parameters: [ 1.1796651   0.49225534  1.7787295   2.54268057  3.51952909  2.89888378
  1.54440599  1.9867035   1.32442791  2.81825451  0.00881908  2.21939231
  2.73561747  1.11895855  4.18211295  1.769621    1.46481278  1.50441503
  3.02242614  2.60418788  0.07539292  2.53164563  0.69800244  2.9709925
  2.60237999  1.74321946  0.57924943  2.92578313  0.18188764  3.55039874
  1.89421644  1.11673739  1.98509754  1.30597724 -0.02830913  1.3449229
  2.24640808  1.58659214  0.6243543   0.42144447  2.3805194   3.0844765
  1.11541741  2.70040212  2.56878905  0.7172866   2.53434595  0.56696298
  1.25115783  0.84891035  0.95286038  1.62549444  0.3150022   1.22030175
  0.5409888   0.70118584  3.5396486   4.01469452  3.03007997  2.01908513
  0.05692842  1.10273861  1.70728454  1.48722619]
Device (GPU) time: 0.8659 seconds
Iters. done: 133 [Current cost: -23.047776731951483]
Current parameters: [ 2.22765237e-01  4.90631859e-01  1.81569572e+00  2.54584185e+00
  3.59383915e+00  2.94815790e+00  1.58321733e+00  1.95995423e+00
  1.34231977e+00  2.77673841e+00 -2.23536995e-03  2.24571931e+00
  2.77314057e+00  1.10283579e+00  4.22711526e+00  1.76672947e+00
  1.44322865e+00  1.52425404e+00  3.03182029e+00  2.55749037e+00
  8.94327888e-02  2.53610299e+00  7.05222433e-01  2.89460465e+00
  2.63212811e+00  1.71901256e+00  5.76586675e-01  2.95371992e+00
  2.20426943e-01  3.60760247e+00  1.94789822e+00  1.12165835e+00
  1.92284681e+00  1.33931608e+00 -3.13663330e-02  1.29815337e+00
  2.22554390e+00  1.52687580e+00  6.28690318e-01  3.92000809e-01
  2.42027983e+00  3.02086805e+00  1.13765918e+00  2.70143202e+00
  2.54725064e+00  6.71848696e-01  2.49741371e+00  5.91757841e-01
  1.26657104e+00  8.19447736e-01  9.05157230e-01  1.64881128e+00
  2.82066862e-01  1.18870155e+00  5.22965128e-01  7.73757248e-01
  3.52160273e+00  3.99386000e+00  2.99492793e+00  2.04013503e+00
  5.88452531e-01  1.07017902e+00  1.64514566e+00  1.46933086e+00]
Device (GPU) time: 0.8106 seconds
Iters. done: 134 [Current cost: -22.799854000599634]
Current parameters: [ 1.18180553  0.19907661  2.03253446  2.82325223  3.37493028  2.89891975
  1.54437002  1.98666752  1.32439193  2.81821854  0.0087831   2.21935634
  2.73558149  1.11892257  4.18207698  1.769621    1.46481278  1.50441503
  3.02242614  2.60418788  0.07539292  2.53164563  0.69800244  2.9709925
  2.60237999  1.74321946  0.57924943  2.92578313  0.18188764  3.55039874
  1.89421644  1.11673739  1.98509754  1.30597724 -0.02830913  1.3449229
  2.24640808  1.58659214  0.6243543   0.42144447  2.3805194   3.0844765
  1.11541741  2.70040212  2.56878905  0.7172866   2.53434595  0.56696298
  1.25115783  0.84891035  0.95286038  1.62549444  0.3150022   1.22030175
  0.5409888   0.70118584  3.5396486   4.01469452  3.03007997  2.01908513
  0.55692382  1.10273861  1.70728454  1.48722619]
Device (GPU) time: 0.8832 seconds
Iters. done: 135 [Current cost: -22.989350989298934]
Current parameters: [ 1.20618941  0.98540268  1.37149903  3.2284977   3.20812012  2.93551374
  1.55654253  1.96254391  1.32498286  2.7859196  -0.00665144  2.22461718
  2.7470408   1.10068208  4.19767698  1.76802017  1.45286322  1.51539845
  3.02762699  2.57833487  0.08316577  2.53411335  0.70199962  2.92870211
  2.61884935  1.72981786  0.57777526  2.9412497   0.20322405  3.58206828
  1.92393613  1.11946177  1.95063385  1.32443453 -0.03000168  1.31903002
  2.2348571   1.55353155  0.62675484  0.40514366  2.40253185  3.04926114
  1.12773106  2.7009723   2.5568648   0.69213094  2.51389926  0.58069009
  1.259691    0.83259905  0.92645062  1.63840328  0.2967683   1.20280702
  0.53101041  0.74136334  3.52965792  4.00315997  3.01061885  2.03073893
  0.57199493  1.08471274  1.67288277  1.47731885]
Device (GPU) time: 0.7593 seconds
Iters. done: 136 [Current cost: -22.762461357040973]
Current parameters: [ 1.18378682  0.49149041  1.77891957  2.54186335  3.51982795  2.93328466
  1.54410118  1.98642975  1.32409892  2.81798349  0.00846545  2.21912061
  2.73535233  1.11864045  4.2160453   1.77031434  1.46429309  1.50403757
  3.02191968  2.84160914  0.07432678  2.14743427  0.69714168  2.97092703
  2.60176539  1.74278049  0.57920476  2.9254331   0.1809766   3.54974489
  2.10313629  1.11625242  1.98473091  1.30583694 -0.02881337  1.34472742
  2.24652553  1.58628241  0.62390046  0.42058637  2.38081716  3.0844804
  1.1149148   2.69987871  2.56771302  0.71493623  2.53235697  0.56593396
  1.25042284  0.84856484  0.952175    1.6251903   0.31384871  1.21929106
  0.54038359  0.70056241  3.53912738  4.01472059  3.02964729  2.01856681
  0.55691516  1.10261695  1.70699736  1.48656846]
Device (GPU) time: 0.9476 seconds
Iters. done: 137 [Current cost: -23.046491339915807]
Current parameters: [ 1.36083077  0.47312802  1.81823799  2.41826656  3.57287491  2.9094408
  1.54232496  1.92144219  1.26902992  2.73460681 -0.11177445  2.23172902
  2.77029084  1.02570456  4.20905954  1.80619329  1.40356366  1.51052445
  3.00608507  2.98397181  0.03282279  3.08227408  0.6577707   2.85832879
  2.60868862  1.68297154  0.57283431  2.94503892  0.18332148  3.59351648
  2.36342225  1.09528515  1.87489828  1.34523772 -0.06225792  1.26682273
  2.2235778   1.48334283  0.60389602  0.32913822  2.454637    2.99408979
  1.1176047   2.67115065  2.47495395  0.51461407  2.36499994  0.54189259
  1.2299787   0.78666024  0.84467825  1.64086156  0.20038487  1.11596762
  0.4797926   0.76798184  3.48335039  3.98654403  2.95460873  2.01865281
  0.59519638  1.04921452  1.60190804  1.42313109]
Device (GPU) time: 0.7738 seconds
Iters. done: 138 [Current cost: -22.44612207629501]
Current parameters: [ 1.17589745  0.49453633  1.77816274  2.54511746  3.51863792  2.84427841
  1.28524467  2.04227519  1.43557067  2.87373328  0.18260972  2.27489437
  2.79089558  0.76998759  4.23595868  1.76755352  1.46636248  1.5055406
  3.02393637  2.60834076  0.07857208  2.53591678  0.70056915  2.97118773
  2.60421267  1.74452844  0.57938264  2.92682688  0.18460433  3.55234848
  1.89787079  1.11818354  1.98619082  1.30639558 -0.02680552  1.34550581
  2.24605788  1.58751574  0.62570761  0.42400325  2.3796315   3.08446485
  1.11691617  2.7019629   2.5719977   0.72429526  2.54027699  0.57003146
  1.25334955  0.84994065  0.95490415  1.62640136  0.31844185  1.22331556
  0.54279352  0.70304485  3.54120285  4.01461678  3.03137021  2.02063072
  0.55694965  1.10310139  1.70814087  1.48918749]
Device (GPU) time: 0.8699 seconds
Iters. done: 139 [Current cost: -22.896817766593404]
Current parameters: [ 1.26931092  0.48148923  1.79740774  2.48330188  3.54485727  3.16861199
  1.65017351  1.725224    1.72074364  2.54795501  0.61478386  1.99337705
  2.51903369  1.27997205  3.98626828  1.78823618  1.43527999  1.50626138
  3.01360491  2.48421298  0.05306129  2.46685403  0.67727351  2.91894944
  2.60371075  1.7143544   0.57618121  2.93375292  0.1802146   3.56857752
  1.85081018  1.10561779  1.93341793  1.32369521 -0.04523205  1.30846146
  2.23619678  1.53825832  0.6137721   0.37674493  2.41540902  3.04286844
  1.11513732  2.68559296  2.52282741  0.6179477   2.45127759  0.55278407
  1.23952365  0.81936275  0.90129321  1.63179122  0.25927311  1.16967324
  0.51126135  0.73034506  3.51239152  4.00179955  2.99422152  2.01755863
  0.57452403  1.07778217  1.65802904  1.45602948]
Device (GPU) time: 0.8119 seconds
Iters. done: 140 [Current cost: -22.685595942520468]
Current parameters: [ 1.17991166  0.49298653  1.77854782  2.54346173  3.51924342  2.88917843
  1.54476012  1.71451637  1.32531693  3.08271281  0.01009748  1.98330481
  2.95926815  1.11946146  4.19157479  1.76895826  1.46530955  1.50477584
  3.02291025  2.60551911  0.07641202  2.53301478  0.69882521  2.97105508
  2.60296747  1.74363906  0.57929213  2.92611771  0.18275849  3.55102374
  1.89538787  1.11720096  1.985448    1.30611134 -0.02782714  1.34510975
  2.24629582  1.58688821  0.62478811  0.4222647   2.38023478  3.08447276
  1.11589785  2.70090244  2.5698176   0.71953327  2.53624719  0.5679466
  1.2518604   0.84924062  0.95351553  1.62578516  0.3161048   1.22126784
  0.54156732  0.70178176  3.54014683  4.0146696   3.03049357  2.01958058
  0.5569321   1.1028549   1.70755904  1.4878549 ]
Device (GPU) time: 0.9578 seconds
Iters. done: 141 [Current cost: -22.826190028796137]
Current parameters: [ 1.2151938   0.49045678  1.78688806  2.51768805  3.53041009  3.48616832
  1.55216526  2.27818097  1.30169517  3.16958691 -0.0347391   2.48785898
  2.9624196   1.10803028  3.62930291  1.77551916  1.45288419  1.50697731
  3.02041948  2.55254492  0.06935578  2.50677036  0.69182754  2.94620388
  2.60574456  1.73125495  0.57796885  2.93117461  0.18511832  3.56205604
  1.87872988  1.11352795  1.96181853  1.31513689 -0.03422971  1.3282189
  2.24096703  1.56467328  0.62126587  0.40370673  2.39601277  3.06440893
  1.11750954  2.69558507  2.55140881  0.67983138  2.50312993  0.56469004
  1.24880831  0.83620281  0.93104794  1.62987642  0.29325843  1.20038308
  0.52934536  0.71799963  3.52882341  4.00836512  3.0147176   2.02064622
  0.56544346  1.09125157  1.68482158  1.4751074 ]
Device (GPU) time: 0.7748 seconds
Iters. done: 142 [Current cost: -22.511779846938115]
Current parameters: [ 1.13654532  0.50972938  1.77438767  2.3499862   3.10258531  2.90509399
  1.55470589  1.98924977  1.34285426  2.82069933  0.03448441  2.22134568
  2.73614942  1.13275164  4.16931819  1.75378255  1.47668459  1.51303771
  3.03399563  2.63946074 -0.03141549  2.56866802  0.71766538  2.97248805
  2.61641969  1.75324725  0.58026991  2.93377901  0.09061679  3.56533519
  1.92525495  1.12781594  1.99347283  1.30918206 -0.01679038  1.34938846
  2.24372525  1.5936676   0.63472163  0.44104662  2.37371746  3.08438726
  1.12689903  2.71235881  2.59336971  0.77097811  2.57978206  0.59046984
  1.26794799  0.85680318  0.96851712  1.63244217  0.34135242  1.24338974
  0.55481427  0.71542727  3.55155531  4.01409893  3.03996413  2.03092549
  0.55712168  1.10551773  1.71384468  1.50225116]
Device (GPU) time: 0.9271 seconds
Iters. done: 143 [Current cost: -22.972260981408038]
Current parameters: [ 1.23382921  0.4823586   1.78827213  2.36366893  3.2470358   2.89308957
  1.54783735  1.97966891  1.29057563  2.78304943 -0.04999299  2.22799446
  2.73118362  1.10350327  4.22649342  1.78251172  1.44825437  1.50270022
  3.01512415  2.52287336  0.77384881  2.46988974  0.68305303  2.94751726
  2.59884625  1.7274981   0.57759166  2.92696283  0.78644456  3.55405919
  1.85018029  1.10856223  1.95976292  1.31287873 -0.03918231  1.32747247
  2.24267602  1.56312018  0.61662586  0.39590269  2.39796016  3.06608553
  1.11192184  2.69033597  2.54122667  0.65754914  2.48423461  0.55378407
  1.24107768  0.83351381  0.92543733  1.6262414   0.28259678  1.19111197
  0.52377052  0.7099107   3.52408724  4.00916166  3.01130527  2.01493251
  0.56465619  1.09087593  1.68355594  1.46900533]
Device (GPU) time: 0.8132 seconds
Iters. done: 144 [Current cost: -22.74492175457984]
Current parameters: [ 1.20722837  0.4824401   1.78116833  2.5336353   3.52615956  2.89347507
  1.53912644  1.98526126  1.31199991  2.81599787 -0.00882195  2.21836794
  2.73497163  1.11168218  4.19231247  1.47214415  1.42558805  1.5194482
  3.03550253  2.5794378   0.06599265  2.50470875  1.06731072  2.93461323
  2.61515534  1.70434999  0.59890546  2.93820187  0.17385484  3.56399009
  1.87243751  1.12987716  1.94489893  1.32425126 -0.06764918  1.30737166
  2.21980311  1.55312862  0.64418685  0.38035706  2.42289418  3.08452662
  1.10896815  2.693686    2.55498199  0.67513378  2.49039212  0.55375908
  1.24172673  0.84447692  0.94406593  1.62159187  0.33198409  1.20733313
  0.53322298  0.69318637  3.53296056  4.01502907  3.024528    2.01243435
  0.55681269  1.10117757  1.70359968  1.4787866 ]
Device (GPU) time: 0.9066 seconds
Iters. done: 145 [Current cost: -22.85947596744312]
Current parameters: [ 1.24259223e+00  5.31988391e-01  1.81279760e+00  2.49064105e+00
  3.63373455e+00  2.93511643e+00  1.61527591e+00  1.95737849e+00
  1.25893319e+00  2.62974424e+00 -1.48358983e-01  2.28206176e+00
  2.71697749e+00  1.09352903e+00  4.32689088e+00  1.72094726e+00
  1.70308768e+00  1.37743948e+00  2.88036777e+00  2.39540482e+00
 -1.64175083e-02  2.47662834e+00  7.64967692e-01  3.13126001e+00
  2.48890528e+00  1.98170683e+00  4.05683249e-01  2.83794601e+00
  1.51236485e-01  3.47570326e+00  1.88118983e+00  9.68197672e-01
  2.17326826e+00  1.19944373e+00  2.45812330e-01  1.55560059e+00
  2.44284722e+00  1.72857213e+00  4.21835584e-01  6.27992865e-01
  2.12689478e+00  2.96987715e+00  1.16017921e+00  2.70715461e+00
  2.54006552e+00  7.57755966e-01  2.64059840e+00  6.21248732e-01
  1.28579540e+00  7.99079317e-01  8.73357170e-01  1.67033540e+00
  6.58682822e-04  1.17284489e+00  5.14190086e-01  8.37724940e-01
  3.51202396e+00  3.97692629e+00  2.97081760e+00  2.06184725e+00
  6.06034258e-01  1.04523510e+00  1.59805562e+00  1.46114996e+00]
Device (GPU) time: 0.7786 seconds
Iters. done: 146 [Current cost: -22.74343697809008]
Current parameters: [ 1.18180553e+00  4.92255340e-01  1.77872950e+00  2.54268057e+00
  3.51952909e+00  2.99708771e+00  1.63288750e+00  1.90100486e+00
  1.41988243e+00  2.73431162e+00 -5.80184387e-02  2.29884717e+00
  2.81586720e+00  1.04370667e+00  4.24804743e+00  1.67852164e+00
  1.46481278e+00  1.50441503e+00  3.02242614e+00  2.86360917e+00
 -6.01003384e-04  2.54624191e+00  6.24622140e-01  2.97099250e+00
  2.60237999e+00  1.74321946e+00  5.79249431e-01  2.92578313e+00
  2.70818434e-01  3.55039874e+00  1.59940419e+00  1.11673739e+00
  1.98509754e+00  1.30597724e+00 -2.83091318e-02  1.34492290e+00
  2.24640808e+00  1.58659214e+00  6.24354299e-01  4.21444468e-01
  2.38051940e+00  3.08447650e+00  1.11541741e+00  2.70040212e+00
  2.56878905e+00  7.17286602e-01  2.53434595e+00  5.66962978e-01
  1.25115783e+00  8.48910349e-01  9.52860384e-01  1.62549444e+00
  3.15002204e-01  1.22030175e+00  5.40988803e-01  7.01185836e-01
  3.53964860e+00  4.01469452e+00  3.03007997e+00  2.01908513e+00
  5.56923824e-01  1.10273861e+00  1.70728454e+00  1.48722619e+00]
Device (GPU) time: 0.8797 seconds
Iters. done: 147 [Current cost: -22.81294792661985]
Current parameters: [ 1.19851969  0.53789825  1.80360799  2.5116657   3.60495792  2.64621095
  1.34848608  2.21716496  1.00491655  2.91339085  0.09950992  2.03776189
  2.48412225  1.32946506  4.09332023  2.11824801  1.47888067  1.52278273
  3.0287654   2.85335055  0.23632198  2.47860169  0.82088186  2.89559624
  2.64048008  1.75210758  0.5556748   2.95853693 -0.09526417  3.6288717
  1.47029833  1.11612539  1.93804134  1.33835783  0.01320509  1.31618315
  2.24134085  1.53575027  0.61566343  0.4296179   2.39274483  2.98994848
  1.16078444  2.71478926  2.56324742  0.7198543   2.54725714  0.62905219
  1.29209609  0.81365855  0.89887825  1.6675818   0.26189149  1.19821734
  0.52909899  0.82423934  3.52566241  3.98312344  2.98852321  2.06306854
  0.59755064  1.05738983  1.62208892  1.47681687]
Device (GPU) time: 0.7884 seconds
Iters. done: 148 [Current cost: -23.29095019626835]
Current parameters: [ 1.19851969  0.53789825  1.80360799  2.5116657   3.60495792  2.46101308
  1.33283933  2.23230708  0.98803722  2.6587314   0.11131806  2.02371073
  2.79079492  1.34276056  3.86244062  2.13435115  1.47888067  1.52278273
  3.0287654   2.85335055  0.24975501  2.44160133  0.83385289  2.89559624
  2.64048008  1.75210758  0.5556748   2.95853693 -0.11098398  3.6288717
  1.47029833  1.11612539  1.93804134  1.33835783  0.01320509  1.31618315
  2.24134085  1.53575027  0.61566343  0.4296179   2.39274483  2.98994848
  1.16078444  2.71478926  2.56324742  0.7198543   2.54725714  0.62905219
  1.29209609  0.81365855  0.89887825  1.6675818   0.26189149  1.19821734
  0.52909899  0.82423934  3.52566241  3.98312344  2.98852321  2.06306854
  0.59755064  1.05738983  1.62208892  1.47681687]
Device (GPU) time: 0.9047 seconds
Iters. done: 149 [Current cost: -23.08807795059038]
Current parameters: [ 1.205912    0.55808512  1.8146112   2.4979485   3.64274123  2.12783996
  1.53391237  2.05582186  1.15711281  3.16612501 -0.06568038  2.20176439
  2.06181956  1.1914048   3.63781787  1.99244117  1.4851026   1.53090637
  3.03156911  2.79834229  0.0739275   2.38196819  0.64969192  2.86225012
  2.65733092  1.75603861  0.54524825  2.97302323  0.05548942  3.66357858
  1.47055412  1.11585472  1.91722941  1.35267906  0.03156593  1.30347218
  2.23909972  1.51326402  0.61181965  0.43323283  2.39815188  2.94814078
  1.1808493   2.72115237  2.56079648  0.72098993  2.55296748  0.65651291
  1.31020219  0.79806744  0.87500312  1.68619613  0.23840177  1.18844989
  0.52384039  0.87866323  3.51947662  3.96916024  2.97014355  2.08252144
  0.615519    1.03733304  1.58440875  1.47221305]
Device (GPU) time: 0.7786 seconds
Iters. done: 150 [Current cost: -22.575215973016107]
Current parameters: [ 1.19851969  0.53789825  1.80360799  2.5116657   3.60495792  2.64234963
  1.08762675  1.97627511  0.99365325  2.91725217  0.1073893   2.32382515
  2.48798358  1.53308961  4.09718155  2.12899337  1.47888067  1.52278273
  3.0287654   2.85335055  0.24528562  2.47860169  0.82953722  2.89559624
  2.64048008  1.75210758  0.5556748   2.95853693 -0.10575374  3.6288717
  1.47029833  1.11612539  1.93804134  1.33835783  0.01320509  1.31618315
  2.24134085  1.53575027  0.61566343  0.4296179   2.39274483  2.98994848
  1.16078444  2.71478926  2.56324742  0.7198543   2.54725714  0.62905219
  1.29209609  0.81365855  0.89887825  1.6675818   0.26189149  1.19821734
  0.52909899  0.82423934  3.52566241  3.98312344  2.98852321  2.06306854
  0.59755064  1.05738983  1.62208892  1.47681687]
Device (GPU) time: 0.8896 seconds
Iters. done: 151 [Current cost: -23.078813587526213]
Current parameters: [ 1.20308264  0.55035872  1.81039979  2.50319867  3.62827991  2.63492076
  0.87222721  2.57377564  1.27593307  2.90573562 -0.126328    1.66888146
  2.47517925  1.69182868  4.13661133  1.87166321  1.4827212   1.5277971
  3.03049601  2.81939635 -0.00483606  2.47525619  0.57914133  2.87501314
  2.65088137  1.75453403  0.54923894  2.96747869  0.1626979   3.65029474
  1.47045622  1.11595832  1.92519505  1.3471977   0.02453843  1.30833722
  2.2399575   1.52187049  0.61329083  0.43184924  2.39608237  2.96414241
  1.1731696   2.71871693  2.56173456  0.72055527  2.55078189  0.64600249
  1.3032722   0.80403484  0.88414117  1.67907161  0.24739231  1.19218832
  0.52585309  0.85783283  3.52184419  3.97450457  2.97717825  2.07507596
  0.60864173  1.04500965  1.59883059  1.47397513]
Device (GPU) time: 0.7711 seconds
Iters. done: 152 [Current cost: -22.586121500740315]
Current parameters: [1.19851969 0.53789825 1.80360799 2.5116657  3.60495792 2.63544752
 1.35924952 2.22792839 0.71830995 2.92415428 0.30000905 2.04852533
 2.49488569 1.34022849 4.10408366 2.12203283 1.47888067 1.52278273
 3.0287654  2.85335055 0.00507543 2.47860169 0.82393052 2.89559624
 2.64048008 1.75210758 0.5556748  2.95853693 0.17534877 3.6288717
 1.47029833 1.11612539 1.93804134 1.33835783 0.01320509 1.31618315
 2.24134085 1.53575027 0.61566343 0.4296179  2.39274483 2.98994848
 1.16078444 2.71478926 2.56324742 0.7198543  2.54725714 0.62905219
 1.29209609 0.81365855 0.89887825 1.6675818  0.26189149 1.19821734
 0.52909899 0.82423934 3.52566241 3.98312344 2.98852321 2.06306854
 0.59755064 1.05738983 1.62208892 1.47681687]
Device (GPU) time: 0.8740 seconds
Iters. done: 153 [Current cost: -23.259875096654877]
Current parameters: [ 1.20137792  0.54570347  1.80786236  2.50636197  3.61956677  2.63568459
  1.37183873  2.23746491  0.64473882  2.91204983  0.32877282  2.04828763
  2.48197458  1.341655    4.1238919   1.50799372  1.48128637  1.52592372
  3.02984945  2.8320817   0.49734326  2.47650607  0.30231515  2.88270302
  2.64699542  1.75362751  0.55164339  2.96413803 -0.41591051  3.64229105
  1.47039723  1.11602074  1.92999445  1.3438951   0.02030428  1.31126847
  2.24047432  1.527056    0.61417724  0.43101561  2.39483546  2.9737836
  1.16854249  2.71724955  2.56229977  0.72029339  2.54946504  0.63966983
  1.29909678  0.80763027  0.88964697  1.674779    0.25280923  1.19444077
  0.52706576  0.84528224  3.52327068  3.97772459  2.98141674  2.07058997
  0.60449808  1.0496349   1.60751995  1.47503681]
Device (GPU) time: 0.7803 seconds
Iters. done: 154 [Current cost: -23.52206306529844]
Current parameters: [ 1.18807223  0.55084052  1.80658594  2.51109604  3.61609655  2.62876475
  1.36875313  2.24323059  0.64811966  2.92026566  0.3401589   2.04398227
  2.47488926  1.35018574  4.11093083  1.50205352  1.49899406  1.52494311
  3.03079002  2.85376053  0.50469656  2.4890592   0.30901582  2.89493228
  3.00191609  1.77040943  0.54584177  2.96371265 -0.41455403  3.31293727
  1.47188021  1.11672476  1.94647074  1.33949579  0.03789303  1.32517954
  2.24775329  1.54081735  0.61243921  0.45272295  2.3963192   2.97375737
  1.17191787  2.7207646   2.56952604  0.61560699  2.56868462  0.64658042
  1.30403279  0.80995062  0.89424977  1.67682151  0.25044747  1.20122823
  0.5311302   0.84946897  3.52677104  3.9775495   2.98432251  2.07407082
  0.60455624  1.05045192  1.60944851  1.47945388]
Device (GPU) time: 0.9221 seconds
Iters. done: 155 [Current cost: -23.46774931034943]
Current parameters: [ 1.30762114  0.53651989  1.83227725  2.45324275  3.69681583  2.69332659
  1.43224175  2.22307795  0.53992028  2.80264712  0.22172445  2.07165768
  2.48012044  1.27833159  4.28136472  1.62597593  1.3620834   1.54422509
  3.026935    2.59961876  0.45553147  2.37841934  0.21794356  2.74836912
  2.8356741   1.63794067  0.57910875  2.98722329 -0.49315566  3.50404478
  1.4600477   1.11056569  1.78232699  1.39543286 -0.08126841  1.19330756
  2.18484422  1.39666947  0.6214101   0.27934446  2.39159774  2.91620877
  1.17190459  2.70067248  2.50676008  1.477403    2.41864366  0.62773631
  1.28848929  0.76934223  0.82344035  1.6857566   0.2373996   1.13195915
  0.49046636  0.89026142  3.4894613   3.95969582  2.93505083  2.0723454
  0.62890451  1.01602666  1.54153984  1.43679708]
Device (GPU) time: 0.7862 seconds
Iters. done: 156 [Current cost: -22.817936341291322]
Current parameters: [ 1.19669314  0.54751216  1.80741295  2.50802878  3.61834495  2.6332482
  1.37075233  2.23949493  0.64592917  2.91494253  0.33278172  2.04677176
  2.47947992  1.34465857  4.11932846  1.50590225  1.48857433  1.52391627
  3.02834601  2.83971455  0.49993226  2.48092588  0.30467437  3.13382176
  2.64652338  1.76074588  0.71553213  2.96253175 -0.41543291  3.64011854
  1.47091937  1.11447738  1.93723721  1.34102085  0.02759052  1.31783395
  2.38759186  1.15644542  0.61799824  0.4514228   2.38801708  2.97377437
  1.16973092  2.71848715  2.56484405  0.72507627  2.55725996  0.64210297
  1.30083469  0.80844724  0.89126756  1.67549814  0.25020518  1.19683056
  0.5284968   0.84675634  3.52450312  3.97766294  2.98243983  2.07181553
  0.60451856  1.04992256  1.60819897  1.47659201]
Device (GPU) time: 0.9045 seconds
Iters. done: 157 [Current cost: -23.23203696770284]
Current parameters: [ 1.20393069  0.57138275  1.82002041  2.49262281  3.66172739  2.6390128
  1.40238764  2.26286956  0.57890528  2.87378577  0.31307545  2.03989384
  2.4343937   1.34403278  4.17159337  1.56822698  1.41306014  1.54123927
  3.03113551  2.77820088  0.51009033  2.4758964   0.27517438  3.46322039
  2.65416335  1.68646437  1.02405527  2.98426495 -0.47179921  3.68064321
  1.47136223  1.11469421  1.83522755  1.38036001 -0.03341832  1.23639347
  1.97087106  2.06069576  0.63721786  0.37757623  2.4606545   2.92538838
  1.19328587  2.72619913  2.56272312  0.65915253  2.53639311  0.67456707
  1.32227734  0.79063365  0.86409299  1.69724245  0.27344463  1.18619889
  0.52281354  0.9101548   3.51769099  3.96148621  2.96145706  2.09467273
  0.62531882  1.02679206  1.56478325  1.47170143]
Device (GPU) time: 0.7556 seconds
Iters. done: 158 [Current cost: -23.368218373327043]
Current parameters: [ 1.20785076  0.54320443  1.8084833   2.50405897  3.62125494  2.6390509
  1.37333979  2.23466006  0.64309414  2.90805307  0.32323381  2.05038207
  2.48542139  1.33750504  4.1301971   1.51088346  1.47856029  1.52592754
  3.0295312   2.82153556  0.49376608  2.47039933  0.29905547  2.86895256
  2.64531654  1.75106335  0.54428822  2.70112473 -0.4165704   3.64281277
  1.4696758   1.11574418  1.65207569  1.34316682  0.01760084  1.30738144
  2.2392921   1.52545036  0.76549668  0.71354276  2.39746965  2.97379637
  1.16690045  2.71553957  2.55878439  0.71282523  2.54212688  0.63630802
  1.29669555  0.80650149  0.88740784  1.67378538  0.25048948  1.19113887
  0.52508853  0.84324552  3.52156786  3.97780977  2.98000317  2.06889663
  0.60446978  1.04923745  1.60658175  1.47288803]
Device (GPU) time: 0.8696 seconds
Iters. done: 159 [Current cost: -23.031397725685967]
Current parameters: [ 1.25050324  0.54204074  1.8194122   2.48151958  3.65619383  2.66238121
  1.40042389  2.23139284  0.59484552  2.8606606   0.27897944  2.05889181
  2.48004608  1.31246304  4.19769469  1.56384039  1.38909038  1.5471763
  3.03899838  2.72350592  0.47831997  2.43119155  0.26273705  2.79375542
  2.64921234  1.66355886  0.58684596  3.46947744 -0.45284511  3.679277
  1.46563911  1.12403763  2.3304939   1.38672487 -0.06349205  1.22499395
  2.16464464  1.50383657  0.99242134  0.99845088  2.48247315  2.94610248
  1.17065282  2.7097952   2.53665863  0.63407416  2.47252436  0.63494477
  1.29472012  0.78956417  0.858494    1.68035513  0.27413792  1.16539829
  0.51006673  0.86751743  3.50753029  3.9690322   2.95955315  2.07194338
  0.61623922  1.0335984   1.5760844   1.45730086]
Device (GPU) time: 0.7680 seconds
Iters. done: 160 [Current cost: -23.399166634865622]
Current parameters: [ 1.17137818  0.55728575  1.80498447  2.51703567  3.61174262  2.62008274
  1.36488176  2.25046454  0.65236144  2.93057369  0.3544445   2.03858053
  2.46599962  1.36088887  4.09466915  1.49460062  1.20742925  1.52898807
  2.75565131  2.88095999  0.51392241  2.50480905  0.31742284  2.88664695
  2.45078419  1.76522599  0.54799261  2.96563872 -0.41285211  3.42285119
  1.47374084  1.12083832  1.9391526   1.34321743  0.03287035  1.31930882
  2.24359433  1.53360311  0.61641821  0.44645763  2.38512992  2.97372445
  1.17615282  2.72517477  2.57859252  0.75522323  2.58220944  0.65525084
  1.31022577  0.81286186  0.90002469  1.67938415  0.26574325  1.20974415
  0.53622967  0.85472186  3.53116278  3.97732982  2.98796824  2.07843809
  0.60462922  1.05147698  1.61186819  1.48499578]
Device (GPU) time: 0.8812 seconds
Iters. done: 161 [Current cost: -23.379453446045627]
Current parameters: [ 1.18305349  0.56353235  1.81090918  2.50770685  3.63152289  2.62696154
  1.37967119  2.25609741  0.62310517  2.90856802  0.33900372  2.03863991
  2.4524787   1.35502249  4.12427763  1.52364596  1.86591388  1.56606619
  3.49060419  2.84188432  0.51318013  2.49451953  0.30111557  2.83550378
  2.11739883  1.70168574  0.60100434  3.03244415 -0.43647787  3.08435965
  1.47294352  1.15207326  1.8940566   1.38586536 -0.02384969  1.24709716
  2.17310312  1.514848    0.66016196  0.38909368  2.46009794  2.95422719
  1.18343145  2.72597187  2.57298159  0.72386741  2.54257257  0.66379613
  1.31562546  0.80415047  0.88603588  1.68680968  0.30869569  1.20098954
  0.53126279  0.87753583  3.52611183  3.97092081  2.97759343  2.0853659
  0.61297989  1.04161056  1.59308905  1.48011654]
Device (GPU) time: 0.8450 seconds
Iters. done: 162 [Current cost: -23.306254376715412]
Current parameters: [ 1.19204501  0.54930671  1.80696705  2.50968255  3.61713268  2.63083086
  1.36967442  2.24150909  0.64711021  2.9178126   0.33675927  2.04526775
  2.47700478  1.34763865  4.11480071  1.50382713  1.49017061  1.25318268
  3.02920663  2.84728772  0.50250103  2.48531112  0.30701515  2.88676575
  2.64714908  1.4466583   0.54635172  2.95982516 -0.41495904  3.63912695
  1.47143743  1.11494992  1.935123    1.50308182  0.02879987  1.54450142
  2.24614934  1.53087659  0.6104269   0.43817184  2.38682474  2.9737652
  1.17091006  2.71971508  2.56736844  0.73052772  2.56217587  0.64451708
  1.30255901  0.80925782  0.89287548  1.67621166  0.25248072  1.19920165
  0.52991665  0.8482189   3.52572591  3.97760178  2.98345491  2.07303152
  0.60453888  1.05020797  1.60887268  1.47813504]
Device (GPU) time: 0.9071 seconds
Iters. done: 163 [Current cost: -23.422624221009663]
Current parameters: [ 1.22674131  0.54075913  1.81246142  2.49500505  3.63372594  2.64923897
  1.38316702  2.23129427  0.62644294  2.88971854  0.30461181  2.05481828
  2.48658281  1.32612353  4.15681892  1.53006081  1.42225807  1.92782722
  3.067002    2.78171745  0.48590039  2.45290424  0.28484155  2.83773236
  2.64590151  2.11511154  0.60623215  3.01462273 -0.42861008  3.65559129
  1.46779754  1.13378545  1.87639957  1.8726608  -0.05582568  1.92403702
  2.1746338   1.50209131  0.66262223  0.37882315  2.46905664  2.96503393
  1.16672465  2.71229887  2.54885403  0.6870524   2.49250321  0.63308255
  1.29407438  0.80019798  0.87638765  1.6750409   0.29308585  1.18024078
  0.51868678  0.84924204  3.51570593  3.97509994  2.97235023  2.06845466
  0.60817466  1.04395294  1.59614099  1.46616462]
Device (GPU) time: 0.7695 seconds
Iters. done: 164 [Current cost: -23.118910036895908]
Current parameters: [ 1.21767092  0.53941307  1.80942535  2.50056503  3.62381611  2.64415803
  1.3756171   2.23040474  0.64059894  2.90198944  0.3148304   2.05355961
  2.49065065  1.33120899  4.13976292  1.51526758  1.45693994  1.54155537
  3.04003926  2.80553566  0.48833903  2.46113459  0.29411009  2.87042267
  2.64672718  1.7345515   0.57266947  2.97964395 -0.41757154  3.64781482
  1.4685813   1.47226539  1.9110609   1.36293469  0.35566408  1.29613903
  2.21805221  1.5176802   0.63254994  0.4138003   2.42100406  2.97381573
  1.16440928  2.71294532  2.55345109  0.70699453  2.49922565  0.63120771
  1.29305257  0.80478897  0.88401078  1.67227792  0.25175222  1.18612944
  0.5220888   0.84015554  3.51898445  3.977939    2.9778586   2.06632761
  0.60442685  1.04863446  1.60515839  1.46962804]
Device (GPU) time: 0.8691 seconds
Iters. done: 165 [Current cost: -23.294889198555563]
Current parameters: [ 1.29019072  0.54058863  1.82941638  2.46072472  3.68812923  2.68406199
  1.42521032  2.22798556  0.55085373  2.81707078  0.23798859  2.06693768
  2.47572225  1.28910625  4.25987393  1.61229755  1.42265142  1.51611846
  3.00703342  2.63297951  0.46375151  2.39468442  0.22930141  2.75831366
  2.64146318  1.69300115  0.51571419  2.99167265 -0.48582772  3.70069282
  1.46186572  1.1049586   1.8733906   1.34357957 -0.00732011  1.22223596
  2.22400295  1.45686615  0.5579648   0.27960698  2.46541305  2.92100409
  1.17379267  2.70431685  2.51604589  0.43778225  3.26487603  0.6331746
  1.29254784  0.77403349  0.83193182  1.68615163  0.66560427  1.14154319
  0.49613727  0.88919247  3.49453653  3.96109017  2.94079344  2.07443554
  0.62690197  1.0193607   1.54829387  1.44283169]
Device (GPU) time: 0.8027 seconds
Iters. done: 166 [Current cost: -22.890400502827394]
Current parameters: [ 1.18102432  0.55356157  1.80590983  2.51360364  3.6142584   2.62509937
  1.36711871  2.24628462  0.64991046  2.92461751  0.34619001  2.04170176
  2.47113622  1.3547044   4.10406546  1.49890705  1.49644368  1.52588888
  3.03277557  2.86524362  0.50859154  2.49570849  0.3125651   2.90357251
  2.64733052  1.76659821  0.55561376  2.96805028 -0.41383551  3.63539064
  1.47266573  1.11659903  1.94637724  1.34208064  0.03314318  1.32328956
  2.24185129  1.54735146  0.61634994  0.45326845  2.38037749  2.97374347
  1.17370579  2.72262649  2.23107143  0.76692083  2.59405029  0.32291121
  1.39889181  0.81117969  0.89668783  1.67790341  0.26885952  1.331668
  0.5332831   0.85168664  3.52862515  3.97745675  2.98586167  2.0759146
  0.60458705  1.05088468  1.61047005  1.48179357]
Device (GPU) time: 0.8550 seconds
Iters. done: 167 [Current cost: -23.15868779975002]
Current parameters: [ 1.2597399   0.533451    1.81805384  2.48065057  3.65078521  2.66680797
  1.396922    2.22239573  0.6047794   2.86186925  0.27362118  2.06361755
  2.49418495  1.30578478  4.19817366  1.55683079  1.440957    1.52189071
  3.01741712  2.71782427  0.47054806  2.42213844  0.26295664  2.81094196
  2.64460043  1.71536347  0.53273471  2.96789185 -0.44330638  3.6720464
  1.46437423  1.09708179  1.88849523  1.34549324 -0.0203326   1.26413046
  2.23369221  1.47505853  0.59067584  0.34804736  2.43834767  2.95523929
  1.16352601  2.70554193  2.75120585  0.55777699  2.39786434  0.83362114
  1.83141011  0.7910717   0.85994679  1.6746313   0.17638166  1.91095388
  0.50789945  0.85223775  3.50602507  3.97221938  2.96119137  2.06486401
  0.61227411  1.03730529  1.58272749  1.4547033 ]
Device (GPU) time: 0.7854 seconds
Iters. done: 168 [Current cost: -23.118415415902653]
Current parameters: [ 1.20137792  0.54570347  1.80786236  2.50636197  3.61956677  2.63568459
  1.37183873  2.23746491  0.64473882  2.91204983  0.32877282  2.04828763
  2.48197458  1.341655    4.1238919   1.50799372  1.48876286  1.51780126
  3.0221776   2.8320817   0.49734326  2.47650607  0.30231515  2.8887409
  2.64699542  1.76061184  0.5427947   2.74176442 -0.41591051  3.64229105
  1.47039723  1.10829985  2.14229423  1.66329517  0.02773011  1.08204296
  2.25049083  1.53085401  0.60470771  0.43602392  2.38420801  2.9737836
  1.16854249  2.71724955  2.56229977  0.71894704  2.55483922  0.63966983
  1.29909678  0.80763027  0.88964697  1.674779    0.24354244  1.19444077
  0.52706576  0.84528224  3.52327068  3.97772459  2.98141674  2.07058997
  0.60449808  1.0496349   1.60751995  1.47503681]
Device (GPU) time: 0.8897 seconds
Iters. done: 169 [Current cost: -23.31959601025742]
Current parameters: [ 1.1878138   0.56936558  1.81479308  2.5023219   3.64470187  2.63001276
  1.38939328  2.26166142  0.60314287  2.89507413  0.33104271  2.03752781
  2.44093419  1.35312539  4.14192231  1.54277153  1.38617303  1.63889809
  3.13828041  2.81982419  0.51462238  2.49054592  0.29128014  2.78574245
  2.64464822  1.65681658  0.6719743   2.47372501 -0.45296667  3.65556062
  1.47277242  1.19988532  2.44703378  0.88804488 -0.08806961  1.6182205
  2.08783074  1.49538938  0.72504253  0.33726121  2.54642281  2.94031253
  1.18952846  2.72748298  2.56609946  0.71967494  2.45693152  0.6671376
  1.2926676   0.79855872  0.87729169  1.69265409  0.34637744  1.15787925
  0.5288097   0.89493194  3.52344753  3.96630225  2.97097212  2.09124096
  0.61895211  1.0347918   1.5802108   1.47782052]
Device (GPU) time: 0.7744 seconds
Iters. done: 170 [Current cost: -23.089309765249784]
Current parameters: [ 1.20137792  0.54570347  1.80786236  2.50636197  3.61956677  2.63568459
  1.37183873  2.23746491  0.64473882  2.91204983  0.32877282  2.04828763
  2.48197458  1.341655    4.1238919   1.50799372  1.48158337  1.52560106
  3.02954469  2.8320817   0.49734326  2.47650607  0.30231515  3.08125671
  2.64699542  1.75390496  0.26065684  2.96413803 -0.41591051  3.64229105
  1.47039723  1.11571403  1.92999445  1.3438951   0.02059927  1.31126847
  1.90869707  1.40125445  0.61380106  0.43121456  2.39441328  2.9737836
  1.16854249  2.71724955  2.56229977  0.7202399   2.54967853  0.63966983
  1.29909678  0.80763027  0.88964697  1.674779    0.25244111  1.19444077
  0.52706576  0.84528224  3.52327068  3.97772459  2.98141674  2.07058997
  0.60449808  1.0496349   1.60751995  1.47503681]
Device (GPU) time: 0.8777 seconds
Iters. done: 171 [Current cost: -23.32554090160299]
Current parameters: [ 1.1927164   0.56081317  1.81228805  2.50378214  3.63561707  2.63206278
  1.38304838  2.25291586  0.61817727  2.90120981  0.33022228  2.04141683
  2.45576779  1.34897954  4.13540542  1.53020147  1.347903    1.67698923
  3.17363523  2.82425453  0.50837703  2.48547137  0.29526862  3.22136098
  2.64549659  1.62394236  0.04142964  2.98771434 -0.43957312  3.65076448
  1.47191394  1.24459592  1.93867521  1.33070944 -0.12105455  1.30783233
  2.81759832  1.76262479  0.77698522  0.32248284  2.59489819  2.95241028
  1.18194331  2.72378422  2.5647261   0.73298065  2.43815678  0.65720967
  1.29499136  0.80183753  0.88175737  1.68619333  0.40260195  1.17109401
  0.52817938  0.8769866   3.52338361  3.97043073  2.97474721  2.08377688
  0.61372786  1.04015668  1.59008139  1.47681438]
Device (GPU) time: 0.7868 seconds
Iters. done: 172 [Current cost: -23.29794665439918]
Current parameters: [ 1.20137792  0.54570347  1.80786236  2.50636197  3.61956677  2.63568459
  1.37183873  2.23746491  0.64473882  2.91204983  0.32877282  2.04828763
  2.48197458  1.341655    4.1238919   1.50799372  1.48889971  1.80977436
  3.02203717  2.8320817   0.49734326  2.47650607  0.30231515  2.88270302
  2.64699542  1.50955046  0.55164339  2.96413803 -0.41591051  3.64229105
  1.47039723  1.10815852  1.92999445  1.3438951   0.02786603  1.31126847
  2.24047432  1.527056    0.60453438  0.43611559  2.06673257  2.9737836
  1.16854249  2.71724955  2.56229977  0.6787275   2.55493759  0.63966983
  1.29909678  0.80763027  0.88964697  1.674779    0.24337282  1.19444077
  0.52706576  0.84528224  3.52327068  3.97772459  2.98141674  2.07058997
  0.60449808  1.0496349   1.60751995  1.47503681]
Device (GPU) time: 0.8585 seconds
Iters. done: 173 [Current cost: -23.2196486941229]
Current parameters: [ 1.19339873  0.55962287  1.81193941  2.50398537  3.63435268  2.6323481
  1.38216532  2.25169868  0.62026971  2.90206376  0.3301081   2.04195809
  2.45783227  1.34840254  4.13449842  1.52845202  1.28806206  1.11525431
  3.23449492  2.82487113  0.50750782  2.48476511  0.29582372  2.87446802
  2.64561467  2.10694934  0.55090697  2.98585708 -0.43770906  3.65009697
  1.47179445  1.30711529  1.93799137  1.33174816 -0.17979058  1.30810302
  2.24600637  1.544573    0.85326128  0.28390805  1.77671803  2.954094
  1.18088764  2.72326944  2.56453496  0.6303262   2.39635806  0.65582794
  1.29531477  0.80229387  0.88237889  1.68529415  0.47799565  1.1729332
  0.52809165  0.87448903  3.52337471  3.97100532  2.97527262  2.08273806
  0.61300077  1.04090334  1.59145514  1.47667435]
Device (GPU) time: 0.7694 seconds
Iters. done: 174 [Current cost: -23.263939503026965]
Current parameters: [ 1.20137792  0.54570347  1.80786236  2.50636197  3.61956677  2.63568459
  1.37183873  2.23746491  0.64473882  2.91204983  0.32877282  2.04828763
  2.48197458  1.341655    4.1238919   1.50799372  1.70232938  1.52592372
  2.80303054  2.8320817   0.49734326  2.47650607  0.30231515  2.88270302
  2.64699542  1.75362751  0.55164339  2.96413803 -0.41591051  3.64229105
  1.47039723  1.0917837   1.92999445  1.3438951   0.04361509  1.31126847
  2.24047432  1.527056    0.95359724  0.25150077  2.39483546  2.9737836
  1.16854249  2.71724955  2.56229977  0.72029339  2.5663354   0.63966983
  1.29909678  0.80763027  0.88964697  1.674779    0.22371939  1.19444077
  0.52706576  0.84528224  3.52327068  3.97772459  2.98141674  2.07058997
  0.60449808  1.0496349   1.60751995  1.47503681]
Device (GPU) time: 0.8963 seconds
Iters. done: 175 [Current cost: -23.24462736333029]
Current parameters: [ 1.19492373  0.55696257  1.81116019  2.50443959  3.63152677  2.63298577
  1.38019168  2.24897829  0.62494629  2.90397231  0.3298529   2.0431678
  2.4624464   1.34711294  4.13247128  1.52454199  1.89569941  1.51516779
  2.60976201  2.82624923  0.50556515  2.48318663  0.29706438  2.87604191
  2.64587856  1.76303489  0.55104771  2.98170609 -0.43354288  3.64860509
  1.47152741  1.46071702  1.93646298  1.33406971 -0.32440643  1.308708
  2.24494908  1.54122512  0.2378898   0.61331845  2.40147439  2.95785712
  1.17852821  2.7221189   2.56410777  0.7117024   2.29328294  0.65273977
  1.2960376   0.80331377  0.88376798  1.68328447  0.66314877  1.17704377
  0.52789558  0.86890697  3.52335483  3.97228952  2.9764469   2.08041629
  0.61137572  1.04257214  1.59452548  1.47636138]
Device (GPU) time: 0.7727 seconds
Iters. done: 176 [Current cost: -22.816794581158025]
Current parameters: [ 1.20137792  0.54570347  1.80786236  2.50636197  3.61956677  2.63568459
  1.37183873  2.23746491  0.64473882  2.91204983  0.32877282  2.04828763
  2.48197458  1.341655    4.1238919   1.50799372  1.48128637  1.52592372
  3.02984945  2.8320817   0.49734326  2.47650607  0.30231515  2.88270302
  2.64699542  1.75362751  0.55164339  2.96413803 -0.41591051  3.64229105
  1.47039723  0.86328765  1.92999445  1.3438951   0.263379    1.31126847
  2.24047432  1.527056    0.61417724  0.43101561  2.39483546  2.9737836
  1.16854249  2.71724955  2.56229977  0.72029339  2.37354839  0.63966983
  1.29909678  0.80763027  0.8466598   1.674779    0.55614513  1.19444077
  0.52706576  0.89254145  3.52327068  3.97772459  2.98141674  2.07058997
  0.60449808  1.0496349   1.60751995  1.47503681]
Device (GPU) time: 0.8784 seconds
Iters. done: 177 [Current cost: -23.04215719434294]
Current parameters: [ 1.17559774  0.59067607  1.82103501  2.49868335  3.66733897  2.62490461
  1.4052032   2.28345321  0.56568086  2.87978553  0.33308701  2.02783734
  2.40397252  1.36345581  4.15816079  1.57409301  1.46809487  1.48296093
  3.06397367  2.80878487  0.53018424  2.50319044  0.28134182  2.85609633
  2.64253429  1.79120374  0.54926407  3.03431071 -0.48634007  3.66751141
  1.47491156  1.02349183  1.95583193  1.30464921  0.05662297  1.3010411
  2.25834799  1.58365216  0.54373017  0.40152604  2.42135358  2.91016791
  1.20842879  2.73669938  2.56952153  0.68597811  2.5157796   0.69187553
  1.28687738  0.79038872  1.56206219  1.70875269  0.18547412  1.12495133
  0.53038033  0.17459141  3.52360679  3.95601509  2.96156551  2.10983959
  0.63196966  1.02142386  1.55561571  1.48032758]
Device (GPU) time: 0.7790 seconds
Iters. done: 178 [Current cost: -23.28442855104135]
Current parameters: [ 1.20137792  0.54570347  1.80786236  2.50636197  3.61956677  2.63568459
  1.37183873  2.23746491  0.64473882  2.91204983  0.32877282  2.04828763
  2.48197458  1.341655    4.1238919   1.50799372  1.48128637  1.52592372
  3.02984945  2.8320817   0.49734326  2.47650607  0.30231515  2.88270302
  2.64699542  1.75362751  0.55164339  2.96413803 -0.41591051  3.64229105
  1.47039723  1.11602074  1.92999445  1.3438951   0.02030428  1.31126847
  2.24047432  1.527056    0.61417724  0.43101561  2.39483546  2.9737836
  1.16854249  2.71724955  2.79985175  0.72029339  2.54946504  0.39126633
  1.59278135  0.80763027  0.88964697  1.674779    0.25280923  0.98086612
  0.52706576  0.84528224  3.52327068  3.97772459  2.98141674  2.07058997
  0.60449808  1.0496349   1.60751995  1.47503681]
Device (GPU) time: 0.8743 seconds
Iters. done: 179 [Current cost: -23.24503884502691]
Current parameters: [ 1.18766076  0.56963256  1.81487128  2.50227632  3.64498548  2.62994876
  1.38959135  2.26193444  0.60267354  2.89488259  0.33106832  2.03740641
  2.44047112  1.35325481  4.14212575  1.54316393  1.47426742  1.50306401
  3.04800632  2.81968589  0.51481734  2.49070433  0.29115563  2.86854609
  2.64462174  1.77362113  0.5503774   3.00147562 -0.45338478  3.65571034
  1.47279922  1.10108408  1.94374209  1.32301309  0.00664317  1.30582668
  2.24998457  1.55716977  0.57669365  0.41532475  2.40894526  2.93993486
  1.18976525  2.72759844  3.05983895  0.70203486  2.55541379  0.15119855
  0.7164514   0.79845636  0.89593641  1.69285577  0.17581832  1.5764526
  0.52882938  0.87484127  3.52344952  3.96617337  2.97085427  2.09147397
  0.6191152   1.03462433  1.57990266  1.47785193]
Device (GPU) time: 0.8269 seconds
Iters. done: 180 [Current cost: -22.82366107744314]
Current parameters: [ 1.18343133  0.55907956  1.80571936  2.51012218  3.62525038  2.62491747
  1.36840647  2.24710131  0.64304783  2.91582641  0.33737834  2.04216238
  2.46425939  1.35686032  4.10442665  1.50658453  1.49260687  1.52523
  3.0334218   2.85110969  0.50634457  2.49908461  0.3040609   2.90337459
  2.64639765  1.76470994  0.55312594  2.96093106 -0.41609297  3.63483959
  1.4745411   1.12053606  1.95036172  1.33687455  0.02650191  1.32554339
  2.24432823  1.54616932  0.61857069  0.44835773  2.38129781  2.96529927
  1.17751301  2.72352497  2.5804255   0.75930325  2.58196592  0.64489788
  1.30344358  0.80294885  0.54284486  1.68193505  0.27527175  1.21449805
  0.53432201  0.49890321  3.53257333  3.97004594  2.97726281  2.08090934
  0.6130396   1.04507048  1.60220329  1.47832688]
Device (GPU) time: 0.8773 seconds
Iters. done: 181 [Current cost: -23.138096735970805]
Current parameters: [ 1.1401532   0.46039757  1.85668167  2.56562561  3.42369687  2.65569573
  1.43916053  2.29813088  0.62890492  3.05072788  0.5454621   2.00632048
  2.53428885  1.2790903   4.28385912  1.47981594  1.46131288  1.42714787
  3.13306325  3.07831921  0.60919904  2.36375291  0.47135745  2.78161873
  2.66300744  1.86463239  0.53692249  3.17078918 -0.54047047  3.75441385
  1.4144664   1.05098155  1.98542809  1.25621461 -0.02179827  1.2753099
  2.28295992  1.66156334  0.43295326  0.37190319  2.465337    3.06955093
  1.13422534  2.71891651  2.49722502  0.67496397  2.62202847  0.93052171
  1.26483323  1.00517691  0.8951202   1.62601813 -0.13013936  1.04413666
  0.47812986  1.03988843  3.37885651  4.153223    3.17993168  1.99675404
  0.41239721  1.15175293  1.71667574  1.57020571]
Device (GPU) time: 0.7693 seconds
Iters. done: 182 [Current cost: -23.278215777893426]
Current parameters: [ 1.20577553  0.55709964  1.80742844  2.49946599  3.64176274  2.53781756
  1.56479522  2.25469778  0.79761364  3.09355724  0.19468856  2.00373122
  2.20263824  1.18710146  4.04163914  1.57333695  1.48401523  1.52915198
  3.03052413  2.84190156  0.54489058  2.46784125  0.32554149  2.86764562
  2.65402925  1.75537757  0.54661827  2.97034424 -0.48110964  3.65749224
  1.43138891  1.11530155  1.92044635  1.35017342  0.0286327   1.3055875
  2.23980907  1.51672926  0.61178143  0.43223474  2.39721045  2.956633
  1.17639923  2.71920398  2.56025936  0.7189348   2.55057821  0.65142762
  1.30680128  0.79099957  0.87808367  1.68304236  0.24072532  1.18909047
  0.52932567  0.86978632  3.53141831  3.96266726  2.96406022  2.08086239
  0.62166679  1.03785677  1.59080183  1.46815915]
Device (GPU) time: 0.8542 seconds
Iters. done: 183 [Current cost: -23.288383292648703]
Current parameters: [ 1.20492617  0.54303124  1.8288037   2.50266404  3.61634079  2.14065399
  1.30149983  2.0082062   0.54328442  2.91860372  0.37864136  2.33083726
  2.44089296  1.41123629  3.70088406  1.21026455  1.45027565  1.49624284
  3.09397608  2.74870075  0.22186103  2.34926602  0.02998055  2.84477197
  2.6627782   1.77952997  0.57087851  3.05757616 -0.13507917  3.68435369
  1.53587686  1.10998917  1.95236031  1.30977703 -0.03209965  1.28439419
  2.23810247  1.58873225  0.56563275  0.39250278  2.44454865  2.95528048
  1.17744602  2.7209271   2.55267741  0.725967    2.59145185  0.75478735
  1.27836796  0.83225706  0.94634657  1.68033567  0.15077409  1.15394369
  0.50938301  0.90723232  3.4855719   4.00107196  3.0032862   2.07076241
  0.58148501  1.05168718  1.59415301  1.48723519]
Device (GPU) time: 0.7763 seconds
Iters. done: 184 [Current cost: -22.946501672122444]
Current parameters: [ 1.19622385  0.5516157   1.81072992  2.50607567  3.62416492  2.63496679
  1.37127245  2.24402819  0.62601154  2.9024696   0.33696039  2.04731403
  2.47903741  1.3500153   4.13206705  1.51473271  1.47867853  1.51743145
  3.03700644  2.83067511  0.50115223  2.47917977  0.29887678  2.87749067
  2.64630848  1.76124255  0.55134135  2.97839806 -0.42535507  3.64747426
  1.4720849   1.11064342  1.9353955   1.33600172  0.01507464  1.30925702
  2.24394037  1.5386739   0.60028903  0.42529654  2.40015985  2.96506772
  0.8131054   2.71643309  2.55644721  0.71433736  2.55247045  0.65858674
  1.29431982  0.80795126  0.89506275  1.67948059  0.22442238  1.18274706
  0.52225304  0.85864929  3.86951174  3.97697332  2.98133692  2.07575456
  0.60591477  1.0467026   1.60090108  1.477389  ]
Device (GPU) time: 0.8811 seconds
Iters. done: 185 [Current cost: -23.381361995198002]
Current parameters: [ 1.20696393  0.54354682  1.80839823  2.5043745   3.62102365  2.63858969
  1.37313413  2.23504435  0.64331947  2.90860066  0.3239927   2.05009511
  2.48494915  1.33807362  4.12933324  1.51048755  1.47756606  1.5259895
  3.0285953   2.82298046  0.49425618  2.471236    0.29950207  2.87649305
  2.64690346  1.75001938  0.55126067  2.96494252 -0.41647999  3.64418486
  1.46977464  1.11450227  1.92370511  1.34594313  0.01808846  1.30685688
  2.23930888  1.52118734  0.61273528  0.42535561  2.39910192  2.97379462
  1.16712543  2.96414013  2.55640114  0.70753438  2.53878621  0.6375665
  1.29741543  0.80665614  0.88324129  1.67392151  0.2457186   1.18801426
  0.55062707  0.84849304  3.52180116  3.9777981   2.98019684  2.06912863
  0.60447366  1.04929191  1.60671029  1.47318243]
Device (GPU) time: 0.7746 seconds
Iters. done: 186 [Current cost: -23.353249485853425]
Current parameters: [ 1.20863948  0.54526055  1.81058234  2.5025024   3.62503699  2.64064229
  1.37390122  2.2369242   0.63083474  2.89988496  0.32483208  2.05105502
  2.48572546  1.34004218  4.1389071   1.51667619  1.47281474  1.52093477
  3.03183005  2.81435003  0.49390834  2.46833787  0.29502681  2.86804492
  2.64641138  1.75151654  0.55075157  2.9742128  -0.42265115  3.64892401
  1.47025788  1.1099673   1.92157668  1.34294416  0.01304596  1.30187326
  2.24039814  1.52316024  0.60314356  0.41707291  2.40595527  2.96855848
  1.16996236  2.65481211  2.547834    0.69303758  2.53146185  0.64715256
  1.29310248  0.80601619  0.88102223  1.67601774  0.22256995  1.17548019
  1.01758613  0.85928391  3.51874265  3.97740882  2.97910548  2.07098707
  0.6053054   1.04723378  1.60203434  1.4730121 ]
Device (GPU) time: 0.9043 seconds
Iters. done: 187 [Current cost: -23.5185787502267]
Current parameters: [ 1.21918878  0.54162389  1.80938817  2.49863003  3.62821086  2.52809554
  1.37550678  2.17585367  0.64159985  2.8279015   0.31913174  2.00280677
  2.44087462  1.33541871  4.23155722  1.51522303  1.4734413   1.52679619
  3.02790439  2.90150636  0.49234186  2.57029513  0.29468127  2.86838371
  2.64790007  1.74590356  0.5509412   2.96664511 -0.41604426  3.6478228
  1.5537971   1.11343281  1.91598874  1.34892614  0.01588386  1.30129148
  2.23746506  1.5139522   0.61174549  0.4192897   2.40432899  2.97015356
  1.16961358  2.71358528  2.55053711  0.69482712  2.52814411  0.63653716
  1.29644853  0.80113582  0.87607835  1.67395413  0.23860008  1.18135951
  0.51939324  0.85367419  3.51703078  3.97473042  2.97402496  2.06837041
  0.6080915   1.04608317  1.60150361  1.46796694]
Device (GPU) time: 0.7641 seconds
Iters. done: 188 [Current cost: -23.335093883062427]
Current parameters: [ 1.28076160e+00  5.44725852e-01  1.82029126e+00  2.46203103e+00
  3.68141104e+00  2.83527016e+00  1.37422768e+00  2.34149322e+00
  5.65570454e-01  2.97870036e+00  2.70588286e-01  2.14238879e+00
  2.54280693e+00  1.33584636e+00  3.94516857e+00  1.55402199e+00
  1.45537317e+00  1.51228016e+00  3.03824866e+00  2.92018035e+00
  4.92423124e-01  2.66837115e+00  2.61507180e-01  2.83642178e+00
  2.64769942e+00  1.74718320e+00  5.49844182e-01  2.99696003e+00
 -4.36898349e-01  3.66539676e+00  1.63822391e+00  1.09945820e+00
  1.90389126e+00  1.34199771e+00 -2.00580117e-03  1.28155614e+00
  2.23886253e+00  1.51503393e+00  5.82335770e-01  3.89293275e-01
  2.42976927e+00  2.92840315e+00  1.18305637e+00  2.68293508e+00
  2.52078162e+00  6.42575056e-01  2.49904973e+00  6.65820778e-01
  1.28262664e+00  7.65629813e-01  8.65213156e-01  1.68514829e+00
  1.63957470e-01  1.13884330e+00  4.99575604e-01  8.90174587e-01
  3.50125963e+00  3.95169300e+00  2.93384373e+00  2.07644295e+00
  6.36091669e-01  1.01905380e+00  1.55481835e+00  1.44063273e+00]
Device (GPU) time: 0.8644 seconds
Iters. done: 189 [Current cost: -23.154187670704953]
Current parameters: [ 1.20831652  0.5363412   1.80896479  2.50589173  3.60923025  2.6768563
  1.37953821  2.20282313  0.7246263   2.89013699  0.45965799  2.00508726
  2.44371839  1.37492489  4.06648203  1.52486894  1.43675454  1.54706309
  3.05162406  2.85391673  0.50426375  2.47153989  0.27903567  2.84739858
  2.66573269  1.70920299  0.579762    2.97986373 -0.41349069  3.65746766
  1.45915012  1.13848358  1.89003598  1.3644357  -0.02800263  1.27023567
  2.20635492  1.49531109  0.64565408  0.38902841  2.44272914  2.98255569
  1.15837854  2.71343518  2.55886192  0.6959235   2.51712337  0.62793187
  1.29114035  0.81451744  0.89378377  1.66915155  0.29484208  1.19332829
  0.52623223  0.82745738  3.52038373  3.98553097  2.98827035  2.06294435
  0.59569471  1.0550828   1.61472213  1.47549874]
Device (GPU) time: 0.7625 seconds
Iters. done: 190 [Current cost: -23.20958477769282]
Current parameters: [ 1.25261039  0.56515941  1.81388565  2.47060385  3.6936463   2.73961387
  1.4208517   2.15387304  0.72628788  2.75221877  0.48190493  1.9851625
  2.38467893  1.39405496  4.09763123  1.51115794  1.55428906  1.47354532
  2.98643461  2.67101063  0.47482473  2.44454796  0.31466908  2.92441375
  2.60651645  1.83735708  0.49180863  2.94908201 -0.43697909  3.62323324
  1.46601049  1.05740521  1.99132824  1.30184631  0.10463954  1.37525938
  2.30959212  1.57960059  0.52872176  0.48717166  2.31962151  2.9188481
  1.19974285  2.70292778  2.53767823  0.7086725   2.57241256  0.67298532
  1.30271051  0.75539769  0.85930419  1.69494962  0.10668145  1.15701466
  0.50822717  0.90794417  3.51641009  3.93700884  2.92485977  2.0918159
  0.65196608  1.01220691  1.54932156  1.44409324]
Device (GPU) time: 0.8981 seconds
Iters. done: 191 [Current cost: -23.323220693042455]
Current parameters: [ 1.2068438   0.45450117  1.88471926  2.34842597  3.62842745  2.62787715
  1.36779235  2.23831794  0.63953458  2.91459196  0.3227904   2.04683548
  2.4814148   1.33934896  4.12890299  1.50956344  1.48066646  1.5236325
  3.02769723  2.82543399  0.61170783  2.46363865  0.29992335  2.88656609
  2.64337934  1.75341692  0.55168197  2.96149135 -0.31941129  3.63705411
  1.45748935  1.11418274  1.9320885   1.34165777  0.01872741  1.31308992
  2.24194057  1.5292137   0.61248756  0.42970442  2.39374221  2.97509522
  1.16535849  2.71545518  2.55989745  0.71493356  2.54482944  0.63490371
  1.29581742  0.80787972  0.88996511  1.67326233  0.25083568  1.19280271
  0.52603597  0.83926477  3.52220472  3.9789424   2.98146606  2.06829409
  0.60317117  1.05017171  1.60794678  1.47363302]
Device (GPU) time: 0.7661 seconds
Iters. done: 192 [Current cost: -23.321026466503362]
Current parameters: [ 1.23585276  0.72020801  1.66821163  2.67471184  3.43905605  2.64622325
  1.37551754  2.24424953  0.60107158  2.87814477  0.28981693  2.05311137
  2.46491804  1.34453005  4.13585915  1.5331704   1.47222801  1.52157729
  3.03477766  2.76490296  0.76081083  2.46505729  0.27986566  2.86459865
  2.64899926  1.75215065  0.55127555  2.97822886 -0.19970854  3.65317452
  1.46447581  1.11092392  1.92071665  1.34347352  0.01249524  1.29994043
  2.23937548  1.52329649  0.60294094  0.4166756   2.40805473  2.94346767
  1.1798636   2.70498741  2.54890313  0.69609144  2.5350375   0.65287425
  1.29446935  0.77911206  0.88218836  1.68484739  0.22108754  1.17529913
  0.51792022  0.86446076  3.52049284  3.95663477  2.95017192  2.08031833
  0.62930625  1.02907638  1.57464138  1.4565327 ]
Device (GPU) time: 0.8612 seconds
Iters. done: 193 [Current cost: -23.189037424573545]
Current parameters: [ 1.10810552  0.55534845  1.82440423  2.52042261  3.64724008  2.63430512
  1.39326392  2.2464252   0.67339289  2.92214681  0.36252062  2.0605728
  2.49563687  1.36275576  4.12555683  1.48954793  1.492172    1.53619308
  3.04254122  2.86533766  0.52249679  2.50868535  0.32494255  2.87942011
  2.66351035  1.7624314   0.55262625  2.97424011 -0.39235334  3.66142956
  1.5016392   1.12792643  1.93473483  1.34935913  0.03195868  1.31289475
  2.2362852   1.53062529  0.62533374  0.44946918  2.39036371  2.97631124
  1.18076764  2.72974836  2.58654284  0.77329585  2.59437652  0.66564028
  1.3175056   0.81853587  0.90300254  1.6808771   0.27832661  1.21651374
  0.5403386   0.86454893  3.53342483  3.98005326  2.99454323  2.08156492
  0.60227996  1.05131194  1.42750874  1.49200814]
Device (GPU) time: 0.7636 seconds
Iters. done: 194 [Current cost: -23.31715526004606]
Current parameters: [ 0.76846783  0.55014227  1.79553563  2.49533312  3.66665559  2.66326374
  1.38152158  2.23450826  0.60867518  2.86786554  0.28341226  2.05748613
  2.47066146  1.33494524  4.13861513  1.54207997  1.46151893  1.52289355
  3.0272216   2.74834071  0.49006982  2.46722719  0.26882536  2.84803222
  2.64704563  1.73898166  0.5494878   2.97530421 -0.42153246  3.65547167
  1.47628827  1.10627151  1.90019225  1.35116539  0.0072045   1.28767143
  2.23587973  1.50217791  0.60088343  0.40016926  2.41901177  2.94292179
  1.17769897  2.70172163  2.53035171  0.65432116  2.49795155  0.63881038
  1.2892211   0.77148309  0.85958181  1.68103902  0.2043501   1.1569697
  0.50631258  0.86912942  3.51138094  3.95385156  2.94139519  2.07396202
  0.6340492   1.02890491  1.73718691  1.4460442 ]
Device (GPU) time: 0.9517 seconds
Iters. done: 195 [Current cost: -23.182653013064982]
Current parameters: [ 1.21222957  0.55117432  1.80334846  2.50064911  3.62960362  2.60629371
  1.40820803  2.27240107  0.66902934  2.93399055  0.34823043  2.08405946
  2.50812265  1.37579636  4.15887372  1.52114313  1.4764564   1.52388266
  3.02613944  2.80483462  0.49451678  2.4750094   0.28841051  2.87796028
  2.64372558  1.74927155  0.5507494   2.96288445 -0.41854051  3.64044881
  1.46944582  1.11219578  1.92380819  1.34456387  0.01678699  1.30739952
  2.2405753   1.52136427  0.61044083  0.42299811  2.39898783  2.96224426
  1.16991133  2.71323486  2.55253154  0.69928212  2.53193529  0.63323503
  1.29435353  0.79279112  0.88124889  1.6771807   0.24111778  1.18453767
  0.52119319  0.84506897  3.52205766  3.92320584  2.96756301  2.15324427
  0.61608067  1.24863582  1.59953895  1.46352085]
Device (GPU) time: 0.7738 seconds
Iters. done: 196 [Current cost: -23.24747650252003]
Current parameters: [ 1.17385736  0.55073629  1.81372575  2.51983045  3.62102987  2.73500462
  1.26358166  2.13914494  0.54601755  2.82070443  0.24776322  1.93858027
  2.37539076  1.24784675  4.0041381   1.49041861  1.49489973  1.52840433
  3.04106923  2.87651511  0.5119403   2.496207    0.32310439  2.89718162
  2.65442342  1.76859275  0.55374925  2.96994185 -0.41069598  3.64644125
  1.47912255  1.12457634  1.95058062  1.33876715  0.02914194  1.3232504
  2.24215789  1.54767569  0.62029436  0.45268802  2.38307219  2.97954417
  1.17309991  2.72481579  2.58795434  0.77728865  2.59910343  0.66102331
  1.31026944  0.82285979  0.91520793  1.67858508  0.27791345  1.21932004
  0.54250038  0.84693083  3.53388685  3.92821375  2.99155166  1.83348107
  0.59685944  1.31738336  1.61482889  1.49288474]
Device (GPU) time: 0.8931 seconds
Iters. done: 197 [Current cost: -23.297398718676924]
Current parameters: [ 1.19761862  0.54351398  1.80841228  2.50865712  3.61441379  2.63289947
  1.37009203  2.23774743  0.64814868  2.91754926  0.33483252  2.0469189
  2.48389336  1.3421804   4.12211917  1.50285896  1.48385011  1.52634788
  3.03121315  2.84402243  0.49849382  2.47755211  0.30769388  2.88641675
  2.64773001  1.75604594  0.55206305  2.96405347 -0.41551159  3.64182066
  1.46992048  1.11753046  1.93401977  1.34286879  0.02190674  1.31396808
  2.24090994  1.53080917  0.61565549  0.4351095   2.39216267  2.97944809
  1.16775172  2.7189437   2.56694145  0.73027021  2.55777599  0.64188509
  1.30079159  0.89268365  0.8942683   1.74386455  0.25848788  1.19935756
  0.52996597  0.84380514  3.52446456  3.9819336   2.98661051  2.06834319
  0.60017415  1.05071125  1.6107049   1.25223438]
Device (GPU) time: 0.8407 seconds
Iters. done: 198 [Current cost: -23.466705930618723]
Current parameters: [ 1.19455461  0.53417685  1.81308461  2.51963743  3.59333449  2.62160963
  1.35871019  2.24345319  0.64536437  2.94023614  0.35388119  2.04351037
  2.49710243  1.34171081  4.12363149  1.48497565  1.48941319  1.52384344
  3.04076645  2.88507265  0.49491399  2.46785018  0.32782564  2.89523669
  2.65047838  1.76683945  0.554567    2.97221679 -0.42687485  3.64337374
  1.4581253   1.12064718  1.94953867  1.33560492  0.02242056  1.32064954
  2.24300532  1.54920249  0.61430626  0.44434939  2.38776578  2.99649409
  1.16375405  2.71724897  2.57959913  0.760435    2.58682534  0.65937554
  1.30349471  0.49404694  0.91364843  1.36604048  0.26416461  1.2098661
  0.53771086  0.84494397  3.52219597  4.00500678  3.01220473  2.05560932
  0.57891068  1.04472195  1.62721251  1.27841499]
Device (GPU) time: 0.8875 seconds
Iters. done: 199 [Current cost: -23.097251738134428]
Current parameters: [ 1.20979865  0.61625127  1.89387143  2.50247447  3.62040841  2.64075609
  1.37235985  2.23275771  0.6405845   2.90566055  0.3190281   2.05010278
  2.48557158  1.33446843  4.13202503  1.51291057  1.47482066  1.52548709
  3.02719482  2.81592344  0.49112653  2.46645931  0.29667224  2.87304082
  2.64597994  1.74744913  0.5509857   2.96488007 -0.41805456  3.64428225
  1.46776245  1.1129889   1.91978387  1.34685092  0.01618074  1.30419575
  2.23884901  1.51757341  0.61130611  0.42107933  2.40182827  2.97368202
  1.29517966  2.71346724  2.55168088  0.69729441  2.53018665  0.63497058
  1.29546419  0.80505905  0.87879864  1.67269154  0.24023574  1.18310018
  0.52038289  0.84935219  3.64965523  3.97770855  3.10396666  2.06675869
  0.60459238  1.04907975  1.60618991  1.46991346]
Device (GPU) time: 0.7631 seconds
Iters. done: 200 [Current cost: -23.374254866486663]
Current parameters: [ 1.21249561  0.36188067  1.62423506  2.5184365   3.59783149  2.62610599
  1.36242369  2.24210205  0.64001923  2.93678061  0.34764942  2.05046173
  2.50971982  1.33590133  4.14054373  1.48784242  1.48094254  1.52341209
  3.04180961  2.86944856  0.48743831  2.4535115   0.32540576  2.87918199
  2.65240822  1.7610313   0.55434595  2.97918454 -0.43127356  3.65140664
  1.45562213  1.11777662  1.93690708  1.33909497  0.01657217  1.30981541
  2.24016388  1.53914056  0.60948981  0.43175925  2.39895379  2.99706032
  1.39914991  2.71089296  2.56792202  0.73663525  2.5688002   0.66247135
  1.30055295  0.83897498  0.90267947  1.66535142  0.24510898  1.19531093
  0.52990396  0.85731954  3.75653456  4.0099463   2.73376052  2.0530859
  0.57509637  1.0395702   1.62840482  1.49273763]
Device (GPU) time: 0.8712 seconds
Iters. done: 201 [Current cost: -23.103221059289435]
Current parameters: [ 1.20207575  0.54411247  1.80797055  2.50636961  3.6183964   2.67179609
  1.40095052  2.30990428  0.67700271  2.78648336  0.30688773  2.16271745
  2.42659543  1.31580006  4.14292696  1.47679058  1.48112731  1.5259342
  3.02983219  2.91991175  0.47134205  2.48011122  0.27861007  2.8825467
  2.6469852   1.75347532  0.55167791  2.96415351 -0.38656489  3.64230427
  1.37136357  1.11600169  1.92981127  1.34395045  0.02016408  1.31112374
  2.24041059  1.5268956   0.61417518  0.43080916  2.39499473  2.97511477
  1.16849624  2.71718052  2.56213557  0.71991074  2.54912505  0.63955559
  1.29901302  0.80845848  0.88951035  1.6737354   0.2526915   1.19427583
  0.52696784  0.84526728  3.52318397  3.97903901  2.98225714  2.06942215
  0.60316469  1.04985124  1.60822807  1.47494024]
Device (GPU) time: 0.7892 seconds
Iters. done: 202 [Current cost: -23.151346849140694]
Current parameters: [ 1.21072005  0.60152108  1.80790917  2.50111411  3.66822119  2.70903097
  1.44145196  1.99190827  0.66290172  3.01680215  0.24190281  1.93110704
  2.66985817  1.30928877  4.16358694  1.48126095  1.47908895  1.51321985
  3.03248209  2.9628489   0.44269227  2.50532146  0.20522088  2.88860848
  2.63878638  1.76171034  0.551632    2.97143128 -0.36790329  3.63525784
  1.24075135  1.10782456  1.94202219  1.33102468  0.01302428  1.31506787
  2.24723553  1.54480377  0.59839112  0.42529809  2.39570667  2.91920517
  1.15246026  2.7021231   2.55429244  0.70881827  2.54693125  0.6480011
  1.28845613  0.78334802  0.89803102  1.71941674  0.22538872  1.18286265
  0.52268056  0.84359404  3.5033138   3.93469816  2.94922417  2.10733624
  0.65221925  1.02263867  1.58228782  1.48219476]
Device (GPU) time: 0.8657 seconds
Iters. done: 203 [Current cost: -23.275748091661704]
Current parameters: [ 1.19924718  0.53243914  1.79311229  2.49321051  3.59337231  2.63747878
  1.35385623  2.22815752  0.62068631  2.9034268   0.29837274  2.03945004
  2.47487158  1.32019408  4.12797459  1.52383869  1.46919707  1.51718909
  3.01811831  2.80005263  0.47249978  2.44287042  0.28274393  2.88113031
  2.63276347  1.7434095   0.55062181  2.95604044 -0.43720759  3.62715887
  1.44206932  1.10478647  1.92143981  1.34066746  0.00857966  1.3066901
  2.24316991  1.51982696  0.60366995  0.41107485  2.40178689  3.14804971
  1.15688981  2.7051071   2.53732908  0.6657412   2.50329467  0.61580561
  1.28205058  0.79993389  0.87373011  1.66735689  0.2260622   1.17098252
  0.51301889  0.83084412  3.51117244  3.97820121  2.97170675  2.05816417
  0.60401229  1.04972961  1.49728062  1.46080642]
Device (GPU) time: 0.7808 seconds
Iters. done: 204 [Current cost: -23.308427978212187]
Current parameters: [ 1.21588935  0.63750953  1.8397856   2.52713154  3.73304846  2.64607276
  1.42223839  2.23871378  0.64687195  2.92466904  0.34769117  2.04095663
  2.48648948  1.41009268  4.10030889  1.51537684  1.50505626  1.53163443
  3.0562087   2.84437815  0.55005732  2.5730652   0.29090949  2.89273832
  2.66821606  1.78316722  0.55340786  2.98722295 -0.38135645  3.66623522
  1.50504789  1.13125946  1.96011993  1.33792011  0.03842123  1.32532035
  2.24188281  1.55965531  0.6206999   0.46779046  2.38022499  3.29414276
  1.17748217  2.72826822  2.60675717  0.82324995  2.64345438  0.69674698
  1.32436462  0.7934662   0.93087382  1.74042101  0.28230832  1.23250222
  0.55223325  0.87306048  3.52983141  3.92544507  2.96382603  2.14003456
  0.66141094  1.02191968  1.81697672  1.51573088]
Device (GPU) time: 0.9177 seconds
Iters. done: 205 [Current cost: -23.165759520178877]
Current parameters: [ 1.21099176  0.53554449  1.80846241  2.50364966  3.61516387  2.65442807
  1.4742049   2.21648285  0.59674105  2.89038981  0.25584154  2.02655872
  2.46033777  1.4810473   4.10637512  1.4207434   1.46912756  1.53009914
  3.03328298  2.82701677  0.49218153  2.46227951  0.41186892  2.87157172
  2.65032664  1.74163718  0.55739648  2.96760112 -0.4211581   3.64594389
  1.46416084  1.11947384  1.91751645  1.34930482  0.00820463  1.29979681
  2.23263588  1.51663082  0.61963351  0.41795988  2.40779667  2.97353108
  1.16626703  2.71478566  2.55713374  0.7054734   2.53448386  0.63492283
  1.29569637  0.80995229  0.88621169  1.66881263  0.25661705  1.18954002
  0.52413494  0.84265145  3.52073587  3.9837503   2.98343548  2.06318168
  0.59844406  1.05021125  1.60591166  1.47185891]
Device (GPU) time: 0.7738 seconds
Iters. done: 206 [Current cost: -23.215585751123715]
Current parameters: [ 1.22964411  0.62008214  1.81545068  2.49490449  3.7052301   2.61187565
  1.21189655  2.25383043  0.66891205  2.94076145  0.3902605   2.06028026
  2.50841929  1.12678961  4.1502322   1.28921114  1.45080581  1.52946975
  3.04623431  2.7603879   0.50194279  2.50279608  0.56852499  2.85964191
  2.65400638  1.73191535  0.56827881  2.98262151 -0.41952205  3.65073399
  1.43431052  1.12295113  1.91087569  1.34810993 -0.01517341  1.28570125
  2.2239356   1.51807482  0.61983218  0.39836783  2.42791915  2.96073581
  1.15213819  2.70201351  2.55158653  0.69216925  2.52503359  0.64248873
  1.28667829  0.76698665  0.89525288  1.73334374  0.25142206  1.18106026
  0.52125896  0.83998847  3.50420099  3.91337965  2.93304055  2.12342465
  0.67362821  1.01953004  1.61508893  1.47929497]
Device (GPU) time: 0.8809 seconds
Iters. done: 207 [Current cost: -23.036961428843178]
Current parameters: [ 1.22017681  0.4642448   1.73528331  2.59093266  3.78838055  2.63133821
  1.36824362  2.23879695  0.63768336  2.91263411  0.32163411  2.04841294
  2.48243394  1.33950677  4.12991483  1.51491059  1.4771487   1.52295564
  3.02578353  2.8251513   0.54262261  2.45542877  0.29569154  2.88182982
  2.64220007  1.75011887  0.55117469  2.96145741 -0.3785481   3.63736245
  1.46147012  1.11209688  1.92681553  1.34290849  0.01641675  1.30955688
  2.24140075  1.52431988  0.61046826  0.42411503  2.39729865  2.97338406
  1.16468567  2.71308329  2.55357457  0.70130188  2.53344256  0.63163315
  1.2933409   0.81115654  0.88385932  1.66514978  0.24324077  1.18616843
  0.52211824  0.84080295  3.51899271  3.98734942  3.07373674  2.05856652
  0.59485922  1.05033478  1.60445285  1.46967149]
Device (GPU) time: 0.7944 seconds
Iters. done: 208 [Current cost: -23.182313871510647]
Current parameters: [ 1.17962405  0.43417551  1.5532577   2.36697781  3.44873397  2.66107854
  1.36736898  2.21626459  0.64694171  2.9011858   0.3237887   2.03373089
  2.47352614  1.31988091  4.09777717  1.49092283  1.48930139  1.52828319
  3.04102791  2.79724206  0.44589559  2.57329369  0.30850708  2.8880103
  2.65504247  1.76417141  0.55384429  2.9730508  -0.45463512  3.65017187
  1.46979801  1.12286489  1.94254487  1.34106571  0.02509633  1.31668453
  2.24024836  1.54096987  0.61794225  0.44456685  2.38987792  2.97073896
  1.17061053  2.72117866  2.5804654   0.76146544  2.58647563  0.66080727
  1.30795148  0.75641755  0.9081605   1.75304924  0.26750673  1.21054012
  0.53763659  0.85250496  3.52630086  3.8886897   3.23937703  2.15512327
  0.69648896  1.02657435  1.6179936   1.49109625]
Device (GPU) time: 0.8763 seconds
Iters. done: 209 [Current cost: -23.118586794702278]
Current parameters: [ 1.20602476  0.65911022  1.70725395  2.39518206  3.6737562   2.60664664
  1.39718746  2.26585947  0.66892609  2.93978105  0.35475134  2.07534052
  2.50906142  1.36927527  4.15287267  1.51099412  1.48006917  1.52507628
  3.02863011  2.83430625  0.49516669  2.4653455   0.3005253   2.88220282
  2.64565242  1.75258591  0.55142736  2.96342286 -0.4190813   3.6410328
  1.469567    1.11482311  1.92887961  1.34369499  0.01924852  1.31065766
  2.2407409   1.52606435  0.61302     0.42893815  2.39562404  2.97336834
  1.16750805  2.71602462  2.5596237   0.71451401  2.54462254  0.63741357
  1.29746988  0.81300732  0.88771566  1.66696325  0.24972849  1.19185134
  0.52552117  0.84429933  3.52192362  3.98697095  2.98122164  1.94307213
  0.59507817  1.05144061  1.60713149  1.47336949]
Device (GPU) time: 0.7769 seconds
Iters. done: 210 [Current cost: -23.29060733551197]
Current parameters: [ 1.21292989  0.40127092  1.93132474  2.64293293  3.53224843  2.58050389
  1.44257851  2.28875028  0.71782047  2.97671293  0.37676383  2.11323312
  2.55445503  1.38031609  4.18722958  1.49948103  1.47804959  1.52030912
  3.0298567   2.743408    0.48313014  2.57276296  0.28948906  2.88791656
  2.64139437  1.75431327  0.55328743  2.96453246 -0.41657795  3.63484021
  1.43356897  1.11275801  1.93516599  1.33792024  0.0138622   1.31297907
  2.24265711  1.53462363  0.60897098  0.42630523  2.39589074  2.97336967
  1.15962371  2.71030696  2.55780365  0.7114541   2.54365864  0.63713452
  1.29182435  0.7230685   0.89412692  1.77519488  0.24485474  1.18975796
  0.52505609  0.83679021  3.51623669  3.85078081  2.98235706  1.7900809
  0.73513441  1.01860888  1.61612119  1.47685163]
Device (GPU) time: 0.8924 seconds
Iters. done: 211 [Current cost: -23.442531907823497]
Current parameters: [ 1.2008095   0.54776592  1.80872439  2.50553791  3.62267965  2.60937389
  1.36076953  2.24475931  0.62958488  2.91309892  0.33457123  2.04377136
  2.4761911   1.35290596  4.10386967  1.5186035   1.48204467  1.52678377
  3.03030874  2.73857075  0.50160478  2.64007744  0.3054806   2.87987008
  2.64870671  1.75415438  0.55076805  2.96553217 -0.42333613  3.6455514
  1.36457568  1.11620696  1.92836704  1.3451845   0.02209746  1.31026225
  2.2402313   1.52526037  0.61404342  0.43169636  2.39517081  2.97019467
  1.17048118  2.71802157  2.56255417  0.72140587  2.55081398  0.64247046
  1.30096777  0.82983673  0.88789439  1.64993008  0.25129188  1.19403917
  0.52687593  0.85022124  3.52296502  4.05577403  2.98002657  2.07248294
  0.52497308  1.06495236  1.60441088  1.47492583]
Device (GPU) time: 0.7761 seconds
Iters. done: 212 [Current cost: -23.38749207475132]
Current parameters: [ 1.202565    0.54333428  1.81153699  2.51144055  3.60764205  2.65206259
  1.38957491  2.22535783  0.66838755  2.91475041  0.31899148  2.05521537
  2.49539428  1.31896454  4.13068096  1.49069619  1.48049876  1.52257413
  3.03175836  2.7822647   0.48786315  2.52678946  0.29379934  2.88909814
  2.64409339  1.75572241  0.55375302  2.96499371 -0.40711874  3.63700696
  1.4756394   1.11546824  1.93682275  1.33891196  0.01619876  1.31418806
  2.24184042  1.53563082  0.61219351  0.43061972  2.39411103  2.97600428
  1.1623857   2.71356541  2.56333618  0.72292869  2.55271547  0.6402175
  1.2953018   1.09931919  0.89742704  1.34961917  0.25274248  1.1955114
  0.5282931   0.83785006  3.52027466  3.82255195  2.9832423   2.0680897
  0.76361297  1.01442123  1.61654171  1.47943525]
Device (GPU) time: 0.8927 seconds
Iters. done: 213 [Current cost: -23.50467046227233]
Current parameters: [ 1.2033962   0.54904877  1.80968578  2.50408879  3.62582811  2.61485163
  1.34692723  2.25507835  0.62034337  2.91443459  0.33608546  2.03505784
  2.4699356   1.36533553  4.1149647   1.52621648  1.48231745  1.52726995
  3.03031407  2.84855644  0.5024524   2.47219742  0.30541772  2.877177
  2.6497879   1.75427894  0.54991553  2.96653866 -0.42839981  3.64804258
  1.44135793  1.11597588  1.92654555  1.34626838  0.02334698  1.30916205
  2.24010293  1.52332965  0.61354026  0.43161466  2.3957315   2.96685536
  1.17186757  2.71830402  2.56189361  0.72048158  2.55041134  0.64422054
  1.30209727  0.80504656  0.88569045  1.67786371  0.24891658  1.19282214
  0.52619432  0.85430121  3.52224559  4.12310543  2.97837092  2.07381365
  0.79277676  1.07796345  1.6012757   1.47427388]
Device (GPU) time: 0.8007 seconds
Iters. done: 214 [Current cost: -23.359376302314825]
Current parameters: [ 1.21374257  0.55589923  1.84014121  2.51684952  3.60022187  2.65202665
  1.1644607   2.4418845   0.80030093  2.96548884  0.18776794  1.82599397
  2.44379504  1.47237112  4.17782812  1.43287928  1.48392368  1.51729148
  3.0428299   2.81429684  0.39503985  2.44968408  0.18892408  2.87805598
  2.65062942  1.76894058  0.55075574  2.98512677 -0.35521888  3.65387924
  1.48637426  1.11243957  1.94188268  1.33393031  0.01938654  1.3119273
  2.24520538  1.54630002  0.59892012  0.43248013  2.39744726  2.93732684
  1.15873129  2.70471228  2.56419695  0.73388793  2.57184844  0.6735095
  1.29936563  0.82735188  0.90281523  1.68578545  0.22454741  1.18812741
  0.52706959  0.86825895  3.49990551  3.95841629  2.96957773  2.07942019
  0.56810319  1.01535633  1.61162328  1.49254702]
Device (GPU) time: 0.8751 seconds
Iters. done: 215 [Current cost: -23.142354814673283]
Current parameters: [ 1.20459812  0.55449718  1.81265553  2.50038654  3.63602578  2.58968236
  1.27221663  2.22448859  0.58778468  2.93605999  0.34303662  2.08083151
  2.42816087  1.43003844  4.11170596  1.58053444  1.48399674  1.5294625
  3.03107079  2.88039253  0.53350692  2.46696227  0.3303175   2.86817693
  2.65433592  1.75533992  0.54710142  2.97044849 -0.47534421  3.65740991
  1.38837564  1.11590283  1.92092844  1.35013366  0.02830255  1.30573138
  2.23949805  1.51726064  0.61250283  0.43259033  2.39719085  2.95557152
  1.17728305  2.72002142  2.5612321   0.72078809  2.55195255  0.65163215
  1.30698408  0.80083854  0.87924659  1.68288769  0.24257674  1.19018592
  0.52477503  0.86899014  3.52057606  3.87704818  2.97341028  2.07906396
  0.61232538  1.02062557  1.59110587  1.47303131]
Device (GPU) time: 0.8382 seconds
Iters. done: 216 [Current cost: -23.500625345394614]
Current parameters: [ 1.2022218   0.53802032  1.81490473  2.51890202  3.58903628  2.75594999
  1.22489699  2.01250545  0.83341969  3.00180563  0.21806673  2.28323552
  2.41388967  1.42518657  4.22783257  1.51273554  1.47870599  1.51747964
  3.0336425   2.78586449  0.53016359  2.48849158  0.32532147  2.90051979
  2.63853239  1.75773255  0.55745188  2.96437051 -0.45583398  3.62658468
  1.55805002  1.11467616  1.94732938  1.33121665  0.00903307  1.31908125
  2.24379132  1.54847499  0.610044    0.42948793  2.39272746  2.98324831
  1.15252338  2.70820805  2.56455018  0.72533347  2.55548662  0.63761107
  1.28847528  0.82516208  0.90933592  1.66836887  0.25485792  1.19757825
  0.53018502  0.82267257  3.51711837  4.07814527  2.98733784  2.06276807
  0.58557015  1.06860564  1.63158373  1.48512525]
Device (GPU) time: 0.9084 seconds
Iters. done: 217 [Current cost: -23.305233025367805]
Current parameters: [ 1.20177943  0.54679992  1.80846     2.50561691  3.62161899  2.59832096
  1.36794516  2.23974332  0.69223046  2.85344551  0.29236009  2.04293425
  2.54360074  1.34239825  4.07486875  1.42437591  1.48162432  1.52636496
  3.03000173  2.8290939   0.61895262  2.46827919  0.23116714  2.88089181
  2.64791069  1.75384102  0.55107707  2.96492486 -0.56035596  3.64417617
  1.47041112  1.11600604  1.92886404  1.34467297  0.02130155  1.31057807
  2.24035259  1.52583465  0.61396846  0.43121196  2.39512914  2.9715128
  1.16963232  2.71759516  2.56216664  0.72035507  2.5497752   0.64116137
  1.30008022  0.80678344  0.88835018  1.67579004  0.25153338  1.19391025
  0.52678014  0.8482383   3.5229347   3.97696618  2.98041845  2.07164656
  0.60547404  1.04854551  1.60547333  1.47478675]
Device (GPU) time: 0.7752 seconds
Iters. done: 218 [Current cost: -23.278194351978474]
Current parameters: [ 1.20716216  0.54508005  1.82598426  2.51881798  3.5918502   2.52900995
  1.35270743  2.23463409  0.80568721  2.77234426  0.2162489   2.03395034
  2.67615521  1.32565163  3.97433392  1.7684301   1.48074519  1.51687414
  3.03775263  2.83611238  0.44511819  2.434681    0.50208926  2.89215832
  2.64310565  1.7627141   0.55499045  2.97313667 -0.38065447  3.63711449
  1.48653849  1.11364934  1.94611299  1.33157083  0.01269619  1.31655168
  2.24459423  1.54889257  0.60509617  0.43065437  2.39458617  2.96447572
  1.15414272  2.70617071  2.56454147  0.72925443  2.56276063  0.65261901
  1.29240526  0.82717781  0.90781337  1.67531298  0.24220544  1.19378889
  0.52906579  0.8404848   3.50947738  3.98696232  2.98021841  2.06930189
  0.58406941  1.03727222  1.62466704  1.48888319]
Device (GPU) time: 0.9109 seconds
Iters. done: 219 [Current cost: -23.40682167714189]
Current parameters: [ 1.20027271  0.53567028  1.85181835  2.53532299  3.54628388  2.64011184
  1.38947088  2.24794375  0.58117029  2.96961782  0.39529352  2.04074872
  2.5008067   1.30148154  4.16719058  1.53782054  1.49278443  1.50900606
  3.03720184  2.87099873  0.49447155  2.42212106  0.32443385  2.88194168
  2.64474221  1.7804645   0.54236348  2.98467724 -0.46735654  3.65199685
  1.48789217  1.10327644  1.94953969  1.32762333  0.02983703  1.31957276
  2.25493554  1.55353639  0.58513287  0.43815973  2.3886218   2.96234934
  1.14415922  2.70100698  2.55858306  0.72823122  2.57250513  0.67943779
  1.29875016  0.87419462  0.88800957  1.67275709  0.19938312  1.18001064
  0.52005743  0.87005433  3.47046777  4.02249052  3.01154642  2.06112486
  0.53855136  1.0413271   1.64588848  1.51614764]
Device (GPU) time: 0.8123 seconds
Iters. done: 220 [Current cost: -23.514222943530676]
Current parameters: [ 1.19477304  0.54650143  1.80644598  2.509555    3.61511771  2.63211817
  1.3683387   2.23858504  0.65070009  2.91853874  0.33531269  2.04675627
  2.48167314  1.34562584  4.11448721  1.50116223  1.50653763  1.52312788
  3.01435795  2.84610997  0.50006314  2.48261919  0.30734017  2.89221319
  2.64600718  1.76499409  0.54618792  2.90595116 -0.41158203  3.63883766
  1.47105127  1.1262379   1.8844181   1.33877528  0.02005884  1.32183195
  2.24914194  1.53200941  0.55500486  0.36683226  2.38405039  2.97695077
  1.16854967  2.71836204  2.5653007   0.72881798  2.55022269  0.64027331
  1.29947026  0.80986962  0.8935528   1.67429116  0.26286006  1.19759029
  0.52931149  0.84304521  3.52533074  3.97870685  2.98413399  2.07069158
  0.60315817  1.05153108  1.61126102  1.47739289]
Device (GPU) time: 0.9053 seconds
Iters. done: 221 [Current cost: -23.198760555906247]
Current parameters: [ 1.20786423  0.55146133  1.81741016  2.50859076  3.61788092  2.63589316
  1.3727937   2.23590776  0.62325994  2.91408036  0.3272391   2.0497769
  2.48094651  1.33470745  4.12573772  1.52321643  1.57237364  1.52254725
  2.93305547  2.81667383  0.48623688  2.46941285  0.29149321  2.87618929
  2.6462005   1.75230722  0.55357682  3.0116657  -0.42300973  3.6461486
  1.4807949   1.1969295   1.96847322  1.34235352 -0.0671799   1.3057826
  2.23822283  1.53153259  0.55619024  0.52645517  2.40158561  2.95897829
  1.1653352   2.71236104  2.56106017  0.71409322  2.48828283  0.64613215
  1.29404178  0.80851738  0.9000059   1.67966848  0.34231566  1.18963801
  0.52891911  0.84865629  3.52002867  3.97427315  2.9709718   2.07550847
  0.60330775  1.03644798  1.60671492  1.47819855]
Device (GPU) time: 0.8021 seconds
Iters. done: 222 [Current cost: -23.231709262354027]
Current parameters: [ 1.19939902  0.54458514  1.80683154  2.50797181  3.61612144  2.63451421
  1.36926509  2.23645095  0.6498432   2.91586162  0.33142013  2.04829816
  2.48437562  1.34264035  4.11877244  1.5029387   1.51770871  1.52748555
  3.06505213  2.83881586  0.49743744  2.47824607  0.30513689  2.82122015
  2.60410449  1.75650796  0.50819949  2.96629143 -0.41178182  3.59590439
  1.47052958  1.11896942  1.93576909  1.34342043  0.02242411  1.3139617
  2.26106911  1.47618923  0.6160693   0.43455948  2.39348016  2.97719639
  1.16725208  2.71709294  2.56324674  0.72422951  2.5505795   0.63814054
  1.29812767  0.80914378  0.8920731   1.67346936  0.25518275  1.19594013
  0.52791538  0.8412687   3.52413775  3.97884723  2.98321855  2.06936046
  0.60303615  1.05135788  1.61079754  1.47586937]
Device (GPU) time: 0.9626 seconds
Iters. done: 223 [Current cost: -23.33405626938592]
Current parameters: [ 1.20160328e+00  5.54674779e-01  1.81422770e+00  2.50565801e+00
  3.62659828e+00  2.63482079e+00  1.37775385e+00  2.24331896e+00
  6.22698510e-01  2.90708371e+00  3.27589173e-01  2.04621453e+00
  2.47015618e+00  1.34110474e+00  4.13136167e+00  1.52554372e+00
  1.53864404e+00  1.53464144e+00  3.12277351e+00  2.81945994e+00
  4.96803021e-01  2.47623268e+00  2.93618362e-01  2.96885122e+00
  2.54824117e+00  1.73381103e+00  6.38980561e-01  2.98260126e+00
 -4.30092852e-01  3.53850454e+00  1.47550622e+00  1.12041984e+00
  1.91034247e+00  1.35547661e+00  2.53683344e-03  1.28714710e+00
  2.18811764e+00  1.60453823e+00  6.31633409e-01  4.18552359e-01
  2.41856257e+00  2.95742040e+00  1.17297352e+00  2.71775781e+00
  2.56511702e+00  7.17293726e-01  2.55056633e+00  6.52747666e-01
  1.30441728e+00  8.05104116e-01  8.90072060e-01  1.68198357e+00
  2.63056855e-01  1.19452555e+00  5.27971992e-01  8.60969036e-01
  3.52153753e+00  3.97286020e+00  2.97345275e+00  2.07847674e+00
  6.08231820e-01  1.03938727e+00  1.59891419e+00  1.47678719e+00]
Device (GPU) time: 0.7690 seconds
Iters. done: 224 [Current cost: -23.455948767069764]
Current parameters: [ 1.20242727  0.54403883  1.80810877  2.50649226  3.6178094   2.61820676
  1.36876406  2.2277422   0.64456254  2.91407326  0.32992408  2.05887346
  2.48238946  1.34283738  4.10732842  1.49525655  1.50403686  1.5739666
  3.0068298   2.83003912  0.48656297  2.47106148  0.2935142   2.88249593
  2.64776892  1.71237029  0.55237239  2.96455499 -0.40360017  3.64277442
  1.47243207  1.09146697  1.92982046  1.34423554  0.04406067  1.31081787
  2.23972283  1.52700369  0.58550201  0.44665831  2.47009572  2.97537371
  1.16744631  2.71668781  2.56329774  0.731512    2.56838502  0.64003089
  1.29938713  0.80904638  0.88931821  1.67377975  0.22452323  1.19553011
  0.52634842  0.84346747  3.52198884  3.97925971  2.98282968  2.06922361
  0.60277439  1.05068091  1.60886996  1.47524927]
Device (GPU) time: 0.9080 seconds
Iters. done: 225 [Current cost: -23.149884654240633]
Current parameters: [ 1.21003043  0.55200114  1.82472041  2.51033064  3.6129696   2.53000675
  1.3592907   2.18611087  0.60193251  2.92408634  0.33662389  2.10869425
  2.46987081  1.34376231  4.03112604  1.46333449  1.43586645  1.48013834
  3.06444128  2.79949532  0.42443524  2.44108595  0.23343891  2.88714366
  2.65845637  1.79376021  0.55712377  2.98438164 -0.36374072  3.65696048
  1.49837951  1.12384522  1.94680474  1.33812252  0.00614186  1.31072809
  2.23968516  1.54271052  0.65456578  0.42408131  2.33337105  2.95245838
  1.16408646  2.71055505  2.56296536  0.71778839  2.55274055  0.65447819
  1.29752247  0.81526126  0.9003109   1.68140441  0.25324695  1.19173382
  0.52695792  0.85425351  3.51192064  3.9785559   2.97242694  2.07620611
  0.59667235  1.03281855  1.60716129  1.48265704]
Device (GPU) time: 0.7974 seconds
Iters. done: 226 [Current cost: -23.465363954081834]
Current parameters: [ 1.20481993  0.54343133  1.80777114  2.5055912   3.61899663  2.6374039
  1.37157724  2.2350356   0.6461701   2.9112223   0.32630538  2.04972752
  2.48553868  1.3393062   4.12564534  1.50744     1.48305545  1.55743069
  3.0257629   2.82823251  0.49494022  2.4731951   0.30149638  2.88500667
  2.64683596  1.79702367  0.54755714  3.00748645 -0.4142936   3.64332326
  1.4699694   1.11041313  1.88687408  1.42908261  0.01985162  1.34954302
  2.24509209  1.52804676  0.60994013  0.43166394  2.39090535  2.97550251
  1.16677113  2.7159998   2.56236045  0.7156514   2.55115858  0.63850773
  1.29829635  0.80761552  0.88932899  1.67344214  0.2499676   1.19475923
  0.52613718  0.84187596  3.52253881  3.97834549  2.9813514   2.06881398
  0.60374612  1.05022606  1.60851974  1.47398217]
Device (GPU) time: 0.9296 seconds
Iters. done: 227 [Current cost: -23.320309920081506]
Current parameters: [ 1.20677257  0.55256911  1.81598637  2.5068055   3.62234997  2.64766382
  1.37673021  2.24373787  0.62368398  2.90930897  0.32508573  2.04242344
  2.47827683  1.33511047  4.13983915  1.5322358   1.43899504  1.59584542
  3.06217742  2.81651401  0.49595583  2.4736201   0.29733205  2.8618446
  2.65002814  1.79231453  0.58592784  2.87350696 -0.43299723  3.64979741
  1.47713146  1.13720447  2.03253785  1.32621645 -0.01239082  1.46133863
  2.20426752  1.5198827   0.65498523  0.41299243  2.42785912  2.9581357
  1.1681444   2.71416925  2.55868068  0.71502366  2.52932461  0.64476512
  1.29620433  0.80615778  0.89593003  1.68053862  0.27421616  1.18907874
  0.52841984  0.85300711  3.52098243  3.97302227  2.97092433  2.07661808
  0.60602564  1.03719777  1.60312716  1.47684942]
Device (GPU) time: 0.8011 seconds
Iters. done: 228 [Current cost: -23.1320097245051]
Current parameters: [ 1.1962191   0.54771342  1.80737562  2.50818866  3.6182497   2.63300304
  1.37066289  2.23971848  0.64600503  2.91521014  0.33317813  2.04661207
  2.47919402  1.34496524  4.11889763  1.50573104  1.46866902  1.54376955
  3.04746378  2.84045289  0.50020392  2.48137434  0.30489541  2.92812625
  2.64708235  1.7415195   0.49365509  2.96496332 -0.41542263  3.64054468
  1.47097306  1.13134242  1.93423015  1.34328145  0.00534553  1.31436814
  2.30693054  1.55717818  0.63553151  0.42557869  2.41457797  2.97374032
  1.16986854  2.71861897  2.56316647  0.73494202  2.5037334   0.64052226
  1.29979408  0.80851859  0.89141467  1.67558654  0.25103095  1.19537218
  0.52863923  0.84695042  3.52462447  3.97764558  2.98253008  2.07195648
  0.60453488  1.04993615  1.6082387   1.47674767]
Device (GPU) time: 0.8994 seconds
Iters. done: 229 [Current cost: -23.29446165304983]
Current parameters: [ 1.22586336  0.54853428  1.81960503  2.49895678  3.63148728  2.65854222
  1.38437725  2.23875828  0.61085898  2.89399316  0.30750836  2.04707572
  2.4831312   1.32300812  4.16372304  1.54831601  1.4417286   1.51604561
  3.03917868  2.78000478  0.48691675  2.45596574  0.2850111   2.88987244
  2.650254    1.72981313  0.50447242  2.97506546 -0.44172713  3.65710818
  1.47572915  1.12730636  1.91520656  1.33457643  0.00730321  1.27965143
  2.28916946  1.52987373  0.62721144  0.4018917   2.41538762  2.9521666
  1.16585649  2.70992789  2.55315996  0.66080595  2.70922164  0.64355209
  1.29459417  0.80117133  0.88759161  1.68037818  0.35229325  1.18283993
  0.52249678  0.8541777   3.5154102   3.97129445  2.96409732  2.07464876
  0.60810058  1.03281783  1.59593291  1.47056588]
Device (GPU) time: 0.8552 seconds
Iters. done: 230 [Current cost: -23.478184764010592]
Current parameters: [ 1.21263073  0.54311456  1.80972619  2.50151352  3.62523356  2.64166852
  1.3764206   2.23433422  0.63758791  2.90268611  0.31825377  2.05132172
  2.48474457  1.33470474  4.13783016  1.51690808  1.46997166  1.52847291
  3.02967066  2.81047399  0.4920566   2.46600813  0.29494603  2.8693036
  2.66600082  1.74246119  0.55449072  2.96599898 -0.42072021  3.62821027
  1.46922532  1.11696013  1.9160288   1.34919674  0.00895575  1.3006096
  2.23480389  1.51410386  0.61523248  0.41616964  2.39492834  2.97061918
  1.16735958  2.71491045  2.51918088  0.79404064  2.53719372  0.67912766
  1.34157448  0.80457819  0.88571486  1.67455639  0.25516148  1.15899932
  0.52339979  0.84432313  3.51998724  3.97680135  2.97768188  2.06927571
  0.60582043  1.04745032  1.60309956  1.47113742]
Device (GPU) time: 0.8796 seconds
Iters. done: 231 [Current cost: -23.159496379906678]
Current parameters: [ 1.21716648  0.55223531  1.8199541   2.50378929  3.62617161  2.65647177
  1.38091582  2.24278654  0.61285485  2.90257338  0.31633611  2.04285405
  2.4806823   1.32737039  4.15455455  1.54576585  1.45482407  1.50030034
  3.03389981  2.79636219  0.49100415  2.46465055  0.29088753  2.86455845
  2.67679379  1.74703389  0.56454347  2.98426254 -0.44094841  3.63087344
  1.47868858  1.10487007  1.92207359  1.33625804  0.01314125  1.28068192
  2.22663549  1.51923521  0.61895657  0.42008869  2.37341659  2.95169294
  1.16623457  2.71095507  2.65726481  0.81605956  2.53663738  0.53905767
  1.18071652  0.80390845  0.89085623  1.6816986   0.2256113   1.26602031
  0.5262981   0.85868274  3.51785698  3.97116668  2.96494668  2.07699525
  0.60685419  1.03177742  1.59967539  1.47468775]
Device (GPU) time: 0.7770 seconds
Iters. done: 232 [Current cost: -23.248946226601106]
Current parameters: [ 1.19359807  0.55032366  1.80783827  2.50835211  3.62005335  2.63175984
  1.37185071  2.24244332  0.64276377  2.91462944  0.33461105  2.04521133
  2.47486479  1.34688631  4.11905469  1.50810302  1.48539491  1.52496086
  3.03123321  2.84174296  0.50250105  2.48395494  0.30466557  2.89001621
  2.64673763  1.75781336  0.55254339  2.96576265 -0.41848984  3.64042121
  1.47134008  1.10874721  1.93500501  1.34282645  0.0318151   1.3143079
  2.24142801  1.53408463  0.61491552  0.43819385  2.38980627  2.97083401
  1.1720554   2.71988825  2.54234607  0.73350151  2.55990833  0.62267891
  1.2466165   0.80798356  0.94243279  1.67735885  0.25889675  1.11984352
  0.52923173  0.79499457  3.52501979  3.97663573  2.98193949  2.07412573
  0.60579502  1.04873727  1.6060791   1.47746864]
Device (GPU) time: 0.8923 seconds
Iters. done: 233 [Current cost: -23.1531192099374]
Current parameters: [ 1.20622454  0.55411491  1.81594642  2.50528019  3.62631233  2.64610418
  1.37913894  2.24534811  0.62020732  2.90572548  0.32399508  2.04251493
  2.47394301  1.33637948  4.14229227  1.53462417  1.46969469  1.50475808
  3.02964802  2.81331703  0.49747761  2.47396844  0.29527785  2.87646105
  2.64379599  1.75495503  0.55378348  2.97369648 -0.43606945  3.65485934
  1.47613679  1.09067573  1.93062094  1.33336575  0.03848834  1.29526717
  2.23832261  1.52678219  0.61273944  0.4298623   2.38787145  2.95561842
  1.17077473  2.71558541  2.58697645  0.67116499  2.52060907  0.6769516
  1.38595296  0.80461304  1.01513105  1.68194134  0.22839975  1.30514321
  0.52773969  0.72338971  3.52075521  3.97208973  2.97052643  2.07814
  0.60794995  1.03682271  1.59937168  1.47618922]
Device (GPU) time: 0.7711 seconds
Iters. done: 234 [Current cost: -23.337759617182062]
Current parameters: [ 1.09369825  0.54610173  1.80730649  2.50496839  3.6270806   2.64371734
  1.37279704  2.23583101  0.63662073  2.90492484  0.31979571  2.04764779
  2.48137775  1.33784516  4.12897201  1.51858098  1.47426707  1.51887701
  3.03031976  2.81383096  0.49488705  2.47326998  0.29585902  2.87522278
  2.6469385   1.75213152  0.55424     2.97000559 -0.41717874  3.64874302
  1.47347782  1.11380427  1.92658431  1.3424365   0.01768281  1.30243945
  2.23680084  1.52301481  0.61448188  0.42753369  2.39514154  2.9660711
  1.16981332  2.71322785  2.55669493  0.69721484  2.53992997  0.64072829
  1.298344    0.80088652  0.87738727  1.67608507  0.23986571  1.18931372
  0.52197534  0.85693765  3.51876701  3.97222628  2.97061992  2.07127419
  0.60954888  1.04268608  1.6422939   1.4698432 ]
Device (GPU) time: 0.8821 seconds
Iters. done: 235 [Current cost: -23.23216530846519]
Current parameters: [ 1.20199987  0.54708711  1.80859206  2.50543262  3.62214108  2.62312256
  1.37757428  2.27355661  0.63184021  2.90467782  0.33382473  2.01011732
  2.48756905  1.33916133  4.11501751  1.50332089  1.48168403  1.52645634
  3.03007236  2.83642298  0.48837125  2.47397417  0.29383122  2.88047583
  2.64814959  1.75387906  0.55095818  2.96515626 -0.40804454  3.64467012
  1.46126835  1.11594499  1.92857551  1.34485568  0.0216232   1.31035644
  2.24031066  1.52556573  0.61394586  0.43128046  2.39520013  2.97095512
  1.16989939  2.71768275  2.56207461  0.72038463  2.54988594  0.6416022
  1.30037284  0.80654395  0.8880161   1.67604363  0.25112278  1.19369756
  0.52673509  0.84900121  3.52289858  3.96535961  2.98014411  2.07191927
  0.60487366  1.04582573  1.60492317  1.47471505]
Device (GPU) time: 0.8081 seconds
Iters. done: 236 [Current cost: -23.507243175560006]
Current parameters: [ 1.21759092  0.54525859  1.81547922  2.51121308  3.60773437  2.65366826
  1.31349531  2.25904915  0.69992703  2.93692611  0.29249981  2.02393496
  2.46820002  1.37733168  4.14898177  1.49330487  1.47668517  1.5105266
  3.03461242  2.83162731  0.47949718  2.47223703  0.28858719  2.88646342
  2.64655176  1.76041889  0.55882154  2.9738443  -0.40515208  3.64916536
  1.48123689  1.11517692  1.94153232  1.33433655  0.02104785  1.30540497
  2.23607958  1.53657058  0.61938108  0.4398503   2.38313193  2.97096281
  1.16372184  2.71421036  2.56689532  0.70848037  2.55998949  0.64737662
  1.30200766  0.8174311   0.88316869  1.67499045  0.24606056  1.20162959
  0.52765865  0.85844377  3.51687737  3.98761203  2.98430298  2.06996671
  0.59130387  1.04756041  1.60863156  1.48176768]
Device (GPU) time: 0.9113 seconds
Iters. done: 237 [Current cost: -23.277895926075274]
Current parameters: [ 1.20398347  0.54561867  1.80710306  2.50537191  3.6194045   2.62674182
  1.38199594  2.24720091  0.65383459  2.92092044  0.33657335  2.05884349
  2.4920846   1.35079733  4.13450411  1.50959225  1.48064541  1.52528774
  3.02870273  2.82828359  0.49607124  2.47526598  0.30045731  2.90145049
  2.64615703  1.75307385  0.564535    2.96369929 -0.41647843  3.64177355
  1.46992088  1.11495675  1.92881603  1.34393744  0.01993522  1.31076284
  2.25236821  1.49546625  0.61342296  0.43049968  2.39543473  2.97303053
  1.16778174  2.71625338  2.55996108  0.71503189  2.54537465  0.6381855
  1.29799183  0.80606854  0.88741609  1.67453297  0.24948146  1.19204651
  0.52604946  0.84559479  3.52277182  3.98240991  2.98033235  2.09321649
  0.60537099  1.02358287  1.60690826  1.47333257]
Device (GPU) time: 0.7979 seconds
Iters. done: 238 [Current cost: -23.317843814791072]
Current parameters: [ 1.20101542  0.54675073  1.81031766  2.51046109  3.61606703  2.653035
  1.35592876  2.21895431  0.62463793  2.89964166  0.32048328  2.02962709
  2.46733277  1.32179685  4.10156727  1.5075562   1.48365045  1.52052155
  3.03242002  2.84380054  0.50066948  2.48060649  0.30942539  2.93167526
  2.6478757   1.7600109   0.58396311  2.96762013 -0.41612215  3.64502644
  1.47325085  1.11735138  1.93876854  1.33937369  0.02328611  1.31274937
  2.26595024  1.46571868  0.61779527  0.44177743  2.38688199  2.97490632
  1.16794213  2.71794909  2.56926016  0.72568781  2.56237935  0.64533663
  1.30222365  0.81181953  0.89100016  1.67532731  0.25507026  1.20257972
  0.53092146  0.85080505  3.52527802  3.96902496  2.98235957  2.03073511
  0.60195663  1.0943334   1.60987939  1.47981908]
Device (GPU) time: 0.9003 seconds
Iters. done: 239 [Current cost: -23.284527899477116]
Current parameters: [ 1.20719737  0.54628986  1.80830365  2.5026067   3.6257227   2.66143331
  1.37309107  2.24497457  0.62231029  2.93187753  0.33447459  2.05594309
  2.46792268  1.34139366  4.1244746   1.48835155  1.48002892  1.5257278
  3.02904596  2.83846906  0.50042877  2.49572544  0.2795617   2.87881605
  2.64716427  1.75241687  0.55057366  2.96492396 -0.42112177  3.64420395
  1.48423742  1.114471    1.92656609  1.3450238   0.02083199  1.30889016
  2.24010781  1.52436995  0.61288895  0.4287975   2.39651966  2.96974639
  1.17019572  2.71641447  2.55870009  0.71376941  2.5444611   0.63987468
  1.29908365  0.80284139  0.88529328  1.67589994  0.24698768  1.19018066
  0.52497867  0.84905958  3.52258558  3.97430127  2.97621031  2.07135989
  0.60843983  1.0468168   1.60299268  1.47166549]
Device (GPU) time: 0.7777 seconds
Iters. done: 240 [Current cost: -23.2394884304686]
Current parameters: [ 1.22424581  0.54503482  1.81289241  2.50298249  3.62137838  2.64760979
  1.37581734  2.24934604  0.65603834  2.89840539  0.30650467  2.06077404
  2.52826578  1.33076725  4.06796329  1.56360441  1.47478794  1.51482954
  3.0315185   2.85345157  0.49109206  2.50209983  0.33728596  2.87173011
  2.64588344  1.75488656  0.54963394  2.97129237 -0.41543107  3.64819644
  1.50013028  1.11193682  1.93191911  1.33884293  0.0208242   1.30297173
  2.23189794  1.54258443  0.6154799   0.43150909  2.39043451  2.96705878
  1.16717255  2.71311716  2.55765865  0.69952845  2.54593393  0.64353035
  1.29995381  0.80557147  0.87848169  1.67574201  0.23791663  1.19053331
  0.52369828  0.8573079   3.51826279  3.97511183  2.9742389   2.0698951
  0.60528961  1.04387392  1.60163777  1.47299594]
Device (GPU) time: 0.9051 seconds
Iters. done: 241 [Current cost: -23.274797006204917]
Current parameters: [ 1.2006025   0.54663969  1.80780028  2.50621017  3.62068263  2.63350815
  1.36908341  2.23911888  0.64147552  2.91221448  0.33012216  2.04701112
  2.48010437  1.34464199  4.12224258  1.51041049  1.48194071  1.52608801
  3.02988102  2.83844728  0.49846954  2.47091211  0.30308593  2.88276493
  2.64726905  1.7541973   0.55145139  2.96421187 -0.41734628  3.64269959
  1.47041128  1.11628055  1.93029079  1.3439726   0.02077763  1.31167562
  2.24074508  1.52688939  0.61408565  0.43167619  2.3944338   2.97274679
  1.1691994   2.71755889  2.56299824  0.72155137  2.55057791  0.64024423
  1.29949844  0.77265225  0.87693164  1.71419971  0.25319821  1.19510191
  0.52738612  0.83431694  3.52387202  3.99618806  2.98059006  2.07128736
  0.58569123  1.0532372   1.60669968  1.47489147]
Device (GPU) time: 0.7985 seconds
Iters. done: 242 [Current cost: -23.393411335592404]
Current parameters: [ 1.19965318  0.54883392  1.80804082  2.51027267  3.61564931  2.63099397
  1.37426967  2.23415423  0.64451206  2.91294208  0.33548101  2.04514805
  2.48018769  1.33995621  4.12332571  1.50696552  1.48346625  1.52092923
  3.03181086  2.83220546  0.49929505  2.48018641  0.30581983  2.88649799
  2.64632543  1.75926151  0.55188615  2.96567558 -0.41556447  3.64175068
  1.46777304  1.11771973  1.93979671  1.33884174  0.02133166  1.31434643
  2.23865806  1.54003343  0.61648155  0.43841392  2.38709366  2.97345966
  1.16794214  2.71778011  2.56970778  0.72743216  2.56159353  0.64249982
  1.30049752  0.8304622   0.8066815   1.65165737  0.25825475  1.20355944
  0.53107592  0.76624194  3.52666887  3.96463075  2.98121667  2.07203668
  0.61659835  1.04635844  1.60914488  1.47808137]
Device (GPU) time: 0.8820 seconds
Iters. done: 243 [Current cost: -23.342400168313997]
Current parameters: [ 1.20266662  0.54584681  1.8079441   2.50564251  3.62093312  2.6314528
  1.38153186  2.2378432   0.65194847  2.92027082  0.32129151  2.04645418
  2.46887418  1.3334022   4.12091173  1.51167116  1.48039808  1.55745219
  3.02995641  2.83081334  0.4990772   2.47506923  0.30291137  2.88149875
  2.64732202  1.78902052  0.55200608  2.96493786 -0.41921109  3.643399
  1.46836834  1.1161087   1.92893723  1.32589286  0.01973475  1.28416415
  2.23978902  1.52611112  0.61449134  0.43025217  2.39587309  2.97294629
  1.16865471  2.71706162  2.56161691  0.71904975  2.54805753  0.63968779
  1.29907565  0.80662909  0.88870967  1.67501866  0.25225557  1.19363131
  0.52684847  0.84614381  3.52338707  3.97700174  2.98033281  2.07081192
  0.6053337   1.04899251  1.60654609  1.47434383]
Device (GPU) time: 0.8482 seconds
Iters. done: 244 [Current cost: -23.23725613082764]
Current parameters: [ 1.20298232  0.5487325   1.80810968  2.50689973  3.62136997  2.61116394
  1.41618332  2.238761    0.67840873  2.95359728  0.30260119  2.03651354
  2.41955865  1.30497699  4.10661858  1.52278053  1.48257064  1.49467419
  3.03056731  2.83521027  0.50875643  2.47197178  0.31021735  2.87869793
  2.64838437  1.72316988  0.54978037  2.96658417 -0.43080364  3.64642881
  1.4594097   1.11614538  1.93119321  1.36034183  0.02287614  1.33454222
  2.23927186  1.52993654  0.61390215  0.43400792  2.3918191   2.97072832
  1.16896009  2.71736057  2.56422511  0.71952016  2.55361497  0.64393713
  1.30150075  0.80599303  0.88861719  1.67591072  0.24985205  1.19631103
  0.5292784   0.85535922  3.52615776  3.97432049  2.97797438  2.07261738
  0.60748676  1.04709993  1.60546991  1.47509992]
Device (GPU) time: 0.8998 seconds
Iters. done: 245 [Current cost: -23.264376859024168]
Current parameters: [ 1.20444372  0.54451982  1.80815646  2.50527118  3.62036636  2.63727901
  1.37254969  2.23613642  0.64395983  2.9101568   0.32614932  2.04927964
  2.48360713  1.33968941  4.1268783   1.50936242  1.50981116  1.52502589
  3.05731869  2.82708662  0.49564896  2.47361367  0.30077123  2.88273459
  2.66704708  1.75294495  0.55137954  2.94797788 -0.41622306  3.66471654
  1.47005553  1.11497265  1.94434019  1.36695526  0.01955462  1.2939468
  2.24087648  1.52666031  0.61326659  0.42979803  2.39506233  2.97378965
  1.16776475  2.71643963  2.56063474  0.71662685  2.54650559  0.63807754
  1.29795946  0.80709564  0.88858643  1.67430838  0.25082041  1.19287686
  0.52612926  0.84431757  3.52246416  3.97776494  2.98074722  2.06978793
  0.60448468  1.04944666  1.60707558  1.47401906]
Device (GPU) time: 0.7804 seconds
Iters. done: 246 [Current cost: -23.165760225836706]
Current parameters: [ 1.19822328  0.54746836  1.80783988  2.50973093  3.61535861  2.63228916
  1.37007413  2.23645078  0.6435675   2.91332302  0.33698809  2.04583962
  2.48301196  1.34364968  4.12222637  1.50581613  1.44065698  1.52026022
  2.98701074  2.8388924   0.49962675  2.47761614  0.30650987  2.88366097
  2.61673278  1.75658236  0.54919548  2.92193004 -0.41514066  3.60958398
  1.46906741  1.11561809  1.97598703  1.40580231  0.02346698  1.26860478
  2.24138819  1.53349106  0.61328526  0.43625814  2.3886187   2.97470047
  1.16812276  2.71789573  2.56659739  0.72396304  2.55802236  0.64302566
  1.30103572  0.81043314  0.89253027  1.6745776   0.2528785   1.19930358
  0.52979689  0.85056264  3.52517133  3.97780028  2.9828263   2.0711921
  0.60352265  1.05008096  1.6098405   1.47786173]
Device (GPU) time: 0.9195 seconds
Iters. done: 247 [Current cost: -23.35649916521104]
Current parameters: [ 1.2018275   0.54911151  1.80824193  2.50553167  3.62276112  2.64037229
  1.37687081  2.22157659  0.64674013  2.91806852  0.32366348  2.04116973
  2.49397583  1.33967283  4.12691545  1.50610507  1.48109029  1.52566036
  3.02992547  2.84177236  0.49414364  2.47874731  0.29562109  2.88294486
  2.64671062  1.75350236  0.55160884  2.96421238 -0.41203827  3.64191297
  1.45482263  1.11545187  1.92987188  1.34324787  0.02037993  1.31118942
  2.24034612  1.52785847  0.61413142  0.43075194  2.39483902  2.97027618
  1.16836738  2.71703516  2.53624335  0.71935454  2.54875264  0.66577409
  1.26763198  0.80580455  0.89011561  1.67741414  0.25194054  1.21634703
  0.52632358  0.8452011   3.52203153  3.97475106  2.97950443  2.07333632
  0.60756473  1.04887716  1.60525911  1.47506488]
Device (GPU) time: 0.8051 seconds
Iters. done: 248 [Current cost: -23.38523309414909]
Current parameters: [ 1.20518386  0.55603815  1.80979502  2.50750872  3.62296995  2.64746016
  1.3853817   2.18412494  0.64614018  2.92716979  0.32245189  2.02494312
  2.52461226  1.33409496  4.13815117  1.50190415  1.4763395   1.51626015
  3.02768554  2.86039148  0.4875004   2.47714163  0.286289    2.88168063
  2.64293582  1.75287642  0.55138083  2.97176365 -0.40368653  3.6398552
  1.42019056  1.11531242  1.93088079  1.33346626  0.02010326  1.31845562
  2.23684407  1.53886138  0.61553336  0.43413361  2.38964282  2.96515391
  1.16494812  2.71558287  2.59627331  0.71517322  2.552668    0.60691492
  1.33921054  0.80626012  0.89378976  1.680904    0.25041628  1.1680771
  0.52763917  0.85286292  3.52106562  3.96910256  2.97660721  2.07770876
  0.61167156  1.04772447  1.60414061  1.4778681 ]
Device (GPU) time: 0.8693 seconds
Iters. done: 249 [Current cost: -23.31259280406944]
Current parameters: [ 1.19961095  0.56222178  1.79422081  2.49108712  3.6281376   2.64146545
  1.36252104  2.23150719  0.63606842  2.90630375  0.32427728  2.04009196
  2.47440755  1.33678358  4.11625709  1.50847499  1.48209033  1.5263978
  3.03036668  2.84456976  0.49873708  2.46490189  0.30457708  2.88271134
  2.64778608  1.75431129  0.55159104  2.96452769 -0.41663175  3.64321863
  1.47468973  1.11666941  1.93050196  1.34421422  0.02106864  1.3115939
  2.24046124  1.52722711  0.61461609  0.43221614  2.39436772  2.97436221
  1.16924995  2.71796352  2.5638357   0.7233514   2.55208     0.64099575
  1.30018408  0.80444612  0.89023611  1.64998594  0.25418583  1.19573634
  0.52778527  0.84625377  3.52377741  3.99387626  2.98199817  2.10310385
  0.58802444  1.05289123  1.6077548   1.46669066]
Device (GPU) time: 0.7932 seconds
Iters. done: 250 [Current cost: -23.49178880841551]
Current parameters: [ 1.20218548  0.52840195  1.82062849  2.52285706  3.60017361  2.62277191
  1.37229654  2.24374665  0.64741414  2.91928246  0.34961349  2.0536508
  2.49345761  1.34488439  4.13355506  1.50209685  1.47847151  1.51852563
  3.02999091  2.83457937  0.49721531  2.47721842  0.3130665   2.8838472
  2.64521025  1.75440904  0.55252283  2.97176405 -0.41837459  3.6410254
  1.46712559  1.118162    1.93365485  1.33465071  0.02071266  1.31937792
  2.23664301  1.53989187  0.61793958  0.43735812  2.38871078  2.98269643
  1.16635148  2.71788695  2.5684892   0.72650245  2.56117849  0.64443229
  1.3003081   0.73432738  0.8977171   1.61061321  0.25829987  1.20350558
  0.52991987  0.85128768  3.52200897  3.97429239  2.99088199  2.0421165
  0.60641969  1.04928408  1.61530444  1.43269185]
Device (GPU) time: 0.9487 seconds
Iters. done: 251 [Current cost: -23.166414481460507]
Current parameters: [ 1.20013967  0.54588597  1.80749024  2.50696228  3.61879606  2.63489273
  1.37150419  2.2376752   0.64656327  2.91377611  0.32954781  2.04783466
  2.48132972  1.34206792  4.1216914   1.50675974  1.48225252  1.52606259
  3.0299878   2.83483792  0.49795518  2.47783922  0.3033934   2.8846783
  2.64697347  1.75450654  0.55211775  2.96361284 -0.41503301  3.64144936
  1.47045135  1.11705881  1.9320487   1.34396514  0.02030366  1.31264605
  2.2408881   1.52798517  0.61467041  0.43260736  2.39373266  2.97443716
  1.16869282  2.72418416  2.55946856  0.7245187   2.55286432  0.63428791
  1.30126923  0.80788975  0.89095972  1.67467442  0.25610943  1.1987764
  0.46621698  0.84350176  3.52368828  3.9777598   2.98177799  2.07062634
  0.60439844  1.04995574  1.60825446  1.47539955]
Device (GPU) time: 0.7996 seconds
Iters. done: 252 [Current cost: -23.29437926953373]
Current parameters: [ 1.19812481  0.54786396  1.80714635  2.5095977   3.61480285  2.63138918
  1.36846868  2.23951611  0.64181357  2.91077423  0.33879481  2.04696059
  2.48007879  1.34404096  4.12165603  1.50666821  1.48214006  1.52057209
  3.02893376  2.8363726   0.5006219   2.47632583  0.30822221  2.8860397
  2.64515933  1.75633515  0.55234148  2.96963342 -0.41607407  3.64013536
  1.47279617  1.11651894  1.93409338  1.33859039  0.023178    1.31824566
  2.23883694  1.53700406  0.61532511  0.43832511  2.38852319  2.97514138
  1.16794819  2.71587283  2.4827602   0.72898744  2.56251727  0.56349262
  1.32366438  0.81631543  0.89217791  1.67795765  0.25583922  1.23054764
  0.548498    0.85219003  3.52587152  3.97875529  2.98290516  2.07217344
  0.60237892  1.05029246  1.61035179  1.48116239]
Device (GPU) time: 0.8929 seconds
Iters. done: 253 [Current cost: -23.307464702692688]
Current parameters: [ 1.20190474  0.53408398  1.79695551  2.50662589  3.6182963   2.63472735
  1.37143883  2.23768004  0.64487965  2.91359995  0.33040573  2.048386
  2.48372997  1.34150012  4.12518394  1.50683885  1.48031721  1.49544349
  3.03136904  2.83480824  0.49706183  2.47534773  0.30359939  2.88230093
  2.64755863  1.77997193  0.55181953  2.96473085 -0.41653607  3.64293919
  1.46969901  1.11700177  1.92960297  1.34380757  0.01961574  1.31084582
  2.23994214  1.52741139  0.61579398  0.43051661  2.43075879  2.97532353
  1.18365652  2.71744771  2.56263059  0.72557959  2.54951335  0.6409569
  1.29915757  0.80969693  0.89036578  1.6741988   0.2541987   1.1945057
  0.52730495  0.84598529  3.53742297  3.97960723  2.96639731  2.06976371
  0.60260402  1.04989076  1.60835421  1.47595847]
Device (GPU) time: 0.7708 seconds
Iters. done: 254 [Current cost: -23.408055473005653]
Current parameters: [ 1.20568611  0.50819751  1.77191792  2.50957715  3.60987206  2.62983376
  1.36707493  2.23789804  0.6393549   2.91080309  0.34294044  2.04900124
  2.48881739  1.33979535  4.13165529  1.5053132   1.47745067  1.55494815
  3.02850894  2.83546146  0.49725472  2.46533303  0.3119739   2.87902651
  2.64584372  1.72141725  0.55190384  2.97278592 -0.41866622  3.64347644
  1.47095299  1.11640051  1.9293575   1.33615935  0.02101004  1.31644749
  2.23583094  1.53586812  0.61591227  0.43490803  2.34960986  2.98117574
  1.21476546  2.71646654  2.57158708  0.7140631   2.55601482  0.65043425
  1.29829612  0.82647201  0.89362431  1.67651715  0.25242248  1.19742852
  0.5334881   0.85496083  3.57134212  3.98556194  2.93325391  2.0682391
  0.59498502  1.05111626  1.61373561  1.48495677]
Device (GPU) time: 0.8912 seconds
Iters. done: 255 [Current cost: -23.20533887386183]
Current parameters: [ 1.20137792  0.54570347  1.80786236  2.50636197  3.61956677  2.63568459
  1.37183873  2.23746491  0.64473882  2.91204983  0.32877282  2.04828763
  2.48197458  1.341655    4.1238919   1.50799372  1.46534555  1.52589081
  3.04620681  2.8320817   0.49734326  2.47650607  0.30231515  2.90295593
  2.64699542  1.75365581  0.52196213  2.96413803 -0.41591051  3.64229105
  1.47039723  1.11774066  1.92999445  1.3438951   0.01865008  1.31126847
  2.20663232  1.51422397  0.5896146   0.44400647  2.3947924   2.9737836
  1.16854249  2.71724955  2.56229977  0.72028793  2.54826787  0.63966983
  1.29909678  0.80763027  0.88964697  1.674779    0.25487352  1.19444077
  0.52706576  0.84528224  3.52327068  3.97772459  2.98141674  2.07058997
  0.60449808  1.0496349   1.60751995  1.47503681]
Device (GPU) time: 0.7682 seconds
Iters. done: 256 [Current cost: -23.291360520563273]
Current parameters: [ 1.2026014   0.54869636  1.81028664  2.50752577  3.61697841  2.63449206
  1.37013154  2.23727331  0.64165941  2.90839278  0.33298943  2.04846874
  2.48213573  1.34098618  4.12543178  1.50883703  1.5247931   1.52091443
  2.98143698  2.82855382  0.49784308  2.47292963  0.30485807  2.90888068
  2.64530251  1.75389243  0.51140811  2.96749543 -0.41613324  3.64165151
  1.47204145  1.11145567  1.93042192  1.3400329   0.02475842  1.31478782
  2.19344587  1.51365383  0.68477401  0.39549421  2.3930894   2.97464909
  1.16331367  2.71645699  2.5664987   0.71838477  2.55477579  0.64278355
  1.29856153  0.81344167  0.89032556  1.67681055  0.24647966  1.1958721
  0.52994919  0.84896301  3.5208711   3.97815726  2.98545095  2.07096758
  0.60321414  1.04991067  1.6091412   1.47841928]
Device (GPU) time: 0.8729 seconds
Iters. done: 257 [Current cost: -23.321208669531455]
Current parameters: [ 1.20222379  0.54214021  1.80741159  2.50656234  3.6165067   2.637785
  1.37856855  2.23578067  0.64304181  2.91010125  0.32466548  2.04806717
  2.48209045  1.34911925  4.12444119  1.51836245  1.48002474  1.52745895
  3.03027103  2.8313925   0.496127    2.47354096  0.29001832  2.88248719
  2.64653292  1.75264678  0.5532447   2.96542249 -0.41614623  3.64255929
  1.47200751  1.15762421  1.92919519  1.34578824  0.06116807  1.3108546
  2.2387693   1.52661988  0.6157104   0.43037063  2.39619279  2.9740171
  1.16811772  2.71702709  2.56179153  0.72023139  2.54514348  0.6387532
  1.29898255  0.80889653  0.8888543   1.67209367  0.2521491   1.19407297
  0.52672005  0.84501881  3.52394996  3.98046702  2.98277967  2.06778686
  0.60170082  1.05016415  1.60751728  1.47437737]
Device (GPU) time: 0.9044 seconds
Iters. done: 258 [Current cost: -23.125572851419246]
Current parameters: [ 1.21041897  0.56613277  1.81584427  2.50335396  3.63440623  2.6280215
  1.33481954  2.24132065  0.64541399  2.908893    0.34904823  2.05350202
  2.48770658  1.29260698  4.13482766  1.45833812  1.46649268  1.51942657
  3.03252066  2.81079944  0.49856641  2.47530202  0.36799122  2.86964218
  2.64621654  1.74602527  0.56249779  2.9741581  -0.41620034  3.64352488
  1.46339916  1.14019653  1.92187943  1.33985242  0.03213304  1.30938646
  2.23746786  1.53228018  0.61877405  0.42576985  2.40267705  2.97412443
  1.15837747  2.71399567  2.56656635  0.70784944  2.54104322  0.6444351
  1.29451041  0.80941867  0.89125292  1.69133018  0.25524399  1.19324939
  0.53074645  0.84987257  3.51218965  3.96378014  2.97892275  2.08351849
  0.6172804   1.04656778  1.60885413  1.48103309]
Device (GPU) time: 0.7778 seconds
Iters. done: 259 [Current cost: -23.275532260718514]
Current parameters: [ 1.20678255  0.54783491  1.80850207  2.50254406  3.62748401  2.64658458
  1.37719159  2.22780022  0.65449749  2.89415613  0.34698315  2.04060156
  2.47057221  1.34787221  4.12075381  1.50838688  1.48889104  1.52044422
  3.02533512  2.81575346  0.49512243  2.47386646  0.30356252  2.88758163
  2.64303113  1.76238427  0.54582892  2.97794745 -0.41813724  3.6402348
  1.47034258  1.10890129  1.95230878  1.33961014  0.0300571   1.31797593
  2.24770331  1.5324399   0.59638303  0.4202059   2.38704773  2.96787549
  1.17221834  2.71706078  2.55969552  0.71895897  2.55122075  0.64333273
  1.29953157  0.80203535  0.88623434  1.67696399  0.23850616  1.1904472
  0.5252083   0.85228208  3.52227277  3.97334826  2.97536119  2.07289908
  0.60959946  1.04561763  1.60127679  1.47174573]
Device (GPU) time: 0.7577 seconds
Iters. done: 260 [Current cost: -23.168962434215622]
Current parameters: [ 1.2089928   0.55016372  1.81170742  2.50435294  3.62214651  2.64505379
  1.37703714  2.22750826  0.64846058  2.88959943  0.34894501  2.04172839
  2.4723001   1.34874716  4.12408652  1.51378963  1.48505208  1.51360873
  3.02351453  2.81099803  0.49517759  2.46735244  0.30193657  2.8797672
  2.64043199  1.76205339  0.54723212  2.90801034 -0.41839622  3.63941879
  1.47317005  1.10228565  1.8748721   1.33389598  0.02094035  1.32200891
  2.25012669  1.53908521  0.63934301  0.50277656  2.38494538  2.96973219
  1.16425765  2.71570662  2.5652075   0.71524283  2.55319433  0.64659959
  1.29844219  0.81100967  0.8869581   1.67844889  0.23873507  1.19231989
  0.52904857  0.85641223  3.51910582  3.97542193  2.98191425  2.07195165
  0.60625828  1.04654256  1.60402321  1.47627825]
Device (GPU) time: 0.9218 seconds
Iters. done: 261 [Current cost: -23.375185878861636]
Current parameters: [ 1.20320192  0.5462621   1.80855299  2.5059291   3.62155203  2.63667725
  1.37298678  2.23680742  0.64449836  2.91098974  0.32772744  2.04882866
  2.48281382  1.34154354  4.12525684  1.50882659  1.47934731  1.52614636
  3.030103    2.82969492  0.4971755   2.47629522  0.30125436  2.88126312
  2.60321012  1.75187886  0.55241613  2.96451583 -0.41551262  3.68354546
  1.47058903  1.11605802  1.92828849  1.3443913   0.01840124  1.30967228
  2.23954873  1.52572896  0.61451225  0.42875124  2.3945178   2.97826661
  1.16842146  2.71709107  2.56197696  0.73461288  2.54819934  0.63955267
  1.29880955  0.80715744  0.88959369  1.67541781  0.2536457   1.19408895
  0.52690214  0.84514098  3.52285449  3.97699875  2.98087278  2.07115773
  0.60526032  1.04934945  1.6099187   1.4749805 ]
Device (GPU) time: 0.8954 seconds
Iters. done: 262 [Current cost: -23.33702709244874]
Current parameters: [ 1.20335738  0.56907158  1.81953786  2.51186343  3.64071406  2.63408027
  1.38385175  2.24057144  0.64198733  2.91152     0.33589959  2.0498047
  2.48328572  1.35938324  4.12081781  1.51313703  1.48283844  1.5228439
  3.03562408  2.83927917  0.51191723  2.49710035  0.29781383  2.88072016
  2.66327421  1.75914688  0.55617658  2.974605   -0.40565597  3.63655821
  1.47955174  1.11391046  1.93752972  1.33897432  0.01755668  1.3173303
  2.24155909  1.539293    0.61715581  0.43972238  2.39132832  3.05471935
  1.16719114  2.72157818  2.57840752  0.7387494   2.57294701  0.6558694
  1.30460566  0.81296597  0.90054374  1.69163701  0.26512802  1.20622774
  0.5371076   0.85492571  3.52167489  3.96694766  2.9849455   2.08753472
  0.61448986  1.04789227  1.65725475  1.48856439]
Device (GPU) time: 0.7835 seconds
Iters. done: 263 [Current cost: -23.32953353766443]
Current parameters: [ 1.20199045  0.54500082  1.80752156  2.50639599  3.6190203   2.6357699
  1.37190603  2.23668489  0.64696447  2.9131884   0.32779976  2.04840334
  2.48232365  1.34066142  4.12292032  1.50719282  1.4815963   1.52693299
  3.02899887  2.83224887  0.49689058  2.47618832  0.30272379  2.88332249
  2.64707706  1.75272249  0.55167928  2.96244329 -0.41478806  3.64167505
  1.47019666  1.10785365  1.92935255  1.3448332   0.02939542  1.31150753
  2.24006239  1.52567527  0.61582779  0.43169529  2.39420268  2.97481945
  1.21078461  2.71734658  2.56299532  0.72100124  2.54297827  0.63742164
  1.2996645   0.80759213  0.8875055   1.67422024  0.26675223  1.19583052
  0.52763773  0.84534031  3.48212147  3.97781388  2.98142623  2.06997618
  0.60432971  1.0499834   1.60830657  1.47475726]
Device (GPU) time: 0.9013 seconds
Iters. done: 264 [Current cost: -23.26548416887179]
Current parameters: [ 1.20014946  0.54671902  1.80965592  2.50865799  3.61215541  2.63189003
  1.36954599  2.23971178  0.63735557  2.91130053  0.32922917  2.04966546
  2.48393162  1.34186809  4.12635885  1.51186289  1.4773842   1.52054718
  3.02919857  2.83272385  0.49788519  2.47169052  0.30169572  2.87865124
  2.6472924   1.75295482  0.55516276  2.96936062 -0.41710331  3.64006393
  1.47243498  1.05214516  1.93099794  1.33962713  0.06864465  1.31413721
  2.24196011  1.5323408   0.61385625  0.43049571  2.39426183  2.96952232
  1.13463021  2.71620307  2.56664969  0.7165851   2.51013829  0.6430074
  1.29797332  0.81600729  0.88091024  1.67506442  0.32369369  1.19574251
  0.53000895  0.85962105  3.5477688   3.98087502  2.98799552  2.06901372
  0.60025855  1.05104373  1.60681577  1.47911678]
Device (GPU) time: 0.7779 seconds
Iters. done: 265 [Current cost: -23.478873652506064]
Current parameters: [ 1.19618091  0.52016623  1.80162345  2.47979814  3.62454513  2.63679872
  1.3715071   2.23570098  0.64889316  2.91445957  0.33149041  2.04735184
  2.48310784  1.33990856  4.1207788   1.50386236  1.4829432   1.52644665
  3.03013829  2.83590686  0.46729003  2.48481279  0.3052647   2.88501171
  2.64733874  1.75473776  0.55174518  2.96338045 -0.44015915  3.64176453
  1.47047583  1.11695542  1.93200783  1.34364103  0.02160487  1.31294067
  2.24069135  1.52860507  0.61544368  0.43360005  2.39299019  2.97676408
  1.16777849  2.71820099  2.56500205  0.72587705  2.55380728  0.64002766
  1.30024682  0.80649365  0.89177413  1.67983654  0.25687113  1.19753921
  0.52870547  0.84401413  3.52393279  3.97284013  3.00470074  2.0763079
  0.60915591  1.05029577  1.61102741  1.47796135]
Device (GPU) time: 0.8577 seconds
Iters. done: 266 [Current cost: -23.424326121396998]
Current parameters: [ 1.20174702  0.54972195  1.74175991  2.50656541  3.55308674  2.6375427
  1.37011238  2.23586512  0.63320755  2.9029293   0.32320128  2.04768905
  2.47901666  1.33868146  4.12334029  1.51206046  1.47628318  1.52070953
  3.03156149  2.81768407  0.52826555  2.48766346  0.29962059  2.87603335
  2.64944644  1.75298175  0.55648516  2.97279958 -0.39020669  3.64264656
  1.47123989  1.11488954  1.93065162  1.33958702  0.00700834  1.31313975
  2.24102366  1.53324815  0.61453582  0.43031284  2.39576059  2.96546506
  1.16423652  2.71700121  2.56876697  0.71956747  2.55693603  0.64726998
  1.29893757  0.80336912  0.89327312  1.69070399  0.25007253  1.19676453
  0.53146824  0.85118647  3.52024998  3.9614808   3.03359362  2.08574388
  0.62031508  1.04524507  1.60323583  1.4792745 ]
Device (GPU) time: 0.8162 seconds
Iters. done: 267 [Current cost: -23.32824014319259]
Current parameters: [ 1.20215003  0.57388624  1.78574078  2.47986964  3.6316033   2.62677179
  1.37716406  2.24531303  0.64845722  2.91920536  0.33529229  2.05565114
  2.48974887  1.34838384  4.13189312  1.51009561  1.47949418  1.52377992
  3.02895027  2.83342227  0.49593447  2.47115057  0.30180261  2.88116621
  2.64674269  1.75282072  0.55301829  2.96551383 -0.41770552  3.64079145
  1.47101464  1.1150007   1.92995473  1.34235629  0.01571822  1.31240957
  2.24106329  1.5285626   0.61422771  0.43049421  2.39455704  2.97235026
  1.16586443  2.71651632  2.5635818   0.71744277  2.54955516  0.63969207
  1.29836702  0.81282105  0.88965128  1.67230484  0.25169826  1.19472145
  0.52802835  0.84562598  3.52171526  3.98195601  2.98266633  2.03766676
  0.5997277   1.05095235  1.60747906  1.47622809]
Device (GPU) time: 0.8673 seconds
Iters. done: 268 [Current cost: -23.404465770632807]
Current parameters: [ 1.20233028  0.5396719   1.80161939  2.51356149  3.63480258  2.63152886
  1.37082614  2.24076479  0.63679186  2.91411534  0.31612684  2.05227283
  2.48553316  1.33841227  4.12968347  1.50702644  1.48503334  1.52372767
  3.02750205  2.82948635  0.50053803  2.47517945  0.30389647  2.88587727
  2.64486575  1.75741783  0.54901671  2.96246438 -0.41297158  3.6404777
  1.4706766   1.11362204  1.93340177  1.34192181  0.02441973  1.31489881
  2.24369182  1.52974512  0.6109674   0.43429467  2.3906375   2.97294273
  1.16915125  2.71724794  2.56187775  0.72092847  2.55108479  0.64006971
  1.29934175  0.80729502  0.88877663  1.67448193  0.24813238  1.19384313
  0.5267238   0.84654316  3.5231743   3.97782082  2.98859819  2.07027598
  0.60449239  1.0491929   1.60659779  1.4745403 ]
Device (GPU) time: 0.8329 seconds
Iters. done: 269 [Current cost: -23.11603210825031]
Current parameters: [ 1.20467881e+00  5.30486497e-01  1.80418420e+00  2.52221862e+00
  3.63881965e+00  2.64020423e+00  1.37064531e+00  2.23209434e+00
  6.54459930e-01  2.90804432e+00  3.52588077e-01  2.04083916e+00
  2.47626576e+00  1.34709430e+00  4.11484609e+00  1.51470299e+00
  1.46940928e+00  1.52598266e+00  3.03234599e+00  2.83668268e+00
  5.03698149e-01  2.46786114e+00  2.96785519e-01  2.87320385e+00
  2.65005640e+00  1.74360069e+00  5.59608734e-01  2.96964263e+00
 -4.11816468e-01  3.64230570e+00  1.46847286e+00  1.11843633e+00
  1.92232407e+00  1.34494008e+00  2.50056413e-03  1.30554989e+00
  2.23503059e+00  1.52382417e+00  6.20311453e-01  4.21978680e-01
  2.40348913e+00  2.97295464e+00  1.16157168e+00  2.71513500e+00
  2.56400303e+00  7.10317068e-01  2.54338476e+00  6.37355631e-01
  1.29615284e+00  8.16514693e-01  8.90517343e-01  1.67141964e+00
  2.58876015e-01  1.19476441e+00  5.28693764e-01  8.42311828e-01
  3.51985600e+00  3.98407197e+00  2.99859363e+00  2.06682768e+00
  5.97043593e-01  1.05236217e+00  1.60856161e+00  1.47733291e+00]
Device (GPU) time: 0.8961 seconds
Iters. done: 270 [Current cost: -23.289245581220726]
Current parameters: [ 1.20240802  0.54604627  1.80801818  2.50577842  3.62065795  2.63648437
  1.37236716  2.23745522  0.64368861  2.91069257  0.32730813  2.0485189
  2.48170346  1.34133015  4.12493436  1.50940115  1.48018675  1.52606543
  3.02983976  2.82933779  0.49700849  2.47607263  0.30118541  2.88240473
  2.64690462  1.7526283   0.55020849  2.9641857  -0.41643649  3.6425927
  1.47047231  1.11614347  1.92891169  1.34400536  0.01977585  1.31039528
  2.24180458  1.52655322  0.61410665  0.42958773  2.39606903  2.97266164
  1.16865991  2.71697002  2.56151375  0.71765427  2.55223619  0.63938704
  1.2987707   0.79689766  0.88904236  1.66644521  0.25463441  1.19358792
  0.52662311  0.84560371  3.52309751  3.97697961  2.98031428  2.07101797
  0.60530667  1.04922362  1.60665846  1.50211286]
Device (GPU) time: 0.7833 seconds
Iters. done: 271 [Current cost: -23.24831122971757]
Current parameters: [ 1.20557712  0.54792643  1.81580871  2.5029655   3.61660217  2.63863747
  1.37370058  2.23816696  0.63693183  2.90589636  0.32271286  2.04912889
  2.48247618  1.33902925  4.13186632  1.51619944  1.47255199  1.52603696
  3.03103097  2.82170178  0.49336605  2.47184933  0.29827946  2.88298148
  2.64731684  1.74657439  0.54002344  2.96614085 -0.42252331  3.64360809
  1.47158782  1.11851166  1.92489315  1.3423001   0.01300852  1.30751761
  2.25404032  1.52862429  0.61585228  0.4225991   2.40283864  2.96880801
  1.16640685  2.71637936  2.56272479  0.70664802  2.58769398  0.64051
  1.29792858  0.81372989  0.89025371  1.68021997  0.27718557  1.19355375
  0.52790613  0.84720178  3.5220243   3.97737337  2.97578329  2.07195843
  0.60482382  1.04788342  1.60341658  1.46054388]
Device (GPU) time: 0.9248 seconds
Iters. done: 272 [Current cost: -23.15764409996877]
Current parameters: [ 1.20010317  0.54547745  1.8077386   2.50701047  3.61835774  2.64838563
  1.3781113   2.24267353  0.64194915  2.91961926  0.32505383  2.05172636
  2.48495182  1.35139484  4.11126259  1.50154233  1.48133199  1.52610244
  3.03028053  2.82434366  0.49754093  2.46557169  0.31026166  2.8835064
  2.64711575  1.75367117  0.55209284  2.96409595 -0.41623785  3.64193856
  1.46109163  1.11652169  1.93067669  1.34371041  0.0199883   1.31158632
  2.24028516  1.52777564  0.61479193  0.43141696  2.39466617  2.97415453
  1.16828006  2.71748016  2.56321866  0.72204612  2.55076493  0.63969509
  1.29915801  0.80847446  0.89087125  1.67447861  0.25457338  1.19551764
  0.5276937   0.84421547  3.52377153  3.97843637  2.98233694  2.07034454
  0.60372051  1.05005143  1.60805725  1.47558436]
Device (GPU) time: 0.8100 seconds
Iters. done: 273 [Current cost: -23.361411544744968]
Current parameters: [ 1.20379849  0.544901    1.81461773  2.50441951  3.611062    2.62288974
  1.39132595  2.22542143  0.63318729  2.89728889  0.31429632  2.03805581
  2.47298461  1.36899641  4.13407881  1.49165121  1.47717376  1.5246021
  3.02962621  2.84344116  0.49333614  2.48459217  0.32412247  2.87669805
  2.64812543  1.75050549  0.55624832  2.96704045 -0.41879878  3.64232278
  1.48159595  1.11537274  1.9266959   1.34406685  0.01280813  1.30978153
  2.23715083  1.52530847  0.61543761  0.42820785  2.39700608  2.97240038
  1.1655489   2.71603367  2.56255938  0.71489718  2.54071636  0.63927097
  1.2980563   0.81294713  0.88801989  1.67395432  0.24852472  1.1934462
  0.52731357  0.84646984  3.52073264  3.98069318  2.97971934  2.06864229
  0.60097219  1.05061672  1.60723758  1.47295723]
Device (GPU) time: 0.8946 seconds
Iters. done: 274 [Current cost: -23.333584595134774]
Current parameters: [ 1.20069782  0.5528695   1.7996024   2.51961256  3.61651626  2.63654901
  1.37066664  2.23658995  0.64315215  2.91107974  0.32671323  2.04766276
  2.48141707  1.34002651  4.12378547  1.50920816  1.48030719  1.52538406
  3.02904044  2.82994313  0.48480427  2.47479607  0.30085634  2.88221664
  2.64610545  1.75277137  0.55155237  2.9636853  -0.42651938  3.64147151
  1.46914559  1.11522569  1.929071    1.34382228  0.01944345  1.31071047
  2.24057176  1.52624032  0.61343096  0.42942678  2.39553046  2.98859244
  1.16783412  2.71637273  2.56037938  0.71610817  2.54593191  0.63805941
  1.29793507  0.80694827  0.88825452  1.67428126  0.25069764  1.19258038
  0.5259562   0.8445932   3.52233134  3.97765456  2.98058046  2.06973453
  0.60457725  1.04959415  1.59803761  1.47394557]
Device (GPU) time: 0.7834 seconds
Iters. done: 275 [Current cost: -23.38372055441876]
Current parameters: [ 1.20028521  0.52920489  1.82341944  2.47660673  3.60996728  2.63297895
  1.36489269  2.23688895  0.63945034  2.91229279  0.32497063  2.0472125
  2.48182184  1.33505452  4.12494549  1.51280275  1.47886319  1.52220786
  3.02688812  2.82759532  0.51114844  2.46721746  0.29708358  2.88194802
  2.64409108  1.75230773  0.55404601  2.96361734 -0.40422056  3.63758295
  1.46409524  1.11294234  1.92996565  1.34163029  0.01485341  1.31266166
  2.24033411  1.5279969   0.61233562  0.42865389  2.39429317  3.00364762
  1.16398214  2.71471402  2.55985252  0.71099718  2.53880971  0.635538
  1.29564     0.81063791  0.88770744  1.6737093   0.24541338  1.19153169
  0.5259358   0.8422091   3.52014911  3.97954568  2.97888066  2.068059
  0.60217749  1.05075815  1.58913777  1.47202965]
Device (GPU) time: 0.9176 seconds
Iters. done: 276 [Current cost: -23.375843677953444]
Current parameters: [ 1.20024959  0.54560377  1.81209851  2.50897247  3.61366842  2.63537273
  1.37383363  2.24013815  0.64058775  2.91520848  0.33464505  2.04944463
  2.48333487  1.3389933   4.12711657  1.50931721  1.48259642  1.52457104
  3.03063184  2.83691819  0.49834676  2.47335337  0.30349545  2.88298548
  2.64694256  1.75620228  0.55086845  2.96589698 -0.42112484  3.64316008
  1.46997082  1.11512042  1.93206467  1.34244413  0.02137575  1.31226234
  2.24174742  1.52966826  0.61188752  0.43213285  2.39399391  2.97264262
  1.16748172  2.69390348  2.56253504  0.7221656   2.55242606  0.64337333
  1.29933293  0.81332539  0.88998101  1.67463986  0.24890253  1.19378308
  0.52436653  0.84737509  3.5197197   3.98215471  2.98467157  2.07087541
  0.59980868  1.05126323  1.60925773  1.47863164]
Device (GPU) time: 0.7676 seconds
Iters. done: 277 [Current cost: -23.334453427519875]
Current parameters: [ 1.19984173  0.54646078  1.8199981   2.51134808  3.60368816  2.63480095
  1.37397112  2.24263667  0.63626764  2.91811247  0.34089692  2.05184706
  2.48668344  1.33352038  4.13162974  1.51266198  1.48250892  1.52200569
  3.0306486   2.84046012  0.49680449  2.46797751  0.30275661  2.88017427
  2.64718931  1.75788922  0.55202003  2.96901011 -0.4274019   3.64393086
  1.47038633  1.11323278  1.93277184  1.34079796  0.01930149  1.31316856
  2.24183924  1.53159388  0.60954277  0.43248109  2.39339611  2.96903173
  1.16456638  2.75861302  2.56278557  0.72097783  2.55060781  0.64711073
  1.29923188  0.82186054  0.88883131  1.6746741   0.24112001  1.19230683
  0.53141854  0.8510599   3.5153108   3.98758566  2.98678453  2.07080487
  0.59377386  1.05348368  1.61245143  1.48134517]
Device (GPU) time: 0.8859 seconds
Iters. done: 278 [Current cost: -23.465123195168022]
Current parameters: [ 1.20104057  0.54463612  1.80732104  2.50709449  3.61754656  2.64154063
  1.3843352   2.23913976  0.65174327  2.90897391  0.32692804  2.04421837
  2.48870073  1.33055358  4.12557213  1.49908977  1.4808606   1.52545738
  3.02970307  2.82590235  0.49282453  2.47766273  0.29876627  2.88441711
  2.64622026  1.75335349  0.5522045   2.9634054  -0.40861758  3.64032162
  1.48064218  1.11596749  1.93102198  1.34312901  0.0192908   1.31185423
  2.24058717  1.5282159   0.61434666  0.43070969  2.39453251  2.97596783
  1.16745191  2.71687611  2.56282786  0.72076448  2.54908216  0.63775164
  1.29761587  0.80846071  0.89094663  1.67379153  0.25393489  1.19526965
  0.52734649  0.84237509  3.52359643  3.99028386  2.98235678  2.06956926
  0.60354421  1.0532214   1.60951374  1.47528149]
Device (GPU) time: 0.8203 seconds
Iters. done: 279 [Current cost: -23.36100961092449]
Current parameters: [ 1.20263139  0.55119666  1.81438358  2.50450664  3.61709284  2.63760891
  1.36588485  2.23927548  0.64220145  2.90836419  0.3256907   2.04891957
  2.48157637  1.33981468  4.12718468  1.51846727  1.47602918  1.52337492
  3.02898975  2.82653343  0.49451876  2.47679564  0.29773784  2.87579792
  2.65498329  1.74961638  0.55608619  2.96772842 -0.42118836  3.63613855
  1.4711621   1.11255505  1.92509323  1.34384861  0.01425541  1.30836854
  2.23748437  1.52480095  0.61506536  0.42761314  2.3922296   2.96475649
  1.16702552  2.71695009  2.58660585  0.74944382  2.5422877   0.61738849
  1.27488394  0.80846272  0.89127273  1.67737692  0.24593235  1.21325921
  0.52996482  0.84746786  3.52500943  3.97307866  2.97421997  2.07287559
  0.60699265  1.04729183  1.60651245  1.47144444]
Device (GPU) time: 0.8998 seconds
Iters. done: 280 [Current cost: -23.12409814543414]
Current parameters: [ 1.2007685   0.53945774  1.80005827  2.50653055  3.62001521  2.63346424
  1.36969655  2.23938093  0.64307257  2.91284141  0.33028905  2.04700765
  2.48062984  1.34431039  4.12238906  1.50907057  1.48197123  1.52607728
  3.0301341   2.83496143  0.49834787  2.47707341  0.30309801  2.88313245
  2.6473241   1.75425387  0.551559    2.96427117 -0.41676195  3.64259028
  1.46820005  1.11629747  1.9306492   1.34382113  0.02094153  1.31174577
  2.24059347  1.52762009  0.61438933  0.43198524  2.39426382  2.97321064
  1.15710581  2.71768811  2.56324806  0.72243702  2.55132817  0.64048711
  1.29968507  0.80765098  0.89031806  1.67523142  0.2536453   1.19535392
  0.5276108   0.8456638   3.51149172  3.98994627  2.96982269  2.0712154
  0.62031539  1.05206746  1.60711813  1.47544668]
Device (GPU) time: 0.7912 seconds
Iters. done: 281 [Current cost: -23.300003894201357]
Current parameters: [ 1.20226854  0.55957149  1.82392731  2.50497182  3.61923277  2.63135554
  1.36472718  2.23937936  0.64121805  2.91164191  0.32863225  2.0463964
  2.48038744  1.34502739  4.1215901   1.51214966  1.48038471  1.52572773
  3.02906176  2.83322269  0.49616454  2.47485827  0.30133001  2.8798506
  2.64706436  1.75257162  0.55283903  2.96473594 -0.41740856  3.64322248
  1.46525487  1.11572716  1.92816225  1.34452457  0.01840054  1.31089001
  2.23932331  1.52533948  0.61468118  0.43051008  2.39550022  2.9714274
  1.19030768  2.71723638  2.56043893  0.71520322  2.54540529  0.64088232
  1.30104759  0.8073891   0.88763795  1.67529507  0.25080943  1.19240909
  0.52684434  0.84714571  3.54557614  4.00307242  3.00075111  2.07047404
  0.63878141  1.05472543  1.60703985  1.47295166]
Device (GPU) time: 0.8831 seconds
Iters. done: 282 [Current cost: -23.389426124665153]
Current parameters: [ 1.20145054  0.54502157  1.80733979  2.50632078  3.61917475  2.63362568
  1.37026761  2.23730901  0.64526415  2.91282969  0.3293347   2.04781279
  2.48255523  1.34259087  4.12159148  1.50749362  1.47563651  1.52519441
  3.02129766  2.82516297  0.49759815  2.49008419  0.30348574  2.8746905
  2.65645846  1.75541013  0.5436992   2.96291664 -0.41514562  3.65237229
  1.4612654   1.11548243  1.93196837  1.34296125  0.02213981  1.31334021
  2.24516238  1.51990746  0.61300178  0.43260922  2.39274292  2.97498803
  1.16828329  2.71725395  2.56202265  0.72056165  2.5494801   0.63866762
  1.29874926  0.80970148  0.88941602  1.67203669  0.2515836   1.1943643
  0.52693929  0.84424541  3.52338008  3.98474961  2.98202406  2.06987892
  0.59752777  1.05154001  1.60823895  1.47484153]
Device (GPU) time: 0.8214 seconds
Iters. done: 283 [Current cost: -23.2468120609709]
Current parameters: [ 1.20031132  0.54864689  1.80999379  2.5059162   3.61998967  2.62960928
  1.36895844  2.23971736  0.64013054  2.91116242  0.32980319  2.04786997
  2.47902377  1.3438356   4.11977605  1.51238094  1.49187511  1.5272424
  3.04529824  2.81412757  0.49742943  2.50705478  0.30074213  2.89626616
  2.63003598  1.75044105  0.56719722  2.96685557 -0.41881677  3.62455492
  1.45232324  1.11725377  1.92628584  1.34577687  0.01611328  1.30812986
  2.23116905  1.54000789  0.61718132  0.42919665  2.39821385  2.96953826
  1.16934647  2.71784967  2.56290855  0.71919214  2.54911283  0.64337718
  1.30198169  0.81181569  0.8899499   1.67172515  0.25524485  1.19460809
  0.52810605  0.8484109   3.52378133  3.98946139  2.97908392  2.07246807
  0.58987336  1.05117619  1.60590626  1.47449008]
Device (GPU) time: 0.8848 seconds
Iters. done: 284 [Current cost: -23.3203230872947]
Current parameters: [ 1.20153694  0.54654481  1.80844976  2.50626635  3.6203148   2.63347887
  1.36991927  2.23180056  0.64013182  2.92285561  0.33038825  2.03727914
  2.48651127  1.34368929  4.12394316  1.51299254  1.48079059  1.5251762
  3.02983271  2.82273691  0.50021638  2.47615915  0.30404683  2.88219554
  2.64668362  1.75339017  0.55116998  2.96457925 -0.42058852  3.64286467
  1.47978329  1.11355293  1.92925216  1.34355538  0.02224328  1.3102486
  2.24088482  1.52689208  0.61340185  0.43030471  2.39521532  2.972247
  1.16878877  2.71717523  2.56376036  0.71746755  2.54709192  0.64299221
  1.30631652  0.80726696  0.90071504  1.67545165  0.25046922  1.20263534
  0.52713916  0.83440075  3.52313444  3.97705245  2.98049685  2.0714566
  0.60495672  1.0489918   1.60653333  1.47511679]
Device (GPU) time: 0.7928 seconds
Iters. done: 285 [Current cost: -23.521207011835486]
Current parameters: [ 1.19984759  0.5496703   1.81159937  2.50548535  3.6168089   2.64144381
  1.37252773  2.2499296   0.65106322  2.89040126  0.32458887  2.06684131
  2.47198925  1.33685485  4.12644331  1.50677549  1.48002502  1.52348903
  3.02854846  2.84759149  0.49148635  2.47595741  0.29606565  2.88100599
  2.64597138  1.75283933  0.55420497  2.96503158 -0.41218524  3.64261276
  1.45838063  1.11145584  1.92977112  1.34242753  0.02017329  1.31201962
  2.23959569  1.52783932  0.61511049  0.4319899   2.39400216  2.96881365
  1.16807595  2.71805302  2.56527513  0.71154163  2.54223424  0.64903194
  1.31846633  0.80832847  0.91368631  1.67691864  0.24995379  1.21167719
  0.5296665   0.82159991  3.52528522  3.97105348  2.9777169   2.07173678
  0.60422323  1.04784914  1.60794294  1.47269484]
Device (GPU) time: 0.8758 seconds
Iters. done: 286 [Current cost: -23.28506733378577]
Current parameters: [ 1.2012639   0.54558789  1.8070306   2.50609675  3.62012683  2.64631929
  1.37314632  2.24235413  0.6467642   2.9109506   0.32775225  2.04235583
  2.48279643  1.34071548  4.13340809  1.51404611  1.49133336  1.52863782
  3.01926445  2.83376899  0.50333592  2.47931399  0.30822893  2.88255704
  2.64641856  1.75072276  0.55192068  2.96650205 -0.42157813  3.64185065
  1.4684688   1.12217243  1.9318312   1.34435441  0.01405899  1.31076315
  2.24002483  1.52660299  0.60716305  0.43933187  2.39920402  2.97452787
  1.16873318  2.71748952  2.56205109  0.7195517   2.54376314  0.63875902
  1.29882784  0.806915    0.88939323  1.67457392  0.26044284  1.19422201
  0.52719898  0.8447957   3.52407357  3.97742129  2.98136033  2.07030566
  0.60519937  1.04968203  1.60767822  1.47452507]
Device (GPU) time: 0.8352 seconds
Iters. done: 287 [Current cost: -23.311917110169205]
Current parameters: [ 1.20084945e+00  5.49815739e-01  1.81389354e+00  2.50719037e+00
  3.61516768e+00  2.61470160e+00  1.36551687e+00  2.22727606e+00
  6.39588568e-01  2.91654560e+00  3.30998212e-01  2.05831560e+00
  2.48226607e+00  1.34238447e+00  4.10422762e+00  1.50086129e+00
  1.49348741e+00  1.51982246e+00  3.01646646e+00  2.82744732e+00
  4.83841778e-01  2.46933648e+00  2.88137736e-01  2.88105410e+00
  2.64755277e+00  1.75853786e+00  5.54264207e-01  2.97142621e+00
 -4.07326803e-01  3.64336687e+00  1.48086638e+00  1.13180484e+00
  1.93731588e+00  1.34193640e+00  7.68973553e-04  1.31342672e+00
  2.23957484e+00  1.53031210e+00  6.07313568e-01  4.44773588e-01
  2.38771633e+00  2.96670216e+00  1.16660484e+00  2.71626822e+00
  2.56227718e+00  7.18846368e-01  2.53954027e+00  6.44506243e-01
  1.29993908e+00  8.10051754e-01  8.91839357e-01  1.67738983e+00
  2.69840722e-01  1.19202516e+00  5.29445414e-01  8.48719177e-01
  3.52294963e+00  3.97236422e+00  2.97703227e+00  2.07325009e+00
  6.02397375e-01  1.04766084e+00  1.60747333e+00  1.47507251e+00]
Device (GPU) time: 0.8680 seconds
Iters. done: 288 [Current cost: -23.522130373382264]
Current parameters: [ 1.19981161e+00  5.49589648e-01  1.81485650e+00  2.50788992e+00
  3.61418820e+00  2.61837864e+00  1.36174137e+00  2.22370328e+00
  6.35903452e-01  2.91398297e+00  3.28696334e-01  2.05414174e+00
  2.47931351e+00  1.33831647e+00  4.10097214e+00  1.50044637e+00
  1.49221450e+00  1.52457127e+00  3.01852997e+00  2.82970707e+00
  4.84196474e-01  2.46935642e+00  2.89281114e-01  2.88019907e+00
  2.64791162e+00  1.76115562e+00  5.56048204e-01  2.96623480e+00
 -4.08014045e-01  3.64379414e+00  1.48141116e+00  1.13328339e+00
  1.94325500e+00  1.34124411e+00 -4.57223228e-04  1.32259903e+00
  2.23768937e+00  1.53035086e+00  6.09318909e-01  4.44324714e-01
  2.38967838e+00  2.96715149e+00  1.16642417e+00  2.71654909e+00
  2.56321457e+00  7.21088260e-01  2.54057611e+00  6.45531801e-01
  1.30031932e+00  8.11651406e-01  8.93169846e-01  1.67743446e+00
  2.72189256e-01  1.19288145e+00  5.30194650e-01  8.49138804e-01
  3.52297084e+00  3.97813342e+00  2.97802144e+00  2.06447792e+00
  6.01171002e-01  1.02507950e+00  1.60794158e+00  1.47648208e+00]
Device (GPU) time: 0.7638 seconds
Iters. done: 289 [Current cost: -23.423985478453865]
Current parameters: [ 1.20070106  0.55368272  1.81627732  2.50598676  3.61362113  2.612789
  1.36564283  2.23130877  0.64397625  2.92044806  0.33307396  2.05946302
  2.48629929  1.34591298  4.10873817  1.50660895  1.48400532  1.53629059
  3.02334269  2.82491077  0.48352238  2.46864962  0.28638817  2.8753471
  2.64679822  1.76484283  0.56337883  2.95050349 -0.40944091  3.6427775
  1.48553925  1.13357606  1.95590064  1.33942696 -0.00655496  1.34744525
  2.2311835   1.52815125  0.61667427  0.43908677  2.39634226  2.9616978
  1.16598451  2.71633732  2.56020837  0.71444208  2.53456221  0.64559688
  1.30099823  0.80893607  0.88993813  1.67930005  0.27183181  1.18839893
  0.53109767  0.85152855  3.52473363  3.96040161  2.97235224  2.0835572
  0.60350613  1.06926262  1.60742795  1.47177927]
Device (GPU) time: 0.9546 seconds
Iters. done: 290 [Current cost: -23.152601169927443]
Current parameters: [ 1.20980808e+00  5.48980864e-01  1.81235851e+00  2.50578483e+00
  3.61268431e+00  2.61182912e+00  1.36315334e+00  2.22660176e+00
  6.40665236e-01  2.91086679e+00  3.24840450e-01  2.05670941e+00
  2.48591407e+00  1.34042486e+00  4.10012622e+00  1.49590268e+00
  1.49247281e+00  1.51887515e+00  3.01526408e+00  2.82402441e+00
  4.91213436e-01  2.46559532e+00  2.80251070e-01  2.88122264e+00
  2.64604586e+00  1.75771248e+00  5.54124605e-01  2.97052269e+00
 -4.21196471e-01  3.64168687e+00  1.47787758e+00  1.13066426e+00
  1.93677132e+00  1.34147603e+00 -2.66181516e-04  1.31321556e+00
  2.23996596e+00  1.52987230e+00  6.06229082e-01  4.43023336e-01
  2.38816790e+00  2.96627766e+00  1.16552251e+00  2.71509985e+00
  2.55994637e+00  7.13778893e-01  2.53526710e+00  6.42140760e-01
  1.29825640e+00  8.08939972e-01  8.90456926e-01  1.67688753e+00
  2.67296066e-01  1.18987007e+00  5.28152211e-01  8.47113022e-01
  3.52195085e+00  3.97208037e+00  2.97569577e+00  2.07228473e+00
  6.02688131e-01  1.04741274e+00  1.62453616e+00  1.47342821e+00]
Device (GPU) time: 0.7770 seconds
Iters. done: 291 [Current cost: -23.386428306991917]
Current parameters: [ 1.18468223e+00  5.52382177e-01  1.81718586e+00  2.50895069e+00
  3.61842145e+00  2.60738542e+00  1.36562666e+00  2.22843869e+00
  6.55960833e-01  2.90801948e+00  3.29783694e-01  2.05816113e+00
  2.49663830e+00  1.34623810e+00  4.09409902e+00  1.48198522e+00
  1.49468085e+00  1.52046039e+00  3.01875334e+00  2.83424959e+00
  5.10785176e-01  2.47307577e+00  2.79201847e-01  2.88050607e+00
  2.65024472e+00  1.75896382e+00  5.55375831e-01  2.97400876e+00
 -4.29581939e-01  3.64619621e+00  1.48740263e+00  1.13266146e+00
  1.93653760e+00  1.34297431e+00  2.79835049e-03  1.31247141e+00
  2.23860644e+00  1.53116325e+00  6.10633150e-01  4.48258182e-01
  2.38603628e+00  2.96662729e+00  1.16847242e+00  2.71898085e+00
  2.56606418e+00  7.26753449e-01  2.54738117e+00  6.49290584e-01
  1.30422619e+00  8.12099219e-01  8.92509648e-01  1.67872707e+00
  2.73257908e-01  1.19482404e+00  5.32513223e-01  8.52989287e-01
  3.52572347e+00  3.97054095e+00  2.97863498e+00  2.07455702e+00
  6.01954132e-01  1.04753236e+00  1.57910736e+00  1.47658065e+00]
Device (GPU) time: 0.9086 seconds
Iters. done: 292 [Current cost: -23.26831281595911]
Current parameters: [ 1.20241542e+00  5.48702458e-01  1.81394118e+00  2.50685996e+00
  3.61477198e+00  2.61232227e+00  1.36497359e+00  2.22468093e+00
  6.39908206e-01  2.91644373e+00  3.30164281e-01  2.06072493e+00
  2.48360140e+00  1.34166378e+00  4.10217122e+00  1.49860009e+00
  1.49676211e+00  1.52844913e+00  3.01216924e+00  2.82537249e+00
  4.81028662e-01  2.46705569e+00  2.86171430e-01  2.87971922e+00
  2.64773468e+00  1.75053326e+00  5.54232721e-01  2.97121115e+00
 -4.04702189e-01  3.64378393e+00  1.48105712e+00  1.12877468e+00
  1.93639565e+00  1.34218605e+00  2.90647502e-03  1.31280777e+00
  2.23927325e+00  1.52905499e+00  6.02135548e-01  4.46252286e-01
  2.40185532e+00  2.96750572e+00  1.16578821e+00  2.71570086e+00
  2.56599554e+00  7.18475826e-01  2.54101608e+00  6.47586470e-01
  1.30930787e+00  8.10238269e-01  8.82409554e-01  1.67675591e+00
  2.63781470e-01  1.20546137e+00  5.28934600e-01  8.57328173e-01
  3.52241348e+00  3.97282772e+00  2.97718814e+00  2.07238185e+00
  6.01863731e-01  1.04800431e+00  1.60796675e+00  1.47467814e+00]
Device (GPU) time: 0.7703 seconds
Iters. done: 293 [Current cost: -23.133830962681042]
Current parameters: [ 1.19515243  0.55345759  1.81541219  2.50676679  3.60968233  2.60858664
  1.35648418  2.22396971  0.64633855  2.92189699  0.33462966  2.05683989
  2.48016634  1.34550806  4.0948285   1.49838165  1.49977806  1.53024219
  3.01071958  2.83648702  0.48003086  2.47077415  0.29013601  2.88480185
  2.64711173  1.74462104  0.55809154  2.9745612  -0.39848799  3.64075129
  1.48622276  1.11842487  1.93504292  1.34161383  0.01194373  1.31108823
  2.23891019  1.53450482  0.60381939  0.45344697  2.40505121  2.9659191
  1.16654667  2.7189529   2.55458558  0.724783    2.55044469  0.63897258
  1.28358493  0.81192909  0.90775951  1.67850892  0.26218191  1.16204101
  0.53298924  0.83089902  3.5268645   3.966069    2.97657277  2.07204187
  0.6015409   1.04704486  1.61183277  1.47229836]
Device (GPU) time: 0.8713 seconds
Iters. done: 294 [Current cost: -23.32293515441347]
Current parameters: [ 1.20226128e+00  5.52022226e-01  1.81249746e+00  2.50392791e+00
  3.61890497e+00  2.61826112e+00  1.36474100e+00  2.22588115e+00
  6.39050096e-01  2.91325566e+00  3.24660406e-01  2.05735017e+00
  2.48153755e+00  1.34111222e+00  4.10509904e+00  1.50409984e+00
  1.49074392e+00  1.52019315e+00  3.01579736e+00  2.82303292e+00
  4.82370804e-01  2.46726566e+00  2.85587427e-01  2.87837180e+00
  2.65092323e+00  1.75573773e+00  5.55019747e-01  2.97139515e+00
 -4.07461131e-01  3.64055272e+00  1.48155545e+00  1.13160754e+00
  1.93428147e+00  1.34374994e+00 -1.39902898e-03  1.31083384e+00
  2.23874478e+00  1.52634509e+00  6.07220277e-01  4.41426512e-01
  2.38824328e+00  2.96460065e+00  1.16659470e+00  2.71562395e+00
  2.55366300e+00  7.31537178e-01  2.53589051e+00  6.51214698e-01
  1.30841832e+00  8.21724133e-01  8.89342332e-01  1.68704271e+00
  2.69221795e-01  1.18383425e+00  5.28345074e-01  8.47852807e-01
  3.52234917e+00  3.97255752e+00  2.97486502e+00  2.07687810e+00
  6.02277603e-01  1.04771743e+00  1.60583088e+00  1.48124697e+00]
Device (GPU) time: 0.7827 seconds
Iters. done: 295 [Current cost: -23.38031956023978]
Current parameters: [ 1.20288786  0.54517066  1.81984044  2.51003788  3.60597699  2.6128066
  1.36330349  2.22683472  0.64269397  2.92067082  0.33887438  2.05867729
  2.48640634  1.34087006  4.11131071  1.50212094  1.48778015  1.51363971
  3.0202952   2.82759296  0.4818388   2.46708426  0.29284893  2.87841893
  2.65308355  1.75715026  0.55760928  2.97507429 -0.40576484  3.63759837
  1.4823661   1.13184395  1.93024237  1.34157955 -0.00472072  1.30849819
  2.23664515  1.53144527  0.61509612  0.44157547  2.377502    2.96899634
  1.16484605  2.71782417  2.55015999  0.74034468  2.53867792  0.65865337
  1.31474984  0.78189177  0.890939    1.65534826  0.2738332   1.18313043
  0.532116    0.85192216  3.5254431   3.96516762  2.9781872   2.06197498
  0.60299907  1.04529297  1.61215553  1.45435669]
Device (GPU) time: 0.8627 seconds
Iters. done: 296 [Current cost: -23.14116056645792]
Current parameters: [ 1.19834288e+00  5.55602651e-01  1.81927102e+00  2.50758124e+00
  3.61536741e+00  2.61522824e+00  1.36404956e+00  2.22761029e+00
  6.42708865e-01  2.91762345e+00  3.29202872e-01  2.05725994e+00
  2.48170412e+00  1.34397900e+00  4.10097790e+00  1.50049293e+00
  1.49812814e+00  1.51400830e+00  3.01296545e+00  2.82976426e+00
  4.83940697e-01  2.47223365e+00  2.88200649e-01  2.88351347e+00
  2.64702229e+00  1.76482773e+00  5.53456061e-01  2.95927078e+00
 -4.05691310e-01  3.64219334e+00  1.48129257e+00  1.13373133e+00
  1.92844283e+00  1.34143572e+00  6.76361470e-04  1.31543748e+00
  2.24165350e+00  1.53047607e+00  5.95473848e-01  4.31781236e-01
  2.39156397e+00  2.96613239e+00  1.15950986e+00  2.71640249e+00
  2.56209210e+00  7.21012582e-01  2.53916583e+00  6.43057877e-01
  1.30063129e+00  8.08370957e-01  8.91571608e-01  1.67666476e+00
  2.71661654e-01  1.19212755e+00  5.29978431e-01  8.47104184e-01
  3.51595436e+00  3.97122449e+00  2.98486776e+00  2.07305815e+00
  6.03491257e-01  1.04821075e+00  1.60767750e+00  1.47430238e+00]
Device (GPU) time: 0.7790 seconds
Iters. done: 297 [Current cost: -23.17758405768945]
Current parameters: [ 1.19911067e+00  5.37957846e-01  1.79900649e+00  2.50730528e+00
  3.60785598e+00  2.61247597e+00  1.35999479e+00  2.22609720e+00
  6.42345069e-01  2.92155658e+00  3.40904906e-01  2.05599303e+00
  2.48333487e+00  1.34218160e+00  4.10326839e+00  1.49823486e+00
  1.49843237e+00  1.52706884e+00  3.01533618e+00  2.83804015e+00
  4.84631321e-01  2.46753300e+00  2.95357820e-01  2.88348003e+00
  2.64659700e+00  1.75146383e+00  5.54447950e-01  2.95950271e+00
 -4.03927712e-01  3.64291060e+00  1.48376368e+00  1.13367171e+00
  1.92257879e+00  1.33915865e+00 -3.25583424e-04  1.31429859e+00
  2.24069731e+00  1.53518344e+00  5.97533575e-01  4.29395446e-01
  2.36192423e+00  2.97022172e+00  1.18478941e+00  2.71828377e+00
  2.56697736e+00  7.12845744e-01  2.54114780e+00  6.47042941e-01
  1.29886755e+00  8.20944210e-01  8.92255171e-01  1.68219154e+00
  2.73135765e-01  1.19421063e+00  5.32135333e-01  8.52616272e-01
  3.54609617e+00  3.97143157e+00  2.95728429e+00  2.07352235e+00
  5.97748875e-01  1.04744090e+00  1.61318312e+00  1.47836015e+00]
Device (GPU) time: 0.8884 seconds
Iters. done: 298 [Current cost: -23.289683492582064]
Current parameters: [ 1.18315260e+00  5.49300421e-01  1.81391720e+00  2.50701532e+00
  3.61575014e+00  2.62085839e+00  1.35625800e+00  2.22689903e+00
  6.32965336e-01  2.90744684e+00  3.33642139e-01  2.05991164e+00
  2.49419899e+00  1.34898892e+00  4.10802004e+00  1.50019581e+00
  1.49211593e+00  1.52391254e+00  3.01675379e+00  2.82407305e+00
  4.80958972e-01  2.46968405e+00  2.86024979e-01  2.88066424e+00
  2.64708490e+00  1.76377818e+00  5.54676494e-01  2.97235593e+00
 -4.04444185e-01  3.64357964e+00  1.48370723e+00  1.13147263e+00
  1.93670839e+00  1.33903997e+00 -1.77497783e-04  1.30812471e+00
  2.23953445e+00  1.52939878e+00  6.07645085e-01  4.43882271e-01
  2.38809381e+00  2.96600495e+00  1.16662046e+00  2.71553043e+00
  2.56116069e+00  7.15095720e-01  2.53731080e+00  6.44066465e-01
  1.29943964e+00  8.09794258e-01  8.89730677e-01  1.67705470e+00
  2.68157253e-01  1.19106831e+00  5.28250101e-01  8.48795706e-01
  3.52156778e+00  3.97204530e+00  2.97599171e+00  2.07258929e+00
  6.02551663e-01  1.04734432e+00  1.61365719e+00  1.47439626e+00]
Device (GPU) time: 0.7622 seconds
Iters. done: 299 [Current cost: -23.276432053873137]
Current parameters: [ 1.16368595e+00  5.53635771e-01  1.81467973e+00  2.50561989e+00
  3.61683930e+00  2.61031271e+00  1.37811578e+00  2.22610743e+00
  6.50739279e-01  2.92997716e+00  3.20115928e-01  2.05242965e+00
  2.46054509e+00  1.32887125e+00  4.09920812e+00  1.51004473e+00
  1.48913800e+00  1.50468990e+00  3.01904901e+00  2.82551759e+00
  4.86565030e-01  2.46748330e+00  2.89927506e-01  2.87768568e+00
  2.64646160e+00  1.74949118e+00  5.54680526e-01  2.97789741e+00
 -4.10315301e-01  3.64557496e+00  1.48007092e+00  1.13015730e+00
  1.93602683e+00  1.34817893e+00 -2.43503289e-04  1.31644580e+00
  2.23897598e+00  1.52978082e+00  6.13509469e-01  4.47378435e-01
  2.38421205e+00  2.96264312e+00  1.16588185e+00  2.71603015e+00
  2.56182146e+00  7.06649015e-01  2.53650169e+00  6.44474411e-01
  1.30072850e+00  8.09088347e-01  8.85536982e-01  1.68085558e+00
  2.64458631e-01  1.19038816e+00  5.29924870e-01  8.56518487e-01
  3.52347037e+00  3.96619082e+00  2.97247187e+00  2.07457434e+00
  6.04996805e-01  1.04375543e+00  1.62002157e+00  1.47241339e+00]
Device (GPU) time: 0.8752 seconds
Iters. done: 300 [Current cost: -23.27469212974352]
Current parameters: [ 1.20427686e+00  5.46811273e-01  1.81388767e+00  2.50701300e+00
  3.61331445e+00  2.61907095e+00  1.37119895e+00  2.22962406e+00
  6.41490454e-01  2.91522104e+00  3.23916293e-01  2.06007849e+00
  2.49043098e+00  1.34795751e+00  4.09176910e+00  1.51819896e+00
  1.49404154e+00  1.51830276e+00  3.01575017e+00  2.83522494e+00
  4.82376205e-01  2.47543215e+00  2.84696112e-01  2.88125554e+00
  2.64665264e+00  1.75936517e+00  5.52554378e-01  2.97210095e+00
 -4.07129947e-01  3.64359392e+00  1.48829480e+00  1.12620089e+00
  1.93849398e+00  1.34174943e+00 -2.04056437e-03  1.31315960e+00
  2.24001029e+00  1.53159575e+00  6.07366124e-01  4.45625606e-01
  2.38528637e+00  2.96517717e+00  1.16773403e+00  2.71578325e+00
  2.56112329e+00  7.16337024e-01  2.53998507e+00  6.44385058e-01
  1.30126680e+00  8.09716904e-01  8.88936636e-01  1.67480758e+00
  2.66199177e-01  1.19112964e+00  5.29212172e-01  8.50457331e-01
  3.52346237e+00  3.97362012e+00  2.97596081e+00  2.07142280e+00
  6.00950617e-01  1.04656780e+00  1.60603912e+00  1.47381170e+00]
Device (GPU) time: 0.8259 seconds
Iters. done: 301 [Current cost: -23.425469660660102]
Current parameters: [ 1.2162696   0.56021932  1.81877436  2.50295383  3.61967757  2.61702305
  1.35214816  2.23111518  0.64312097  2.91549848  0.33641187  2.06345992
  2.49601186  1.32143402  4.09236891  1.49637256  1.48477116  1.51267491
  3.02251443  2.83030212  0.48300742  2.47786118  0.3215302   2.8759101
  2.64649753  1.75890739  0.55762273  2.97985834 -0.40493738  3.6447296
  1.48899047  1.14151404  1.93442816  1.34183915  0.00702544  1.30706908
  2.23660656  1.53350509  0.61588165  0.44645137  2.38765233  2.96486103
  1.16123813  2.71581533  2.56234126  0.70471491  2.533274    0.64519671
  1.2974976   0.81191909  0.88799243  1.68715761  0.26742587  1.19020312
  0.52931638  0.85320611  3.51950983  3.96297818  2.97447711  2.07978132
  0.60725475  1.04294329  1.60542072  1.4752118 ]
Device (GPU) time: 0.8594 seconds
Iters. done: 302 [Current cost: -23.171204306448757]
Current parameters: [ 1.20360001e+00  5.49550441e-01  1.81476022e+00  2.50732516e+00
  3.61374334e+00  2.61480864e+00  1.35818585e+00  2.23413552e+00
  6.52432329e-01  2.92285619e+00  3.26183188e-01  2.05719690e+00
  2.48235940e+00  1.35183999e+00  4.11219603e+00  1.49833696e+00
  1.49244924e+00  1.51855301e+00  3.01719291e+00  2.82545113e+00
  4.80217875e-01  2.46792421e+00  2.84582225e-01  2.87258319e+00
  2.64705135e+00  1.75880388e+00  5.48693867e-01  2.97280498e+00
 -4.05383367e-01  3.64375002e+00  1.48219955e+00  1.13154802e+00
  1.93750456e+00  1.34171624e+00  2.64502599e-04  1.31248898e+00
  2.23476953e+00  1.54337235e+00  6.07726377e-01  4.44359244e-01
  2.38724812e+00  2.96606457e+00  1.16589644e+00  2.71564651e+00
  2.56188023e+00  7.16084541e-01  2.53876480e+00  6.44832844e-01
  1.29989628e+00  8.11022607e-01  8.90561375e-01  1.67732386e+00
  2.68328804e-01  1.19186673e+00  5.28890751e-01  8.49944744e-01
  3.52152215e+00  3.97549436e+00  2.97739554e+00  2.07979592e+00
  6.00568489e-01  1.03986168e+00  1.60728412e+00  1.47541317e+00]
Device (GPU) time: 0.7688 seconds
Iters. done: 303 [Current cost: -23.436729676961885]
Current parameters: [ 1.20781584e+00  5.51323443e-01  1.81742544e+00  2.50974979e+00
  3.60801701e+00  2.62577205e+00  1.33956466e+00  2.22706880e+00
  6.53218032e-01  2.92198024e+00  3.18000359e-01  2.04191400e+00
  2.47166968e+00  1.34983185e+00  4.10621455e+00  1.49516700e+00
  1.49237527e+00  1.51267207e+00  3.02093863e+00  2.83374050e+00
  4.78947499e-01  2.46852659e+00  2.84750741e-01  2.90046315e+00
  2.64590075e+00  1.76425047e+00  5.65669038e-01  2.97836142e+00
 -4.01666877e-01  3.64413864e+00  1.48509427e+00  1.13104583e+00
  1.94347499e+00  1.34008820e+00  6.48519480e-04  1.31286177e+00
  2.24998593e+00  1.51166321e+00  6.14757311e-01  4.53481942e-01
  2.37953194e+00  2.96662492e+00  1.16409114e+00  2.71664916e+00
  2.56718381e+00  7.16420132e-01  2.54658266e+00  6.47294978e-01
  1.30227088e+00  8.16890450e-01  8.89679066e-01  1.67840145e+00
  2.69511069e-01  1.19728912e+00  5.32426619e-01  8.53672080e-01
  3.52292220e+00  3.97107973e+00  2.97947836e+00  2.05987054e+00
  5.96647610e-01  1.06180107e+00  1.60878470e+00  1.47854146e+00]
Device (GPU) time: 0.8850 seconds
Iters. done: 304 [Current cost: -23.376799078580067]
Current parameters: [ 1.20009624e+00  5.49928398e-01  1.81391311e+00  2.50722992e+00
  3.61542789e+00  2.61454362e+00  1.36554641e+00  2.22727132e+00
  6.40358348e-01  2.91698459e+00  3.30548508e-01  2.05801383e+00
  2.48218049e+00  1.34277852e+00  4.10345911e+00  1.50073517e+00
  1.49026158e+00  1.52378636e+00  3.01975926e+00  2.82854616e+00
  4.83962046e-01  2.47024986e+00  2.88153668e-01  2.88997771e+00
  2.64758597e+00  1.75517487e+00  5.42185720e-01  2.97097840e+00
 -4.07108807e-01  3.64301143e+00  1.48051698e+00  1.13494133e+00
  1.93757202e+00  1.34221405e+00 -2.70612166e-03  1.31362777e+00
  2.25336604e+00  1.53561358e+00  6.11604706e-01  4.42698617e-01
  2.39261632e+00  2.96656247e+00  1.16695037e+00  2.71670508e+00
  2.57378502e+00  7.20826336e-01  2.52844434e+00  6.55081006e-01
  1.29695675e+00  8.09377042e-01  8.91792133e-01  1.67687712e+00
  2.69167818e-01  1.18713487e+00  5.27474298e-01  8.47965523e-01
  3.52289769e+00  3.97206657e+00  2.97714877e+00  2.07308467e+00
  6.02787216e-01  1.04785741e+00  1.60730860e+00  1.47468001e+00]
Device (GPU) time: 0.7831 seconds
Iters. done: 305 [Current cost: -23.353878119806456]
Current parameters: [ 1.19955118e+00  5.52558984e-01  1.81329102e+00  2.50794195e+00
  3.61195474e+00  2.61154230e+00  1.36560792e+00  2.22692637e+00
  6.38077599e-01  2.91809603e+00  3.39168050e-01  2.05711342e+00
  2.47930623e+00  1.34488766e+00  4.10260335e+00  1.49945212e+00
  1.49090509e+00  1.52258871e+00  3.02239967e+00  2.83352967e+00
  4.86717582e-01  2.47022966e+00  2.89608888e-01  2.89486846e+00
  2.64719232e+00  1.75752964e+00  5.39279024e-01  2.97388583e+00
 -4.06143543e-01  3.64169895e+00  1.48168470e+00  1.13473601e+00
  1.94026548e+00  1.34088539e+00 -3.08446806e-03  1.31513783e+00
  2.25663763e+00  1.54259402e+00  6.16909958e-01  4.47723596e-01
  2.38913096e+00  2.96753076e+00  1.16633998e+00  2.71745465e+00
  2.52966131e+00  7.25692930e-01  2.53227001e+00  6.11957958e-01
  1.30957901e+00  8.14460731e-01  8.93298094e-01  1.68039787e+00
  2.71850900e-01  1.20702226e+00  5.38017139e-01  8.50669101e-01
  3.52588164e+00  3.97122955e+00  2.97863242e+00  2.07516049e+00
  6.01404084e-01  1.04729476e+00  1.60853170e+00  1.47702520e+00]
Device (GPU) time: 0.8840 seconds
Iters. done: 306 [Current cost: -23.202682684727396]
Current parameters: [ 1.20071090e+00  5.51481623e-01  1.81413396e+00  2.50737446e+00
  3.61583754e+00  2.61591374e+00  1.36740450e+00  2.22203189e+00
  6.39265948e-01  2.91898231e+00  3.30828685e-01  2.05554948e+00
  2.48600789e+00  1.34200370e+00  4.10555669e+00  1.50008244e+00
  1.49316070e+00  1.51225985e+00  3.01773619e+00  2.83152720e+00
  4.83286618e-01  2.47033022e+00  2.86079558e-01  2.88039708e+00
  2.64741289e+00  1.74937853e+00  5.55154154e-01  2.96231302e+00
 -4.06444057e-01  3.64322665e+00  1.47544294e+00  1.13291498e+00
  1.94722936e+00  1.32213128e+00  8.38437987e-04  1.30485076e+00
  2.23833826e+00  1.53081650e+00  6.08360440e-01  4.44902043e-01
  2.38806815e+00  2.96524797e+00  1.16660446e+00  2.71631576e+00
  2.56569432e+00  7.19049394e-01  2.53930163e+00  6.41291504e-01
  1.30428058e+00  8.09479233e-01  8.92268917e-01  1.67871783e+00
  2.70015016e-01  1.18906014e+00  5.29641227e-01  8.50401133e-01
  3.52282904e+00  3.97138242e+00  2.97636807e+00  2.07472221e+00
  6.03311440e-01  1.04697851e+00  1.60675284e+00  1.47551227e+00]
Device (GPU) time: 0.7590 seconds
Iters. done: 307 [Current cost: -23.240189620038112]
Current parameters: [ 1.20524369e+00  5.54944073e-01  1.81460954e+00  2.50620552e+00
  3.61584854e+00  2.61994142e+00  1.37370149e+00  2.20223888e+00
  6.39602106e-01  2.92486165e+00  3.30496579e-01  2.04879158e+00
  2.49962044e+00  1.33908309e+00  4.11180434e+00  1.49761595e+00
  1.49325016e+00  1.52377861e+00  3.01666067e+00  2.84053364e+00
  4.79761500e-01  2.46869536e+00  2.78556775e-01  2.88042548e+00
  2.64649872e+00  1.77066523e+00  5.54570400e-01  2.98421322e+00
 -4.00770786e-01  3.64275789e+00  1.45903832e+00  1.12832749e+00
  1.92795097e+00  1.35963269e+00 -2.47295985e-04  1.32187007e+00
  2.23805372e+00  1.53413922e+00  6.09918900e-01  4.47590763e-01
  2.38302257e+00  2.96351167e+00  1.16424382e+00  2.71641353e+00
  2.57749686e+00  7.13982911e-01  2.54123231e+00  6.30373058e-01
  1.31528903e+00  8.09429998e-01  8.92787821e-01  1.68167498e+00
  2.69058637e-01  1.18013366e+00  5.30249638e-01  8.49402678e-01
  3.52327937e+00  3.96726021e+00  2.97541313e+00  2.07704237e+00
  6.05228098e-01  1.04567842e+00  1.60570871e+00  1.47472098e+00]
Device (GPU) time: 0.9405 seconds
Iters. done: 308 [Current cost: -23.200928709099525]
Current parameters: [ 1.20097780e+00  5.50000842e-01  1.82387000e+00  2.50756060e+00
  3.62407053e+00  2.61401307e+00  1.36525363e+00  2.22767419e+00
  6.40422543e-01  2.91745695e+00  3.32484010e-01  2.05856767e+00
  2.48284400e+00  1.34247041e+00  4.10468835e+00  1.50026225e+00
  1.50299269e+00  1.51960442e+00  3.00653743e+00  2.82905780e+00
  4.79713186e-01  2.46708510e+00  2.89169578e-01  2.88727798e+00
  2.64730147e+00  1.75869542e+00  5.45401133e-01  2.97053250e+00
 -4.10941264e-01  3.64290967e+00  1.48106644e+00  1.13040406e+00
  1.93698428e+00  1.34182258e+00  2.69091008e-03  1.31367116e+00
  2.22984974e+00  1.52658176e+00  6.21815996e-01  4.37943070e-01
  2.38735906e+00  2.96807973e+00  1.16559214e+00  2.71614931e+00
  2.56220660e+00  7.18408857e-01  2.53959939e+00  6.44065831e-01
  1.29980633e+00  8.11894093e-01  8.91461745e-01  1.67554705e+00
  2.69072153e-01  1.19204425e+00  5.29322700e-01  8.48518969e-01
  3.52340759e+00  3.97483688e+00  2.97033414e+00  2.07119534e+00
  5.99809232e-01  1.04834589e+00  1.60845646e+00  1.47520346e+00]
Device (GPU) time: 0.7724 seconds
Iters. done: 309 [Current cost: -23.233517802064103]
Current parameters: [ 1.20334495e+00  5.52579216e-01  1.78708361e+00  2.50559469e+00
  3.58674114e+00  2.61465109e+00  1.36660885e+00  2.22607060e+00
  6.33781994e-01  2.91198807e+00  3.33675285e-01  2.05862652e+00
  2.47730235e+00  1.34248698e+00  4.10459424e+00  1.50315707e+00
  1.50375282e+00  1.51621571e+00  3.00684032e+00  2.82105889e+00
  4.97141988e-01  2.47220540e+00  2.85679169e-01  2.88566368e+00
  2.64776186e+00  1.76090681e+00  5.45755967e-01  2.97639871e+00
 -3.96514871e-01  3.64425406e+00  1.48337354e+00  1.13005199e+00
  1.93838002e+00  1.34126070e+00 -1.99301188e-03  1.31260545e+00
  2.22471394e+00  1.52744401e+00  6.27798855e-01  4.36371437e-01
  2.38657213e+00  2.96418890e+00  1.16513932e+00  2.71771187e+00
  2.56556912e+00  7.17425873e-01  2.54380184e+00  6.49400040e-01
  1.29680865e+00  8.09999703e-01  8.93631190e-01  1.68600736e+00
  2.68306795e-01  1.19349613e+00  5.30178066e-01  8.50795795e-01
  3.52173479e+00  3.96443578e+00  2.99995302e+00  2.08025472e+00
  6.08071020e-01  1.04503026e+00  1.60571950e+00  1.47598495e+00]
Device (GPU) time: 0.8570 seconds
Iters. done: 310 [Current cost: -23.298627116312314]
Current parameters: [ 1.20167695e+00  5.52445125e-01  1.81529059e+00  2.50727589e+00
  3.61829303e+00  2.61509200e+00  1.36763335e+00  2.22777891e+00
  6.38149468e-01  2.91571454e+00  3.31223267e-01  2.05846350e+00
  2.48164879e+00  1.34410694e+00  4.10511065e+00  1.50255623e+00
  1.48565277e+00  1.51928803e+00  3.00948064e+00  2.82655226e+00
  4.85290130e-01  2.47109090e+00  2.86664439e-01  2.89502736e+00
  2.65891377e+00  1.75887523e+00  5.64409099e-01  2.97210027e+00
 -4.07283039e-01  3.65378194e+00  1.48183198e+00  1.13133088e+00
  1.93709112e+00  1.34157792e+00  5.48592806e-04  1.31310206e+00
  2.23490266e+00  1.54280190e+00  6.06821638e-01  4.44720169e-01
  2.38776882e+00  2.97422407e+00  1.16685193e+00  2.71677144e+00
  2.56348205e+00  7.19827882e-01  2.54154522e+00  6.46594643e-01
  1.30059678e+00  8.09952814e-01  8.92518613e-01  1.67962597e+00
  2.70368222e-01  1.19287844e+00  5.29807004e-01  8.50899378e-01
  3.52260673e+00  3.97108174e+00  2.97681520e+00  2.07544152e+00
  6.03717373e-01  1.04689941e+00  1.61176540e+00  1.47617375e+00]
Device (GPU) time: 0.7721 seconds
Iters. done: 311 [Current cost: -23.241572501418574]
Current parameters: [ 1.20281133e+00  5.60260011e-01  1.81913125e+00  2.50869860e+00
  3.62381504e+00  2.61329591e+00  1.37198661e+00  2.22791562e+00
  6.39484163e-01  2.91686150e+00  3.37771808e-01  2.05925040e+00
  2.48043367e+00  1.35180276e+00  4.10186069e+00  1.50259850e+00
  1.50138081e+00  1.51860787e+00  3.02931088e+00  2.83234981e+00
  4.90660320e-01  2.47793367e+00  2.85247401e-01  2.86633321e+00
  2.64466931e+00  1.76324241e+00  5.48108392e-01  2.97713056e+00
 -4.01617250e-01  3.63142530e+00  1.48620452e+00  1.13194083e+00
  1.94250299e+00  1.34131600e+00  1.61680709e-03  1.31509137e+00
  2.24389400e+00  1.52396915e+00  6.08495521e-01  4.51061892e-01
  2.38489169e+00  3.00349953e+00  1.16597438e+00  2.71947869e+00
  2.56919432e+00  7.27456169e-01  2.54982593e+00  6.51923274e-01
  1.30000432e+00  8.13003554e-01  8.97072923e-01  1.68528319e+00
  2.76712679e-01  1.19744327e+00  5.32966972e-01  8.50852701e-01
  3.52415352e+00  3.96685390e+00  2.97868794e+00  2.08058796e+00
  6.06037937e-01  1.04673099e+00  1.62964703e+00  1.47975578e+00]
Device (GPU) time: 0.8758 seconds
Iters. done: 312 [Current cost: -23.42209908351968]
Current parameters: [ 1.20108512e+00  5.50108930e-01  1.81392302e+00  2.50730387e+00
  3.61521373e+00  2.61463801e+00  1.36620163e+00  2.22703957e+00
  6.39486186e-01  2.91667818e+00  3.31071399e-01  2.05830058e+00
  2.48183146e+00  1.34194861e+00  4.10447085e+00  1.50080003e+00
  1.50036011e+00  1.51949371e+00  3.02367861e+00  2.82647126e+00
  4.83832918e-01  2.47003594e+00  2.87829040e-01  2.88168964e+00
  2.65227083e+00  1.75860355e+00  5.54807621e-01  2.97915786e+00
 -4.07408065e-01  3.64849929e+00  1.48078077e+00  1.13217447e+00
  1.93098747e+00  1.33033339e+00  4.40028829e-04  1.32185470e+00
  2.23917663e+00  1.53132337e+00  6.07874511e-01  4.45225101e-01
  2.38737778e+00  2.96644493e+00  1.16659352e+00  2.71625519e+00
  2.56287036e+00  7.19488506e-01  2.54026659e+00  6.44466144e-01
  1.29987456e+00  8.13508838e-01  8.76228117e-01  1.67343218e+00
  2.70771468e-01  1.19282423e+00  5.29696138e-01  8.33497383e-01
  3.52324416e+00  3.97006612e+00  2.97671477e+00  2.07359641e+00
  6.04705096e-01  1.04679796e+00  1.60733565e+00  1.47511947e+00]
Device (GPU) time: 0.7570 seconds
Iters. done: 313 [Current cost: -23.293356574864042]
Current parameters: [ 1.20029880e+00  5.51577617e-01  1.81415530e+00  2.50868702e+00
  3.61210706e+00  2.61180774e+00  1.36660130e+00  2.22669073e+00
  6.38102958e-01  2.91871618e+00  3.38553998e-01  2.05744746e+00
  2.47978182e+00  1.34318703e+00  4.10389796e+00  1.49897398e+00
  1.47906376e+00  1.51638844e+00  3.00312644e+00  2.83069994e+00
  4.85627638e-01  2.47084853e+00  2.89295016e-01  2.88185084e+00
  2.63623260e+00  1.76203173e+00  5.55278635e-01  2.95621325e+00
 -4.07075409e-01  3.63101314e+00  1.48099805e+00  1.13102174e+00
  1.95666289e+00  1.36424816e+00  1.67844322e-03  1.29735694e+00
  2.23985602e+00  1.53518691e+00  6.08373981e-01  4.50479104e-01
  2.38209114e+00  2.96593292e+00  1.16621966e+00  2.71741065e+00
  2.56611197e+00  7.21251193e-01  2.54591924e+00  6.46539882e-01
  1.29977023e+00  8.18068803e-01  8.64697163e-01  1.67077534e+00
  2.72204244e-01  1.19611487e+00  5.32160477e-01  8.23078173e-01
  3.52589849e+00  3.96779459e+00  2.97730888e+00  2.07440922e+00
  6.05371270e-01  1.04565100e+00  1.60774078e+00  1.47579491e+00]
Device (GPU) time: 0.8722 seconds
Iters. done: 314 [Current cost: -23.243842003839983]
Current parameters: [ 1.20209518  0.55024212  1.8140706   2.5064681   3.61700793  2.61670696
  1.36662506  2.22545473  0.64160137  2.91353418  0.33371074  2.05711329
  2.48055712  1.3433167   4.10373723  1.50087514  1.49477073  1.51916469
  3.01563287  2.82442034  0.48344394  2.46904953  0.28831153  2.88141466
  2.64698975  1.75976601  0.55295908  2.96252961 -0.40742582  3.6429379
  1.48082271  1.14306597  1.92934598  1.3413803  -0.00936635  1.31444324
  2.24066065  1.53100326  0.61095923  0.45493541  2.38644586  2.96698219
  1.1723594   2.7162632   2.56183761  0.71877076  2.54830817  0.6447989
  1.30010677  0.80886596  0.89333559  1.67781035  0.25310603  1.19144345
  0.52923193  0.84730534  3.51791369  3.9713852   2.97579641  2.07372403
  0.60351564  1.04699114  1.60712612  1.47443565]
Device (GPU) time: 0.7661 seconds
Iters. done: 315 [Current cost: -23.329309942325516]
Current parameters: [ 1.20552492  0.55159915  1.81586687  2.50525819  3.61418744  2.61781577
  1.36919104  2.22320973  0.63919092  2.90728065  0.34227401  2.05630629
  2.47539453  1.34664247  4.10519888  1.50479907  1.49427482  1.51373192
  3.01772817  2.81901719  0.48304935  2.46297968  0.28536476  2.8786256
  2.64487614  1.76439172  0.55396818  2.95114604 -0.40876395  3.64259694
  1.483802    1.10976943  1.91647028  1.33838803  0.01804205  1.3160964
  2.24300157  1.53441703  0.61568615  0.47450196  2.38309641  2.9623294
  1.15672288  2.71667098  2.56315967  0.71446962  2.52839537  0.64859249
  1.29668579  0.81277075  0.88953992  1.68018719  0.28444606  1.19101529
  0.52835545  0.85772563  3.529134    3.97198583  2.97826539  2.07349594
  0.6009252   1.04589231  1.60402956  1.47461089]
Device (GPU) time: 0.8641 seconds
Iters. done: 316 [Current cost: -23.167425535690665]
Current parameters: [ 1.20152586e+00  5.52371593e-01  1.81782157e+00  2.50714919e+00
  3.61423369e+00  2.61511879e+00  1.36179740e+00  2.22689163e+00
  6.39889030e-01  2.91374944e+00  3.28971503e-01  2.06096754e+00
  2.48135554e+00  1.34098612e+00  4.10595236e+00  1.50542400e+00
  1.49057544e+00  1.51931447e+00  3.01760959e+00  2.82594307e+00
  4.83470957e-01  2.46885772e+00  2.85633710e-01  2.87830120e+00
  2.65134120e+00  1.75606165e+00  5.56691101e-01  2.97231421e+00
 -4.07962348e-01  3.63923239e+00  1.48249010e+00  1.12968697e+00
  1.93451525e+00  1.34233491e+00 -7.20593612e-04  1.31231255e+00
  2.23810191e+00  1.52994782e+00  6.09131205e-01  4.42155753e-01
  2.38563521e+00  2.96162484e+00  1.16646102e+00  2.71617510e+00
  2.57384478e+00  7.33259089e-01  2.53741421e+00  6.33029727e-01
  1.28822479e+00  8.10125292e-01  8.91323898e-01  1.67893512e+00
  2.66105110e-01  1.19945778e+00  5.31365080e-01  8.51288850e-01
  3.52519145e+00  3.96603493e+00  2.97413418e+00  2.07386687e+00
  6.03654091e-01  1.04599143e+00  1.60786507e+00  1.47270628e+00]
Device (GPU) time: 0.7705 seconds
Iters. done: 317 [Current cost: -23.3015711602209]
Current parameters: [ 1.20513964  0.54546508  1.80667203  2.50377618  3.61175955  2.61114653
  1.37616555  2.23883551  0.62565874  2.9256164   0.33323696  2.05184913
  2.47795151  1.34161211  4.10442237  1.50144056  1.49207794  1.51508474
  3.02050253  2.82067198  0.47471921  2.46210325  0.28959643  2.87096894
  2.64029606  1.76381812  0.55980844  2.98995949 -0.416602    3.64477525
  1.47982681  1.13437092  1.94645414  1.34885873 -0.00592975  1.31087408
  2.2405722   1.52142115  0.59444167  0.45090035  2.38373346  2.96769939
  1.17265274  2.71526774  2.55987505  0.71467926  2.53466392  0.64716582
  1.28696677  0.80735379  0.91662267  1.67489058  0.27720632  1.19723959
  0.5249787   0.83821829  3.52185309  3.99359478  2.97742084  2.07463362
  0.59723523  1.05406408  1.59372206  1.47973339]
Device (GPU) time: 0.8879 seconds
Iters. done: 318 [Current cost: -23.335523647061837]
Current parameters: [ 1.20210973e+00  5.42088694e-01  1.80901674e+00  2.51488921e+00
  3.62940723e+00  2.60777238e+00  1.36312560e+00  2.22941422e+00
  6.32460761e-01  2.91747457e+00  3.19616720e-01  2.06342267e+00
  2.48362421e+00  1.33923081e+00  4.10966155e+00  1.49989902e+00
  1.49531342e+00  1.51782184e+00  3.01583503e+00  2.82735434e+00
  4.88450862e-01  2.46682687e+00  2.90514103e-01  2.88210212e+00
  2.64476389e+00  1.76049035e+00  5.53882384e-01  2.97152557e+00
 -4.02291076e-01  3.63939303e+00  1.48239522e+00  1.12858793e+00
  1.93988787e+00  1.34147501e+00  3.04238593e-03  1.31764042e+00
  2.24250705e+00  1.53297442e+00  6.05609313e-01  4.47413128e-01
  2.38248690e+00  2.96516375e+00  1.16735074e+00  2.71832189e+00
  2.56145615e+00  7.18252540e-01  2.54172439e+00  6.44635690e-01
  1.29934801e+00  8.10855689e-01  8.93101160e-01  1.67746737e+00
  2.66368894e-01  1.18966720e+00  5.30751544e-01  8.50166645e-01
  3.52516096e+00  3.96964805e+00  2.98539617e+00  2.07240449e+00
  6.01595215e-01  1.04795751e+00  1.60635355e+00  1.47199762e+00]
Device (GPU) time: 0.8333 seconds
Iters. done: 319 [Current cost: -23.30978028621045]
Current parameters: [ 1.20018544  0.54886465  1.81225812  2.50792933  3.61524187  2.61445975
  1.36631429  2.22695124  0.64071097  2.91731528  0.33155203  2.058014
  2.48235113  1.34420796  4.10282836  1.50130534  1.49461202  1.51997734
  3.01612064  2.82922106  0.48436534  2.46951274  0.28681539  2.88074262
  2.64747007  1.75934334  0.55674778  2.97139236 -0.40619215  3.64299848
  1.48085186  1.13863104  1.93788755  1.34249028  0.00879816  1.31415186
  2.2368904   1.53005622  0.60744717  0.44615476  2.38660796  2.96771145
  1.16660792  2.71628299  2.56223798  0.72114925  2.53201571  0.64419716
  1.30017638  0.80964089  0.8917456   1.67598393  0.26553565  1.19218059
  0.52945627  0.84821407  3.52333353  3.97318077  2.97847072  2.07224317
  0.60173305  1.04823096  1.60822606  1.47710628]
Device (GPU) time: 0.8784 seconds
Iters. done: 320 [Current cost: -23.498233098016108]
Current parameters: [ 1.20300939  0.54878746  1.81702844  2.50547844  3.61274902  2.61438256
  1.36784316  2.22610434  0.63687495  2.9130441   0.32796232  2.05988987
  2.48088207  1.34433919  4.10744275  1.50740179  1.48901729  1.52068794
  3.01864752  2.82531029  0.4830009   2.46589449  0.28254464  2.88004742
  2.64692414  1.75497539  0.55211257  2.97360414 -0.40819985  3.64268293
  1.48297627  1.14722109  1.93504762  1.34317961  0.01261735  1.31217835
  2.24346383  1.5305825   0.60921982  0.44111875  2.3900676   2.96429226
  1.16633535  2.71754751  2.56177818  0.7133969   2.55167424  0.64422066
  1.29877682  0.81272201  0.89283205  1.67847298  0.278529    1.19019761
  0.53036964  0.84975868  3.5242698   3.97067567  2.97612919  2.0718167
  0.60102753  1.04741881  1.6059036   1.46874199]
Device (GPU) time: 0.7621 seconds
Iters. done: 321 [Current cost: -23.266386173414514]
Current parameters: [ 1.20042209e+00  5.49228840e-01  1.81382858e+00  2.50767967e+00
  3.61389327e+00  2.61304120e+00  1.36469118e+00  2.22877143e+00
  6.37707736e-01  2.91941036e+00  3.27290602e-01  2.05985544e+00
  2.48458813e+00  1.34093058e+00  4.10530910e+00  1.50102933e+00
  1.49712966e+00  1.52064179e+00  3.02208067e+00  2.82948049e+00
  4.83936516e-01  2.46930217e+00  2.87644975e-01  2.88019062e+00
  2.65177096e+00  1.75686048e+00  5.55252824e-01  2.96613347e+00
 -4.06990128e-01  3.64766625e+00  1.48081333e+00  1.13289148e+00
  1.93585096e+00  1.34673871e+00 -1.10331912e-03  1.30919460e+00
  2.23835584e+00  1.52927987e+00  6.10323172e-01  4.46491615e-01
  2.38914708e+00  2.96775998e+00  1.16581406e+00  2.71615631e+00
  2.56244833e+00  7.18441313e-01  2.53870614e+00  6.43576996e-01
  1.29966294e+00  8.10953229e-01  8.92264829e-01  1.67691631e+00
  2.72044748e-01  1.19246681e+00  5.29608661e-01  8.47297914e-01
  3.52298193e+00  3.97316256e+00  2.97799274e+00  2.07270128e+00
  6.01485382e-01  1.04834513e+00  1.60850665e+00  1.47548777e+00]
Device (GPU) time: 0.8700 seconds
Iters. done: 322 [Current cost: -23.21886395686965]
Current parameters: [ 1.20412884e+00  5.49854897e-01  1.81444595e+00  2.50510947e+00
  3.61847634e+00  2.61729986e+00  1.36688927e+00  2.22246422e+00
  6.43821731e-01  2.90846851e+00  3.37840775e-01  2.05686223e+00
  2.47734685e+00  1.34436436e+00  4.10409820e+00  1.50157121e+00
  1.50497876e+00  1.51753867e+00  3.02521179e+00  2.82133415e+00
  4.83510517e-01  2.46649661e+00  2.88490723e-01  2.88165303e+00
  2.65257386e+00  1.76045094e+00  5.53497014e-01  2.97206487e+00
 -4.06723495e-01  3.64873194e+00  1.48161332e+00  1.12836934e+00
  1.95014034e+00  1.34907421e+00  3.42522561e-03  1.31054624e+00
  2.24216841e+00  1.53238132e+00  6.01343732e-01  4.39806692e-01
  2.38404604e+00  2.96390954e+00  1.16771827e+00  2.71727663e+00
  2.56061912e+00  7.16534526e-01  2.53924299e+00  6.45010497e-01
  1.29920068e+00  8.08627257e-01  8.91189169e-01  1.67823304e+00
  2.64017344e-01  1.18881761e+00  5.29567372e-01  8.51368783e-01
  3.52380317e+00  3.96863687e+00  2.97546326e+00  2.07249460e+00
  6.03727540e-01  1.04648171e+00  1.60502789e+00  1.47179135e+00]
Device (GPU) time: 0.7699 seconds
Iters. done: 323 [Current cost: -23.208241883308986]
Current parameters: [ 1.20003500e+00  5.49736787e-01  1.81382628e+00  2.50773454e+00
  3.61430451e+00  2.60936789e+00  1.36699418e+00  2.22600637e+00
  6.44850603e-01  2.91444917e+00  3.28670718e-01  2.05662231e+00
  2.48248631e+00  1.34098639e+00  4.10360057e+00  1.50501045e+00
  1.49355771e+00  1.52537293e+00  3.01662472e+00  2.82608051e+00
  4.83588974e-01  2.46565488e+00  2.92305514e-01  2.88153873e+00
  2.64757768e+00  1.76495083e+00  5.54516255e-01  2.97142726e+00
 -4.06980197e-01  3.64322346e+00  1.47803649e+00  1.13209764e+00
  1.93774465e+00  1.33858295e+00  5.73226301e-04  1.30910794e+00
  2.23952013e+00  1.53062331e+00  6.07593635e-01  4.45040182e-01
  2.38759957e+00  2.96728019e+00  1.16633044e+00  2.71638023e+00
  2.56279871e+00  7.19793048e-01  2.54018470e+00  6.44476215e-01
  1.29993849e+00  8.10728707e-01  8.92455903e-01  1.67722999e+00
  2.70785332e-01  1.19264825e+00  5.29775565e-01  8.48190888e-01
  3.52308730e+00  3.97286151e+00  2.97776986e+00  2.07315548e+00
  6.01839832e-01  1.04805265e+00  1.60810884e+00  1.47556094e+00]
Device (GPU) time: 0.9129 seconds
Iters. done: 324 [Current cost: -23.334766478418448]
Current parameters: [ 1.20365445e+00  5.49850770e-01  1.81443601e+00  2.50539687e+00
  3.61827123e+00  2.62111560e+00  1.36855431e+00  2.22918921e+00
  6.34962800e-01  2.92560021e+00  3.31275108e-01  2.06144582e+00
  2.47132410e+00  1.33971613e+00  4.10344591e+00  1.49518025e+00
  1.49171840e+00  1.53102180e+00  3.01679570e+00  2.83056138e+00
  4.86647240e-01  2.47517479e+00  2.80294889e-01  2.87841136e+00
  2.64740529e+00  1.76977588e+00  5.55041311e-01  2.97284922e+00
 -4.08973351e-01  3.64290408e+00  1.48601805e+00  1.13088541e+00
  1.93542447e+00  1.33632643e+00  5.86467525e-04  1.30361321e+00
  2.23915146e+00  1.52942960e+00  6.07741206e-01  4.42937674e-01
  2.38789742e+00  2.96421355e+00  1.16721353e+00  2.71706611e+00
  2.56077646e+00  7.15758611e-01  2.53752739e+00  6.44185812e-01
  1.29957152e+00  8.08641496e-01  8.90246025e-01  1.67815834e+00
  2.67334723e-01  1.18911206e+00  5.29645308e-01  8.51080880e-01
  3.52405386e+00  3.96853118e+00  2.97543727e+00  2.07250607e+00
  6.03837164e-01  1.04651534e+00  1.60562444e+00  1.47191866e+00]
Device (GPU) time: 0.7624 seconds
Iters. done: 325 [Current cost: -23.322233976959577]
Current parameters: [ 1.20124529e+00  5.49114287e-01  1.81331508e+00  2.50714647e+00
  3.61565612e+00  2.61368351e+00  1.36538142e+00  2.22503641e+00
  6.38941301e-01  2.92021813e+00  3.31661929e-01  2.05513990e+00
  2.48388383e+00  1.34309045e+00  4.10373946e+00  1.50103925e+00
  1.49382939e+00  1.52039130e+00  3.01650511e+00  2.82520118e+00
  4.84845070e-01  2.46909237e+00  2.89240434e-01  2.88133750e+00
  2.64768515e+00  1.75837073e+00  5.54114805e-01  2.97108142e+00
 -4.07721810e-01  3.64301013e+00  1.48300028e+00  1.13105969e+00
  1.93714946e+00  1.34235749e+00  2.21221107e-03  1.31328104e+00
  2.23955087e+00  1.53006589e+00  6.07513726e-01  4.44695373e-01
  2.38783626e+00  2.96767912e+00  1.17464410e+00  2.71645162e+00
  2.56197262e+00  7.20207709e-01  2.53924920e+00  6.42596020e-01
  1.29695696e+00  8.10174428e-01  8.87618001e-01  1.67701541e+00
  2.72923584e-01  1.18952000e+00  5.29310450e-01  8.52510289e-01
  3.51501635e+00  3.97325290e+00  2.97788082e+00  2.07275886e+00
  6.02280949e-01  1.04801822e+00  1.60751988e+00  1.47503473e+00]
Device (GPU) time: 0.8751 seconds
Iters. done: 326 [Current cost: -23.22853765562806]
Current parameters: [ 1.20072139  0.55072132  1.81545402  2.50713666  3.61417294  2.61615259
  1.36496667  2.23105324  0.64353669  2.90787078  0.32947837  2.0671958
  2.47724455  1.34024415  4.10477209  1.49972071  1.49199194  1.51948717
  3.0164023   2.83428317  0.482341    2.46936409  0.28560911  2.88005003
  2.64714413  1.75738875  0.5556278   2.97159089 -0.40409128  3.64224637
  1.47676185  1.12688121  1.93684452  1.34203168  0.00432359  1.31443358
  2.23927876  1.53030629  0.60901139  0.444591    2.38617705  2.96431222
  1.18007352  2.71709548  2.56361052  0.71585143  2.53553911  0.64679236
  1.30712021  0.81038028  0.90023602  1.67818414  0.27292095  1.19785636
  0.53127868  0.84064193  3.51136761  3.96764633  2.97563402  2.0728182
  0.60236497  1.04706835  1.60814248  1.47306974]
Device (GPU) time: 0.7713 seconds
Iters. done: 327 [Current cost: -23.40011472422945]
Current parameters: [ 1.20142600e+00  5.47117350e-01  1.81322260e+00  2.50978489e+00
  3.61852824e+00  2.61539029e+00  1.36534683e+00  2.22632167e+00
  6.41360572e-01  2.91591084e+00  3.35104288e-01  2.05712386e+00
  2.48136260e+00  1.34336771e+00  4.10275661e+00  1.50199826e+00
  1.49422530e+00  1.51974584e+00  3.01408206e+00  2.82838505e+00
  4.84855515e-01  2.46785411e+00  2.87145578e-01  2.87603499e+00
  2.64780739e+00  1.75690644e+00  5.60927625e-01  2.97234446e+00
 -4.06626764e-01  3.64358952e+00  1.48049510e+00  1.13190650e+00
  1.93599168e+00  1.34212715e+00 -1.95625383e-03  1.31244773e+00
  2.24463514e+00  1.53180858e+00  6.12709630e-01  4.40927098e-01
  2.38930306e+00  2.96654011e+00  1.16549465e+00  2.71600588e+00
  2.56243242e+00  7.17282058e-01  2.53874064e+00  6.44162573e-01
  1.29930418e+00  8.11411572e-01  8.91911762e-01  1.67702096e+00
  2.70524157e-01  1.19218227e+00  5.29275325e-01  8.48188341e-01
  3.52244600e+00  3.97340477e+00  2.97997638e+00  2.07281372e+00
  6.01060997e-01  1.04794060e+00  1.60769242e+00  1.47537195e+00]
Device (GPU) time: 0.8668 seconds
Iters. done: 328 [Current cost: -23.050693211747866]
Current parameters: [ 1.20224907  0.54444558  1.8131102   2.5121109   3.62223378  2.6152197
  1.36431149  2.224675    0.64380468  2.91422701  0.33943773  2.05747294
  2.47911481  1.34443119  4.10157714  1.50301189  1.48279142  1.51996208
  3.02422648  2.83066304  0.48688492  2.46622913  0.28587294  2.88516181
  2.64806091  1.75469192  0.5467687   2.97355653 -0.40458212  3.64255217
  1.48098237  1.13281371  1.93438821  1.34260712 -0.0055319   1.31182611
  2.22515719  1.52452563  0.60112652  0.44576713  2.39007935  2.9655016
  1.16457266  2.71680576  2.56276084  0.71552107  2.53738897  0.64339339
  1.29868952  0.8132775   0.89208617  1.67702611  0.27228931  1.19149373
  0.53013221  0.84827288  3.5229865   3.97171702  2.98320524  2.07142742
  0.59970444  1.0480985   1.60816137  1.4738943 ]
Device (GPU) time: 0.7799 seconds
Iters. done: 329 [Current cost: -23.482255871384748]
Current parameters: [ 1.20010638e+00  5.49858962e-01  1.81393109e+00  2.50748393e+00
  3.61503590e+00  2.61657429e+00  1.36341497e+00  2.22532532e+00
  6.37801970e-01  2.91501067e+00  3.29460101e-01  2.05583481e+00
  2.48015757e+00  1.34050097e+00  4.10163821e+00  1.50034865e+00
  1.49380376e+00  1.51990680e+00  3.01661102e+00  2.82848926e+00
  4.84072338e-01  2.46978586e+00  2.88722624e-01  2.87732509e+00
  2.64767831e+00  1.75881773e+00  5.51579657e-01  2.97148972e+00
 -4.07240351e-01  3.64346703e+00  1.48088953e+00  1.13220622e+00
  1.93787747e+00  1.34191182e+00  7.74833354e-04  1.31372703e+00
  2.23714873e+00  1.53710502e+00  6.07461151e-01  4.45166828e-01
  2.38750833e+00  2.96704860e+00  1.16673750e+00  2.71729257e+00
  2.56235976e+00  7.20520371e-01  2.54081536e+00  6.44185406e-01
  1.30044894e+00  8.10359585e-01  8.92542066e-01  1.67738404e+00
  2.71021741e-01  1.19318587e+00  5.21529851e-01  8.48330727e-01
  3.52305443e+00  3.97169523e+00  2.97727877e+00  2.06853482e+00
  6.02188640e-01  1.05327778e+00  1.60764541e+00  1.47567860e+00]
Device (GPU) time: 0.9228 seconds
Iters. done: 330 [Current cost: -23.258697041959255]
Current parameters: [ 1.20124236e+00  5.50097308e-01  1.81414402e+00  2.50675006e+00
  3.61491663e+00  2.61100473e+00  1.36736150e+00  2.22945136e+00
  6.43459391e-01  2.91876491e+00  3.33340034e-01  2.06268055e+00
  2.48359916e+00  1.34508970e+00  4.10666505e+00  1.50061080e+00
  1.49299022e+00  1.52007743e+00  3.01721752e+00  2.82877584e+00
  4.84680254e-01  2.46954402e+00  2.87853680e-01  2.88721409e+00
  2.64737161e+00  1.75832663e+00  5.57935513e-01  2.97117761e+00
 -4.05843159e-01  3.64167320e+00  1.48161139e+00  1.13153849e+00
  1.93767732e+00  1.34223524e+00  1.26423179e-03  1.31421606e+00
  2.24239240e+00  1.52219798e+00  6.07539254e-01  4.44978804e-01
  2.38656092e+00  2.96591863e+00  1.16677361e+00  2.71998876e+00
  2.56061016e+00  7.19153284e-01  2.54022855e+00  6.41358948e-01
  1.30064299e+00  8.10122725e-01  8.91761872e-01  1.67767673e+00
  2.69887501e-01  1.19239004e+00  5.04181862e-01  8.48722187e-01
  3.52395386e+00  3.97089515e+00  2.97693692e+00  2.07870300e+00
  6.02701770e-01  1.04035281e+00  1.60788974e+00  1.47298672e+00]
Device (GPU) time: 0.7613 seconds
Iters. done: 331 [Current cost: -23.31619366205976]
Current parameters: [ 1.20016484e+00  5.50434902e-01  1.81268795e+00  2.50773676e+00
  3.61683411e+00  2.61632855e+00  1.36120966e+00  2.23009777e+00
  6.41215726e-01  2.91942161e+00  3.34163917e-01  2.06005435e+00
  2.48372215e+00  1.33704371e+00  4.10162464e+00  1.50479668e+00
  1.49591797e+00  1.52027187e+00  3.01856489e+00  2.82245242e+00
  4.84525101e-01  2.47243972e+00  2.83510252e-01  2.88416064e+00
  2.64503226e+00  1.75873843e+00  5.55525116e-01  2.97126507e+00
 -4.07311489e-01  3.64081097e+00  1.47602564e+00  1.13215160e+00
  1.93752741e+00  1.34214337e+00  1.64417159e-03  1.31331284e+00
  2.23893859e+00  1.53250796e+00  6.07388508e-01  4.45205685e-01
  2.38772644e+00  2.96648284e+00  1.16716682e+00  2.71628628e+00
  2.56235157e+00  7.19767750e-01  2.54115723e+00  6.45143868e-01
  1.30064394e+00  8.09847248e-01  8.92313118e-01  1.67712719e+00
  2.71048325e-01  1.19228618e+00  5.29519586e-01  8.48856510e-01
  3.52336640e+00  3.97393343e+00  2.97694637e+00  2.07396234e+00
  6.01024906e-01  1.04779882e+00  1.60725768e+00  1.47503502e+00]
Device (GPU) time: 0.8666 seconds
Iters. done: 332 [Current cost: -23.25673726790376]
Current parameters: [ 1.20140625e+00  5.50504918e-01  1.81733664e+00  2.50653764e+00
  3.61316999e+00  2.60791234e+00  1.36949202e+00  2.22403626e+00
  6.35253696e-01  2.91090308e+00  3.26869478e-01  2.05728191e+00
  2.47728030e+00  1.35162108e+00  4.10571704e+00  1.49746320e+00
  1.49564014e+00  1.52041082e+00  3.02386850e+00  2.82448886e+00
  4.83543669e-01  2.48407442e+00  2.93685560e-01  2.88528067e+00
  2.64096394e+00  1.75593857e+00  5.61894400e-01  2.97325744e+00
 -4.07918436e-01  3.63535930e+00  1.47732678e+00  1.13167262e+00
  1.93455140e+00  1.34307344e+00 -2.26426270e-03  1.31195388e+00
  2.23448325e+00  1.53466659e+00  6.09392817e-01  4.42648951e-01
  2.38897754e+00  2.96344971e+00  1.16641375e+00  2.71697177e+00
  2.56265114e+00  7.16983473e-01  2.53759934e+00  6.45325407e-01
  1.30070215e+00  8.12921842e-01  8.91214542e-01  1.67615683e+00
  2.69310335e-01  1.19100032e+00  5.30327425e-01  8.51084012e-01
  3.52335043e+00  3.97493811e+00  2.97550529e+00  2.07341137e+00
  5.95571934e-01  1.04779978e+00  1.60721688e+00  1.47359399e+00]
Device (GPU) time: 0.7688 seconds
Iters. done: 333 [Current cost: -23.19636087044266]
Current parameters: [ 1.20086495e+00  5.45899518e-01  1.81796934e+00  2.50018760e+00
  3.61331256e+00  2.61384784e+00  1.36362856e+00  2.22668483e+00
  6.38700571e-01  2.91599145e+00  3.29804369e-01  2.05903995e+00
  2.48172851e+00  1.34103680e+00  4.10467709e+00  1.50205267e+00
  1.49251824e+00  1.51923617e+00  3.01649684e+00  2.82657689e+00
  4.87478530e-01  2.46713148e+00  2.86665600e-01  2.88103290e+00
  2.64333788e+00  1.75785180e+00  5.55136220e-01  2.97114384e+00
 -4.03962287e-01  3.64500182e+00  1.47948981e+00  1.13089295e+00
  1.93690655e+00  1.34158122e+00 -3.87451969e-04  1.31352449e+00
  2.23926675e+00  1.53050226e+00  6.07330748e-01  4.43588825e-01
  2.38738593e+00  2.97381753e+00  1.16578464e+00  2.71620445e+00
  2.56173286e+00  7.17739360e-01  2.53714223e+00  6.43169403e-01
  1.29906143e+00  8.10664917e-01  8.91034951e-01  1.67728284e+00
  2.68020690e-01  1.19095886e+00  5.29185035e-01  8.48385167e-01
  3.52248419e+00  3.97125750e+00  2.97648794e+00  2.07254791e+00
  6.01809949e-01  1.04753748e+00  1.60341882e+00  1.47402905e+00]
Device (GPU) time: 0.9493 seconds
Iters. done: 334 [Current cost: -23.44295799889383]
Current parameters: [ 1.20199920e+00  5.52676860e-01  1.81221157e+00  2.51124670e+00
  3.61767436e+00  2.61497065e+00  1.36680124e+00  2.22681556e+00
  6.40651542e-01  2.91556873e+00  3.31131363e-01  2.05949241e+00
  2.48220307e+00  1.34338466e+00  4.10509032e+00  1.50051588e+00
  1.49268561e+00  1.52072165e+00  3.01750442e+00  2.82753729e+00
  4.82222255e-01  2.47084053e+00  2.88289474e-01  2.88068659e+00
  2.62710193e+00  1.75768093e+00  5.54407446e-01  2.97168875e+00
 -4.08247112e-01  3.66325512e+00  1.48236068e+00  1.13211458e+00
  1.93640614e+00  1.34262805e+00  9.29410794e-04  1.31255625e+00
  2.23893518e+00  1.52947681e+00  6.07905217e-01  4.43891909e-01
  2.38724653e+00  2.96382824e+00  1.16735448e+00  2.71702955e+00
  2.56263475e+00  7.27089392e-01  2.54064403e+00  6.44802866e-01
  1.30044157e+00  8.09806178e-01  8.92062247e-01  1.67807682e+00
  2.71136065e-01  1.19192813e+00  5.29713344e-01  8.49453768e-01
  3.52355926e+00  3.97059729e+00  2.97720211e+00  2.07364008e+00
  6.03134499e-01  1.04706861e+00  1.61162378e+00  1.47430719e+00]
Device (GPU) time: 0.7678 seconds
Iters. done: 335 [Current cost: -23.416754626710997]
Current parameters: [ 1.20096804e+00  5.51860926e-01  1.81702861e+00  2.50713983e+00
  3.61460919e+00  2.61313864e+00  1.36334078e+00  2.23005001e+00
  6.38661400e-01  2.91540851e+00  3.31697977e-01  2.05921995e+00
  2.47998899e+00  1.34335317e+00  4.10328874e+00  1.50190782e+00
  1.49328844e+00  1.51987199e+00  3.01647428e+00  2.82622743e+00
  4.84149712e-01  2.46863733e+00  2.88949749e-01  2.88054461e+00
  2.64754173e+00  1.75831708e+00  5.54550376e-01  2.97148518e+00
 -4.08096375e-01  3.64352507e+00  1.48229944e+00  1.13179300e+00
  1.93692974e+00  1.34218398e+00  4.59380152e-04  1.31334483e+00
  2.23933484e+00  1.52988751e+00  6.07513079e-01  4.44611522e-01
  2.38781753e+00  2.96678050e+00  1.17085617e+00  2.71618512e+00
  2.56596101e+00  7.18023752e-01  2.53894570e+00  6.40627538e-01
  1.30517213e+00  8.10214622e-01  8.91301272e-01  1.67708468e+00
  2.69566523e-01  1.18816192e+00  5.29495840e-01  8.49170506e-01
  3.52747250e+00  3.97764911e+00  2.98104850e+00  2.07284594e+00
  6.08733480e-01  1.04873913e+00  1.60773383e+00  1.47473568e+00]
Device (GPU) time: 0.8755 seconds
Iters. done: 336 [Current cost: -23.169892818156978]
Current parameters: [ 1.20009362e+00  5.44479055e-01  1.80757693e+00  2.50798920e+00
  3.61334665e+00  2.61510282e+00  1.36663430e+00  2.23390637e+00
  6.38914076e-01  2.91563212e+00  3.33368194e-01  2.05983753e+00
  2.47927281e+00  1.34190783e+00  4.10334970e+00  1.50013394e+00
  1.49419001e+00  1.51920818e+00  3.01508629e+00  2.82235518e+00
  4.84171587e-01  2.46864050e+00  2.91657032e-01  2.88129185e+00
  2.64817760e+00  1.75949370e+00  5.53188626e-01  2.97178613e+00
 -4.10030868e-01  3.64386210e+00  1.48828178e+00  1.13251560e+00
  1.93855830e+00  1.34172063e+00  7.53820635e-04  1.31396422e+00
  2.24043054e+00  1.53016885e+00  6.06057781e-01  4.46109987e-01
  2.38795678e+00  2.96947739e+00  1.15930170e+00  2.71561191e+00
  2.57285639e+00  7.20672299e-01  2.54075094e+00  6.34716966e-01
  1.31170900e+00  8.10315233e-01  8.93156485e-01  1.67585165e+00
  2.71176918e-01  1.18475993e+00  5.29981894e-01  8.47200820e-01
  3.51606489e+00  3.96827505e+00  2.97139709e+00  2.07262216e+00
  5.90195149e-01  1.04702321e+00  1.60810888e+00  1.47737172e+00]
Device (GPU) time: 0.8250 seconds
Iters. done: 337 [Current cost: -23.495394246058083]
Current parameters: [ 1.20108712e+00  5.53679117e-01  1.81055104e+00  2.50332762e+00
  3.61666783e+00  2.61391580e+00  1.36690880e+00  2.22816919e+00
  6.40722535e-01  2.91764016e+00  3.31704281e-01  2.05950586e+00
  2.48385718e+00  1.34274103e+00  4.10567734e+00  1.50065987e+00
  1.49312922e+00  1.51937145e+00  3.01623099e+00  2.82629329e+00
  4.83268750e-01  2.46966245e+00  2.87956193e-01  2.88078485e+00
  2.64750221e+00  1.75839962e+00  5.54461187e-01  2.97163824e+00
 -4.07456232e-01  3.64311485e+00  1.48093528e+00  1.13163742e+00
  1.93729129e+00  1.34167608e+00 -3.28060010e-05  1.31352609e+00
  2.23964120e+00  1.53055787e+00  6.07283209e-01  4.44630399e-01
  2.38786455e+00  2.96676944e+00  1.16605480e+00  2.71602249e+00
  2.56233991e+00  7.18194695e-01  2.53932293e+00  6.44426433e-01
  1.29978091e+00  8.17819011e-01  8.94454497e-01  1.66904242e+00
  2.69643149e-01  1.19197333e+00  5.29521495e-01  8.50914917e-01
  3.52256887e+00  3.96945430e+00  2.97735661e+00  2.06836181e+00
  6.05458943e-01  1.04717792e+00  1.60761358e+00  1.47542497e+00]
Device (GPU) time: 0.8761 seconds
Iters. done: 338 [Current cost: -23.442232587688938]
Current parameters: [ 1.20045704e+00  5.38273345e-01  1.82153079e+00  2.51829412e+00
  3.60900813e+00  2.62000551e+00  1.36529639e+00  2.22475558e+00
  6.38042253e-01  2.91490464e+00  3.28231217e-01  2.05400835e+00
  2.48083694e+00  1.33851941e+00  4.10104025e+00  1.49887986e+00
  1.49422778e+00  1.51991861e+00  3.01523512e+00  2.82393052e+00
  4.82766954e-01  2.47271052e+00  2.88820099e-01  2.88120082e+00
  2.64802816e+00  1.75917207e+00  5.52926569e-01  2.97154024e+00
 -4.07777964e-01  3.64437679e+00  1.48055025e+00  1.13249532e+00
  1.93794825e+00  1.34227004e+00  1.97550138e-03  1.31338281e+00
  2.23969679e+00  1.52928314e+00  6.06035792e-01  4.45938009e-01
  2.38814845e+00  2.96836319e+00  1.16641024e+00  2.71543069e+00
  2.56142135e+00  7.19505400e-01  2.53896710e+00  6.45037887e-01
  1.30025773e+00  8.17800390e-01  8.96724296e-01  1.66602044e+00
  2.70538566e-01  1.19222254e+00  5.29245394e-01  8.50874884e-01
  3.52267871e+00  3.96758304e+00  2.97596956e+00  2.08689491e+00
  6.09547640e-01  1.04665657e+00  1.60724872e+00  1.47669293e+00]
Device (GPU) time: 0.7806 seconds
Iters. done: 339 [Current cost: -23.325965017439916]
Current parameters: [ 1.19993885e+00  5.48268294e-01  1.81505110e+00  2.50316686e+00
  3.61612463e+00  2.61514117e+00  1.36561034e+00  2.22703871e+00
  6.40124135e-01  2.91667622e+00  3.31097707e-01  2.05802923e+00
  2.48216090e+00  1.34212955e+00  4.10345833e+00  1.50045468e+00
  1.49396375e+00  1.52593804e+00  3.01610751e+00  2.82738870e+00
  4.79279654e-01  2.47080343e+00  2.88366834e-01  2.88144861e+00
  2.64753029e+00  1.75348810e+00  5.54202271e-01  2.97121838e+00
 -4.10970136e-01  3.64320505e+00  1.48100060e+00  1.13177954e+00
  1.93773491e+00  1.34189653e+00  1.06582454e-03  1.31377504e+00
  2.23974822e+00  1.53046389e+00  6.07121618e-01  4.45323091e-01
  2.38031079e+00  2.96690461e+00  1.16341955e+00  2.71629485e+00
  2.56262769e+00  7.18629917e-01  2.54016944e+00  6.44330644e-01
  1.30012604e+00  8.09463909e-01  8.92076182e-01  1.67819134e+00
  2.70208412e-01  1.19251255e+00  5.29640959e-01  8.48335477e-01
  3.52016527e+00  3.97142017e+00  2.98350670e+00  2.07432053e+00
  6.03471368e-01  1.04775266e+00  1.60781103e+00  1.47547318e+00]
Device (GPU) time: 0.8742 seconds
Iters. done: 340 [Current cost: -23.12986759839523]
Current parameters: [ 1.20249850e+00  5.63763472e-01  1.81832415e+00  2.51837684e+00
  3.61234669e+00  2.61563630e+00  1.36696591e+00  2.22910159e+00
  6.36755075e-01  2.91644957e+00  3.29645509e-01  2.05687961e+00
  2.48246489e+00  1.34282355e+00  4.10467499e+00  1.50233667e+00
  1.49320820e+00  1.52781239e+00  3.01422887e+00  2.82403560e+00
  4.94810653e-01  2.46580377e+00  2.87316675e-01  2.87978566e+00
  2.64767337e+00  1.75079578e+00  5.53213003e-01  2.97239704e+00
 -3.98855761e-01  3.64387425e+00  1.48104617e+00  1.13147417e+00
  1.93739343e+00  1.34180921e+00 -3.98944115e-05  1.31355740e+00
  2.24006226e+00  1.52896013e+00  6.04843155e-01  4.45153964e-01
  2.37796584e+00  2.96580155e+00  1.16126315e+00  2.71479244e+00
  2.56082651e+00  7.14878737e-01  2.53754917e+00  6.44836843e-01
  1.29950891e+00  8.09452054e-01  8.92117543e-01  1.67459823e+00
  2.68109547e-01  1.19126570e+00  5.29128464e-01  8.48070783e-01
  3.51785209e+00  3.97607588e+00  2.97099951e+00  2.07194676e+00
  6.00749323e-01  1.04787602e+00  1.60525700e+00  1.47568143e+00]
Device (GPU) time: 0.7935 seconds
Iters. done: 341 [Current cost: -23.23423789363155]
Current parameters: [ 1.20087250e+00  5.52114644e-01  1.80932801e+00  2.50391295e+00
  3.61960112e+00  2.61576967e+00  1.36375347e+00  2.22542531e+00
  6.39960020e-01  2.91455029e+00  3.27934264e-01  2.05608336e+00
  2.48030917e+00  1.34319927e+00  4.10152978e+00  1.49999642e+00
  1.49344161e+00  1.52066761e+00  3.01616425e+00  2.82750591e+00
  4.84145113e-01  2.46942957e+00  2.88403474e-01  2.88148446e+00
  2.64771799e+00  1.75779995e+00  5.54121111e-01  2.97054430e+00
 -4.05151934e-01  3.64326995e+00  1.48158107e+00  1.13252726e+00
  1.93690603e+00  1.34258168e+00  1.01168484e-03  1.31312186e+00
  2.23933713e+00  1.52938056e+00  6.08200863e-01  4.44801355e-01
  2.38792613e+00  2.96775972e+00  1.16737711e+00  2.70820607e+00
  2.56243839e+00  7.19172799e-01  2.53959404e+00  6.43242910e-01
  1.30013683e+00  8.06829985e-01  8.92215338e-01  1.67369438e+00
  2.72456524e-01  1.19273476e+00  5.28710090e-01  8.47584876e-01
  3.52450403e+00  3.97311410e+00  2.97593455e+00  2.07812782e+00
  6.02118443e-01  1.04744943e+00  1.60652897e+00  1.47237027e+00]
Device (GPU) time: 0.8554 seconds
Iters. done: 342 [Current cost: -23.265532000945267]
Current parameters: [ 1.20179476e+00  5.43156784e-01  1.81424511e+00  2.51267083e+00
  3.61458494e+00  2.61348437e+00  1.37021921e+00  2.22955810e+00
  6.44422007e-01  2.91873663e+00  3.29575417e-01  2.05868950e+00
  2.48539561e+00  1.34642512e+00  4.10496651e+00  1.49841451e+00
  1.49255102e+00  1.51921398e+00  3.01396605e+00  2.81898030e+00
  4.82355520e-01  2.47603713e+00  2.87962417e-01  2.88130241e+00
  2.64754213e+00  1.75793044e+00  5.52841828e-01  2.97118678e+00
 -4.04833564e-01  3.64286561e+00  1.47945991e+00  1.13267489e+00
  1.93733172e+00  1.34247767e+00  2.36253377e-04  1.31393973e+00
  2.23950216e+00  1.52775483e+00  6.06366094e-01  4.45629702e-01
  2.38868448e+00  2.96846725e+00  1.16611686e+00  2.70309875e+00
  2.56086109e+00  7.17236469e-01  2.53775439e+00  6.43109563e-01
  1.29922321e+00  8.06535706e-01  8.93785289e-01  1.68709279e+00
  2.72958998e-01  1.19273242e+00  5.28809537e-01  8.45372822e-01
  3.52489986e+00  3.96513431e+00  2.97304754e+00  2.06054449e+00
  6.11863227e-01  1.04570122e+00  1.60522557e+00  1.47823643e+00]
Device (GPU) time: 0.7604 seconds
Iters. done: 343 [Current cost: -23.35080885669465]
Current parameters: [ 1.20053587e+00  5.49812690e-01  1.81326726e+00  2.50831462e+00
  3.61418474e+00  2.61888577e+00  1.36569706e+00  2.22066195e+00
  6.41526053e-01  2.91872091e+00  3.29827136e-01  2.06505347e+00
  2.48181316e+00  1.34250836e+00  4.10638081e+00  1.50185017e+00
  1.49559040e+00  1.51983368e+00  3.01794552e+00  2.82733133e+00
  4.84992846e-01  2.46545178e+00  2.89932038e-01  2.88369784e+00
  2.64469378e+00  1.75796866e+00  5.56457561e-01  2.97184918e+00
 -4.10101906e-01  3.64015014e+00  1.48547484e+00  1.13234259e+00
  1.93736830e+00  1.34183991e+00 -5.46931871e-04  1.31305254e+00
  2.23850037e+00  1.53272376e+00  6.07021523e-01  4.44869061e-01
  2.38837205e+00  2.96760581e+00  1.16559407e+00  2.71482075e+00
  2.56245706e+00  7.18506909e-01  2.53914720e+00  6.44634606e-01
  1.30005972e+00  8.09456934e-01  8.92932364e-01  1.67737934e+00
  2.71006405e-01  1.19256644e+00  5.29431310e-01  8.47582295e-01
  3.52214894e+00  3.97442398e+00  2.97653129e+00  2.07320391e+00
  6.04792045e-01  1.04826733e+00  1.60738316e+00  1.47690165e+00]
Device (GPU) time: 0.8760 seconds
Iters. done: 344 [Current cost: -23.34953243053363]
Current parameters: [ 1.20091783e+00  5.48967463e-01  1.81308479e+00  2.50607797e+00
  3.61304752e+00  2.61498123e+00  1.36242051e+00  2.21689035e+00
  6.43537622e-01  2.91902591e+00  3.30421419e-01  2.07005360e+00
  2.48066452e+00  1.34382666e+00  4.10590728e+00  1.50085309e+00
  1.48701070e+00  1.51707697e+00  3.01005589e+00  2.82328057e+00
  4.86713076e-01  2.48071379e+00  2.91526232e-01  2.87540785e+00
  2.65442283e+00  1.76116278e+00  5.47306115e-01  2.97135609e+00
 -4.08053508e-01  3.65013601e+00  1.47653488e+00  1.13068121e+00
  1.93965373e+00  1.34111385e+00  2.62240796e-03  1.31685596e+00
  2.24287650e+00  1.52364573e+00  6.05477794e-01  4.46477681e-01
  2.38621101e+00  2.96733095e+00  1.16654409e+00  2.71888011e+00
  2.56095545e+00  7.19424361e-01  2.53993260e+00  6.44457279e-01
  1.29803875e+00  8.11505747e-01  8.92745702e-01  1.67615380e+00
  2.68203784e-01  1.19181666e+00  5.31099141e-01  8.47237880e-01
  3.52544285e+00  3.97928183e+00  2.97658240e+00  2.07267311e+00
  5.95192967e-01  1.04967365e+00  1.60889032e+00  1.47313556e+00]
Device (GPU) time: 0.7800 seconds
Iters. done: 345 [Current cost: -23.257930717844037]
Current parameters: [ 1.20128515e+00  5.52730297e-01  1.81713549e+00  2.50740556e+00
  3.61495596e+00  2.61642330e+00  1.36700670e+00  2.22660745e+00
  6.39880220e-01  2.91630335e+00  3.29960685e-01  2.05854453e+00
  2.48317027e+00  1.34106690e+00  4.10505471e+00  1.50068328e+00
  1.49323450e+00  1.51975114e+00  3.01599219e+00  2.82500625e+00
  4.83066001e-01  2.46862599e+00  2.87725463e-01  2.88082762e+00
  2.64733022e+00  1.75800141e+00  5.53940439e-01  2.97151471e+00
 -4.07543238e-01  3.64327119e+00  1.48204753e+00  1.13188443e+00
  1.93690569e+00  1.34192353e+00  9.78482334e-05  1.31300677e+00
  2.23989850e+00  1.53004249e+00  6.06903533e-01  4.44266258e-01
  2.38834080e+00  2.96700224e+00  1.17137477e+00  2.71538074e+00
  2.56169661e+00  7.17151629e-01  2.53921775e+00  6.44184648e-01
  1.29972706e+00  8.07399765e-01  8.91724120e-01  1.67500128e+00
  2.70130150e-01  1.19158851e+00  5.29045780e-01  8.48309893e-01
  3.52779023e+00  3.96741278e+00  2.98168899e+00  2.07308259e+00
  5.95794568e-01  1.04664430e+00  1.60726306e+00  1.48204570e+00]
Device (GPU) time: 0.8644 seconds
Iters. done: 346 [Current cost: -23.11772123728829]
Current parameters: [ 1.20199615e+00  5.45948632e-01  1.81017612e+00  2.50322710e+00
  3.61680893e+00  2.60925807e+00  1.36250229e+00  2.22858146e+00
  6.38063973e-01  2.91318983e+00  3.31278610e-01  2.05990440e+00
  2.47895146e+00  1.34400956e+00  4.10543263e+00  1.50192972e+00
  1.48957991e+00  1.51823298e+00  3.01899704e+00  2.83222614e+00
  4.85310526e-01  2.47065679e+00  2.86378527e-01  2.88105295e+00
  2.64749833e+00  1.75940766e+00  5.52292256e-01  2.97211630e+00
 -4.04862972e-01  3.64332194e+00  1.47881458e+00  1.13050308e+00
  1.93635571e+00  1.34258945e+00  2.80664939e-03  1.31441963e+00
  2.23998577e+00  1.52837965e+00  6.07935826e-01  4.43276631e-01
  2.38838338e+00  2.96250118e+00  1.16163693e+00  2.72222456e+00
  2.56086261e+00  7.18814971e-01  2.54453353e+00  6.45607056e-01
  1.29815365e+00  8.00260238e-01  8.90665528e-01  1.67259335e+00
  2.69704908e-01  1.19059411e+00  5.31326450e-01  8.51377608e-01
  3.51928917e+00  3.97358092e+00  2.96839286e+00  2.07441471e+00
  6.10704080e-01  1.04730824e+00  1.60738792e+00  1.49427058e+00]
Device (GPU) time: 0.7748 seconds
Iters. done: 347 [Current cost: -23.148484796618575]
Current parameters: [ 1.20121151e+00  5.49978964e-01  1.81183146e+00  2.50638702e+00
  3.61752184e+00  2.61832600e+00  1.36542487e+00  2.22767654e+00
  6.41774779e-01  2.91528342e+00  3.28263149e-01  2.05584734e+00
  2.48226565e+00  1.34312747e+00  4.10554119e+00  1.50196437e+00
  1.49606833e+00  1.52112095e+00  3.01284266e+00  2.82551460e+00
  4.84920922e-01  2.47115382e+00  2.89505722e-01  2.88092166e+00
  2.64736172e+00  1.75663470e+00  5.54676530e-01  2.97147804e+00
 -4.07135578e-01  3.64284262e+00  1.48068286e+00  1.13406300e+00
  1.93710178e+00  1.34260944e+00 -1.66748082e-03  1.31287868e+00
  2.23894089e+00  1.52918145e+00  6.06019351e-01  4.46901924e-01
  2.38935917e+00  2.96766975e+00  1.16703289e+00  2.72549634e+00
  2.56212857e+00  7.17777774e-01  2.53647913e+00  6.42791100e-01
  1.29986215e+00  8.07618576e-01  8.91890801e-01  1.67737195e+00
  2.73766794e-01  1.19237279e+00  5.30557314e-01  8.47446358e-01
  3.52458508e+00  3.97076118e+00  2.97571496e+00  2.07303826e+00
  6.04420671e-01  1.04709362e+00  1.60667442e+00  1.47349780e+00]
Device (GPU) time: 0.8672 seconds
Iters. done: 348 [Current cost: -23.264031003022126]
Current parameters: [ 1.20073328e+00  5.47639523e-01  1.81646093e+00  2.50422341e+00
  3.61310903e+00  2.61777216e+00  1.36421721e+00  2.23348063e+00
  6.39012162e-01  2.91388049e+00  3.35206832e-01  2.05694898e+00
  2.48024381e+00  1.34057808e+00  4.11659725e+00  1.50753961e+00
  1.49982828e+00  1.52026049e+00  3.01074184e+00  2.83936128e+00
  4.92406043e-01  2.47233071e+00  2.92617896e-01  2.88101417e+00
  2.64719339e+00  1.75888173e+00  5.53313390e-01  2.97471835e+00
 -4.12051145e-01  3.64356559e+00  1.47675318e+00  1.13490876e+00
  1.93960319e+00  1.34203875e+00 -1.31103810e-03  1.31473896e+00
  2.23948007e+00  1.53014021e+00  6.01001704e-01  4.51423645e-01
  2.39073937e+00  2.96260999e+00  1.16628457e+00  2.70605609e+00
  2.56126811e+00  7.20957315e-01  2.53919017e+00  6.46705204e-01
  1.29800822e+00  8.12234981e-01  8.89547142e-01  1.67850913e+00
  2.71679443e-01  1.18966749e+00  5.29203688e-01  8.53111010e-01
  3.52248393e+00  3.97105214e+00  2.97723813e+00  2.07366925e+00
  6.00779773e-01  1.04761231e+00  1.61028368e+00  1.47471054e+00]
Device (GPU) time: 0.7654 seconds
Iters. done: 349 [Current cost: -23.268003560225193]
Current parameters: [ 1.20118161e+00  5.49525030e-01  1.81374239e+00  2.50722770e+00
  3.61488102e+00  2.61226397e+00  1.36770082e+00  2.22601594e+00
  6.43043483e-01  2.91278565e+00  3.31664908e-01  2.05565577e+00
  2.48358709e+00  1.33501734e+00  4.10929151e+00  1.50000808e+00
  1.49332202e+00  1.51959281e+00  3.01625943e+00  2.82800036e+00
  4.82168993e-01  2.47361587e+00  2.84068253e-01  2.88137337e+00
  2.64723595e+00  1.75842579e+00  5.54303010e-01  2.97118377e+00
 -4.04646121e-01  3.64279689e+00  1.48778468e+00  1.13160900e+00
  1.93743683e+00  1.34173095e+00  5.20898659e-04  1.31352012e+00
  2.23968185e+00  1.53046629e+00  6.07153509e-01  4.44524175e-01
  2.38766897e+00  2.96734887e+00  1.16631242e+00  2.71605399e+00
  2.56213766e+00  7.18386906e-01  2.53893929e+00  6.43822343e-01
  1.29939886e+00  8.10045400e-01  8.91870692e-01  1.67714836e+00
  2.69612759e-01  1.19193974e+00  5.29321711e-01  8.48064541e-01
  3.52288639e+00  3.97654203e+00  2.97703612e+00  2.07297732e+00
  6.02336300e-01  1.04877795e+00  1.60797969e+00  1.47496421e+00]
Device (GPU) time: 0.8920 seconds
Iters. done: 350 [Current cost: -23.3333505607794]
Current parameters: [ 1.20019747e+00  5.45163811e-01  1.81563687e+00  2.50187660e+00
  3.61374205e+00  2.62641754e+00  1.37780399e+00  2.23575659e+00
  6.44151233e-01  2.91485400e+00  3.28613481e-01  2.06178949e+00
  2.48585945e+00  1.34166248e+00  4.10041200e+00  1.48990997e+00
  1.49166789e+00  1.51941647e+00  3.01872648e+00  2.82697009e+00
  4.86756620e-01  2.46476677e+00  2.92106258e-01  2.88317913e+00
  2.64733934e+00  1.75938933e+00  5.54309545e-01  2.97121257e+00
 -3.97873512e-01  3.64168950e+00  1.47684134e+00  1.13131146e+00
  1.93859206e+00  1.34183553e+00  2.14793544e-03  1.31541302e+00
  2.23909347e+00  1.53075443e+00  6.08290748e-01  4.44896300e-01
  2.38783023e+00  2.96260276e+00  1.16582045e+00  2.71721891e+00
  2.56261497e+00  7.23615495e-01  2.54396277e+00  6.43482421e-01
  1.29593887e+00  8.11365133e-01  8.89677641e-01  1.67747646e+00
  2.70609909e-01  1.19063386e+00  5.31126842e-01  8.51228779e-01
  3.52444519e+00  3.97979025e+00  2.97779894e+00  2.07260314e+00
  6.01211449e-01  1.05011493e+00  1.61318239e+00  1.47428339e+00]
Device (GPU) time: 0.8845 seconds
Iters. done: 351 [Current cost: -23.26177035525774]
Current parameters: [ 1.20069467e+00  5.50555642e-01  1.81509589e+00  2.50741672e+00
  3.61401260e+00  2.61051312e+00  1.36453490e+00  2.22627290e+00
  6.39471787e-01  2.91511888e+00  3.31128910e-01  2.06302875e+00
  2.48131045e+00  1.34208760e+00  4.09982479e+00  1.49814663e+00
  1.49632196e+00  1.51862725e+00  3.01348051e+00  2.82850999e+00
  4.80162115e-01  2.46781089e+00  2.84580353e-01  2.88079924e+00
  2.64774599e+00  1.75968644e+00  5.54955740e-01  2.97295384e+00
 -4.04374275e-01  3.64347693e+00  1.48109229e+00  1.13588311e+00
  1.93911629e+00  1.34157527e+00 -4.03056931e-03  1.31413710e+00
  2.23928184e+00  1.53107484e+00  6.05954061e-01  4.48003260e-01
  2.38604223e+00  2.96548848e+00  1.16611573e+00  2.71606447e+00
  2.56194091e+00  7.19152227e-01  2.53785220e+00  6.44836937e-01
  1.29850239e+00  8.10673138e-01  8.89838674e-01  1.67782088e+00
  2.74166841e-01  1.18964076e+00  5.29958640e-01  8.51931857e-01
  3.52290716e+00  3.97131821e+00  2.97625873e+00  2.07364801e+00
  6.01825289e-01  1.04736453e+00  1.60767049e+00  1.47506086e+00]
Device (GPU) time: 0.7572 seconds
Iters. done: 352 [Current cost: -23.398684895862896]
Current parameters: [ 1.20022761e+00  5.54237360e-01  1.80572049e+00  2.51713015e+00
  3.61187550e+00  2.61881764e+00  1.36696265e+00  2.23212783e+00
  6.40758606e-01  2.90988659e+00  3.28762367e-01  2.06226774e+00
  2.47952590e+00  1.34018333e+00  4.10679959e+00  1.49918729e+00
  1.49028010e+00  1.51928020e+00  3.01812860e+00  2.83295292e+00
  4.74115743e-01  2.46817531e+00  2.88410114e-01  2.88138530e+00
  2.64663287e+00  1.75828695e+00  5.53628290e-01  2.97071212e+00
 -4.14162148e-01  3.64182597e+00  1.47328486e+00  1.12978611e+00
  1.93636168e+00  1.34236654e+00  2.35169966e-03  1.31427236e+00
  2.23924578e+00  1.52868276e+00  6.07359879e-01  4.42452197e-01
  2.38915582e+00  2.97960304e+00  1.16573832e+00  2.71627311e+00
  2.55938048e+00  7.17772207e-01  2.53988217e+00  6.41931850e-01
  1.29442491e+00  8.09600846e-01  8.85271372e-01  1.67734768e+00
  2.66154261e-01  1.18652547e+00  5.29183902e-01  8.53623244e-01
  3.52289253e+00  3.97299782e+00  2.97612382e+00  2.07202480e+00
  6.02255014e-01  1.04810920e+00  1.60051979e+00  1.47257541e+00]
Device (GPU) time: 0.8920 seconds
Iters. done: 353 [Current cost: -23.18506827014337]
Current parameters: [ 1.20073832e+00  5.50768709e-01  1.81396033e+00  2.50680422e+00
  3.61385227e+00  2.61346399e+00  1.36569827e+00  2.22861476e+00
  6.39568829e-01  2.91860751e+00  3.32011661e-01  2.05780550e+00
  2.48361973e+00  1.34350840e+00  4.10507557e+00  1.50173081e+00
  1.49046425e+00  1.52247503e+00  3.01833705e+00  2.82744343e+00
  4.83484765e-01  2.46824800e+00  2.88046562e-01  2.87983678e+00
  2.64709108e+00  1.76084300e+00  5.56015365e-01  2.96730775e+00
 -4.08111157e-01  3.64290175e+00  1.48255386e+00  1.13172652e+00
  1.94201209e+00  1.34133449e+00 -4.85285249e-04  1.32223850e+00
  2.23736701e+00  1.52929007e+00  6.08793664e-01  4.43840883e-01
  2.38982383e+00  2.96519065e+00  1.16608007e+00  2.71668815e+00
  2.56136644e+00  7.17979373e-01  2.53848576e+00  6.45946184e-01
  1.30015592e+00  8.09974033e-01  8.92779295e-01  1.67877722e+00
  2.69492741e-01  1.19170884e+00  5.30650488e-01  8.48728729e-01
  3.52380420e+00  3.96919921e+00  2.97472403e+00  2.07586832e+00
  6.02455469e-01  1.05231988e+00  1.60720653e+00  1.47298829e+00]
Device (GPU) time: 0.7943 seconds
Iters. done: 354 [Current cost: -23.40511648800121]
Current parameters: [ 1.20549679e+00  5.49349790e-01  1.81375790e+00  2.50727443e+00
  3.61495647e+00  2.61518315e+00  1.36431104e+00  2.22762744e+00
  6.37922457e-01  2.91517002e+00  3.32419512e-01  2.05879667e+00
  2.48484501e+00  1.34405311e+00  4.10483749e+00  1.49985301e+00
  1.49399537e+00  1.52140997e+00  3.01614862e+00  2.82755504e+00
  4.83212618e-01  2.46938095e+00  2.87883835e-01  2.88143407e+00
  2.64763400e+00  1.75968515e+00  5.54266790e-01  2.97100328e+00
 -4.07228481e-01  3.64321189e+00  1.48091934e+00  1.13206352e+00
  1.93763234e+00  1.34111161e+00  6.40839825e-04  1.31294111e+00
  2.23958994e+00  1.53037906e+00  6.06517702e-01  4.44680668e-01
  2.38800901e+00  2.96723960e+00  1.16684821e+00  2.71628215e+00
  2.56246997e+00  7.20333873e-01  2.53974069e+00  6.44494401e-01
  1.29948937e+00  8.10159768e-01  8.93061967e-01  1.67691333e+00
  2.70554611e-01  1.19239435e+00  5.29295734e-01  8.47399317e-01
  3.52286458e+00  3.97358344e+00  2.97749525e+00  2.07319215e+00
  6.01982667e-01  1.04820570e+00  1.60563552e+00  1.47550517e+00]
Device (GPU) time: 0.9271 seconds
Iters. done: 355 [Current cost: -23.037825889323635]
Current parameters: [ 1.19583607e+00  5.50528009e-01  1.81294769e+00  2.50628030e+00
  3.61372343e+00  2.61267800e+00  1.36838836e+00  2.22840846e+00
  6.37094185e-01  2.92077246e+00  3.30413683e-01  2.05506147e+00
  2.48047781e+00  1.34138868e+00  4.10273987e+00  1.50092497e+00
  1.49199750e+00  1.51338364e+00  3.01643998e+00  2.82751839e+00
  4.82352291e-01  2.46637757e+00  2.88411232e-01  2.88104314e+00
  2.64662880e+00  1.75923004e+00  5.53003652e-01  2.97599121e+00
 -4.09364741e-01  3.64340067e+00  1.48153194e+00  1.13076450e+00
  1.93675709e+00  1.34254271e+00  9.56797939e-04  1.31275027e+00
  2.23942879e+00  1.52895199e+00  6.04815100e-01  4.46314000e-01
  2.38750829e+00  2.96583770e+00  1.16571850e+00  2.71684675e+00
  2.56210101e+00  7.17805146e-01  2.53860493e+00  6.47047315e-01
  1.29949623e+00  8.10619304e-01  8.94771323e-01  1.67974584e+00
  2.67164824e-01  1.19502878e+00  5.30552173e-01  8.47380405e-01
  3.52289995e+00  3.97350641e+00  2.97432208e+00  2.07373432e+00
  6.01944357e-01  1.04538901e+00  1.60782533e+00  1.47279011e+00]
Device (GPU) time: 0.7821 seconds
Iters. done: 356 [Current cost: -23.314170103141922]
Current parameters: [ 1.20000152e+00  5.49490461e-01  1.81366252e+00  2.50665153e+00
  3.61596521e+00  2.61361113e+00  1.36869066e+00  2.22776081e+00
  6.37891544e-01  2.91580628e+00  3.32849437e-01  2.06013069e+00
  2.48323487e+00  1.34133438e+00  4.10485462e+00  1.50209593e+00
  1.49405347e+00  1.52072765e+00  3.01558252e+00  2.82737651e+00
  4.84938529e-01  2.46961591e+00  2.88844796e-01  2.87871523e+00
  2.64773022e+00  1.75781134e+00  5.52941695e-01  2.97087441e+00
 -4.08421013e-01  3.64337076e+00  1.47998436e+00  1.13217119e+00
  1.93684874e+00  1.34215114e+00  5.01027177e-04  1.31358021e+00
  2.23830621e+00  1.53254302e+00  6.06147031e-01  4.44261923e-01
  2.38880178e+00  2.96646797e+00  1.16700839e+00  2.71551288e+00
  2.56171565e+00  7.19240355e-01  2.53860574e+00  6.44201129e-01
  1.29935379e+00  8.09344153e-01  8.92057931e-01  1.67724491e+00
  2.70118012e-01  1.19120814e+00  5.28980671e-01  8.48305616e-01
  3.52292003e+00  3.97258001e+00  2.97678515e+00  2.07491555e+00
  6.02965594e-01  1.04610657e+00  1.60740625e+00  1.47477931e+00]
Device (GPU) time: 0.8823 seconds
Iters. done: 357 [Current cost: -23.304632863175406]
Current parameters: [ 1.20024226e+00  5.49010320e-01  1.81544599e+00  2.50598827e+00
  3.61371238e+00  2.61702933e+00  1.36291627e+00  2.23004001e+00
  6.40850105e-01  2.91608553e+00  3.31558684e-01  2.05633721e+00
  2.47993735e+00  1.34195271e+00  4.10998244e+00  1.50383500e+00
  1.49621866e+00  1.51925931e+00  3.01426615e+00  2.83352385e+00
  4.87863901e-01  2.47067929e+00  2.90188857e-01  2.88247064e+00
  2.64726119e+00  1.75886863e+00  5.54698288e-01  2.97341016e+00
 -4.09099556e-01  3.64352496e+00  1.47917190e+00  1.13305870e+00
  1.93873914e+00  1.34205622e+00 -2.07062489e-05  1.31420214e+00
  2.24035738e+00  1.52874146e+00  6.05179851e-01  4.48459550e-01
  2.38851347e+00  2.96458107e+00  1.16614872e+00  2.71151940e+00
  2.56209972e+00  7.19294097e-01  2.53998620e+00  6.45800945e-01
  1.29954126e+00  8.11586457e-01  8.90168450e-01  1.67812955e+00
  2.70430044e-01  1.19123350e+00  5.29641491e-01  8.51585944e-01
  3.52276271e+00  3.97105233e+00  2.97725567e+00  2.07238493e+00
  6.01328585e-01  1.04860107e+00  1.60945095e+00  1.47503058e+00]
Device (GPU) time: 0.7585 seconds
Iters. done: 358 [Current cost: -23.219996456061835]
Current parameters: [ 1.20023632e+00  5.49834437e-01  1.81617028e+00  2.50728621e+00
  3.61692603e+00  2.61402327e+00  1.36458181e+00  2.22704469e+00
  6.40728870e-01  2.91738717e+00  3.31115210e-01  2.05818409e+00
  2.48246079e+00  1.34256119e+00  4.10324361e+00  1.50030813e+00
  1.49319253e+00  1.52127821e+00  3.01674772e+00  2.82876775e+00
  4.82495207e-01  2.46916248e+00  2.88513095e-01  2.88092854e+00
  2.64750772e+00  1.75691953e+00  5.55453450e-01  2.97139619e+00
 -4.07508036e-01  3.64306474e+00  1.48117646e+00  1.13066659e+00
  1.93699966e+00  1.34207628e+00  2.07289116e-03  1.31335348e+00
  2.24074065e+00  1.53091363e+00  6.05183684e-01  4.46411109e-01
  2.38953560e+00  2.96687797e+00  1.16678361e+00  2.71640053e+00
  2.56131223e+00  7.19509026e-01  2.54028218e+00  6.43665205e-01
  1.29879469e+00  8.10179901e-01  8.93049884e-01  1.67672627e+00
  2.69197433e-01  1.18936541e+00  5.29726275e-01  8.47037423e-01
  3.52350023e+00  3.97244260e+00  2.97505376e+00  2.07247783e+00
  6.01834235e-01  1.04774907e+00  1.60804315e+00  1.47469377e+00]
Device (GPU) time: 0.8687 seconds
Iters. done: 359 [Current cost: -23.327436648518454]
Current parameters: [ 1.20011723e+00  5.50859164e-01  1.80912944e+00  2.50704103e+00
  3.60891196e+00  2.61337323e+00  1.36396583e+00  2.22600645e+00
  6.39926887e-01  2.91655197e+00  3.31802608e-01  2.05830715e+00
  2.48128126e+00  1.34281589e+00  4.10238152e+00  1.50031686e+00
  1.49624941e+00  1.52076236e+00  3.01374886e+00  2.82801626e+00
  4.86077431e-01  2.46996379e+00  2.87920098e-01  2.88266588e+00
  2.64750906e+00  1.75647903e+00  5.52723637e-01  2.97257868e+00
 -4.03682675e-01  3.64283121e+00  1.48235456e+00  1.12894582e+00
  1.93694411e+00  1.34173860e+00  2.76458114e-03  1.31301697e+00
  2.23677188e+00  1.53034932e+00  6.10596308e-01  4.44325362e-01
  2.39072316e+00  2.96602482e+00  1.16592565e+00  2.71724776e+00
  2.56155529e+00  7.19413195e-01  2.54235935e+00  6.44977028e-01
  1.29777643e+00  8.10391631e-01  8.94017788e-01  1.67951394e+00
  2.67689680e-01  1.18789171e+00  5.30548211e-01  8.47034616e-01
  3.52355575e+00  3.96911099e+00  2.98081176e+00  2.07409900e+00
  6.03405305e-01  1.04643666e+00  1.60841475e+00  1.47415866e+00]
Device (GPU) time: 0.7779 seconds
Iters. done: 360 [Current cost: -23.095362735332085]
Current parameters: [ 1.20049147e+00  5.49095392e-01  1.81208212e+00  2.50699399e+00
  3.61514386e+00  2.61463214e+00  1.36511914e+00  2.22719586e+00
  6.39675461e-01  2.91673835e+00  3.31343586e-01  2.05804646e+00
  2.48205624e+00  1.34250021e+00  4.10355143e+00  1.50050075e+00
  1.49446746e+00  1.52090824e+00  3.01601374e+00  2.82850148e+00
  4.84072756e-01  2.46937007e+00  2.88485207e-01  2.88152256e+00
  2.64704035e+00  1.75804154e+00  5.54021009e-01  2.96980460e+00
 -4.07092131e-01  3.64373393e+00  1.48104392e+00  1.13201092e+00
  1.93627038e+00  1.34168529e+00  1.07101276e-03  1.31391044e+00
  2.23993362e+00  1.53070251e+00  6.05594849e-01  4.43314217e-01
  2.38603620e+00  2.96686528e+00  1.16839797e+00  2.71635008e+00
  2.56363617e+00  7.16695861e-01  2.53975560e+00  6.43681235e-01
  1.29875168e+00  8.13190617e-01  8.91934246e-01  1.67949224e+00
  2.69887080e-01  1.19291142e+00  5.29516032e-01  8.48842393e-01
  3.52491098e+00  3.97279370e+00  2.97514194e+00  2.07411267e+00
  6.01915687e-01  1.04781979e+00  1.60768480e+00  1.47692700e+00]
Device (GPU) time: 0.8668 seconds
Iters. done: 361 [Current cost: -23.153807178697125]
Current parameters: [ 1.20100566e+00  5.47201637e-01  1.81305328e+00  2.50797060e+00
  3.61258145e+00  2.61371393e+00  1.36421640e+00  2.22656798e+00
  6.40878455e-01  2.91794501e+00  3.33354380e-01  2.05831346e+00
  2.48331818e+00  1.34170312e+00  4.10513659e+00  1.50013645e+00
  1.49250714e+00  1.51934840e+00  3.01734159e+00  2.82897590e+00
  4.84049687e-01  2.46841373e+00  2.90019486e-01  2.88075201e+00
  2.64856537e+00  1.75731794e+00  5.54571743e-01  2.97019610e+00
 -4.06575385e-01  3.64185861e+00  1.48166456e+00  1.13191890e+00
  1.93353027e+00  1.34183138e+00  2.04821288e-04  1.31291738e+00
  2.23941779e+00  1.53088113e+00  6.07112421e-01  4.41696748e-01
  2.38238202e+00  2.96754748e+00  1.16826153e+00  2.71710714e+00
  2.56028915e+00  7.22231538e-01  2.53973663e+00  6.48310498e-01
  1.30427349e+00  8.06245752e-01  8.90597415e-01  1.67425035e+00
  2.70549682e-01  1.19155579e+00  5.30726404e-01  8.51037934e-01
  3.52671762e+00  3.97008982e+00  2.97402629e+00  2.07082055e+00
  6.02000376e-01  1.04652477e+00  1.60963911e+00  1.47089964e+00]
Device (GPU) time: 0.8029 seconds
Iters. done: 362 [Current cost: -23.242616496333646]
Current parameters: [ 1.20113345e+00  5.50821705e-01  1.81458293e+00  2.50730037e+00
  3.61637784e+00  2.61476861e+00  1.36619119e+00  2.22731741e+00
  6.39683606e-01  2.91647526e+00  3.31204158e-01  2.05847602e+00
  2.48234485e+00  1.34324839e+00  4.10405877e+00  1.50112041e+00
  1.49450940e+00  1.51949405e+00  3.01737765e+00  2.82763437e+00
  4.84376522e-01  2.47021879e+00  2.87714949e-01  2.87872034e+00
  2.64732613e+00  1.75906545e+00  5.54529099e-01  2.97181671e+00
 -4.06801243e-01  3.64223696e+00  1.48136975e+00  1.13163406e+00
  1.93770588e+00  1.34182893e+00  1.10967915e-03  1.31344682e+00
  2.23890068e+00  1.52893028e+00  6.06901093e-01  4.45191078e-01
  2.38738295e+00  2.97064390e+00  1.16651945e+00  2.71653850e+00
  2.56510397e+00  7.19343971e-01  2.54108568e+00  6.47336604e-01
  1.29942339e+00  8.10112808e-01  8.92271759e-01  1.67807914e+00
  2.70429516e-01  1.19167479e+00  5.29287861e-01  8.48877371e-01
  3.52286846e+00  3.97183338e+00  2.97708047e+00  2.07393446e+00
  6.02854785e-01  1.04755040e+00  1.60983204e+00  1.47546561e+00]
Device (GPU) time: 0.9028 seconds
Iters. done: 363 [Current cost: -23.206472743419514]
Current parameters: [ 1.20045483e+00  5.51839743e-01  1.81471763e+00  2.50769111e+00
  3.61589466e+00  2.61389969e+00  1.36630890e+00  2.22708456e+00
  6.39304322e-01  2.91677856e+00  3.33030387e-01  2.05834485e+00
  2.48156103e+00  1.34411565e+00  4.10352899e+00  1.50063350e+00
  1.49339111e+00  1.51980954e+00  3.01942317e+00  2.82928150e+00
  4.85390666e-01  2.47055743e+00  2.87913199e-01  2.88247715e+00
  2.64716397e+00  1.75928512e+00  5.49849884e-01  2.97253213e+00
 -4.06290625e-01  3.64154059e+00  1.48167921e+00  1.13236153e+00
  1.93867336e+00  1.34174991e+00  4.45351521e-04  1.31411942e+00
  2.24400571e+00  1.53215116e+00  6.09561328e-01  4.46081232e-01
  2.38808232e+00  2.97102143e+00  1.16582411e+00  2.71702631e+00
  2.55602860e+00  7.21102424e-01  2.53910492e+00  6.38575788e-01
  1.30266679e+00  8.11399357e-01  8.92227629e-01  1.67929147e+00
  2.70723118e-01  1.19621393e+00  5.31864437e-01  8.49857018e-01
  3.52330154e+00  3.97105951e+00  2.97756554e+00  2.07449177e+00
  6.02771763e-01  1.04716515e+00  1.61052117e+00  1.47571610e+00]
Device (GPU) time: 0.7720 seconds
Iters. done: 364 [Current cost: -23.22760281382624]
Current parameters: [ 1.19827844e+00  5.49471304e-01  1.81393989e+00  2.50763749e+00
  3.61525877e+00  2.61372726e+00  1.36634920e+00  2.22720534e+00
  6.41194087e-01  2.91572256e+00  3.30596230e-01  2.05798281e+00
  2.48297451e+00  1.34395724e+00  4.10383714e+00  1.49902118e+00
  1.49406914e+00  1.52025200e+00  3.01643689e+00  2.82804768e+00
  4.86898472e-01  2.46924956e+00  2.85288479e-01  2.88129077e+00
  2.64790560e+00  1.75856290e+00  5.54199780e-01  2.97131508e+00
 -4.09960474e-01  3.64361251e+00  1.48108284e+00  1.13136926e+00
  1.93748000e+00  1.34206808e+00  6.34736441e-04  1.31371218e+00
  2.23962689e+00  1.53024702e+00  6.07319980e-01  4.45159402e-01
  2.38738792e+00  2.96681014e+00  1.16717496e+00  2.71660322e+00
  2.56269498e+00  7.20497036e-01  2.54077356e+00  6.44959582e-01
  1.30043922e+00  8.10147160e-01  8.92240124e-01  1.67696656e+00
  2.70410893e-01  1.19235492e+00  5.29800807e-01  8.48870027e-01
  3.52351671e+00  3.97270342e+00  2.97730896e+00  2.07302551e+00
  6.02069788e-01  1.04791367e+00  1.60444007e+00  1.47522672e+00]
Device (GPU) time: 0.8923 seconds
Iters. done: 365 [Current cost: -23.29051744537199]
Current parameters: [ 1.20203532e+00  5.52364504e-01  1.81551735e+00  2.50660606e+00
  3.61673663e+00  2.61450456e+00  1.36252574e+00  2.22801265e+00
  6.42089990e-01  2.91511705e+00  3.31281981e-01  2.05964161e+00
  2.48697735e+00  1.33810416e+00  4.10043030e+00  1.49770183e+00
  1.49112668e+00  1.51784380e+00  3.01804689e+00  2.82855888e+00
  4.86650229e-01  2.47145420e+00  2.94251483e-01  2.87999908e+00
  2.64760580e+00  1.75916785e+00  5.54964372e-01  2.97334788e+00
 -4.09211820e-01  3.64400790e+00  1.48330764e+00  1.13384461e+00
  1.93656560e+00  1.34230464e+00  2.84990974e-03  1.31213381e+00
  2.23890485e+00  1.53080258e+00  6.09290372e-01  4.45378619e-01
  2.38797713e+00  2.96546338e+00  1.16490888e+00  2.71653671e+00
  2.56255334e+00  7.16175520e-01  2.53894695e+00  6.45394278e-01
  1.30053461e+00  8.10658057e-01  8.90354388e-01  1.67987187e+00
  2.69166116e-01  1.19222055e+00  5.29838793e-01  8.50615344e-01
  3.52198015e+00  3.96975371e+00  2.97667181e+00  2.07456108e+00
  6.03542031e-01  1.04629353e+00  1.60390873e+00  1.47479576e+00]
Device (GPU) time: 0.7742 seconds
Iters. done: 366 [Current cost: -23.31656407508048]
Current parameters: [ 1.20044137e+00  5.49853397e-01  1.81376832e+00  2.50748581e+00
  3.61493173e+00  2.61417468e+00  1.36534600e+00  2.22753088e+00
  6.39465714e-01  2.91746518e+00  3.30892798e-01  2.05838464e+00
  2.48253779e+00  1.34214032e+00  4.10412379e+00  1.50037887e+00
  1.49199612e+00  1.51994144e+00  3.01505659e+00  2.82840990e+00
  4.84080396e-01  2.46996423e+00  2.88462444e-01  2.88131142e+00
  2.64663350e+00  1.75844119e+00  5.54391320e-01  2.97147086e+00
 -4.07193930e-01  3.64220220e+00  1.48066003e+00  1.13335208e+00
  1.94081920e+00  1.34441534e+00 -4.10309493e-04  1.31163354e+00
  2.23934341e+00  1.53048224e+00  6.06779831e-01  4.43080358e-01
  2.38750682e+00  2.96695323e+00  1.16729475e+00  2.71635124e+00
  2.56258936e+00  7.19412913e-01  2.54098542e+00  6.44399148e-01
  1.30016273e+00  8.10642972e-01  8.89326576e-01  1.67652393e+00
  2.69024924e-01  1.19250672e+00  5.29796833e-01  8.45509560e-01
  3.52279224e+00  3.97194341e+00  2.97697057e+00  2.07334489e+00
  6.02798825e-01  1.04759829e+00  1.60775712e+00  1.47518017e+00]
Device (GPU) time: 0.8685 seconds
Iters. done: 367 [Current cost: -23.320693755452172]
Current parameters: [ 1.20139994  0.55031253  1.81458661  2.50723263  3.61492182  2.6150284
  1.36658837  2.22615348  0.63909765  2.91504773  0.3336065   2.05794323
  2.48026216  1.34340349  4.10468329  1.50152092  1.49106685  1.51746892
  3.01469795  2.8259339   0.48361894  2.46804443  0.28741312  2.88126119
  2.64561253  1.760515    0.5540279   2.96497131 -0.40731383  3.64168985
  1.48119359  1.1272152   1.93610756  1.34421671  0.00466605  1.31188866
  2.24026655  1.53177642  0.6092451   0.45134791  2.38629944  2.96502173
  1.16400333  2.71658874  2.56297334  0.7179192   2.53817383  0.6458285
  1.29979678  0.8116844   0.88676331  1.67704785  0.27246503  1.19252698
  0.52968147  0.84696425  3.52411265  3.97133351  2.97714531  2.07323804
  0.60265359  1.04680085  1.60706017  1.47459285]
Device (GPU) time: 0.7886 seconds
Iters. done: 368 [Current cost: -23.36634425870506]
Current parameters: [ 1.20034447e+00  5.50456350e-01  1.81405361e+00  2.50716467e+00
  3.61550397e+00  2.61528801e+00  1.36673810e+00  2.22406075e+00
  6.40020422e-01  2.91768619e+00  3.30357078e-01  2.05729422e+00
  2.48385243e+00  1.34171745e+00  4.10505371e+00  1.50068300e+00
  1.49329826e+00  1.52012611e+00  3.01662444e+00  2.82892362e+00
  4.83497381e-01  2.46932874e+00  2.86849962e-01  2.88088412e+00
  2.64746167e+00  1.75971200e+00  5.54216651e-01  2.97276400e+00
 -4.06394349e-01  3.64334208e+00  1.47813603e+00  1.13136076e+00
  1.93623087e+00  1.34411150e+00  7.66053524e-04  1.31464328e+00
  2.23945280e+00  1.53075795e+00  6.07710252e-01  4.44860151e-01
  2.38726891e+00  2.96610032e+00  1.16619607e+00  2.71631713e+00
  2.56413938e+00  7.17846863e-01  2.53974211e+00  6.42776365e-01
  1.30203056e+00  8.09944861e-01  8.91498945e-01  1.67800992e+00
  2.69489615e-01  1.19040328e+00  5.29535745e-01  8.49256685e-01
  3.52288567e+00  3.97138461e+00  2.97677340e+00  2.07368098e+00
  6.02880675e-01  1.04730631e+00  1.60773851e+00  1.47493636e+00]
Device (GPU) time: 0.8962 seconds
Iters. done: 369 [Current cost: -23.188144706527364]
Current parameters: [ 1.20962897e+00  5.49190300e-01  1.81346262e+00  2.50686825e+00
  3.61339170e+00  2.61577331e+00  1.36355893e+00  2.22792922e+00
  6.34914066e-01  2.91545363e+00  3.33515478e-01  2.05743144e+00
  2.48711559e+00  1.34503751e+00  4.10599128e+00  1.49916684e+00
  1.49359569e+00  1.51986064e+00  3.01583115e+00  2.82778969e+00
  4.81352338e-01  2.46794159e+00  2.87974638e-01  2.88266524e+00
  2.64753849e+00  1.76206912e+00  5.53848890e-01  2.97318373e+00
 -4.07487544e-01  3.64335057e+00  1.48043728e+00  1.13181239e+00
  1.93725270e+00  1.34058525e+00  4.78863301e-04  1.31242863e+00
  2.23968985e+00  1.52967212e+00  6.05611424e-01  4.45967368e-01
  2.38825427e+00  2.96608928e+00  1.16582192e+00  2.71610772e+00
  2.56211458e+00  7.21434306e-01  2.53877818e+00  6.45083485e-01
  1.29991933e+00  8.09661737e-01  8.95328036e-01  1.67702966e+00
  2.70257690e-01  1.19388199e+00  5.29565251e-01  8.46375229e-01
  3.52212553e+00  3.97507753e+00  2.97757619e+00  2.07276665e+00
  6.01332017e-01  1.04802778e+00  1.60355573e+00  1.47435952e+00]
Device (GPU) time: 0.7738 seconds
Iters. done: 370 [Current cost: -23.274247313550745]
Current parameters: [ 1.20121924e+00  5.53149431e-01  1.81502184e+00  2.50997374e+00
  3.61434936e+00  2.61493382e+00  1.36582410e+00  2.22797825e+00
  6.38790203e-01  2.91662282e+00  3.30527966e-01  2.05798479e+00
  2.48204906e+00  1.34249274e+00  4.10432925e+00  1.50135556e+00
  1.49317681e+00  1.52153732e+00  3.01601493e+00  2.82627374e+00
  4.86352569e-01  2.46837698e+00  2.88033039e-01  2.88081043e+00
  2.64768462e+00  1.75666797e+00  5.54029398e-01  2.97171796e+00
 -4.05271251e-01  3.64367242e+00  1.48088665e+00  1.13170328e+00
  1.93742223e+00  1.34171305e+00  5.49144258e-04  1.31353947e+00
  2.23971809e+00  1.52979467e+00  6.06861185e-01  4.44860194e-01
  2.38535348e+00  2.96622217e+00  1.16507591e+00  2.71588942e+00
  2.56169388e+00  7.17831827e-01  2.53887866e+00  6.44685073e-01
  1.29978941e+00  8.09766319e-01  8.91951049e-01  1.67665144e+00
  2.69267520e-01  1.19201215e+00  5.29322207e-01  8.48692931e-01
  3.52142083e+00  3.97347074e+00  2.97555443e+00  2.07273076e+00
  6.02039044e-01  1.04783855e+00  1.60689839e+00  1.47510105e+00]
Device (GPU) time: 0.9035 seconds
Iters. done: 371 [Current cost: -23.18203216009223]
Current parameters: [ 1.20052336e+00  5.49694937e-01  1.81380645e+00  2.50729046e+00
  3.61532652e+00  2.61466156e+00  1.36651032e+00  2.22648442e+00
  6.38149619e-01  2.91583084e+00  3.31566664e-01  2.05843858e+00
  2.48233732e+00  1.34132394e+00  4.10323713e+00  1.50112244e+00
  1.49360890e+00  1.51999043e+00  3.01631171e+00  2.82747369e+00
  4.84237117e-01  2.46968563e+00  2.88568597e-01  2.88209021e+00
  2.64761995e+00  1.75846840e+00  5.54937677e-01  2.97123115e+00
 -4.07515286e-01  3.64331780e+00  1.48065828e+00  1.13185740e+00
  1.93727461e+00  1.34197238e+00  7.92115614e-04  1.31353622e+00
  2.24015886e+00  1.52866495e+00  6.07269639e-01  4.44834038e-01
  2.38780221e+00  2.96684049e+00  1.16668597e+00  2.71600345e+00
  2.56230932e+00  7.19159932e-01  2.53957734e+00  6.44414044e-01
  1.29993727e+00  8.09852680e-01  8.92027488e-01  1.67761998e+00
  2.70114918e-01  1.19206506e+00  5.29476780e-01  8.48486878e-01
  3.52315709e+00  3.97182805e+00  2.97691372e+00  2.07213903e+00
  6.02864687e-01  1.04857931e+00  1.60745306e+00  1.47511990e+00]
Device (GPU) time: 0.7790 seconds
Iters. done: 372 [Current cost: -23.424689215097242]
Current parameters: [ 1.20116316e+00  5.47818216e-01  1.81399866e+00  2.50830314e+00
  3.61505861e+00  2.61439552e+00  1.36604897e+00  2.22840191e+00
  6.41421389e-01  2.91746622e+00  3.30184880e-01  2.05836771e+00
  2.48265169e+00  1.34388493e+00  4.10475145e+00  1.50030843e+00
  1.49304750e+00  1.51931413e+00  3.01611377e+00  2.82494331e+00
  4.82866653e-01  2.47084028e+00  2.87959583e-01  2.88074076e+00
  2.64765938e+00  1.75851530e+00  5.53733422e-01  2.97140035e+00
 -4.06779189e-01  3.64349170e+00  1.48058614e+00  1.13203170e+00
  1.93739695e+00  1.34183223e+00  6.07130239e-04  1.31347879e+00
  2.23931226e+00  1.53034597e+00  6.07418525e-01  4.44843703e-01
  2.38813445e+00  2.96682826e+00  1.16637758e+00  2.71299909e+00
  2.56176816e+00  7.18334866e-01  2.53893107e+00  6.44206570e-01
  1.29978899e+00  8.09162341e-01  8.92223842e-01  1.67959721e+00
  2.70418138e-01  1.19237267e+00  5.29115222e-01  8.48164685e-01
  3.52306269e+00  3.97096998e+00  2.97635893e+00  2.07044823e+00
  6.04655890e-01  1.04688912e+00  1.60695546e+00  1.47560950e+00]
Device (GPU) time: 0.9453 seconds
Iters. done: 373 [Current cost: -23.45817594203721]
Current parameters: [ 1.20079442e+00  5.49417290e-01  1.81400064e+00  2.50681025e+00
  3.61498538e+00  2.61529267e+00  1.36599908e+00  2.22832292e+00
  6.39957149e-01  2.91618771e+00  3.30906990e-01  2.05874866e+00
  2.48209787e+00  1.34235406e+00  4.10380207e+00  1.50033372e+00
  1.49346804e+00  1.52069857e+00  3.01642758e+00  2.82693196e+00
  4.84034984e-01  2.46898452e+00  2.88599763e-01  2.88123746e+00
  2.64755325e+00  1.75953313e+00  5.54241005e-01  2.97237686e+00
 -4.06906610e-01  3.64329059e+00  1.48124105e+00  1.13165599e+00
  1.93624118e+00  1.34411153e+00  7.48775942e-04  1.31444764e+00
  2.23966691e+00  1.53031864e+00  6.07320484e-01  4.44753903e-01
  2.38771131e+00  2.96668159e+00  1.16659400e+00  2.71629441e+00
  2.56195691e+00  7.19129484e-01  2.53976441e+00  6.44752715e-01
  1.29924448e+00  8.10173034e-01  8.91629521e-01  1.67719883e+00
  2.69917798e-01  1.19228528e+00  5.29477592e-01  8.48664663e-01
  3.52305009e+00  3.97295488e+00  2.97721711e+00  2.07305494e+00
  6.02232241e-01  1.04790554e+00  1.60791130e+00  1.47505869e+00]
Device (GPU) time: 0.7650 seconds
Iters. done: 374 [Current cost: -23.299728603996872]
Current parameters: [ 1.20067249e+00  5.48740109e-01  1.81421329e+00  2.50586589e+00
  3.61504623e+00  2.61732543e+00  1.36807523e+00  2.22855031e+00
  6.40454516e-01  2.91658552e+00  3.30128138e-01  2.05870984e+00
  2.48301915e+00  1.34211979e+00  4.10379983e+00  1.49871613e+00
  1.49281467e+00  1.51817028e+00  3.01736079e+00  2.82753893e+00
  4.83827433e-01  2.46834950e+00  2.88731806e-01  2.88151966e+00
  2.64757887e+00  1.75767206e+00  5.54435707e-01  2.97020728e+00
 -4.05487542e-01  3.64319856e+00  1.47948862e+00  1.13189994e+00
  1.93908571e+00  1.33893053e+00  1.07470792e-03  1.31270809e+00
  2.23928707e+00  1.53040486e+00  6.07903063e-01  4.44762261e-01
  2.38808231e+00  2.96527532e+00  1.16638992e+00  2.71668617e+00
  2.56251894e+00  7.19771860e-01  2.54021654e+00  6.43973052e-01
  1.29969040e+00  8.10010519e-01  8.91505894e-01  1.67735633e+00
  2.69865737e-01  1.19157967e+00  5.29750665e-01  8.49693860e-01
  3.52304095e+00  3.97389806e+00  2.97740763e+00  2.07335478e+00
  6.02138533e-01  1.04814968e+00  1.60852588e+00  1.47474194e+00]
Device (GPU) time: 0.8868 seconds
Iters. done: 375 [Current cost: -23.31602633753488]
Current parameters: [ 1.20080561e+00  5.49774369e-01  1.81352782e+00  2.50734547e+00
  3.61534788e+00  2.61449914e+00  1.36528395e+00  2.22719573e+00
  6.39857784e-01  2.91692148e+00  3.31221790e-01  2.05836687e+00
  2.48246873e+00  1.34211020e+00  4.10379374e+00  1.50003770e+00
  1.49414535e+00  1.52041718e+00  3.01596857e+00  2.82749507e+00
  4.83720276e-01  2.46946815e+00  2.88550902e-01  2.88096426e+00
  2.64756485e+00  1.75822230e+00  5.54477545e-01  2.97125555e+00
 -4.07009999e-01  3.64343373e+00  1.48066303e+00  1.13007979e+00
  1.93754026e+00  1.34187811e+00 -1.45449750e-04  1.31348288e+00
  2.23921054e+00  1.53015971e+00  6.06702631e-01  4.45309213e-01
  2.38857227e+00  2.96698194e+00  1.16658634e+00  2.71611002e+00
  2.56257858e+00  7.19273119e-01  2.53854139e+00  6.44775687e-01
  1.30079771e+00  8.09793760e-01  8.91066000e-01  1.67723706e+00
  2.68597400e-01  1.19324745e+00  5.29323343e-01  8.49335996e-01
  3.52282528e+00  3.97257216e+00  2.97715506e+00  2.07332384e+00
  6.02473901e-01  1.04774416e+00  1.60759862e+00  1.47563205e+00]
Device (GPU) time: 0.7797 seconds
Iters. done: 376 [Current cost: -23.488656377673593]
Current parameters: [ 1.20151053e+00  5.49202044e-01  1.81430721e+00  2.50690791e+00
  3.61492940e+00  2.61394194e+00  1.36537921e+00  2.22662232e+00
  6.38928010e-01  2.91598129e+00  3.30058708e-01  2.05917226e+00
  2.48183025e+00  1.34265260e+00  4.10467644e+00  1.50178176e+00
  1.49315215e+00  1.52092496e+00  3.01615922e+00  2.82659300e+00
  4.82779268e-01  2.46829285e+00  2.86780404e-01  2.88085496e+00
  2.64767083e+00  1.75676408e+00  5.53726689e-01  2.97173555e+00
 -4.07267429e-01  3.64355874e+00  1.48140190e+00  1.13366394e+00
  1.93701899e+00  1.34172113e+00  3.18440765e-03  1.31317783e+00
  2.24009822e+00  1.52998929e+00  6.06629158e-01  4.44377891e-01
  2.39097010e+00  2.96610494e+00  1.16624332e+00  2.71656338e+00
  2.56265560e+00  7.17794112e-01  2.54154729e+00  6.45281666e-01
  1.30158845e+00  8.10369080e-01  8.90294176e-01  1.67741829e+00
  2.69621684e-01  1.19447076e+00  5.29530210e-01  8.50644754e-01
  3.52279222e+00  3.97196514e+00  2.97689324e+00  2.07289680e+00
  6.02016191e-01  1.04755533e+00  1.60720262e+00  1.47364371e+00]
Device (GPU) time: 0.8825 seconds
Iters. done: 377 [Current cost: -23.319858557903984]
Current parameters: [ 1.20065159e+00  5.50185338e-01  1.81426229e+00  2.50720557e+00
  3.61517669e+00  2.61474464e+00  1.36534410e+00  2.22732380e+00
  6.39814980e-01  2.91660632e+00  3.30866454e-01  2.05824417e+00
  2.48227247e+00  1.34254011e+00  4.10397759e+00  1.50084220e+00
  1.49309260e+00  1.51945468e+00  3.01547335e+00  2.82770916e+00
  4.83849541e-01  2.46946396e+00  2.88174232e-01  2.88115797e+00
  2.64702477e+00  1.75896592e+00  5.54151740e-01  2.96978060e+00
 -4.07205256e-01  3.64275127e+00  1.48090476e+00  1.13189955e+00
  1.93736137e+00  1.34311006e+00  7.96824620e-04  1.31268810e+00
  2.23976004e+00  1.53021813e+00  6.06436507e-01  4.43828225e-01
  2.38801763e+00  2.96668956e+00  1.16611545e+00  2.71627886e+00
  2.56220262e+00  7.18929280e-01  2.53943874e+00  6.44410272e-01
  1.29999366e+00  8.09575533e-01  8.93446519e-01  1.67775182e+00
  2.69869706e-01  1.19194902e+00  5.29456160e-01  8.50192631e-01
  3.52243528e+00  3.97252472e+00  2.97760711e+00  2.07320075e+00
  6.02232695e-01  1.04778872e+00  1.60750178e+00  1.47501437e+00]
Device (GPU) time: 0.7829 seconds
Iters. done: 378 [Current cost: -23.31032824326283]
Current parameters: [ 1.20041366e+00  5.50781518e-01  1.81476191e+00  2.50737386e+00
  3.61538911e+00  2.61456401e+00  1.36503943e+00  2.22738301e+00
  6.39983017e-01  2.91690191e+00  3.30467382e-01  2.05819077e+00
  2.48168667e+00  1.34264943e+00  4.10389616e+00  1.50092835e+00
  1.49523305e+00  1.51800428e+00  3.01704892e+00  2.82772773e+00
  4.83623892e-01  2.47000934e+00  2.88166299e-01  2.88171471e+00
  2.64820827e+00  1.76012503e+00  5.54080317e-01  2.97020835e+00
 -4.07219226e-01  3.64402652e+00  1.48101258e+00  1.13205333e+00
  1.93493533e+00  1.33979735e+00  7.01108395e-04  1.31513467e+00
  2.23989999e+00  1.53036864e+00  6.05030596e-01  4.42306014e-01
  2.38837111e+00  2.96627293e+00  1.16510301e+00  2.71644730e+00
  2.56205472e+00  7.19265354e-01  2.53931869e+00  6.44364826e-01
  1.30004723e+00  8.10063544e-01  8.89696918e-01  1.67663200e+00
  2.70040662e-01  1.19218395e+00  5.29618259e-01  8.46184621e-01
  3.52144680e+00  3.97165831e+00  2.97857140e+00  2.07332661e+00
  6.02916300e-01  1.04758706e+00  1.60733151e+00  1.47472205e+00]
Device (GPU) time: 0.8906 seconds
Iters. done: 379 [Current cost: -23.26300470724659]
Current parameters: [ 1.20105655e+00  5.49995937e-01  1.81369525e+00  2.50688639e+00
  3.61553421e+00  2.61457687e+00  1.36584974e+00  2.22754406e+00
  6.39929037e-01  2.91657497e+00  3.30783966e-01  2.05867594e+00
  2.48251772e+00  1.34271210e+00  4.10462422e+00  1.50113431e+00
  1.49342308e+00  1.51936073e+00  3.01620677e+00  2.82690103e+00
  4.83700682e-01  2.46918712e+00  2.87838796e-01  2.88095118e+00
  2.64775564e+00  1.75806960e+00  5.54134585e-01  2.97195760e+00
 -4.07265721e-01  3.64312277e+00  1.48085940e+00  1.13163883e+00
  1.93648957e+00  1.34213656e+00  7.40785685e-04  1.31229950e+00
  2.23970959e+00  1.53002592e+00  6.07100813e-01  4.44581629e-01
  2.38755215e+00  2.96650649e+00  1.16662269e+00  2.71619352e+00
  2.56156806e+00  7.19518704e-01  2.53917417e+00  6.44878041e-01
  1.30050317e+00  8.10717656e-01  8.91524975e-01  1.67807190e+00
  2.69555301e-01  1.19135448e+00  5.29290131e-01  8.48614416e-01
  3.52290474e+00  3.97178498e+00  2.97677643e+00  2.07440982e+00
  6.02514907e-01  1.04998588e+00  1.60730836e+00  1.47536685e+00]
Device (GPU) time: 0.7808 seconds
Iters. done: 380 [Current cost: -23.27064371430964]
Current parameters: [ 1.20101033e+00  5.50095001e-01  1.81363374e+00  2.50666901e+00
  3.61584515e+00  2.61586400e+00  1.36470058e+00  2.22649564e+00
  6.38829964e-01  2.91554627e+00  3.29320508e-01  2.05754812e+00
  2.48152577e+00  1.34152121e+00  4.10405841e+00  1.50151513e+00
  1.49264745e+00  1.52039258e+00  3.01675732e+00  2.82685832e+00
  4.83502324e-01  2.46889990e+00  2.87816066e-01  2.88040203e+00
  2.64832170e+00  1.75844558e+00  5.54644671e-01  2.97077598e+00
 -4.07549277e-01  3.64293300e+00  1.48111206e+00  1.13189418e+00
  1.93776081e+00  1.34205508e+00  1.51062039e-04  1.31428047e+00
  2.23910241e+00  1.52946849e+00  6.07670940e-01  4.44145727e-01
  2.38805975e+00  2.96623727e+00  1.16659088e+00  2.71624057e+00
  2.56057212e+00  7.21677495e-01  2.53885936e+00  6.46080759e-01
  1.30169102e+00  8.12591460e-01  8.91596733e-01  1.67932924e+00
  2.69930767e-01  1.19050928e+00  5.29342643e-01  8.48608349e-01
  3.52281981e+00  3.97320230e+00  2.97669624e+00  2.07271534e+00
  6.02172426e-01  1.04431556e+00  1.60714480e+00  1.47644851e+00]
Device (GPU) time: 0.8922 seconds
Iters. done: 381 [Current cost: -23.2662549767771]
Current parameters: [ 1.20095767e+00  5.49824045e-01  1.81387814e+00  2.50716131e+00
  3.61540738e+00  2.61517494e+00  1.36549042e+00  2.22694585e+00
  6.39474341e-01  2.91606961e+00  3.31064157e-01  2.05790267e+00
  2.48197345e+00  1.34226209e+00  4.10402070e+00  1.50086193e+00
  1.49365258e+00  1.51972400e+00  3.01634168e+00  2.82704467e+00
  4.83748793e-01  2.46929523e+00  2.88173859e-01  2.88064503e+00
  2.64749211e+00  1.75868942e+00  5.53829605e-01  2.97057787e+00
 -4.07431407e-01  3.64343406e+00  1.48081053e+00  1.13291882e+00
  1.93652950e+00  1.34185557e+00 -2.49262170e-04  1.31349124e+00
  2.23946375e+00  1.53098168e+00  6.07605296e-01  4.45778288e-01
  2.38764869e+00  2.96676960e+00  1.16716037e+00  2.71599236e+00
  2.56234907e+00  7.18800459e-01  2.54036315e+00  6.44786600e-01
  1.29991723e+00  8.09920666e-01  8.92009050e-01  1.67741598e+00
  2.68149754e-01  1.19193049e+00  5.31370725e-01  8.48579426e-01
  3.52239694e+00  3.97235343e+00  2.97692779e+00  2.07289272e+00
  6.02493223e-01  1.04813248e+00  1.60738807e+00  1.47514670e+00]
Device (GPU) time: 0.7836 seconds
Iters. done: 382 [Current cost: -23.283666244536885]
Current parameters: [ 1.20109658e+00  5.49701206e-01  1.81381384e+00  2.50707854e+00
  3.61534791e+00  2.61405867e+00  1.36584158e+00  2.22746170e+00
  6.40505329e-01  2.91669023e+00  3.31883016e-01  2.05899068e+00
  2.48206010e+00  1.34306966e+00  4.10479167e+00  1.50093343e+00
  1.49341939e+00  1.51947196e+00  3.01669686e+00  2.82729875e+00
  4.83777480e-01  2.46931630e+00  2.88193326e-01  2.88234363e+00
  2.64751041e+00  1.75883753e+00  5.54827567e-01  2.97025809e+00
 -4.07259313e-01  3.64317781e+00  1.48103880e+00  1.13326777e+00
  1.93656461e+00  1.34163963e+00 -6.19388400e-04  1.31379391e+00
  2.24026278e+00  1.52877378e+00  6.08174718e-01  4.46471117e-01
  2.38729108e+00  2.96647309e+00  1.16749031e+00  2.71711816e+00
  2.56183000e+00  7.18686989e-01  2.54078956e+00  6.43927863e-01
  1.29993663e+00  8.09692631e-01  8.92150095e-01  1.67734648e+00
  2.67325888e-01  1.19216460e+00  5.24272819e-01  8.48533262e-01
  3.52236035e+00  3.97193229e+00  2.97676036e+00  2.07434790e+00
  6.02555698e-01  1.04596167e+00  1.60746326e+00  1.47440967e+00]
Device (GPU) time: 0.9539 seconds
Iters. done: 383 [Current cost: -23.469026715523082]
Current parameters: [ 1.20078832e+00  5.50520878e-01  1.81513073e+00  2.50652344e+00
  3.61458935e+00  2.61524730e+00  1.36575162e+00  2.22711211e+00
  6.40330826e-01  2.91660142e+00  3.32177759e-01  2.05785554e+00
  2.48212451e+00  1.34264235e+00  4.10377597e+00  1.50086119e+00
  1.49415850e+00  1.51996764e+00  3.01573896e+00  2.82760266e+00
  4.83078082e-01  2.46936992e+00  2.88054196e-01  2.88138401e+00
  2.64772483e+00  1.75836887e+00  5.53556871e-01  2.97133635e+00
 -4.08058018e-01  3.64366103e+00  1.48071666e+00  1.13199823e+00
  1.93706743e+00  1.34198200e+00  7.45724619e-04  1.31309111e+00
  2.23850412e+00  1.52969596e+00  6.08632200e-01  4.44000219e-01
  2.38815831e+00  2.96694422e+00  1.16645355e+00  2.71607484e+00
  2.56227628e+00  7.18832041e-01  2.53939469e+00  6.44468938e-01
  1.30003506e+00  8.10134656e-01  8.91709331e-01  1.67722477e+00
  2.70126529e-01  1.19223389e+00  5.29321586e-01  8.48553817e-01
  3.52278616e+00  3.97284308e+00  2.97574691e+00  2.07315572e+00
  6.02248940e-01  1.04770251e+00  1.60757113e+00  1.47537650e+00]
Device (GPU) time: 0.7925 seconds
Iters. done: 384 [Current cost: -23.32064057775219]
Current parameters: [ 1.20101803e+00  5.48301267e-01  1.81471012e+00  2.50863179e+00
  3.61915691e+00  2.61323518e+00  1.36477140e+00  2.22778274e+00
  6.38277977e-01  2.91690860e+00  3.29298770e-01  2.05932002e+00
  2.48239281e+00  1.34192399e+00  4.10544498e+00  1.50074624e+00
  1.49519334e+00  1.51909666e+00  3.01481950e+00  2.82775070e+00
  4.83689345e-01  2.46853168e+00  2.88715404e-01  2.88256703e+00
  2.64720103e+00  1.75911284e+00  5.52590899e-01  2.97163659e+00
 -4.07396501e-01  3.64288820e+00  1.48124970e+00  1.13067721e+00
  1.93822192e+00  1.34149032e+00  1.59772826e-03  1.31424040e+00
  2.23825034e+00  1.53012344e+00  6.09824076e-01  4.44074694e-01
  2.38672213e+00  2.96652228e+00  1.16649758e+00  2.71672169e+00
  2.56216727e+00  7.18436841e-01  2.53955726e+00  6.44474711e-01
  1.29957228e+00  8.10254980e-01  8.92108765e-01  1.67690859e+00
  2.69054524e-01  1.19181357e+00  5.29612170e-01  8.48987568e-01
  3.52344387e+00  3.97225245e+00  2.97710230e+00  2.07270132e+00
  6.01755908e-01  1.04759979e+00  1.60751291e+00  1.47433436e+00]
Device (GPU) time: 0.8763 seconds
Iters. done: 385 [Current cost: -23.209395499048735]
Current parameters: [ 1.20090971e+00  5.50447649e-01  1.81462588e+00  2.50709232e+00
  3.61538632e+00  2.61465612e+00  1.36540550e+00  2.22650129e+00
  6.39703130e-01  2.91667056e+00  3.30700314e-01  2.05813150e+00
  2.48260562e+00  1.34246093e+00  4.10430855e+00  1.50092184e+00
  1.49325374e+00  1.52006236e+00  3.01677069e+00  2.82810151e+00
  4.83800559e-01  2.46945719e+00  2.87730986e-01  2.88143554e+00
  2.64747979e+00  1.75827784e+00  5.53822313e-01  2.97137061e+00
 -4.07001202e-01  3.64328776e+00  1.47999040e+00  1.13185973e+00
  1.93719274e+00  1.34196915e+00  6.25525786e-04  1.31338866e+00
  2.24008862e+00  1.53054413e+00  6.07627575e-01  4.44532700e-01
  2.38790037e+00  2.96636395e+00  1.16745605e+00  2.71636394e+00
  2.56154553e+00  7.18717085e-01  2.53890610e+00  6.46138288e-01
  1.29843173e+00  8.09983145e-01  8.91691209e-01  1.67755022e+00
  2.69642722e-01  1.19266096e+00  5.29306818e-01  8.48857451e-01
  3.52375380e+00  3.97280952e+00  2.97767681e+00  2.07332540e+00
  6.03836129e-01  1.04773067e+00  1.60738189e+00  1.47478480e+00]
Device (GPU) time: 0.7704 seconds
Iters. done: 386 [Current cost: -23.404097224720967]
Current parameters: [ 1.20060120e+00  5.49269683e-01  1.81318518e+00  2.50727161e+00
  3.61490912e+00  2.61463624e+00  1.36553226e+00  2.22790111e+00
  6.39644438e-01  2.91662782e+00  3.31158638e-01  2.05838025e+00
  2.48181914e+00  1.34243839e+00  4.10402591e+00  1.50082333e+00
  1.49264407e+00  1.52053738e+00  3.01731525e+00  2.82724016e+00
  4.83827151e-01  2.46951646e+00  2.88479801e-01  2.88310811e+00
  2.64765375e+00  1.75792299e+00  5.51431902e-01  2.97150343e+00
 -4.07620355e-01  3.64345085e+00  1.48146862e+00  1.13249588e+00
  1.93771187e+00  1.34184851e+00 -7.29197239e-06  1.31353635e+00
  2.24287743e+00  1.53151624e+00  6.08174746e-01  4.44505330e-01
  2.38888593e+00  2.96684651e+00  1.16600853e+00  2.71635840e+00
  2.56589123e+00  7.19355727e-01  2.53694688e+00  6.46070891e-01
  1.30027263e+00  8.09797680e-01  8.92007115e-01  1.67706332e+00
  2.69841533e-01  1.19030255e+00  5.29012614e-01  8.48414257e-01
  3.52230509e+00  3.97191214e+00  2.97652525e+00  2.07314790e+00
  6.01366984e-01  1.04756106e+00  1.60744930e+00  1.47511516e+00]
Device (GPU) time: 0.8746 seconds
Iters. done: 387 [Current cost: -23.280558266342656]
Current parameters: [ 1.20076360e+00  5.48580116e-01  1.81492830e+00  2.50868399e+00
  3.61434881e+00  2.61551299e+00  1.36560956e+00  2.22695082e+00
  6.39453580e-01  2.91648665e+00  3.30674392e-01  2.05774528e+00
  2.48222921e+00  1.34187230e+00  4.10381744e+00  1.50057954e+00
  1.49370558e+00  1.51984712e+00  3.01621282e+00  2.82686859e+00
  4.83680690e-01  2.46969536e+00  2.88288233e-01  2.88106514e+00
  2.64762062e+00  1.75861510e+00  5.54155981e-01  2.97141940e+00
 -4.07454460e-01  3.64349593e+00  1.48088497e+00  1.13193284e+00
  1.93743209e+00  1.34194316e+00  8.46398533e-04  1.31340405e+00
  2.23957685e+00  1.53024351e+00  6.07125694e-01  4.44977327e-01
  2.38777389e+00  2.96704824e+00  1.16674579e+00  2.71598099e+00
  2.56222220e+00  7.18937253e-01  2.53928663e+00  6.44545253e-01
  1.30004131e+00  8.11368074e-01  8.92461336e-01  1.67625204e+00
  2.69906025e-01  1.19210419e+00  5.29361991e-01  8.48879968e-01
  3.52304633e+00  3.97177569e+00  2.97716511e+00  2.07480766e+00
  6.02950116e-01  1.04755387e+00  1.60744822e+00  1.47449758e+00]
Device (GPU) time: 0.7842 seconds
Iters. done: 388 [Current cost: -23.425760924371094]
Current parameters: [ 1.20094377e+00  5.47937872e-01  1.81305864e+00  2.50691503e+00
  3.61462017e+00  2.61357400e+00  1.36424516e+00  2.22741094e+00
  6.38891167e-01  2.91602946e+00  3.30944405e-01  2.05826869e+00
  2.48098759e+00  1.34241665e+00  4.10437075e+00  1.50143618e+00
  1.49216090e+00  1.51906581e+00  3.01770458e+00  2.82805078e+00
  4.83708823e-01  2.46988271e+00  2.87887333e-01  2.88067186e+00
  2.64764701e+00  1.75887108e+00  5.54621795e-01  2.97210900e+00
 -4.07363238e-01  3.64387765e+00  1.48050532e+00  1.13118450e+00
  1.93785906e+00  1.34157132e+00  1.32497974e-03  1.31357217e+00
  2.23957650e+00  1.52995530e+00  6.07543935e-01  4.44892324e-01
  2.38775261e+00  2.96576869e+00  1.16562953e+00  2.71747863e+00
  2.56176550e+00  7.18397258e-01  2.54028304e+00  6.44340588e-01
  1.29943179e+00  8.07847840e-01  8.92072942e-01  1.67507414e+00
  2.70297669e-01  1.19208180e+00  5.29594658e-01  8.49508319e-01
  3.52218564e+00  3.97237778e+00  2.97553816e+00  2.07436844e+00
  6.04566635e-01  1.04728840e+00  1.60737055e+00  1.47942397e+00]
Device (GPU) time: 0.8692 seconds
Iters. done: 389 [Current cost: -23.248797281588004]
Current parameters: [ 1.20098945e+00  5.49555130e-01  1.81380145e+00  2.50702895e+00
  3.61509341e+00  2.61485526e+00  1.36538315e+00  2.22687916e+00
  6.40020866e-01  2.91601926e+00  3.31445059e-01  2.05821349e+00
  2.48201034e+00  1.34236430e+00  4.10413706e+00  1.50076473e+00
  1.49514417e+00  1.51971602e+00  3.01786037e+00  2.82708986e+00
  4.83676840e-01  2.46895176e+00  2.88283780e-01  2.87971670e+00
  2.64685953e+00  1.75863871e+00  5.53227424e-01  2.97136119e+00
 -4.07291841e-01  3.64278109e+00  1.48083794e+00  1.13159905e+00
  1.93828140e+00  1.34254729e+00  9.70726622e-04  1.31319069e+00
  2.24021190e+00  1.52923209e+00  6.06944741e-01  4.44415852e-01
  2.38744418e+00  2.96575480e+00  1.16665626e+00  2.71629041e+00
  2.56205062e+00  7.18584890e-01  2.53929610e+00  6.44307511e-01
  1.29979507e+00  8.09960921e-01  8.91719425e-01  1.67722810e+00
  2.69354536e-01  1.19171305e+00  5.29420157e-01  8.48694867e-01
  3.52304841e+00  3.97220744e+00  2.97693673e+00  2.07297022e+00
  6.02360491e-01  1.04764926e+00  1.60690890e+00  1.47471578e+00]
Device (GPU) time: 0.7869 seconds
Iters. done: 390 [Current cost: -23.3129417454427]
Current parameters: [ 1.20151992e+00  5.50262905e-01  1.81392445e+00  2.50679045e+00
  3.61593119e+00  2.61516869e+00  1.36596539e+00  2.22656760e+00
  6.39979257e-01  2.91514290e+00  3.32308797e-01  2.05816052e+00
  2.48114138e+00  1.34305480e+00  4.10453339e+00  1.50136356e+00
  1.49412781e+00  1.51900072e+00  3.01741137e+00  2.82620036e+00
  4.83844882e-01  2.46910182e+00  2.87972307e-01  2.88325529e+00
  2.65047928e+00  1.75911290e+00  5.56017167e-01  2.97185052e+00
 -4.07457650e-01  3.64633745e+00  1.48125005e+00  1.13088724e+00
  1.94006797e+00  1.34297029e+00  1.24567860e-03  1.31277470e+00
  2.23915585e+00  1.53258571e+00  6.06066145e-01  4.44129132e-01
  2.38703207e+00  2.96728883e+00  1.16685700e+00  2.71652639e+00
  2.56206457e+00  7.18330396e-01  2.53949662e+00  6.44796083e-01
  1.29981674e+00  8.09657456e-01  8.91932434e-01  1.67801115e+00
  2.68897581e-01  1.19184949e+00  5.29502104e-01  8.49463724e-01
  3.52311790e+00  3.97143645e+00  2.97677148e+00  2.07328069e+00
  6.02566235e-01  1.04712872e+00  1.60770610e+00  1.47405234e+00]
Device (GPU) time: 0.8618 seconds
Iters. done: 391 [Current cost: -23.26422121268416]
Current parameters: [ 1.20071619e+00  5.49589870e-01  1.81417829e+00  2.50677465e+00
  3.61483236e+00  2.61476417e+00  1.36534653e+00  2.22759463e+00
  6.39764171e-01  2.91602444e+00  3.30848613e-01  2.05884264e+00
  2.48192600e+00  1.34213029e+00  4.10418480e+00  1.50082053e+00
  1.49346241e+00  1.51973401e+00  3.01638236e+00  2.82793777e+00
  4.83899536e-01  2.46917916e+00  2.87940746e-01  2.88102351e+00
  2.64961778e+00  1.75856023e+00  5.54342302e-01  2.97139252e+00
 -4.07002560e-01  3.64127987e+00  1.48042964e+00  1.13141322e+00
  1.93736605e+00  1.34187847e+00  1.01118571e-03  1.31355211e+00
  2.23960098e+00  1.53037748e+00  6.07379476e-01  4.44859036e-01
  2.38765355e+00  2.96681947e+00  1.16753775e+00  2.71625087e+00
  2.56234341e+00  7.17798787e-01  2.53912380e+00  6.44623944e-01
  1.30039213e+00  8.10102562e-01  8.92412730e-01  1.67737555e+00
  2.69944277e-01  1.19245464e+00  5.29561080e-01  8.48065840e-01
  3.52201647e+00  3.97219670e+00  2.97691408e+00  2.07317738e+00
  6.02319972e-01  1.04767401e+00  1.60711798e+00  1.47500046e+00]
Device (GPU) time: 0.7735 seconds
Iters. done: 392 [Current cost: -23.27572305444241]
Current parameters: [ 1.20092120e+00  5.50412910e-01  1.81380469e+00  2.50780300e+00
  3.61515795e+00  2.61490869e+00  1.36551415e+00  2.22800457e+00
  6.40445859e-01  2.91489757e+00  3.30636963e-01  2.06023834e+00
  2.48130919e+00  1.34209449e+00  4.10452844e+00  1.50067502e+00
  1.49288384e+00  1.51983035e+00  3.01673088e+00  2.82883470e+00
  4.83247302e-01  2.46956319e+00  2.87702588e-01  2.88071744e+00
  2.64444756e+00  1.75828107e+00  5.54702417e-01  2.97156027e+00
 -4.06944292e-01  3.64620440e+00  1.48030966e+00  1.13081928e+00
  1.93713810e+00  1.34187825e+00  1.48591777e-03  1.31344262e+00
  2.23934025e+00  1.53013079e+00  6.07799503e-01  4.44775301e-01
  2.38737862e+00  2.96580566e+00  1.16946796e+00  2.71653345e+00
  2.56257222e+00  7.19436644e-01  2.53878040e+00  6.44898584e-01
  1.30134877e+00  8.10055881e-01  8.93527670e-01  1.67767751e+00
  2.70777388e-01  1.19329354e+00  5.29824199e-01  8.47210955e-01
  3.52066934e+00  3.97121489e+00  2.97684948e+00  2.07313500e+00
  6.02346386e-01  1.04740111e+00  1.60826610e+00  1.47434249e+00]
Device (GPU) time: 0.8827 seconds
Iters. done: 393 [Current cost: -23.274270550951687]
Current parameters: [ 1.20195841e+00  5.49741109e-01  1.81372823e+00  2.50706252e+00
  3.61489793e+00  2.61434602e+00  1.36534215e+00  2.22747622e+00
  6.39609767e-01  2.91579043e+00  3.30264678e-01  2.05782207e+00
  2.48274776e+00  1.34211294e+00  4.10370918e+00  1.50022479e+00
  1.49350081e+00  1.51974044e+00  3.01647107e+00  2.82715642e+00
  4.84674055e-01  2.46858880e+00  2.87083769e-01  2.88124018e+00
  2.64719412e+00  1.75839628e+00  5.54383447e-01  2.97133161e+00
 -4.08993227e-01  3.64299210e+00  1.48061245e+00  1.13168982e+00
  1.93719937e+00  1.34188757e+00  6.09486030e-04  1.31333688e+00
  2.23952768e+00  1.53039761e+00  6.07187163e-01  4.44527607e-01
  2.38782758e+00  2.96662024e+00  1.16645520e+00  2.71608032e+00
  2.56200462e+00  7.18206675e-01  2.53901241e+00  6.44251359e-01
  1.29977826e+00  8.09871251e-01  8.91652260e-01  1.67738056e+00
  2.69543134e-01  1.19177319e+00  5.29266051e-01  8.48559761e-01
  3.52277986e+00  3.97212138e+00  2.97682938e+00  2.07315182e+00
  6.02604556e-01  1.04755542e+00  1.60951394e+00  1.47492106e+00]
Device (GPU) time: 0.7695 seconds
Iters. done: 394 [Current cost: -23.27643673061811]
Current parameters: [ 1.20097444e+00  5.49571018e-01  1.81319117e+00  2.50677251e+00
  3.61433431e+00  2.61444978e+00  1.36429984e+00  2.22481383e+00
  6.40304780e-01  2.91761233e+00  3.30616707e-01  2.06081260e+00
  2.48200277e+00  1.34263863e+00  4.10444082e+00  1.50102118e+00
  1.49153339e+00  1.51911442e+00  3.01517733e+00  2.82615833e+00
  4.84557614e-01  2.47192798e+00  2.88806948e-01  2.87942323e+00
  2.64890751e+00  1.75908340e+00  5.53292288e-01  2.97164644e+00
 -4.08492637e-01  3.64507621e+00  1.47991139e+00  1.13148672e+00
  1.93798138e+00  1.34122250e+00  9.59249070e-04  1.31415923e+00
  2.24025091e+00  1.52887145e+00  6.07154423e-01  4.45457900e-01
  2.38731780e+00  2.96695377e+00  1.16638195e+00  2.71659094e+00
  2.56191277e+00  7.18682537e-01  2.53925016e+00  6.43983862e-01
  1.29929223e+00  8.10278034e-01  8.91914600e-01  1.67701369e+00
  2.69766046e-01  1.19209626e+00  5.29508257e-01  8.48365874e-01
  3.52370265e+00  3.97442129e+00  2.97749620e+00  2.07287417e+00
  6.00486362e-01  1.04812830e+00  1.60843367e+00  1.47397405e+00]
Device (GPU) time: 0.8601 seconds
Iters. done: 395 [Current cost: -23.158719640125558]
Current parameters: [ 1.19981881e+00  5.50433303e-01  1.81399004e+00  2.50659348e+00
  3.61436709e+00  2.61496444e+00  1.36520375e+00  2.22756980e+00
  6.38762797e-01  2.91634657e+00  3.30154480e-01  2.05850881e+00
  2.48319830e+00  1.34247232e+00  4.10473167e+00  1.50054864e+00
  1.49462396e+00  1.51998190e+00  3.01557931e+00  2.82690782e+00
  4.83339327e-01  2.46973089e+00  2.88291934e-01  2.88060717e+00
  2.64744479e+00  1.75923681e+00  5.55085051e-01  2.97124694e+00
 -4.07506490e-01  3.64345362e+00  1.48098818e+00  1.13167097e+00
  1.93764133e+00  1.34170122e+00  1.46897157e-03  1.31339652e+00
  2.24119643e+00  1.53092516e+00  6.07979140e-01  4.44638615e-01
  2.38744731e+00  2.96680059e+00  1.16681293e+00  2.71617191e+00
  2.56215514e+00  7.19036607e-01  2.53969288e+00  6.44639663e-01
  1.30008877e+00  8.09651888e-01  8.91725605e-01  1.67742269e+00
  2.69450400e-01  1.19204018e+00  5.29306561e-01  8.48765366e-01
  3.52291672e+00  3.97241072e+00  2.97624202e+00  2.07343636e+00
  6.02730454e-01  1.04758859e+00  1.60768827e+00  1.47517137e+00]
Device (GPU) time: 0.7659 seconds
Iters. done: 396 [Current cost: -23.318503523157588]
Current parameters: [ 1.19688166e+00  5.49160694e-01  1.81366951e+00  2.50771308e+00
  3.61590391e+00  2.61608517e+00  1.36331845e+00  2.22709291e+00
  6.38346457e-01  2.91453926e+00  3.32520098e-01  2.05840215e+00
  2.48463686e+00  1.34410870e+00  4.10490802e+00  1.50100376e+00
  1.49192818e+00  1.52067402e+00  3.01745486e+00  2.82708969e+00
  4.83355817e-01  2.46901261e+00  2.87497340e-01  2.88136650e+00
  2.64738919e+00  1.75940363e+00  5.53812520e-01  2.97199877e+00
 -4.06423659e-01  3.64337088e+00  1.48166117e+00  1.13183181e+00
  1.93693151e+00  1.34113105e+00 -1.41002695e-04  1.31204943e+00
  2.23800835e+00  1.52952754e+00  6.06800917e-01  4.44820763e-01
  2.38811368e+00  2.96641365e+00  1.16629734e+00  2.71612532e+00
  2.56204227e+00  7.17627976e-01  2.53876021e+00  6.44254416e-01
  1.29963669e+00  8.10272244e-01  8.91356026e-01  1.67734004e+00
  2.69806779e-01  1.19186804e+00  5.29213052e-01  8.48742086e-01
  3.52272353e+00  3.97221209e+00  2.97749925e+00  2.07286147e+00
  6.02083156e-01  1.04753048e+00  1.60878999e+00  1.47461548e+00]
Device (GPU) time: 0.8869 seconds
Iters. done: 397 [Current cost: -23.256313137016765]
Current parameters: [ 1.20073938e+00  5.49698423e-01  1.81310253e+00  2.50758634e+00
  3.61516982e+00  2.61481822e+00  1.36599221e+00  2.22749722e+00
  6.39631627e-01  2.91659114e+00  3.31136179e-01  2.05815014e+00
  2.48227157e+00  1.34243411e+00  4.10410994e+00  1.50028749e+00
  1.49373786e+00  1.51988998e+00  3.01639771e+00  2.82781869e+00
  4.83476897e-01  2.46934365e+00  2.88442686e-01  2.88137407e+00
  2.64706503e+00  1.75877692e+00  5.53990438e-01  2.97127895e+00
 -4.07529379e-01  3.64378765e+00  1.48038018e+00  1.13198993e+00
  1.93759952e+00  1.34192657e+00  9.78694796e-04  1.31357532e+00
  2.23974201e+00  1.53031723e+00  6.07132294e-01  4.44986408e-01
  2.38800823e+00  2.96784748e+00  1.16662422e+00  2.71627653e+00
  2.56081124e+00  7.17096816e-01  2.53979164e+00  6.45719619e-01
  1.30110134e+00  8.10017382e-01  8.91627744e-01  1.67717504e+00
  2.70181897e-01  1.19091445e+00  5.29188476e-01  8.48611816e-01
  3.52268894e+00  3.97315362e+00  2.97740886e+00  2.07312144e+00
  6.02234512e-01  1.04789743e+00  1.60714619e+00  1.47527752e+00]
Device (GPU) time: 0.7886 seconds
Iters. done: 398 [Current cost: -23.25147229846378]
Current parameters: [ 1.20079319e+00  5.51134733e-01  1.81214928e+00  2.50940369e+00
  3.61417815e+00  2.61542906e+00  1.36556898e+00  2.22862057e+00
  6.39709708e-01  2.91554111e+00  3.30363013e-01  2.05892607e+00
  2.48137433e+00  1.34156673e+00  4.10503736e+00  1.50122049e+00
  1.49229450e+00  1.51948414e+00  3.01722682e+00  2.82858842e+00
  4.81281834e-01  2.46885552e+00  2.88143991e-01  2.88082639e+00
  2.64738309e+00  1.75809667e+00  5.54943307e-01  2.97165281e+00
 -4.09015325e-01  3.64266486e+00  1.47970338e+00  1.13125510e+00
  1.93696801e+00  1.34167195e+00  7.43430053e-04  1.31356464e+00
  2.23911302e+00  1.53009817e+00  6.07628198e-01  4.44420887e-01
  2.38790026e+00  2.96915510e+00  1.16630072e+00  2.71618812e+00
  2.56274520e+00  7.19917343e-01  2.53927526e+00  6.42630054e-01
  1.29756558e+00  8.09772366e-01  8.90316575e-01  1.67753180e+00
  2.69154450e-01  1.19175250e+00  5.29404607e-01  8.50122612e-01
  3.52348489e+00  3.97194143e+00  2.97707785e+00  2.07290908e+00
  6.02289623e-01  1.04746344e+00  1.60550511e+00  1.47401390e+00]
Device (GPU) time: 0.8754 seconds
Iters. done: 399 [Current cost: -23.280635308476327]
Current parameters: [ 1.20110797e+00  5.49777199e-01  1.81373177e+00  2.50703769e+00
  3.61560232e+00  2.61579080e+00  1.36559843e+00  2.22770116e+00
  6.39382507e-01  2.91787923e+00  3.31243656e-01  2.05873102e+00
  2.48144271e+00  1.34149823e+00  4.10405929e+00  1.50049209e+00
  1.49317548e+00  1.52100267e+00  3.01606008e+00  2.82799148e+00
  4.84152925e-01  2.46899113e+00  2.86960126e-01  2.88051030e+00
  2.64799321e+00  1.75992426e+00  5.53842437e-01  2.97142457e+00
 -4.07461477e-01  3.64386707e+00  1.48164297e+00  1.13172367e+00
  1.93728981e+00  1.34127998e+00  9.40302347e-04  1.31243581e+00
  2.23984084e+00  1.52991171e+00  6.07227276e-01  4.44738769e-01
  2.38765592e+00  2.96665467e+00  1.16666378e+00  2.71630588e+00
  2.56209523e+00  7.18636661e-01  2.53944333e+00  6.44416920e-01
  1.29985492e+00  8.09718644e-01  8.91719225e-01  1.67754845e+00
  2.69609446e-01  1.19178758e+00  5.29425712e-01  8.48802308e-01
  3.52305812e+00  3.97179017e+00  2.97695945e+00  2.07316408e+00
  6.02991490e-01  1.04752398e+00  1.60730067e+00  1.47483511e+00]
Device (GPU) time: 0.7654 seconds
Iters. done: 400 [Current cost: -23.341778035347318]
Current parameters: [ 1.20133160e+00  5.49905505e-01  1.81462404e+00  2.50677278e+00
  3.61497358e+00  2.61376472e+00  1.36678329e+00  2.22699074e+00
  6.37922302e-01  2.91705965e+00  3.30216571e-01  2.05812074e+00
  2.47984428e+00  1.34398774e+00  4.10448168e+00  1.49967474e+00
  1.49359395e+00  1.52113147e+00  3.01831228e+00  2.82723909e+00
  4.84115033e-01  2.47305296e+00  2.88492692e-01  2.88160518e+00
  2.64603735e+00  1.75939422e+00  5.56294444e-01  2.97215973e+00
 -4.07590353e-01  3.64169992e+00  1.48099261e+00  1.13170811e+00
  1.93658847e+00  1.34124263e+00  2.96257017e-07  1.31191794e+00
  2.23827318e+00  1.53121592e+00  6.07883760e-01  4.44384464e-01
  2.38808636e+00  2.96546317e+00  1.16647815e+00  2.71648119e+00
  2.56224119e+00  7.18173574e-01  2.53882902e+00  6.44599803e-01
  1.30002867e+00  8.10451851e-01  8.91625415e-01  1.67732380e+00
  2.69654717e-01  1.19178582e+00  5.29604094e-01  8.49480865e-01
  3.52331143e+00  3.97241537e+00  2.97662734e+00  2.07312277e+00
  6.00993349e-01  1.04742489e+00  1.60705324e+00  1.47415968e+00]
Device (GPU) time: 0.8864 seconds
Iters. done: 401 [Current cost: -23.225108311008036]
Current parameters: [ 1.20043556e+00  5.50264793e-01  1.81393102e+00  2.50723995e+00
  3.61544498e+00  2.61413816e+00  1.36484319e+00  2.22696826e+00
  6.39350897e-01  2.91669128e+00  3.31959388e-01  2.05812367e+00
  2.48124032e+00  1.34177583e+00  4.10573168e+00  1.49870778e+00
  1.49343153e+00  1.52003990e+00  3.01667436e+00  2.82656440e+00
  4.84093033e-01  2.46865559e+00  2.88551060e-01  2.88108250e+00
  2.64765190e+00  1.75845555e+00  5.54290913e-01  2.97136981e+00
 -4.07293798e-01  3.64326277e+00  1.47997715e+00  1.13252030e+00
  1.93721424e+00  1.34194845e+00  1.11134742e-03  1.31347171e+00
  2.23970814e+00  1.53024127e+00  6.07396925e-01  4.44712467e-01
  2.38802728e+00  2.96708821e+00  1.16644253e+00  2.71636024e+00
  2.56217433e+00  7.19251961e-01  2.53948027e+00  6.44262441e-01
  1.29987999e+00  8.10155301e-01  8.92201873e-01  1.67778032e+00
  2.70337141e-01  1.19229169e+00  5.29565270e-01  8.48552324e-01
  3.52290379e+00  3.97215976e+00  2.97719221e+00  2.07352563e+00
  6.02594966e-01  1.04777011e+00  1.60777934e+00  1.47527737e+00]
Device (GPU) time: 0.7722 seconds
Iters. done: 402 [Current cost: -23.324241723622684]
Current parameters: [ 1.20111066e+00  5.50561027e-01  1.81422606e+00  2.50740734e+00
  3.61541615e+00  2.61431277e+00  1.36612467e+00  2.22739240e+00
  6.39478625e-01  2.91688125e+00  3.31842635e-01  2.05824619e+00
  2.48255800e+00  1.34355881e+00  4.10335664e+00  1.50179405e+00
  1.49338712e+00  1.51959875e+00  3.01794343e+00  2.82873552e+00
  4.84522594e-01  2.47011009e+00  2.88076817e-01  2.88173654e+00
  2.64723583e+00  1.75867185e+00  5.52241931e-01  2.97204876e+00
 -4.06558714e-01  3.64261018e+00  1.48185005e+00  1.13185963e+00
  1.93808522e+00  1.34149734e+00  5.38723581e-04  1.31387903e+00
  2.24161129e+00  1.53141311e+00  6.08296364e-01  4.45733467e-01
  2.38777395e+00  2.96866970e+00  1.16614571e+00  2.71655648e+00
  2.55945191e+00  7.20025032e-01  2.53949662e+00  6.41460591e-01
  1.30121662e+00  8.10666582e-01  8.91936226e-01  1.67826206e+00
  2.70456028e-01  1.19426859e+00  5.30473123e-01  8.49277331e-01
  3.52339567e+00  3.97179320e+00  2.97741045e+00  2.07372570e+00
  6.02488439e-01  1.04710341e+00  1.60873788e+00  1.47536009e+00]
Device (GPU) time: 0.8815 seconds
Iters. done: 403 [Current cost: -23.49951912163506]
Current parameters: [ 1.20081370e+00  5.49985019e-01  1.81417074e+00  2.50722415e+00
  3.61482513e+00  2.61359938e+00  1.36528191e+00  2.22707568e+00
  6.39527787e-01  2.91631587e+00  3.31048330e-01  2.05939741e+00
  2.48206533e+00  1.34231031e+00  4.10313643e+00  1.50026772e+00
  1.49413733e+00  1.51941524e+00  3.01573663e+00  2.82772302e+00
  4.82901983e-01  2.46888702e+00  2.87295408e-01  2.88099785e+00
  2.64757226e+00  1.75879567e+00  5.54490938e-01  2.97186436e+00
 -4.06575205e-01  3.64342519e+00  1.48099673e+00  1.13282092e+00
  1.93780612e+00  1.34178370e+00 -4.41708073e-04  1.31367062e+00
  2.23945439e+00  1.53050189e+00  6.06953992e-01  4.45662276e-01
  2.38730356e+00  2.96632706e+00  1.16643489e+00  2.71620100e+00
  2.56222791e+00  7.18949585e-01  2.53911914e+00  6.44602402e-01
  1.29957369e+00  8.10181928e-01  8.91374350e-01  1.67752130e+00
  2.70961241e-01  1.19151555e+00  5.29561691e-01  8.49502932e-01
  3.52298425e+00  3.97209746e+00  2.97685792e+00  2.07333863e+00
  6.02238107e-01  1.04754387e+00  1.60747515e+00  1.47501668e+00]
Device (GPU) time: 0.7783 seconds
Iters. done: 404 [Current cost: -23.43617150145788]
Current parameters: [ 1.20094883e+00  5.49961351e-01  1.81411560e+00  2.50709321e+00
  3.61518077e+00  2.61473049e+00  1.36538304e+00  2.22732205e+00
  6.39480335e-01  2.91642742e+00  3.30933760e-01  2.05837301e+00
  2.48231077e+00  1.34211143e+00  4.10435804e+00  1.50076868e+00
  1.49332657e+00  1.51978957e+00  3.01652631e+00  2.82723979e+00
  4.83811773e-01  2.46934288e+00  2.88368845e-01  2.88107887e+00
  2.64756462e+00  1.75844095e+00  5.53963007e-01  2.97144707e+00
 -4.07487384e-01  3.64341951e+00  1.48089463e+00  1.13097807e+00
  1.93723299e+00  1.34187115e+00 -2.05523984e-04  1.31331812e+00
  2.23990235e+00  1.53035271e+00  6.07318092e-01  4.44606194e-01
  2.38785587e+00  2.96656841e+00  1.16658925e+00  2.71626961e+00
  2.56228907e+00  7.18531248e-01  2.54047429e+00  6.44551716e-01
  1.29991422e+00  8.10111694e-01  8.91832439e-01  1.67759104e+00
  2.70372948e-01  1.19200345e+00  5.29446489e-01  8.48803295e-01
  3.52289302e+00  3.97223430e+00  2.97685136e+00  2.07339011e+00
  6.02493400e-01  1.04757370e+00  1.60733969e+00  1.47482204e+00]
Device (GPU) time: 0.9003 seconds
Iters. done: 405 [Current cost: -23.284599822497345]
Current parameters: [ 1.20119296e+00  5.50332585e-01  1.81417581e+00  2.50705822e+00
  3.61554685e+00  2.61456764e+00  1.36482475e+00  2.22749408e+00
  6.40249956e-01  2.91636386e+00  3.31153574e-01  2.05851133e+00
  2.48355341e+00  1.34145858e+00  4.10326183e+00  1.50025953e+00
  1.49294378e+00  1.51931021e+00  3.01686506e+00  2.82782164e+00
  4.84599360e-01  2.46982151e+00  2.89642621e-01  2.88075486e+00
  2.64752191e+00  1.75857585e+00  5.54645179e-01  2.97189786e+00
 -4.07685928e-01  3.64356371e+00  1.48159391e+00  1.13254744e+00
  1.93716062e+00  1.34190866e+00  1.62550107e-03  1.31319420e+00
  2.23922664e+00  1.53048689e+00  6.07742170e-01  4.45083668e-01
  2.38772583e+00  2.96642022e+00  1.16617672e+00  2.71630559e+00
  2.56250233e+00  7.18374818e-01  2.53919521e+00  6.44672863e-01
  1.30004304e+00  8.10170733e-01  8.91514945e-01  1.67795101e+00
  2.69654741e-01  1.19217251e+00  5.29470958e-01  8.49105505e-01
  3.52286874e+00  3.97177655e+00  2.97709210e+00  2.07350410e+00
  6.02628642e-01  1.04724349e+00  1.60653576e+00  1.47509991e+00]
Device (GPU) time: 0.7790 seconds
Iters. done: 406 [Current cost: -23.295722026563812]
Current parameters: [ 1.20084381e+00  5.49765050e-01  1.81400303e+00  2.50716830e+00
  3.61500924e+00  2.61472447e+00  1.36570969e+00  2.22685452e+00
  6.39286782e-01  2.91615617e+00  3.30582986e-01  2.05794241e+00
  2.48195079e+00  1.34268768e+00  4.10422712e+00  1.50046926e+00
  1.49330143e+00  1.51979037e+00  3.01629450e+00  2.82797961e+00
  4.83802059e-01  2.46910308e+00  2.88597122e-01  2.88044972e+00
  2.64778586e+00  1.75854502e+00  5.53915010e-01  2.97144604e+00
 -4.07320482e-01  3.64360083e+00  1.48129471e+00  1.13180991e+00
  1.93734708e+00  1.34191599e+00  6.92423306e-04  1.31346339e+00
  2.23941564e+00  1.53072137e+00  6.07320062e-01  4.44770424e-01
  2.38769699e+00  2.96675221e+00  1.16656712e+00  2.71635750e+00
  2.56227796e+00  7.18913740e-01  2.53951100e+00  6.44421630e-01
  1.29992224e+00  8.10097072e-01  8.91859978e-01  1.67741244e+00
  2.69839155e-01  1.19210514e+00  5.28736651e-01  8.48672622e-01
  3.52292223e+00  3.97216668e+00  2.97706170e+00  2.07276905e+00
  6.02499716e-01  1.04814700e+00  1.60750758e+00  1.47512958e+00]
Device (GPU) time: 0.8785 seconds
Iters. done: 407 [Current cost: -23.22851910121384]
Current parameters: [ 1.20057009e+00  5.49822808e-01  1.81352940e+00  2.50730017e+00
  3.61528474e+00  2.61516535e+00  1.36449088e+00  2.22764803e+00
  6.39507286e-01  2.91727840e+00  3.31421381e-01  2.05793822e+00
  2.48223375e+00  1.34120371e+00  4.10344281e+00  1.50186503e+00
  1.49388524e+00  1.51965877e+00  3.01691355e+00  2.82668209e+00
  4.83917805e-01  2.46976988e+00  2.87337765e-01  2.88112665e+00
  2.64700467e+00  1.75854162e+00  5.54279395e-01  2.97151893e+00
 -4.07230763e-01  3.64295678e+00  1.48009541e+00  1.13199556e+00
  1.93757520e+00  1.34180714e+00  1.05131639e-03  1.31367785e+00
  2.23891604e+00  1.53173065e+00  6.07266599e-01  4.45140572e-01
  2.38768643e+00  2.96655827e+00  1.16663285e+00  2.71637713e+00
  2.56238737e+00  7.19448056e-01  2.53990566e+00  6.44595448e-01
  1.30013798e+00  8.09961585e-01  8.92177109e-01  1.67732343e+00
  2.70252263e-01  1.19250915e+00  5.28222741e-01  8.48565114e-01
  3.52319419e+00  3.97262460e+00  2.97714258e+00  2.07259309e+00
  6.02023163e-01  1.04846223e+00  1.60741710e+00  1.47504806e+00]
Device (GPU) time: 0.7764 seconds
Iters. done: 408 [Current cost: -23.247355290475742]
Current parameters: [ 1.20085947e+00  5.50242643e-01  1.81337721e+00  2.50810734e+00
  3.61546593e+00  2.61482110e+00  1.36574612e+00  2.22732919e+00
  6.39734719e-01  2.91660077e+00  3.31230387e-01  2.05820164e+00
  2.48231363e+00  1.34257096e+00  4.10414176e+00  1.50073796e+00
  1.49362215e+00  1.51989315e+00  3.01641335e+00  2.82757403e+00
  4.83414449e-01  2.46957761e+00  2.88298672e-01  2.88095281e+00
  2.64807762e+00  1.75858866e+00  5.54294659e-01  2.97148003e+00
 -4.07727067e-01  3.64316994e+00  1.48102839e+00  1.13191935e+00
  1.93733893e+00  1.34198413e+00  8.55111729e-04  1.31339440e+00
  2.23971758e+00  1.53031964e+00  6.07423161e-01  4.44840007e-01
  2.38778991e+00  2.96582167e+00  1.16668297e+00  2.71627065e+00
  2.56234750e+00  7.18950448e-01  2.53981933e+00  6.44663925e-01
  1.30003413e+00  8.10004319e-01  8.91940018e-01  1.67739538e+00
  2.70079233e-01  1.19215986e+00  5.29473991e-01  8.48749362e-01
  3.52299658e+00  3.97252219e+00  2.97716032e+00  2.07332762e+00
  6.02442122e-01  1.04768184e+00  1.60797768e+00  1.47520734e+00]
Device (GPU) time: 0.9447 seconds
Iters. done: 409 [Current cost: -23.41125480863528]
Current parameters: [ 1.20097807e+00  5.48854151e-01  1.81378873e+00  2.50737997e+00
  3.61565478e+00  2.61458605e+00  1.36561084e+00  2.22724988e+00
  6.39895974e-01  2.91689924e+00  3.32013062e-01  2.05780851e+00
  2.48212979e+00  1.34277690e+00  4.10414492e+00  1.50157191e+00
  1.49346346e+00  1.51947638e+00  3.01593087e+00  2.82761803e+00
  4.84150878e-01  2.46859961e+00  2.87808708e-01  2.88009542e+00
  2.64730031e+00  1.75802458e+00  5.56178065e-01  2.97175047e+00
 -4.06907104e-01  3.64357216e+00  1.48088540e+00  1.13183508e+00
  1.93711182e+00  1.34177846e+00  2.02727903e-04  1.31344570e+00
  2.24065451e+00  1.53033114e+00  6.08468951e-01  4.44052628e-01
  2.38807739e+00  2.96683818e+00  1.16618669e+00  2.71610277e+00
  2.56237536e+00  7.18543314e-01  2.53901996e+00  6.44389454e-01
  1.29970845e+00  8.10276329e-01  8.91941106e-01  1.67728209e+00
  2.69854882e-01  1.19224499e+00  5.29701464e-01  8.48459648e-01
  3.52297055e+00  3.97264645e+00  2.97777864e+00  2.07323270e+00
  6.01978142e-01  1.04738514e+00  1.60726477e+00  1.47493999e+00]
Device (GPU) time: 0.7843 seconds
Iters. done: 410 [Current cost: -23.291636507812633]
Current parameters: [ 1.20076336e+00  5.49786177e-01  1.81377961e+00  2.50729592e+00
  3.61505822e+00  2.61510482e+00  1.36546399e+00  2.22669511e+00
  6.39799820e-01  2.91690793e+00  3.30684757e-01  2.05900341e+00
  2.48234675e+00  1.34231453e+00  4.10442237e+00  1.50092798e+00
  1.49384463e+00  1.51993783e+00  3.01675505e+00  2.82753310e+00
  4.83950698e-01  2.46900239e+00  2.88382029e-01  2.88132288e+00
  2.64739677e+00  1.75836315e+00  5.54504592e-01  2.97196180e+00
 -4.07620038e-01  3.64316519e+00  1.48131638e+00  1.13218232e+00
  1.93741626e+00  1.34175584e+00  3.48920576e-04  1.31352759e+00
  2.23941355e+00  1.53043512e+00  6.07156249e-01  4.44330408e-01
  2.38789530e+00  2.96687720e+00  1.16665805e+00  2.71609622e+00
  2.56221906e+00  7.18867724e-01  2.53956866e+00  6.44441472e-01
  1.29997348e+00  8.09859489e-01  8.92333527e-01  1.67742505e+00
  2.69750283e-01  1.19207233e+00  5.29435755e-01  8.48740404e-01
  3.52276917e+00  3.97264586e+00  2.97695917e+00  2.07324356e+00
  6.02619244e-01  1.04779057e+00  1.60749087e+00  1.47525852e+00]
Device (GPU) time: 0.9171 seconds
Iters. done: 411 [Current cost: -23.38017467505779]
Current parameters: [ 1.20094507e+00  5.49870985e-01  1.81389100e+00  2.50725893e+00
  3.61487086e+00  2.61518650e+00  1.36587012e+00  2.22626159e+00
  6.39736839e-01  2.91674676e+00  3.31366383e-01  2.05910303e+00
  2.48191836e+00  1.34274027e+00  4.10475432e+00  1.50128554e+00
  1.49326463e+00  1.51933253e+00  3.01633597e+00  2.82712910e+00
  4.83947549e-01  2.46850517e+00  2.88209876e-01  2.88163988e+00
  2.64670880e+00  1.75877153e+00  5.54548048e-01  2.97013052e+00
 -4.07630141e-01  3.64261193e+00  1.48164738e+00  1.13098379e+00
  1.93714970e+00  1.34230143e+00  1.53146371e-03  1.31313680e+00
  2.23942010e+00  1.53076678e+00  6.07463350e-01  4.46286464e-01
  2.38745514e+00  2.96650768e+00  1.16597950e+00  2.71609133e+00
  2.56256416e+00  7.18737385e-01  2.53918443e+00  6.44766152e-01
  1.29988243e+00  8.10249630e-01  8.90963880e-01  1.67728367e+00
  2.70544576e-01  1.19224693e+00  5.29641966e-01  8.48119512e-01
  3.52322250e+00  3.97246644e+00  2.97701116e+00  2.07332329e+00
  6.02768036e-01  1.04735668e+00  1.60733875e+00  1.47522836e+00]
Device (GPU) time: 0.7810 seconds
Iters. done: 412 [Current cost: -23.20096691231244]
Current parameters: [ 1.20089225e+00  5.49741274e-01  1.81396349e+00  2.50691222e+00
  3.61531659e+00  2.61532689e+00  1.36535527e+00  2.22740649e+00
  6.39023898e-01  2.91678910e+00  3.31266099e-01  2.05849117e+00
  2.48223556e+00  1.34252843e+00  4.10425690e+00  1.50037138e+00
  1.49350514e+00  1.51952589e+00  3.01642927e+00  2.82759833e+00
  4.83624505e-01  2.46983077e+00  2.87679980e-01  2.88102069e+00
  2.64754875e+00  1.75754246e+00  5.54232440e-01  2.97141490e+00
 -4.07562186e-01  3.64337433e+00  1.48119281e+00  1.13177045e+00
  1.93729009e+00  1.34231250e+00  8.07045668e-04  1.31393261e+00
  2.23959035e+00  1.53028518e+00  6.07271637e-01  4.44773123e-01
  2.38733052e+00  2.96664787e+00  1.16646419e+00  2.71625702e+00
  2.56223724e+00  7.18727927e-01  2.53950148e+00  6.44500169e-01
  1.29994922e+00  8.09943727e-01  8.91782574e-01  1.67745104e+00
  2.69753986e-01  1.19198113e+00  5.29418710e-01  8.48758093e-01
  3.52278410e+00  3.97225726e+00  2.97729789e+00  2.07331843e+00
  6.02518124e-01  1.04762159e+00  1.60741984e+00  1.47503900e+00]
Device (GPU) time: 0.8822 seconds
Iters. done: 413 [Current cost: -23.298032850021098]
Current parameters: [ 1.20053691e+00  5.49440489e-01  1.81405188e+00  2.50624266e+00
  3.61503631e+00  2.61386322e+00  1.36585784e+00  2.22744146e+00
  6.40185695e-01  2.91670655e+00  3.30693576e-01  2.05773827e+00
  2.48240636e+00  1.34228073e+00  4.10415331e+00  1.50149287e+00
  1.49344515e+00  1.52156635e+00  3.01648672e+00  2.82726408e+00
  4.82732757e-01  2.46913938e+00  2.88657928e-01  2.88142909e+00
  2.64755306e+00  1.75820470e+00  5.54279584e-01  2.97154418e+00
 -4.07928467e-01  3.64347033e+00  1.48057920e+00  1.13192428e+00
  1.93760148e+00  1.34135300e+00  9.42587953e-04  1.31323041e+00
  2.23941265e+00  1.53000756e+00  6.07057751e-01  4.45096145e-01
  2.38612373e+00  2.96670416e+00  1.16590658e+00  2.71624903e+00
  2.56245068e+00  7.19060054e-01  2.53963089e+00  6.44473547e-01
  1.29996686e+00  8.09868208e-01  8.92106612e-01  1.67754454e+00
  2.69892197e-01  1.19235177e+00  5.29753850e-01  8.48559572e-01
  3.52251244e+00  3.97222983e+00  2.97845865e+00  2.07356067e+00
  6.02473058e-01  1.04747398e+00  1.60756662e+00  1.47504962e+00]
Device (GPU) time: 0.7873 seconds
Iters. done: 414 [Current cost: -23.390453651887327]
Current parameters: [ 1.20084010e+00  5.49697727e-01  1.81322345e+00  2.50720104e+00
  3.61473289e+00  2.61475299e+00  1.36556256e+00  2.22688577e+00
  6.39728035e-01  2.91657992e+00  3.31015410e-01  2.05829684e+00
  2.48241584e+00  1.34233858e+00  4.10415204e+00  1.50070755e+00
  1.49376908e+00  1.51997652e+00  3.01622712e+00  2.82759694e+00
  4.84012006e-01  2.46949558e+00  2.88041546e-01  2.88123008e+00
  2.64756490e+00  1.75835130e+00  5.54110854e-01  2.97147957e+00
 -4.06919029e-01  3.64330649e+00  1.48083716e+00  1.13157112e+00
  1.93728954e+00  1.34189050e+00  9.80309764e-04  1.31335037e+00
  2.23937567e+00  1.53039866e+00  6.07585867e-01  4.44728776e-01
  2.38795692e+00  2.96666301e+00  1.16616918e+00  2.71635866e+00
  2.56188182e+00  7.18994305e-01  2.53985247e+00  6.44852016e-01
  1.29927777e+00  8.10054410e-01  8.92038763e-01  1.67755542e+00
  2.69713441e-01  1.19198051e+00  5.29509193e-01  8.48536673e-01
  3.52258314e+00  3.97161949e+00  2.97702111e+00  2.07334018e+00
  6.01915280e-01  1.04744887e+00  1.60752248e+00  1.47506497e+00]
Device (GPU) time: 0.8778 seconds
Iters. done: 415 [Current cost: -23.26419693657876]
Current parameters: [ 1.20087241e+00  5.50310384e-01  1.81361216e+00  2.50714558e+00
  3.61388519e+00  2.61390374e+00  1.36500496e+00  2.22789873e+00
  6.39385098e-01  2.91660619e+00  3.31207815e-01  2.05826182e+00
  2.48190398e+00  1.34275926e+00  4.10395335e+00  1.50120546e+00
  1.49377021e+00  1.51974698e+00  3.01611565e+00  2.82729020e+00
  4.84281890e-01  2.46925654e+00  2.88226706e-01  2.88144350e+00
  2.64757459e+00  1.75826472e+00  5.54078629e-01  2.97172360e+00
 -4.06586392e-01  3.64347683e+00  1.48131424e+00  1.13146161e+00
  1.93727642e+00  1.34173630e+00  1.18805302e-03  1.31348317e+00
  2.23891094e+00  1.52992824e+00  6.07635456e-01  4.44803001e-01
  2.38840965e+00  2.96653696e+00  1.16736954e+00  2.71636762e+00
  2.56284847e+00  7.19003252e-01  2.53977495e+00  6.43819705e-01
  1.30050206e+00  8.09986277e-01  8.92172690e-01  1.67757271e+00
  2.69354668e-01  1.19074767e+00  5.29818431e-01  8.48527662e-01
  3.52406202e+00  3.97284458e+00  2.97818101e+00  2.07334632e+00
  6.03570729e-01  1.04737091e+00  1.60759142e+00  1.47475657e+00]
Device (GPU) time: 0.8276 seconds
Iters. done: 416 [Current cost: -23.42025988382792]
Current parameters: [ 1.20083377e+00  5.49326739e-01  1.81427770e+00  2.50765483e+00
  3.61500277e+00  2.61476296e+00  1.36534453e+00  2.22709483e+00
  6.39430551e-01  2.91653413e+00  3.30934836e-01  2.05806780e+00
  2.48212726e+00  1.34236464e+00  4.10403674e+00  1.50089142e+00
  1.49354183e+00  1.51989553e+00  3.01649613e+00  2.82751278e+00
  4.83943825e-01  2.46928915e+00  2.88195827e-01  2.88109588e+00
  2.64756321e+00  1.75854904e+00  5.54235544e-01  2.97138932e+00
 -4.07324158e-01  3.64338556e+00  1.48092811e+00  1.13180057e+00
  1.93731339e+00  1.34198162e+00  9.13051148e-04  1.31340995e+00
  2.23956605e+00  1.53027438e+00  6.07323800e-01  4.44788291e-01
  2.38770239e+00  2.96672612e+00  1.16693506e+00  2.71630387e+00
  2.56225962e+00  7.18969652e-01  2.53955693e+00  6.44453168e-01
  1.29986027e+00  8.09118945e-01  8.91385376e-01  1.67838435e+00
  2.69965743e-01  1.19194918e+00  5.29431808e-01  8.48578779e-01
  3.52273516e+00  3.97274436e+00  2.97702100e+00  2.07382356e+00
  6.02024286e-01  1.04773082e+00  1.60745794e+00  1.47502876e+00]
Device (GPU) time: 0.8827 seconds
Iters. done: 417 [Current cost: -23.391000130448592]
Current parameters: [ 1.20095797e+00  5.49900414e-01  1.81353355e+00  2.50688318e+00
  3.61534904e+00  2.61424399e+00  1.36571058e+00  2.22704166e+00
  6.39430258e-01  2.91771719e+00  3.31147453e-01  2.05745449e+00
  2.48286003e+00  1.34262924e+00  4.10435818e+00  1.50104277e+00
  1.49339042e+00  1.51968347e+00  3.01656299e+00  2.82682748e+00
  4.84000276e-01  2.46921067e+00  2.88378963e-01  2.88120326e+00
  2.64757953e+00  1.75861812e+00  5.54271033e-01  2.97144233e+00
 -4.07368451e-01  3.64336567e+00  1.48134737e+00  1.13172313e+00
  1.93736800e+00  1.34191325e+00  1.08373073e-03  1.31354138e+00
  2.23951160e+00  1.53004726e+00  6.07154413e-01  4.44850656e-01
  2.38781139e+00  2.96687906e+00  1.16850642e+00  2.71625396e+00
  2.56222547e+00  7.19197588e-01  2.53932446e+00  6.44076073e-01
  1.29923738e+00  8.10550803e-01  8.91077793e-01  1.67667712e+00
  2.70504349e-01  1.19161586e+00  5.29531193e-01  8.49790262e-01
  3.52115179e+00  3.97242755e+00  2.97703787e+00  2.07281916e+00
  6.02469900e-01  1.04758734e+00  1.60744209e+00  1.47499826e+00]
Device (GPU) time: 0.7683 seconds
Iters. done: 418 [Current cost: -23.31593711051007]
Current parameters: [ 1.20085240e+00  5.50002189e-01  1.81378951e+00  2.50721043e+00
  3.61512465e+00  2.61442991e+00  1.36570403e+00  2.22723976e+00
  6.39515242e-01  2.91681642e+00  3.31006181e-01  2.05833412e+00
  2.48255456e+00  1.34250101e+00  4.10395678e+00  1.50075395e+00
  1.49300179e+00  1.52010513e+00  3.01682104e+00  2.82704697e+00
  4.83524653e-01  2.46912883e+00  2.87982754e-01  2.88084607e+00
  2.64753298e+00  1.75874984e+00  5.54428912e-01  2.97086273e+00
 -4.07284755e-01  3.64332352e+00  1.48119729e+00  1.13172467e+00
  1.93771497e+00  1.34189553e+00  6.64516229e-04  1.31428782e+00
  2.23928914e+00  1.53026316e+00  6.07610096e-01  4.44465411e-01
  2.38790088e+00  2.96668968e+00  1.16660093e+00  2.71662409e+00
  2.56219044e+00  7.18697368e-01  2.53937835e+00  6.44575248e-01
  1.29998498e+00  8.09917092e-01  8.92068082e-01  1.67747321e+00
  2.69785787e-01  1.19207119e+00  5.29571941e-01  8.48508902e-01
  3.52309848e+00  3.97209578e+00  2.97678002e+00  2.07359214e+00
  6.02423796e-01  1.04809221e+00  1.60731906e+00  1.47486885e+00]
Device (GPU) time: 0.8563 seconds
Iters. done: 419 [Current cost: -23.339871849789454]
Current parameters: [ 1.20080144e+00  5.49782813e-01  1.81423151e+00  2.50684266e+00
  3.61477872e+00  2.61493394e+00  1.36517607e+00  2.22825663e+00
  6.39808227e-01  2.91673206e+00  3.31087805e-01  2.05775509e+00
  2.48211199e+00  1.34238560e+00  4.10576630e+00  1.50175619e+00
  1.49365960e+00  1.51987923e+00  3.01632454e+00  2.82868594e+00
  4.84615807e-01  2.46950709e+00  2.88508416e-01  2.88126861e+00
  2.64750806e+00  1.75890978e+00  5.54575948e-01  2.97132905e+00
 -4.07634361e-01  3.64350908e+00  1.48066472e+00  1.13225915e+00
  1.93817609e+00  1.34182970e+00  4.21596504e-04  1.31461804e+00
  2.23939377e+00  1.52967651e+00  6.06841216e-01  4.45541999e-01
  2.38823357e+00  2.96608209e+00  1.16647453e+00  2.71525370e+00
  2.56215307e+00  7.18901577e-01  2.53932629e+00  6.44871352e-01
  1.29993070e+00  8.10175381e-01  8.91677804e-01  1.67749389e+00
  2.69972317e-01  1.19200936e+00  5.29705931e-01  8.49245311e-01
  3.52335042e+00  3.97174808e+00  2.97668777e+00  2.07343393e+00
  6.01989233e-01  1.04819227e+00  1.60777745e+00  1.47485762e+00]
Device (GPU) time: 0.8031 seconds
Iters. done: 420 [Current cost: -23.266281036101606]
Current parameters: [ 1.20083486e+00  5.50002769e-01  1.81408207e+00  2.50719752e+00
  3.61518895e+00  2.61506874e+00  1.36534827e+00  2.22738344e+00
  6.39212661e-01  2.91695867e+00  3.30867840e-01  2.05862898e+00
  2.48216425e+00  1.34314926e+00  4.10369778e+00  1.50094851e+00
  1.49349277e+00  1.51984470e+00  3.01646484e+00  2.82725561e+00
  4.83990232e-01  2.46881420e+00  2.88576875e-01  2.88100596e+00
  2.64757689e+00  1.75852219e+00  5.54242693e-01  2.97145835e+00
 -4.07641880e-01  3.64342638e+00  1.48014522e+00  1.13183123e+00
  1.93728049e+00  1.34195899e+00  7.61587518e-04  1.31339393e+00
  2.23957983e+00  1.53028038e+00  6.07310017e-01  4.44775014e-01
  2.38775471e+00  2.96664478e+00  1.16689017e+00  2.71624556e+00
  2.56226229e+00  7.18808803e-01  2.53959129e+00  6.44566702e-01
  1.29998906e+00  8.09912254e-01  8.91829715e-01  1.67729089e+00
  2.69881846e-01  1.19201174e+00  5.29438296e-01  8.48771685e-01
  3.52321274e+00  3.97162921e+00  2.97727805e+00  2.07327213e+00
  6.02055179e-01  1.04748056e+00  1.60740485e+00  1.47545347e+00]
Device (GPU) time: 0.9565 seconds
Iters. done: 421 [Current cost: -23.36119338100644]
Current parameters: [ 1.20097805e+00  5.50377584e-01  1.81456190e+00  2.50724710e+00
  3.61510198e+00  2.61461820e+00  1.36627841e+00  2.22720736e+00
  6.39911108e-01  2.91623854e+00  3.30742340e-01  2.05795581e+00
  2.48268422e+00  1.34132438e+00  4.10498443e+00  1.50081418e+00
  1.49326783e+00  1.51937211e+00  3.01643352e+00  2.82689215e+00
  4.83356552e-01  2.46954971e+00  2.87541558e-01  2.88118034e+00
  2.64747685e+00  1.75848786e+00  5.54157836e-01  2.97166814e+00
 -4.06947088e-01  3.64341376e+00  1.48177024e+00  1.13190345e+00
  1.93715383e+00  1.34178427e+00  6.84139184e-04  1.31318080e+00
  2.23965829e+00  1.53008048e+00  6.06938907e-01  4.44721699e-01
  2.38780179e+00  2.96684071e+00  1.16752507e+00  2.71608350e+00
  2.56220131e+00  7.18525743e-01  2.53929533e+00  6.44362448e-01
  1.29990194e+00  8.09401773e-01  8.91957985e-01  1.67674435e+00
  2.69738560e-01  1.19221803e+00  5.29435193e-01  8.48479322e-01
  3.52418849e+00  3.97195995e+00  2.97783134e+00  2.07311995e+00
  6.00876393e-01  1.04721421e+00  1.60739424e+00  1.47652167e+00]
Device (GPU) time: 0.7846 seconds
Iters. done: 422 [Current cost: -23.25374934508255]
Current parameters: [ 1.20094212e+00  5.49633183e-01  1.81382737e+00  2.50721465e+00
  3.61509653e+00  2.61478204e+00  1.36546064e+00  2.22706862e+00
  6.39892740e-01  2.91636019e+00  3.31551760e-01  2.05821366e+00
  2.48216600e+00  1.34246610e+00  4.10421294e+00  1.50078490e+00
  1.49310149e+00  1.51979865e+00  3.01602059e+00  2.82740663e+00
  4.83868513e-01  2.46929418e+00  2.88349047e-01  2.88109784e+00
  2.64726056e+00  1.75856131e+00  5.54209766e-01  2.97173648e+00
 -4.07276366e-01  3.64284998e+00  1.48093041e+00  1.13172640e+00
  1.93711981e+00  1.34148515e+00  8.96247143e-04  1.31377983e+00
  2.23967552e+00  1.53048648e+00  6.07014666e-01  4.44333811e-01
  2.38713746e+00  2.96668874e+00  1.16684714e+00  2.71634120e+00
  2.56210026e+00  7.19164813e-01  2.53964124e+00  6.44870669e-01
  1.30031491e+00  8.09665792e-01  8.91673881e-01  1.67715694e+00
  2.69730404e-01  1.19190519e+00  5.29527190e-01  8.49047279e-01
  3.52328925e+00  3.97209276e+00  2.97668771e+00  2.07310578e+00
  6.02448005e-01  1.04751875e+00  1.60756264e+00  1.47471729e+00]
Device (GPU) time: 0.9590 seconds
Iters. done: 423 [Current cost: -23.402312895687345]
Current parameters: [ 1.20087271e+00  5.49145430e-01  1.81365312e+00  2.50741309e+00
  3.61458944e+00  2.61407327e+00  1.36525610e+00  2.22759911e+00
  6.39412988e-01  2.91734242e+00  3.30726293e-01  2.05854935e+00
  2.48293429e+00  1.34210860e+00  4.10457226e+00  1.50084986e+00
  1.49387213e+00  1.51969467e+00  3.01764988e+00  2.82805640e+00
  4.83827874e-01  2.46915237e+00  2.88351144e-01  2.88096805e+00
  2.64846884e+00  1.75807458e+00  5.54474457e-01  2.97040305e+00
 -4.06987161e-01  3.64396921e+00  1.48083581e+00  1.13212347e+00
  1.93633332e+00  1.34261304e+00  4.57145964e-04  1.31249890e+00
  2.23934052e+00  1.53013066e+00  6.07542534e-01  4.44585428e-01
  2.38700432e+00  2.96704392e+00  1.16663826e+00  2.71642294e+00
  2.56205362e+00  7.19468596e-01  2.53935744e+00  6.44919729e-01
  1.30066481e+00  8.09582783e-01  8.91786529e-01  1.67671303e+00
  2.70265874e-01  1.19221884e+00  5.29757997e-01  8.48814530e-01
  3.52372033e+00  3.97238744e+00  2.97638925e+00  2.07271182e+00
  6.02240992e-01  1.04731969e+00  1.60794107e+00  1.47431189e+00]
Device (GPU) time: 0.7811 seconds
Iters. done: 424 [Current cost: -23.381970941372707]
Current parameters: [ 1.20128653e+00  5.49937269e-01  1.81362800e+00  2.50701341e+00
  3.61562889e+00  2.61492975e+00  1.36512422e+00  2.22702379e+00
  6.39815647e-01  2.91602697e+00  3.30828699e-01  2.05844422e+00
  2.48226471e+00  1.34253015e+00  4.10412747e+00  1.50077527e+00
  1.49358910e+00  1.52044154e+00  3.01647950e+00  2.82746454e+00
  4.83986144e-01  2.46958533e+00  2.88121989e-01  2.88109106e+00
  2.64764880e+00  1.75843619e+00  5.54358984e-01  2.97095508e+00
 -4.06974873e-01  3.64336117e+00  1.48086757e+00  1.13193228e+00
  1.93733380e+00  1.34192887e+00  7.95712223e-04  1.31346663e+00
  2.23957459e+00  1.53036693e+00  6.07616323e-01  4.44620410e-01
  2.38773555e+00  2.96685375e+00  1.16674056e+00  2.71547787e+00
  2.56230704e+00  7.18974169e-01  2.53965611e+00  6.44198571e-01
  1.29999453e+00  8.09765765e-01  8.91612605e-01  1.67688572e+00
  2.70247878e-01  1.19181618e+00  5.29278475e-01  8.48757164e-01
  3.52306353e+00  3.97234027e+00  2.97719366e+00  2.07360323e+00
  6.02394923e-01  1.04784809e+00  1.60737408e+00  1.47506952e+00]
Device (GPU) time: 0.8681 seconds
Iters. done: 425 [Current cost: -23.29563071337996]
Current parameters: [ 1.20008870e+00  5.50320404e-01  1.81283297e+00  2.50642646e+00
  3.61584942e+00  2.61452892e+00  1.36575468e+00  2.22726847e+00
  6.39218922e-01  2.91687966e+00  3.30237023e-01  2.05728463e+00
  2.48164107e+00  1.34246522e+00  4.10350564e+00  1.50079897e+00
  1.49319472e+00  1.51875138e+00  3.01637119e+00  2.82738122e+00
  4.83612273e-01  2.46888328e+00  2.88199553e-01  2.88123320e+00
  2.64740977e+00  1.75856512e+00  5.54022003e-01  2.97217260e+00
 -4.07163286e-01  3.64342773e+00  1.48098502e+00  1.13187382e+00
  1.93716523e+00  1.34205056e+00  8.86048729e-04  1.31318868e+00
  2.23950335e+00  1.52979140e+00  6.06897444e-01  4.45146093e-01
  2.38777745e+00  2.96675807e+00  1.16647230e+00  2.71505831e+00
  2.56235407e+00  7.18776653e-01  2.53929391e+00  6.44595904e-01
  1.29989965e+00  8.09543319e-01  8.92461720e-01  1.67708717e+00
  2.69859637e-01  1.19282286e+00  5.29544003e-01  8.48220086e-01
  3.52325213e+00  3.97287911e+00  2.97623071e+00  2.07420868e+00
  6.02368109e-01  1.04706731e+00  1.60724932e+00  1.47411934e+00]
Device (GPU) time: 0.7974 seconds
Iters. done: 426 [Current cost: -23.222036568331312]
Current parameters: [ 1.20053599e+00  5.49858331e-01  1.81367652e+00  2.50711191e+00
  3.61548445e+00  2.61508780e+00  1.36555477e+00  2.22732751e+00
  6.40037037e-01  2.91643484e+00  3.30559755e-01  2.05807469e+00
  2.48201360e+00  1.34234246e+00  4.10430570e+00  1.50108134e+00
  1.49376102e+00  1.51993490e+00  3.01608743e+00  2.82715643e+00
  4.84047839e-01  2.46959372e+00  2.88330603e-01  2.88100279e+00
  2.64754423e+00  1.75816326e+00  5.54332757e-01  2.97135867e+00
 -4.07287273e-01  3.64332366e+00  1.48089313e+00  1.13206617e+00
  1.93729566e+00  1.34203263e+00  4.96846496e-04  1.31339777e+00
  2.23950394e+00  1.53019425e+00  6.07291023e-01  4.44979125e-01
  2.38789501e+00  2.96680034e+00  1.16665820e+00  2.71733352e+00
  2.56220201e+00  7.18615532e-01  2.53918228e+00  6.44287658e-01
  1.29993431e+00  8.09749172e-01  8.91690084e-01  1.67737717e+00
  2.70273726e-01  1.19201094e+00  5.29563880e-01  8.48705260e-01
  3.52314421e+00  3.97206706e+00  2.97689673e+00  2.07321753e+00
  6.02673024e-01  1.04759200e+00  1.60754588e+00  1.47489975e+00]
Device (GPU) time: 0.9490 seconds
Iters. done: 427 [Current cost: -23.414938228333046]
Current parameters: [ 1.20282019e+00  5.49571032e-01  1.81372102e+00  2.50717563e+00
  3.61521060e+00  2.61503693e+00  1.36536815e+00  2.22752181e+00
  6.38833843e-01  2.91620748e+00  3.31347664e-01  2.05801532e+00
  2.48360764e+00  1.34319942e+00  4.10479506e+00  1.50065302e+00
  1.49373118e+00  1.52001395e+00  3.01603858e+00  2.82750536e+00
  4.83502555e-01  2.46935392e+00  2.87976434e-01  2.88137770e+00
  2.64747554e+00  1.75923166e+00  5.54226937e-01  2.97188132e+00
 -4.07202372e-01  3.64338349e+00  1.48038261e+00  1.13212774e+00
  1.93734351e+00  1.34166977e+00  6.53945987e-04  1.31315144e+00
  2.23953548e+00  1.53005507e+00  6.06444699e-01  4.45206599e-01
  2.38795448e+00  2.96683138e+00  1.16640688e+00  2.71723179e+00
  2.56267190e+00  7.19393388e-01  2.53926008e+00  6.44278382e-01
  1.29992343e+00  8.10062174e-01  8.92561432e-01  1.67741631e+00
  2.70149064e-01  1.19245607e+00  5.29612867e-01  8.47992206e-01
  3.52301676e+00  3.97305919e+00  2.97675623e+00  2.07311016e+00
  6.02497619e-01  1.04743306e+00  1.60648847e+00  1.47496346e+00]
Device (GPU) time: 0.7717 seconds
Iters. done: 428 [Current cost: -23.19195442145218]
Current parameters: [ 1.20066308e+00  5.50020217e-01  1.81417082e+00  2.50728822e+00
  3.61527522e+00  2.61456266e+00  1.36548303e+00  2.22737702e+00
  6.39733607e-01  2.91661677e+00  3.30870034e-01  2.05837267e+00
  2.48210378e+00  1.34243727e+00  4.10411727e+00  1.50095707e+00
  1.49385697e+00  1.51937479e+00  3.01663664e+00  2.82752222e+00
  4.83838793e-01  2.46955186e+00  2.88102033e-01  2.88126049e+00
  2.64769294e+00  1.75897170e+00  5.54246923e-01  2.97113060e+00
 -4.07230863e-01  3.64356548e+00  1.48081465e+00  1.13188557e+00
  1.93673789e+00  1.34146964e+00  8.19912860e-04  1.31384713e+00
  2.23967744e+00  1.53028874e+00  6.06693953e-01  4.44146141e-01
  2.38785893e+00  2.96662647e+00  1.16616977e+00  2.71635244e+00
  2.56230200e+00  7.18978312e-01  2.53950984e+00  6.44401462e-01
  1.29995198e+00  8.10138276e-01  8.91296207e-01  1.67720095e+00
  2.69796899e-01  1.19207648e+00  5.29490848e-01  8.48185270e-01
  3.52257667e+00  3.97229983e+00  2.97737428e+00  2.07323161e+00
  6.02562776e-01  1.04757457e+00  1.60747293e+00  1.47505603e+00]
Device (GPU) time: 0.9040 seconds
Iters. done: 429 [Current cost: -23.301615637621673]
Current parameters: [ 1.20086366e+00  5.49880457e-01  1.81384225e+00  2.50710808e+00
  3.61499549e+00  2.61470869e+00  1.36560999e+00  2.22727281e+00
  6.39759438e-01  2.91653939e+00  3.31172581e-01  2.05834604e+00
  2.48224184e+00  1.34248563e+00  4.10422637e+00  1.50086929e+00
  1.49338771e+00  1.51982970e+00  3.01657114e+00  2.82740935e+00
  4.83854783e-01  2.46937011e+00  2.88109898e-01  2.88111601e+00
  2.64756338e+00  1.75853697e+00  5.54413332e-01  2.97127468e+00
 -4.07301531e-01  3.64336125e+00  1.48086105e+00  1.13203525e+00
  1.93717613e+00  1.34194223e+00  5.67799417e-04  1.31342755e+00
  2.23972636e+00  1.53014592e+00  6.07264639e-01  4.45002058e-01
  2.38771725e+00  2.96668477e+00  1.16671312e+00  2.71633819e+00
  2.56223527e+00  7.18855288e-01  2.53969486e+00  6.44448513e-01
  1.29996179e+00  8.10011729e-01  8.91862420e-01  1.67742384e+00
  2.69581665e-01  1.19204521e+00  5.28856363e-01  8.48690452e-01
  3.52285534e+00  3.97232193e+00  2.97699253e+00  2.07340372e+00
  6.02450156e-01  1.04748043e+00  1.60747268e+00  1.47503884e+00]
Device (GPU) time: 0.8002 seconds
Iters. done: 430 [Current cost: -23.265961565850258]
Current parameters: [ 1.20084230e+00  5.49420406e-01  1.81413731e+00  2.50753827e+00
  3.61615046e+00  2.61422036e+00  1.36545467e+00  2.22747856e+00
  6.39413056e-01  2.91659569e+00  3.30703436e-01  2.05867568e+00
  2.48225230e+00  1.34231152e+00  4.10452350e+00  1.50095837e+00
  1.49378026e+00  1.51963575e+00  3.01611330e+00  2.82747819e+00
  4.83823872e-01  2.46919539e+00  2.88216687e-01  2.88151695e+00
  2.64744871e+00  1.75870151e+00  5.53929400e-01  2.97142426e+00
 -4.07295255e-01  3.64328279e+00  1.48086576e+00  1.13169028e+00
  1.93748172e+00  1.34190584e+00  9.04078538e-04  1.31355889e+00
  2.23931343e+00  1.53012362e+00  6.07977323e-01  4.44772167e-01
  2.38742651e+00  2.96668547e+00  1.16660949e+00  2.71646242e+00
  2.56227752e+00  7.18800745e-01  2.53964706e+00  6.44404968e-01
  1.29986394e+00  8.10192534e-01  8.91935033e-01  1.67730381e+00
  2.69330652e-01  1.19197077e+00  5.29189294e-01  8.48903322e-01
  3.52302838e+00  3.97243894e+00  2.97693206e+00  2.07317991e+00
  6.02296843e-01  1.04752821e+00  1.60750992e+00  1.47496975e+00]
Device (GPU) time: 0.8618 seconds
Iters. done: 431 [Current cost: -23.25148839793916]
Current parameters: [ 1.20092981e+00  5.49779947e-01  1.81394317e+00  2.50714274e+00
  3.61512494e+00  2.61457039e+00  1.36550513e+00  2.22753463e+00
  6.39403483e-01  2.91648238e+00  3.31003407e-01  2.05838148e+00
  2.48192264e+00  1.34257017e+00  4.10416388e+00  1.50077020e+00
  1.49354670e+00  1.51991781e+00  3.01659486e+00  2.82731611e+00
  4.83897216e-01  2.46965222e+00  2.88279650e-01  2.88111093e+00
  2.64742567e+00  1.75853500e+00  5.54435390e-01  2.97136061e+00
 -4.07462091e-01  3.64320414e+00  1.48112984e+00  1.13183241e+00
  1.93733127e+00  1.34171046e+00  6.90663996e-04  1.31318044e+00
  2.23948371e+00  1.53034843e+00  6.07327939e-01  4.44729358e-01
  2.38778076e+00  2.96666700e+00  1.16665455e+00  2.71628639e+00
  2.56209367e+00  7.18867893e-01  2.53944776e+00  6.44685057e-01
  1.29976566e+00  8.10108624e-01  8.91863540e-01  1.67732984e+00
  2.69846000e-01  1.19213411e+00  5.29453902e-01  8.48717050e-01
  3.52298485e+00  3.97245096e+00  2.97702931e+00  2.07321670e+00
  6.02227136e-01  1.04769030e+00  1.60742010e+00  1.47499614e+00]
Device (GPU) time: 0.7855 seconds
Iters. done: 432 [Current cost: -23.31428831291548]
Current parameters: [ 1.20079286e+00  5.49910736e-01  1.81407997e+00  2.50714363e+00
  3.61513809e+00  2.61462239e+00  1.36599196e+00  2.22672293e+00
  6.39434562e-01  2.91680804e+00  3.30745977e-01  2.05812835e+00
  2.48216446e+00  1.34247600e+00  4.10438216e+00  1.50072494e+00
  1.49337763e+00  1.52009677e+00  3.01685522e+00  2.82764262e+00
  4.83830535e-01  2.46996392e+00  2.87887575e-01  2.88106637e+00
  2.64729051e+00  1.75887167e+00  5.54594415e-01  2.97188024e+00
 -4.07150683e-01  3.64314637e+00  1.48028468e+00  1.13169479e+00
  1.93709969e+00  1.34220755e+00  7.68497340e-04  1.31331005e+00
  2.23936442e+00  1.53057525e+00  6.07465264e-01  4.44726560e-01
  2.38770822e+00  2.96641522e+00  1.16644269e+00  2.71627732e+00
  2.56265129e+00  7.18548876e-01  2.53938246e+00  6.44171027e-01
  1.30036600e+00  8.10180445e-01  8.91714189e-01  1.67750422e+00
  2.69764330e-01  1.19170406e+00  5.29704815e-01  8.49048493e-01
  3.52301799e+00  3.97232375e+00  2.97688913e+00  2.07320627e+00
  6.02310570e-01  1.04756206e+00  1.60748106e+00  1.47497157e+00]
Device (GPU) time: 0.8930 seconds
Iters. done: 433 [Current cost: -23.249453215492405]
Current parameters: [ 1.20082862e+00  5.49684364e-01  1.81389818e+00  2.50721007e+00
  3.61520469e+00  2.61464145e+00  1.36554097e+00  2.22750812e+00
  6.39465001e-01  2.91641755e+00  3.31031241e-01  2.05809130e+00
  2.48218028e+00  1.34237456e+00  4.10421392e+00  1.50089795e+00
  1.49353027e+00  1.51983789e+00  3.01666303e+00  2.82760248e+00
  4.83768359e-01  2.46916406e+00  2.88065639e-01  2.88117593e+00
  2.64743501e+00  1.75850555e+00  5.54372709e-01  2.97145356e+00
 -4.07207542e-01  3.64328356e+00  1.48092538e+00  1.13179976e+00
  1.93728929e+00  1.34198157e+00  7.93912576e-04  1.31336901e+00
  2.23951495e+00  1.53041306e+00  6.07340155e-01  4.44717017e-01
  2.38776437e+00  2.96661300e+00  1.16653179e+00  2.71633938e+00
  2.56227350e+00  7.18852890e-01  2.53964891e+00  6.44563188e-01
  1.29994520e+00  8.09860914e-01  8.91851206e-01  1.67723563e+00
  2.69879511e-01  1.19201940e+00  5.29463405e-01  8.48834403e-01
  3.52282767e+00  3.97219922e+00  2.97684681e+00  2.07338765e+00
  6.02756414e-01  1.04760371e+00  1.60736982e+00  1.47556044e+00]
Device (GPU) time: 0.7771 seconds
Iters. done: 434 [Current cost: -23.117061557955978]
Current parameters: [ 1.20080300e+00  5.49527157e-01  1.81372833e+00  2.50710972e+00
  3.61489316e+00  2.61451715e+00  1.36514926e+00  2.22692386e+00
  6.39789776e-01  2.91655347e+00  3.30984694e-01  2.05883847e+00
  2.48213382e+00  1.34231335e+00  4.10416035e+00  1.50113437e+00
  1.49284933e+00  1.51957627e+00  3.01632868e+00  2.82723455e+00
  4.83987929e-01  2.46978447e+00  2.88135398e-01  2.88061133e+00
  2.64789319e+00  1.75859949e+00  5.53998198e-01  2.97158274e+00
 -4.07544427e-01  3.64383861e+00  1.48051294e+00  1.13167169e+00
  1.93759329e+00  1.34189945e+00  9.99981003e-04  1.31350249e+00
  2.23977402e+00  1.52997639e+00  6.07232045e-01  4.44891030e-01
  2.38764748e+00  2.96675853e+00  1.16642401e+00  2.71643166e+00
  2.56221922e+00  7.18865674e-01  2.53948507e+00  6.44403990e-01
  1.29971792e+00  8.10002920e-01  8.91904470e-01  1.67707496e+00
  2.69850711e-01  1.19206959e+00  5.29796325e-01  8.48835768e-01
  3.52301203e+00  3.97293219e+00  2.97687878e+00  2.07325040e+00
  6.02399876e-01  1.04780936e+00  1.60771648e+00  1.47553511e+00]
Device (GPU) time: 0.9061 seconds
Iters. done: 435 [Current cost: -23.380219991517617]
Current parameters: [ 1.20090080e+00  5.50163158e-01  1.81415544e+00  2.50744427e+00
  3.61511162e+00  2.61471870e+00  1.36558891e+00  2.22734387e+00
  6.39516342e-01  2.91653491e+00  3.30932919e-01  2.05831576e+00
  2.48227237e+00  1.34238848e+00  4.10429274e+00  1.50093115e+00
  1.49337799e+00  1.51987861e+00  3.01646620e+00  2.82726363e+00
  4.84045327e-01  2.46925761e+00  2.88092034e-01  2.88097762e+00
  2.64760703e+00  1.75841917e+00  5.54266166e-01  2.97159289e+00
 -4.07182303e-01  3.64335299e+00  1.48085298e+00  1.13177836e+00
  1.93742553e+00  1.34194677e+00  7.24322619e-04  1.31339039e+00
  2.23955172e+00  1.53023644e+00  6.07414586e-01  4.44910047e-01
  2.38766853e+00  2.96666381e+00  1.16632288e+00  2.71622952e+00
  2.56211806e+00  7.18960236e-01  2.53947820e+00  6.44603226e-01
  1.30002611e+00  8.09752661e-01  8.91840561e-01  1.67714020e+00
  2.69789300e-01  1.19193827e+00  5.29429522e-01  8.48693712e-01
  3.52265049e+00  3.97241871e+00  2.97706837e+00  2.07313551e+00
  6.02411397e-01  1.04765799e+00  1.60740863e+00  1.47491280e+00]
Device (GPU) time: 0.7800 seconds
Iters. done: 436 [Current cost: -23.414476144461837]
Current parameters: [ 1.20080090e+00  5.50252338e-01  1.81380143e+00  2.50767054e+00
  3.61503399e+00  2.61476019e+00  1.36559963e+00  2.22746844e+00
  6.39587187e-01  2.91660174e+00  3.30972964e-01  2.05827147e+00
  2.48232095e+00  1.34238408e+00  4.10411219e+00  1.50093269e+00
  1.49356732e+00  1.52028150e+00  3.01629260e+00  2.82736407e+00
  4.84296297e-01  2.46909797e+00  2.88137532e-01  2.88106406e+00
  2.64751740e+00  1.75803305e+00  5.54155627e-01  2.97121263e+00
 -4.06871116e-01  3.64355810e+00  1.48084611e+00  1.13185674e+00
  1.93728475e+00  1.34179186e+00  9.04189337e-04  1.31349947e+00
  2.23968169e+00  1.53033706e+00  6.06883754e-01  4.44545796e-01
  2.38706846e+00  2.96673997e+00  1.16665140e+00  2.71611340e+00
  2.56251695e+00  7.18360456e-01  2.53944016e+00  6.44342085e-01
  1.29973596e+00  8.10697115e-01  8.91811625e-01  1.67777847e+00
  2.69791088e-01  1.19222612e+00  5.29558375e-01  8.48761746e-01
  3.52311542e+00  3.97270581e+00  2.97652619e+00  2.07314506e+00
  6.02218294e-01  1.04767783e+00  1.60744234e+00  1.47524011e+00]
Device (GPU) time: 0.8766 seconds
Iters. done: 437 [Current cost: -23.104221908188894]
Current parameters: [ 1.20081496e+00  5.49998900e-01  1.81389014e+00  2.50699887e+00
  3.61516432e+00  2.61486163e+00  1.36555529e+00  2.22720957e+00
  6.39417479e-01  2.91643959e+00  3.31049417e-01  2.05832592e+00
  2.48224649e+00  1.34219744e+00  4.10415054e+00  1.50083162e+00
  1.49350724e+00  1.51981294e+00  3.01654771e+00  2.82773355e+00
  4.83946302e-01  2.46910975e+00  2.88191235e-01  2.88111989e+00
  2.64754261e+00  1.75851531e+00  5.54330454e-01  2.97138603e+00
 -4.07301008e-01  3.64335058e+00  1.48084385e+00  1.13178074e+00
  1.93736616e+00  1.34183237e+00  8.00389892e-04  1.31340073e+00
  2.23959473e+00  1.53031676e+00  6.07335844e-01  4.44763611e-01
  2.38767897e+00  2.96661252e+00  1.16661815e+00  2.71666964e+00
  2.56233682e+00  7.18938229e-01  2.53963211e+00  6.44513419e-01
  1.29994374e+00  8.10155589e-01  8.91777521e-01  1.67712966e+00
  2.69772875e-01  1.19197382e+00  5.29496698e-01  8.48836102e-01
  3.52293857e+00  3.97260123e+00  2.97713292e+00  2.07358131e+00
  6.02117047e-01  1.04777366e+00  1.60758075e+00  1.47499476e+00]
Device (GPU) time: 0.7875 seconds
Iters. done: 438 [Current cost: -23.21201061535066]
Current parameters: [ 1.20075963e+00  5.49345006e-01  1.81401828e+00  2.50697204e+00
  3.61518748e+00  2.61524348e+00  1.36624953e+00  2.22771394e+00
  6.40003727e-01  2.91660378e+00  3.30768129e-01  2.05848219e+00
  2.48255301e+00  1.34242791e+00  4.10412792e+00  1.50034534e+00
  1.49329106e+00  1.51943436e+00  3.01661824e+00  2.82722639e+00
  4.83759424e-01  2.46924335e+00  2.88231556e-01  2.88108868e+00
  2.64758274e+00  1.75835966e+00  5.54263797e-01  2.97121953e+00
 -4.06905338e-01  3.64334093e+00  1.48052712e+00  1.13185815e+00
  1.93776881e+00  1.34137402e+00  8.85596741e-04  1.31328693e+00
  2.23949850e+00  1.53033238e+00  6.07404968e-01  4.44802511e-01
  2.38793375e+00  2.96652416e+00  1.16656060e+00  2.71601528e+00
  2.56235482e+00  7.19132037e-01  2.53968364e+00  6.44386681e-01
  1.29985785e+00  8.10014816e-01  8.91761408e-01  1.67763391e+00
  2.69941485e-01  1.19195966e+00  5.29552183e-01  8.48839011e-01
  3.52304595e+00  3.97259481e+00  2.97712616e+00  2.07291872e+00
  6.02546766e-01  1.04768927e+00  1.60770364e+00  1.47494624e+00]
Device (GPU) time: 0.8886 seconds
Iters. done: 439 [Current cost: -23.343485717954277]
Current parameters: [ 1.20042454e+00  5.49717852e-01  1.81386263e+00  2.50727098e+00
  3.61516678e+00  2.61478952e+00  1.36526458e+00  2.22732109e+00
  6.39434030e-01  2.91647136e+00  3.31026152e-01  2.05833686e+00
  2.48258568e+00  1.34249002e+00  4.10427225e+00  1.50083084e+00
  1.49328741e+00  1.51996378e+00  3.01648180e+00  2.82751790e+00
  4.83798491e-01  2.46932373e+00  2.88088344e-01  2.88090849e+00
  2.64730844e+00  1.75857579e+00  5.54093368e-01  2.97144864e+00
 -4.07234056e-01  3.64312172e+00  1.48090716e+00  1.13187408e+00
  1.93706058e+00  1.34175947e+00  6.49690889e-04  1.31335466e+00
  2.23946290e+00  1.53006163e+00  6.07371463e-01  4.44833781e-01
  2.38780046e+00  2.96662628e+00  1.16655689e+00  2.71623433e+00
  2.56227110e+00  7.18757778e-01  2.53946574e+00  6.44446424e-01
  1.29992174e+00  8.10097419e-01  8.91785614e-01  1.67733248e+00
  2.69919473e-01  1.19202939e+00  5.29412989e-01  8.48656426e-01
  3.52291227e+00  3.97242378e+00  2.97709772e+00  2.07320874e+00
  6.02353828e-01  1.04768340e+00  1.60758690e+00  1.47511167e+00]
Device (GPU) time: 0.7614 seconds
Iters. done: 440 [Current cost: -23.325956447353555]
Current parameters: [ 1.20034980e+00  5.49802491e-01  1.81390712e+00  2.50718884e+00
  3.61543381e+00  2.61496249e+00  1.36524080e+00  2.22710657e+00
  6.39573694e-01  2.91595580e+00  3.31531135e-01  2.05830927e+00
  2.48248443e+00  1.34272446e+00  4.10436638e+00  1.50107810e+00
  1.49341736e+00  1.51976710e+00  3.01674311e+00  2.82711359e+00
  4.83687818e-01  2.46923749e+00  2.87971966e-01  2.88146408e+00
  2.64809107e+00  1.75882600e+00  5.54463363e-01  2.97163160e+00
 -4.07308212e-01  3.64393153e+00  1.48104695e+00  1.13164649e+00
  1.93777329e+00  1.34215530e+00  7.44940416e-04  1.31306208e+00
  2.23929678e+00  1.53062751e+00  6.07004658e-01  4.44670259e-01
  2.38770883e+00  2.96688198e+00  1.16664032e+00  2.71620497e+00
  2.56222107e+00  7.18654446e-01  2.53932571e+00  6.44530468e-01
  1.29990218e+00  8.10097173e-01  8.91792885e-01  1.67759425e+00
  2.69645132e-01  1.19197017e+00  5.29538053e-01  8.48843505e-01
  3.52299209e+00  3.97214561e+00  2.97715032e+00  2.07310318e+00
  6.02393958e-01  1.04757024e+00  1.60770902e+00  1.47469392e+00]
Device (GPU) time: 0.9451 seconds
Iters. done: 441 [Current cost: -23.32421646525225]
Current parameters: [ 1.20093332e+00  5.49879761e-01  1.81369655e+00  2.50718739e+00
  3.61506002e+00  2.61477817e+00  1.36566060e+00  2.22730339e+00
  6.39473487e-01  2.91645145e+00  3.30999279e-01  2.05834012e+00
  2.48225052e+00  1.34242236e+00  4.10432123e+00  1.50093714e+00
  1.49358584e+00  1.51964603e+00  3.01649633e+00  2.82731911e+00
  4.84020131e-01  2.46941289e+00  2.88070058e-01  2.88091432e+00
  2.64754269e+00  1.75874465e+00  5.54155065e-01  2.97145503e+00
 -4.07273034e-01  3.64332487e+00  1.48086642e+00  1.13191473e+00
  1.93737512e+00  1.34191446e+00  6.52606208e-04  1.31343583e+00
  2.23940657e+00  1.53015743e+00  6.07513101e-01  4.44626767e-01
  2.38750090e+00  2.96694212e+00  1.16658022e+00  2.71627188e+00
  2.56256534e+00  7.18808520e-01  2.53956275e+00  6.44781451e-01
  1.30002699e+00  8.10042127e-01  8.91738943e-01  1.67750566e+00
  2.69947799e-01  1.19228514e+00  5.29405195e-01  8.48908481e-01
  3.52288573e+00  3.97232104e+00  2.97724593e+00  2.07337716e+00
  6.02487303e-01  1.04764421e+00  1.60756748e+00  1.47513860e+00]
Device (GPU) time: 0.7907 seconds
Iters. done: 442 [Current cost: -23.309497157001857]
Current parameters: [ 1.20087253e+00  5.50017522e-01  1.81434251e+00  2.50723235e+00
  3.61564612e+00  2.61455134e+00  1.36550600e+00  2.22724904e+00
  6.39813791e-01  2.91669001e+00  3.31041266e-01  2.05834827e+00
  2.48232259e+00  1.34253075e+00  4.10406491e+00  1.50092431e+00
  1.49366191e+00  1.51993118e+00  3.01665693e+00  2.82765468e+00
  4.83706459e-01  2.46948817e+00  2.88080354e-01  2.88052627e+00
  2.64749721e+00  1.75841557e+00  5.54463548e-01  2.97154396e+00
 -4.07293733e-01  3.64311558e+00  1.48100687e+00  1.13163499e+00
  1.93735340e+00  1.34196206e+00  1.08286660e-03  1.31344516e+00
  2.23963767e+00  1.53012510e+00  6.06955307e-01  4.45108427e-01
  2.38795869e+00  2.96760150e+00  1.16661363e+00  2.71629808e+00
  2.56276480e+00  7.19084289e-01  2.53993230e+00  6.44954302e-01
  1.29973096e+00  8.10132234e-01  8.92071413e-01  1.67749813e+00
  2.69908827e-01  1.19163320e+00  5.29505766e-01  8.48526620e-01
  3.52305006e+00  3.97225718e+00  2.97684852e+00  2.07320918e+00
  6.02403033e-01  1.04761995e+00  1.60800788e+00  1.47502199e+00]
Device (GPU) time: 0.8703 seconds
Iters. done: 443 [Current cost: -23.30304419564779]
Current parameters: [ 1.20082873e+00  5.49870271e-01  1.81381843e+00  2.50737944e+00
  3.61502181e+00  2.61463196e+00  1.36560926e+00  2.22744379e+00
  6.39680920e-01  2.91657237e+00  3.31135357e-01  2.05843134e+00
  2.48229173e+00  1.34242211e+00  4.10428904e+00  1.50080208e+00
  1.49352271e+00  1.51974238e+00  3.01647900e+00  2.82757984e+00
  4.83712424e-01  2.46934814e+00  2.88166271e-01  2.88110414e+00
  2.64746105e+00  1.75852439e+00  5.54254155e-01  2.97150041e+00
 -4.07424171e-01  3.64335636e+00  1.48075584e+00  1.13176568e+00
  1.93724751e+00  1.34191287e+00  8.33818765e-04  1.31334116e+00
  2.23960697e+00  1.53038833e+00  6.07303448e-01  4.44816443e-01
  2.38769519e+00  2.96690993e+00  1.16660178e+00  2.71626124e+00
  2.56247371e+00  7.18588933e-01  2.53959193e+00  6.44236985e-01
  1.29961144e+00  8.09762328e-01  8.91772553e-01  1.67718677e+00
  2.69775016e-01  1.19216469e+00  5.29461764e-01  8.48811668e-01
  3.52298407e+00  3.97225168e+00  2.97706147e+00  2.07328542e+00
  6.02421244e-01  1.04801260e+00  1.60739138e+00  1.47485683e+00]
Device (GPU) time: 0.7742 seconds
Iters. done: 444 [Current cost: -23.22491899214707]
Current parameters: [ 1.20088983e+00  5.50098083e-01  1.81352377e+00  2.50753415e+00
  3.61501567e+00  2.61493220e+00  1.36541871e+00  2.22746001e+00
  6.39613404e-01  2.91622422e+00  3.30632915e-01  2.05834808e+00
  2.48203934e+00  1.34200314e+00  4.10432811e+00  1.50107319e+00
  1.49319012e+00  1.51980789e+00  3.01654094e+00  2.82757228e+00
  4.83222678e-01  2.46916097e+00  2.88073867e-01  2.88090691e+00
  2.64761825e+00  1.75846536e+00  5.54388507e-01  2.97139225e+00
 -4.07821684e-01  3.64315427e+00  1.48061505e+00  1.13171942e+00
  1.93728362e+00  1.34204845e+00  7.23467658e-04  1.31357025e+00
  2.23952667e+00  1.53019487e+00  6.07452498e-01  4.44623884e-01
  2.38786527e+00  2.96716257e+00  1.16659810e+00  2.71615695e+00
  2.56206421e+00  7.19484779e-01  2.53928525e+00  6.44326253e-01
  1.29979938e+00  8.10411306e-01  8.91521968e-01  1.67774758e+00
  2.69714105e-01  1.19175926e+00  5.29525830e-01  8.48932546e-01
  3.52305500e+00  3.97240745e+00  2.97707827e+00  2.07301480e+00
  6.02349941e-01  1.04721709e+00  1.60698175e+00  1.47495556e+00]
Device (GPU) time: 0.8815 seconds
Iters. done: 445 [Current cost: -23.279197662460632]
Current parameters: [ 1.20079643e+00  5.49755385e-01  1.81385003e+00  2.50720936e+00
  3.61512998e+00  2.61466995e+00  1.36544358e+00  2.22728370e+00
  6.39580452e-01  2.91662045e+00  3.30914611e-01  2.05832640e+00
  2.48227267e+00  1.34227798e+00  4.10429088e+00  1.50076875e+00
  1.49333447e+00  1.51984284e+00  3.01622508e+00  2.82744245e+00
  4.83805441e-01  2.46934368e+00  2.88181382e-01  2.88103041e+00
  2.64748823e+00  1.75850197e+00  5.54452191e-01  2.97139255e+00
 -4.07358111e-01  3.64332902e+00  1.48078076e+00  1.13194704e+00
  1.93759967e+00  1.34218982e+00  6.76858309e-04  1.31322947e+00
  2.23937648e+00  1.53024540e+00  6.07181050e-01  4.44541621e-01
  2.38769019e+00  2.96656407e+00  1.16669332e+00  2.71625909e+00
  2.56255165e+00  7.18816398e-01  2.53969470e+00  6.44721298e-01
  1.29985344e+00  8.10061374e-01  8.91577297e-01  1.67723521e+00
  2.69724234e-01  1.19190529e+00  5.29390225e-01  8.48373025e-01
  3.52291361e+00  3.97236957e+00  2.97700315e+00  2.07321560e+00
  6.02417978e-01  1.04767772e+00  1.60739473e+00  1.47505835e+00]
Device (GPU) time: 0.7662 seconds
Iters. done: 446 [Current cost: -23.147370575651575]
Current parameters: [ 1.20085669e+00  5.49940142e-01  1.81397593e+00  2.50722523e+00
  3.61517308e+00  2.61450570e+00  1.36560317e+00  2.22732665e+00
  6.39594175e-01  2.91677437e+00  3.31160566e-01  2.05831703e+00
  2.48237823e+00  1.34251896e+00  4.10402563e+00  1.50095981e+00
  1.49329492e+00  1.51981332e+00  3.01647053e+00  2.82780464e+00
  4.84014923e-01  2.46955807e+00  2.88144986e-01  2.88121485e+00
  2.64735854e+00  1.75857801e+00  5.53829459e-01  2.97155263e+00
 -4.07205997e-01  3.64305222e+00  1.48101301e+00  1.13207964e+00
  1.93797853e+00  1.34229313e+00  5.89508491e-04  1.31323464e+00
  2.24001690e+00  1.53057040e+00  6.07439038e-01  4.44713902e-01
  2.38774984e+00  2.96710733e+00  1.16665798e+00  2.71629198e+00
  2.56172246e+00  7.19153221e-01  2.53969610e+00  6.43923984e-01
  1.30031916e+00  8.10298817e-01  8.91515734e-01  1.67746727e+00
  2.69846126e-01  1.19254593e+00  5.29757572e-01  8.48305112e-01
  3.52300407e+00  3.97219283e+00  2.97713339e+00  2.07331275e+00
  6.02488217e-01  1.04757116e+00  1.60776866e+00  1.47510381e+00]
Device (GPU) time: 0.8877 seconds
Iters. done: 447 [Current cost: -23.22976860318469]
Current parameters: [ 1.20062238e+00  5.49819687e-01  1.81394934e+00  2.50723113e+00
  3.61519479e+00  2.61460642e+00  1.36559007e+00  2.22721807e+00
  6.39735659e-01  2.91646106e+00  3.30940152e-01  2.05828017e+00
  2.48236786e+00  1.34253350e+00  4.10421029e+00  1.50068826e+00
  1.49360717e+00  1.51981024e+00  3.01640371e+00  2.82752166e+00
  4.84137392e-01  2.46931127e+00  2.87830331e-01  2.88091577e+00
  2.64757992e+00  1.75858184e+00  5.54482853e-01  2.97141484e+00
 -4.07557834e-01  3.64338678e+00  1.48084386e+00  1.13171066e+00
  1.93731000e+00  1.34194470e+00  8.28151252e-04  1.31344926e+00
  2.23932519e+00  1.53021181e+00  6.07244094e-01  4.44833725e-01
  2.38759972e+00  2.96669994e+00  1.16670372e+00  2.71629697e+00
  2.56204160e+00  7.18959470e-01  2.53986881e+00  6.44424953e-01
  1.29996847e+00  8.10081617e-01  8.91857311e-01  1.67737127e+00
  2.69901467e-01  1.19219932e+00  5.29508498e-01  8.48760198e-01
  3.52305678e+00  3.97242945e+00  2.97710023e+00  2.07323328e+00
  6.02442113e-01  1.04768107e+00  1.60718000e+00  1.47507832e+00]
Device (GPU) time: 0.8262 seconds
Iters. done: 448 [Current cost: -23.13926702751603]
Current parameters: [ 1.20045794e+00  5.49622807e-01  1.81379685e+00  2.50722153e+00
  3.61514165e+00  2.61449059e+00  1.36562627e+00  2.22735780e+00
  6.39885860e-01  2.91648601e+00  3.30981310e-01  2.05827528e+00
  2.48230754e+00  1.34258643e+00  4.10411733e+00  1.50064454e+00
  1.49344263e+00  1.52001535e+00  3.01657772e+00  2.82744491e+00
  4.84277498e-01  2.46934986e+00  2.87780527e-01  2.88149369e+00
  2.64764021e+00  1.75842410e+00  5.53670896e-01  2.97143766e+00
 -4.07789694e-01  3.64348198e+00  1.48102483e+00  1.13187865e+00
  1.93734794e+00  1.34195625e+00  6.40566742e-04  1.31352411e+00
  2.24026793e+00  1.53056431e+00  6.07501039e-01  4.44820282e-01
  2.38794110e+00  2.96670103e+00  1.16657442e+00  2.71629043e+00
  2.56304819e+00  7.19210572e-01  2.53914748e+00  6.44892682e-01
  1.30014355e+00  8.10049046e-01  8.91990156e-01  1.67731414e+00
  2.69958566e-01  1.19174065e+00  5.29459776e-01  8.48691397e-01
  3.52293189e+00  3.97234635e+00  2.97702786e+00  2.07313469e+00
  6.02133250e-01  1.04768459e+00  1.60700486e+00  1.47506490e+00]
Device (GPU) time: 0.8783 seconds
Iters. done: 449 [Current cost: -23.235759529077264]
Current parameters: [ 1.20076055e+00  5.49737329e-01  1.81387150e+00  2.50709394e+00
  3.61525011e+00  2.61456862e+00  1.36583611e+00  2.22727088e+00
  6.39348227e-01  2.91659353e+00  3.31206714e-01  2.05836282e+00
  2.48243411e+00  1.34230070e+00  4.10427472e+00  1.50100372e+00
  1.49358214e+00  1.51991707e+00  3.01635930e+00  2.82733920e+00
  4.83995044e-01  2.46934666e+00  2.88236736e-01  2.88084282e+00
  2.64779195e+00  1.75847564e+00  5.54103042e-01  2.97136531e+00
 -4.07465868e-01  3.64317179e+00  1.48082145e+00  1.13191783e+00
  1.93728568e+00  1.34195177e+00  6.99463471e-04  1.31344427e+00
  2.23946379e+00  1.53055503e+00  6.07157665e-01  4.44723006e-01
  2.38785964e+00  2.96674335e+00  1.16643289e+00  2.71617530e+00
  2.56220433e+00  7.18841068e-01  2.53950890e+00  6.44444813e-01
  1.29978297e+00  8.09978698e-01  8.91729805e-01  1.67735351e+00
  2.69806508e-01  1.19185738e+00  5.29366218e-01  8.48791404e-01
  3.52311567e+00  3.97246840e+00  2.97702199e+00  2.07342448e+00
  6.02455124e-01  1.04751134e+00  1.60741042e+00  1.47509163e+00]
Device (GPU) time: 0.7685 seconds
Iters. done: 450 [Current cost: -23.282794010525414]
Current parameters: [ 1.20081851e+00  5.49857749e-01  1.81388401e+00  2.50718629e+00
  3.61528024e+00  2.61455914e+00  1.36592280e+00  2.22745923e+00
  6.39559004e-01  2.91615732e+00  3.31196789e-01  2.05895753e+00
  2.48221642e+00  1.34211506e+00  4.10436650e+00  1.50107665e+00
  1.49348428e+00  1.51992626e+00  3.01635624e+00  2.82766435e+00
  4.83817538e-01  2.46941120e+00  2.88182681e-01  2.88064401e+00
  2.64696862e+00  1.75839367e+00  5.54150014e-01  2.97139034e+00
 -4.07375452e-01  3.64397939e+00  1.48063020e+00  1.13165371e+00
  1.93715382e+00  1.34197176e+00  9.26547652e-04  1.31347939e+00
  2.23937949e+00  1.53059685e+00  6.07263244e-01  4.44739979e-01
  2.38783282e+00  2.96643773e+00  1.16724791e+00  2.71616860e+00
  2.56223928e+00  7.19005704e-01  2.53917750e+00  6.44541541e-01
  1.30020148e+00  8.09990573e-01  8.92270822e-01  1.67747924e+00
  2.70092663e-01  1.19217573e+00  5.29500080e-01  8.48356240e-01
  3.52249465e+00  3.97217316e+00  2.97701098e+00  2.07340216e+00
  6.02461586e-01  1.04739446e+00  1.60764496e+00  1.47484029e+00]
Device (GPU) time: 0.8655 seconds
Iters. done: 451 [Current cost: -23.25917854972042]
Current parameters: [ 1.20093270e+00  5.49716377e-01  1.81395943e+00  2.50716287e+00
  3.61517998e+00  2.61461623e+00  1.36547085e+00  2.22721917e+00
  6.39451497e-01  2.91648869e+00  3.30844735e-01  2.05838863e+00
  2.48223511e+00  1.34235753e+00  4.10425913e+00  1.50096451e+00
  1.49350423e+00  1.51995847e+00  3.01638178e+00  2.82734921e+00
  4.83714709e-01  2.46917893e+00  2.88009040e-01  2.88101773e+00
  2.64756111e+00  1.75834658e+00  5.54171141e-01  2.97152605e+00
 -4.07321720e-01  3.64338481e+00  1.48095509e+00  1.13194624e+00
  1.93729383e+00  1.34194356e+00  1.11519046e-03  1.31341737e+00
  2.23958937e+00  1.53032206e+00  6.07244889e-01  4.44660519e-01
  2.38810631e+00  2.96662906e+00  1.16652486e+00  2.71626884e+00
  2.56232955e+00  7.18728964e-01  2.53972247e+00  6.44628964e-01
  1.30012179e+00  8.10094275e-01  8.91646867e-01  1.67737569e+00
  2.69923841e-01  1.19232171e+00  5.29653933e-01  8.48938751e-01
  3.52297031e+00  3.97233266e+00  2.97706520e+00  2.07314117e+00
  6.02338480e-01  1.04772865e+00  1.60743858e+00  1.47490741e+00]
Device (GPU) time: 0.7676 seconds
Iters. done: 452 [Current cost: -23.262221589891734]
Current parameters: [ 1.20098283e+00  5.49823567e-01  1.81386598e+00  2.50703142e+00
  3.61491151e+00  2.61462606e+00  1.36563992e+00  2.22712448e+00
  6.39929752e-01  2.91653973e+00  3.31193665e-01  2.05852175e+00
  2.48213085e+00  1.34258925e+00  4.10426391e+00  1.50101680e+00
  1.49319927e+00  1.51990265e+00  3.01666197e+00  2.82722834e+00
  4.83724689e-01  2.46943851e+00  2.88012363e-01  2.88121495e+00
  2.64764167e+00  1.75845879e+00  5.54457431e-01  2.97122383e+00
 -4.07209150e-01  3.64348086e+00  1.48081196e+00  1.13230959e+00
  1.93703588e+00  1.34195014e+00  6.33962422e-04  1.31348338e+00
  2.23998247e+00  1.52993984e+00  6.07234196e-01  4.45235449e-01
  2.38791954e+00  2.96662545e+00  1.16675217e+00  2.71640365e+00
  2.56221986e+00  7.18763607e-01  2.53987172e+00  6.44371320e-01
  1.30014150e+00  8.10109254e-01  8.91844920e-01  1.67756852e+00
  2.69260727e-01  1.19217811e+00  5.28364599e-01  8.48883875e-01
  3.52280232e+00  3.97232607e+00  2.97686490e+00  2.07340250e+00
  6.02430769e-01  1.04724656e+00  1.60756401e+00  1.47491866e+00]
Device (GPU) time: 0.9562 seconds
Iters. done: 453 [Current cost: -23.346408042046512]
Current parameters: [ 1.20116688e+00  5.49785127e-01  1.81386240e+00  2.50713638e+00
  3.61510055e+00  2.61459813e+00  1.36543002e+00  2.22730588e+00
  6.39626152e-01  2.91641473e+00  3.30823343e-01  2.05816605e+00
  2.48239515e+00  1.34228897e+00  4.10409301e+00  1.50073882e+00
  1.49350410e+00  1.51976800e+00  3.01645889e+00  2.82735087e+00
  4.84023807e-01  2.46915916e+00  2.87906697e-01  2.88111254e+00
  2.64747869e+00  1.75852793e+00  5.54307843e-01  2.97141206e+00
 -4.07719937e-01  3.64330121e+00  1.48080734e+00  1.13175972e+00
  1.93726603e+00  1.34191354e+00  7.32120045e-04  1.31342755e+00
  2.23958536e+00  1.53033539e+00  6.07302452e-01  4.44752464e-01
  2.38772057e+00  2.96666581e+00  1.16655752e+00  2.71619883e+00
  2.56220341e+00  7.18685672e-01  2.53935581e+00  6.44423646e-01
  1.29991744e+00  8.10026613e-01  8.91831123e-01  1.67741839e+00
  2.69781657e-01  1.19193884e+00  5.29404786e-01  8.48665912e-01
  3.52292952e+00  3.97231749e+00  2.97701630e+00  2.07318730e+00
  6.02443331e-01  1.04762350e+00  1.60799514e+00  1.47502885e+00]
Device (GPU) time: 0.7813 seconds
Iters. done: 454 [Current cost: -23.34696914467059]
Current parameters: [ 1.20094232e+00  5.49728814e-01  1.81389601e+00  2.50719738e+00
  3.61524635e+00  2.61463783e+00  1.36557388e+00  2.22724716e+00
  6.39709377e-01  2.91657472e+00  3.31072811e-01  2.05826214e+00
  2.48216543e+00  1.34236799e+00  4.10417046e+00  1.50091782e+00
  1.49336450e+00  1.51990979e+00  3.01656127e+00  2.82749852e+00
  4.83824893e-01  2.46927865e+00  2.88157623e-01  2.88111914e+00
  2.64756962e+00  1.75843733e+00  5.54164852e-01  2.97145059e+00
 -4.07350855e-01  3.64335785e+00  1.48084432e+00  1.13182203e+00
  1.93729360e+00  1.34193636e+00  6.93996396e-04  1.31341788e+00
  2.23939181e+00  1.53022941e+00  6.07225513e-01  4.44804946e-01
  2.38765067e+00  2.96668970e+00  1.16654157e+00  2.71627601e+00
  2.56229352e+00  7.18831687e-01  2.53953665e+00  6.44496024e-01
  1.29992721e+00  8.10084305e-01  8.91872746e-01  1.67739918e+00
  2.69888342e-01  1.19204283e+00  5.29474058e-01  8.48704274e-01
  3.52292069e+00  3.97234992e+00  2.97720420e+00  2.07324623e+00
  6.02373619e-01  1.04767126e+00  1.60745430e+00  1.47506069e+00]
Device (GPU) time: 0.9023 seconds
Iters. done: 455 [Current cost: -23.24613588520202]
Current parameters: [ 1.20068552e+00  5.49827450e-01  1.81396611e+00  2.50689034e+00
  3.61502824e+00  2.61461311e+00  1.36547768e+00  2.22729451e+00
  6.39613520e-01  2.91663992e+00  3.30844333e-01  2.05820929e+00
  2.48241205e+00  1.34233669e+00  4.10429370e+00  1.50095110e+00
  1.49367699e+00  1.52011962e+00  3.01631742e+00  2.82731206e+00
  4.83493789e-01  2.46937317e+00  2.88339217e-01  2.88105552e+00
  2.64758192e+00  1.75860575e+00  5.54373188e-01  2.97143111e+00
 -4.07429272e-01  3.64342955e+00  1.48086726e+00  1.13176955e+00
  1.93737385e+00  1.34180638e+00  8.82200421e-04  1.31342200e+00
  2.23982745e+00  1.53035410e+00  6.07396111e-01  4.44871669e-01
  2.38734368e+00  2.96668765e+00  1.16649575e+00  2.71621353e+00
  2.56226379e+00  7.18900593e-01  2.53952880e+00  6.44513386e-01
  1.30000581e+00  8.09992567e-01  8.91950389e-01  1.67748290e+00
  2.69827389e-01  1.19205464e+00  5.29476134e-01  8.48676630e-01
  3.52288071e+00  3.97236738e+00  2.97724026e+00  2.07327043e+00
  6.02473107e-01  1.04764259e+00  1.60750838e+00  1.47507680e+00]
Device (GPU) time: 0.7658 seconds
Iters. done: 456 [Current cost: -23.076294627582055]
Current parameters: [ 1.20085384e+00  5.49813439e-01  1.81394073e+00  2.50716412e+00
  3.61514201e+00  2.61473762e+00  1.36555463e+00  2.22730547e+00
  6.39562148e-01  2.91649248e+00  3.30968879e-01  2.05831732e+00
  2.48223789e+00  1.34241781e+00  4.10427334e+00  1.50095327e+00
  1.49340572e+00  1.51976525e+00  3.01652728e+00  2.82743183e+00
  4.83860392e-01  2.46931366e+00  2.88095261e-01  2.88106862e+00
  2.64755128e+00  1.75859538e+00  5.54237405e-01  2.97146499e+00
 -4.07358145e-01  3.64335719e+00  1.48089849e+00  1.13201530e+00
  1.93726815e+00  1.34198407e+00  8.81627602e-04  1.31343877e+00
  2.23962158e+00  1.53033106e+00  6.07389213e-01  4.44707014e-01
  2.38761044e+00  2.96666720e+00  1.16660693e+00  2.71628826e+00
  2.56223397e+00  7.18798885e-01  2.53966791e+00  6.44477523e-01
  1.29982002e+00  8.10085900e-01  8.91931046e-01  1.67740516e+00
  2.69995841e-01  1.19187891e+00  5.29461102e-01  8.48641919e-01
  3.52296687e+00  3.97234950e+00  2.97702053e+00  2.07323734e+00
  6.02384843e-01  1.04765509e+00  1.60746599e+00  1.47500309e+00]
Device (GPU) time: 0.8986 seconds
Iters. done: 457 [Current cost: -23.306413907036198]
Current parameters: [ 1.20086237e+00  5.49721118e-01  1.81390371e+00  2.50711934e+00
  3.61513601e+00  2.61484669e+00  1.36558076e+00  2.22751042e+00
  6.39694975e-01  2.91651753e+00  3.31003865e-01  2.05842554e+00
  2.48224028e+00  1.34235012e+00  4.10410581e+00  1.50071062e+00
  1.49352642e+00  1.51998624e+00  3.01642532e+00  2.82731189e+00
  4.83895420e-01  2.46927761e+00  2.88280432e-01  2.88109168e+00
  2.64756366e+00  1.75879819e+00  5.54285393e-01  2.97165324e+00
 -4.07160346e-01  3.64337359e+00  1.48095735e+00  1.13167345e+00
  1.93704573e+00  1.34246774e+00  7.24759511e-04  1.31370067e+00
  2.23960386e+00  1.53031734e+00  6.07311247e-01  4.44815235e-01
  2.38778779e+00  2.96670114e+00  1.16661716e+00  2.71625356e+00
  2.56220959e+00  7.18936472e-01  2.53950695e+00  6.44565530e-01
  1.29982360e+00  8.10088587e-01  8.91768191e-01  1.67735116e+00
  2.69808648e-01  1.19212209e+00  5.29443973e-01  8.48732377e-01
  3.52300175e+00  3.97253401e+00  2.97706147e+00  2.07317194e+00
  6.02349956e-01  1.04771569e+00  1.60757956e+00  1.47509368e+00]
Device (GPU) time: 0.7949 seconds
Iters. done: 458 [Current cost: -23.321435495683332]
Current parameters: [ 1.20082012e+00  5.49903157e-01  1.81393726e+00  2.50718045e+00
  3.61514339e+00  2.61470593e+00  1.36548937e+00  2.22728904e+00
  6.39600886e-01  2.91654082e+00  3.30929934e-01  2.05833987e+00
  2.48228223e+00  1.34238457e+00  4.10420274e+00  1.50083488e+00
  1.49344233e+00  1.51979776e+00  3.01638440e+00  2.82746424e+00
  4.83831344e-01  2.46939316e+00  2.88151300e-01  2.88112553e+00
  2.64749689e+00  1.75861117e+00  5.54166916e-01  2.97122635e+00
 -4.07329647e-01  3.64328973e+00  1.48086845e+00  1.13181848e+00
  1.93733396e+00  1.34207638e+00  8.11473582e-04  1.31334899e+00
  2.23953627e+00  1.53029918e+00  6.07152658e-01  4.44706231e-01
  2.38772838e+00  2.96669617e+00  1.16656691e+00  2.71627821e+00
  2.56227118e+00  7.18879165e-01  2.53954625e+00  6.44494853e-01
  1.29995297e+00  8.09983713e-01  8.92012062e-01  1.67743262e+00
  2.69840382e-01  1.19200674e+00  5.29439339e-01  8.48900883e-01
  3.52289501e+00  3.97237180e+00  2.97706104e+00  2.07324841e+00
  6.02394194e-01  1.04767413e+00  1.60748951e+00  1.47507375e+00]
Device (GPU) time: 0.8720 seconds
Iters. done: 459 [Current cost: -23.340534650457638]
Current parameters: [ 1.20091682e+00  5.49681024e-01  1.81391061e+00  2.50727752e+00
  3.61528543e+00  2.61471161e+00  1.36543558e+00  2.22719177e+00
  6.39665150e-01  2.91669329e+00  3.31241014e-01  2.05817504e+00
  2.48222301e+00  1.34243626e+00  4.10419938e+00  1.50098730e+00
  1.49349237e+00  1.51956150e+00  3.01623711e+00  2.82750891e+00
  4.83905558e-01  2.46922863e+00  2.88120736e-01  2.88081234e+00
  2.64751287e+00  1.75851101e+00  5.54630924e-01  2.97132443e+00
 -4.07157293e-01  3.64339121e+00  1.48088510e+00  1.13174758e+00
  1.93725861e+00  1.34196548e+00  6.05765783e-04  1.31336335e+00
  2.23986757e+00  1.53033184e+00  6.07524701e-01  4.44586137e-01
  2.38790862e+00  2.96670662e+00  1.16652457e+00  2.71620388e+00
  2.56226607e+00  7.18762512e-01  2.53935917e+00  6.44472924e-01
  1.29996915e+00  8.10099307e-01  8.92035592e-01  1.67744435e+00
  2.69849804e-01  1.19202597e+00  5.29465805e-01  8.48790463e-01
  3.52295325e+00  3.97244220e+00  2.97718181e+00  2.07316891e+00
  6.02305279e-01  1.04765529e+00  1.60740360e+00  1.47504258e+00]
Device (GPU) time: 0.7813 seconds
Iters. done: 460 [Current cost: -23.46336513305844]
Current parameters: [ 1.20077919e+00  5.49846330e-01  1.81385065e+00  2.50716515e+00
  3.61516131e+00  2.61457792e+00  1.36552515e+00  2.22722114e+00
  6.39588443e-01  2.91641155e+00  3.30926132e-01  2.05821199e+00
  2.48231907e+00  1.34249532e+00  4.10420659e+00  1.50089120e+00
  1.49350473e+00  1.51963713e+00  3.01650435e+00  2.82738456e+00
  4.83791012e-01  2.46934841e+00  2.88273364e-01  2.88112167e+00
  2.64749892e+00  1.75838188e+00  5.54293836e-01  2.97146677e+00
 -4.07305072e-01  3.64331320e+00  1.48078521e+00  1.13181476e+00
  1.93731041e+00  1.34201589e+00  7.51988171e-04  1.31352679e+00
  2.23954542e+00  1.53032558e+00  6.07301276e-01  4.44790193e-01
  2.38772593e+00  2.96671218e+00  1.16658973e+00  2.71619480e+00
  2.56229646e+00  7.18863601e-01  2.53954114e+00  6.44523664e-01
  1.29994406e+00  8.10056581e-01  8.91889387e-01  1.67735641e+00
  2.69866187e-01  1.19209701e+00  5.29453134e-01  8.48679592e-01
  3.52294908e+00  3.97245227e+00  2.97699244e+00  2.07331801e+00
  6.02327551e-01  1.04764665e+00  1.60748045e+00  1.47504570e+00]
Device (GPU) time: 0.8806 seconds
Iters. done: 461 [Current cost: -23.125677758256995]
Current parameters: [ 1.20077588e+00  5.49933336e-01  1.81364484e+00  2.50704005e+00
  3.61537282e+00  2.61484227e+00  1.36552058e+00  2.22726973e+00
  6.39469905e-01  2.91683623e+00  3.30873472e-01  2.05818342e+00
  2.48203797e+00  1.34227346e+00  4.10407459e+00  1.50077973e+00
  1.49341605e+00  1.51969469e+00  3.01640431e+00  2.82749340e+00
  4.83832553e-01  2.46925094e+00  2.88011028e-01  2.88102804e+00
  2.64762152e+00  1.75875041e+00  5.54127441e-01  2.97158176e+00
 -4.07268373e-01  3.64348158e+00  1.48099277e+00  1.13175979e+00
  1.93728231e+00  1.34182308e+00  8.15025066e-04  1.31328903e+00
  2.23960222e+00  1.53016063e+00  6.07233675e-01  4.44889236e-01
  2.38775479e+00  2.96670146e+00  1.16662270e+00  2.71601096e+00
  2.56225521e+00  7.18809420e-01  2.53943248e+00  6.44503412e-01
  1.29995415e+00  8.09914852e-01  8.91933970e-01  1.67737091e+00
  2.69800430e-01  1.19212847e+00  5.29451501e-01  8.48607070e-01
  3.52305958e+00  3.97237874e+00  2.97679044e+00  2.07340661e+00
  6.02465085e-01  1.04751995e+00  1.60739950e+00  1.47486074e+00]
Device (GPU) time: 0.8591 seconds
Iters. done: 462 [Current cost: -23.3358145476608]
Current parameters: [ 1.20083431e+00  5.49846164e-01  1.81394057e+00  2.50713009e+00
  3.61518251e+00  2.61474543e+00  1.36551564e+00  2.22729410e+00
  6.39624566e-01  2.91643294e+00  3.31003821e-01  2.05835069e+00
  2.48218433e+00  1.34237443e+00  4.10419461e+00  1.50087026e+00
  1.49345454e+00  1.51982181e+00  3.01636786e+00  2.82744637e+00
  4.83853134e-01  2.46933941e+00  2.88096312e-01  2.88106223e+00
  2.64768063e+00  1.75858378e+00  5.54264147e-01  2.97150414e+00
 -4.07315890e-01  3.64311944e+00  1.48082255e+00  1.13174674e+00
  1.93739711e+00  1.34187725e+00  8.24411003e-04  1.31350444e+00
  2.23959443e+00  1.53033288e+00  6.07300070e-01  4.44803413e-01
  2.38776452e+00  2.96668832e+00  1.16669120e+00  2.71625378e+00
  2.56231145e+00  7.18699279e-01  2.53950600e+00  6.44476935e-01
  1.29992947e+00  8.10098838e-01  8.91897329e-01  1.67743579e+00
  2.69817793e-01  1.19205277e+00  5.29433621e-01  8.48650908e-01
  3.52280415e+00  3.97235818e+00  2.97707369e+00  2.07328115e+00
  6.02405838e-01  1.04767924e+00  1.60740265e+00  1.47512324e+00]
Device (GPU) time: 0.7757 seconds
Iters. done: 463 [Current cost: -23.401849175539603]
Current parameters: [ 1.20089687e+00  5.49665353e-01  1.81391039e+00  2.50721770e+00
  3.61498190e+00  2.61463630e+00  1.36538351e+00  2.22733151e+00
  6.39570123e-01  2.91668421e+00  3.30956160e-01  2.05848435e+00
  2.48236427e+00  1.34226121e+00  4.10432189e+00  1.50083211e+00
  1.49359318e+00  1.51975006e+00  3.01669132e+00  2.82762948e+00
  4.83854861e-01  2.46932866e+00  2.88159566e-01  2.88103132e+00
  2.64806750e+00  1.75848158e+00  5.54282009e-01  2.97121075e+00
 -4.07186764e-01  3.64321075e+00  1.48081550e+00  1.13176119e+00
  1.93714017e+00  1.34200386e+00  7.41532419e-04  1.31330618e+00
  2.23953208e+00  1.53031013e+00  6.07391733e-01  4.44793476e-01
  2.38760442e+00  2.96676804e+00  1.16679453e+00  2.71632135e+00
  2.56222230e+00  7.18815564e-01  2.53941449e+00  6.44602432e-01
  1.30017637e+00  8.09989905e-01  8.91878644e-01  1.67729670e+00
  2.69926607e-01  1.19207104e+00  5.29505728e-01  8.48638791e-01
  3.52299060e+00  3.97229886e+00  2.97685550e+00  2.07307692e+00
  6.02357377e-01  1.04761936e+00  1.60750724e+00  1.47495549e+00]
Device (GPU) time: 0.8721 seconds
Iters. done: 464 [Current cost: -23.30421299073972]
Current parameters: [ 1.20085744e+00  5.49830484e-01  1.81387788e+00  2.50716686e+00
  3.61517746e+00  2.61464794e+00  1.36554789e+00  2.22732907e+00
  6.39628212e-01  2.91659130e+00  3.30973804e-01  2.05838405e+00
  2.48231425e+00  1.34242375e+00  4.10428050e+00  1.50088471e+00
  1.49346689e+00  1.51979168e+00  3.01645544e+00  2.82743686e+00
  4.83838077e-01  2.46932738e+00  2.88108748e-01  2.88108235e+00
  2.64757572e+00  1.75848384e+00  5.54292479e-01  2.97154886e+00
 -4.07312061e-01  3.64333978e+00  1.48087085e+00  1.13168951e+00
  1.93731614e+00  1.34196095e+00  8.58908845e-04  1.31332391e+00
  2.23959651e+00  1.53022675e+00  6.07268808e-01  4.44665946e-01
  2.38770835e+00  2.96667922e+00  1.16655599e+00  2.71628681e+00
  2.56220967e+00  7.18908359e-01  2.53943414e+00  6.44512791e-01
  1.29998958e+00  8.10120918e-01  8.91796925e-01  1.67744612e+00
  2.69969554e-01  1.19197606e+00  5.29257422e-01  8.48722843e-01
  3.52299590e+00  3.97231537e+00  2.97701974e+00  2.07338225e+00
  6.02398789e-01  1.04781803e+00  1.60746687e+00  1.47509110e+00]
Device (GPU) time: 0.7692 seconds
Iters. done: 465 [Current cost: -23.137065065750566]
Current parameters: [ 1.20095418e+00  5.49869878e-01  1.81387586e+00  2.50716936e+00
  3.61527004e+00  2.61478877e+00  1.36551557e+00  2.22723376e+00
  6.39626447e-01  2.91650951e+00  3.31005023e-01  2.05832950e+00
  2.48227230e+00  1.34238261e+00  4.10427358e+00  1.50091624e+00
  1.49352914e+00  1.51969973e+00  3.01639645e+00  2.82725962e+00
  4.83816942e-01  2.46935866e+00  2.88090706e-01  2.88097243e+00
  2.64755498e+00  1.75853557e+00  5.54150908e-01  2.97136632e+00
 -4.07311401e-01  3.64339484e+00  1.48086934e+00  1.13195461e+00
  1.93705493e+00  1.34190015e+00  5.93444350e-04  1.31328253e+00
  2.23957587e+00  1.53040844e+00  6.07342685e-01  4.44976805e-01
  2.38771345e+00  2.96666484e+00  1.16672783e+00  2.71622287e+00
  2.56218160e+00  7.18964673e-01  2.53959845e+00  6.44591452e-01
  1.30004123e+00  8.10172073e-01  8.91778877e-01  1.67753637e+00
  2.69468765e-01  1.19184692e+00  5.29754423e-01  8.48688601e-01
  3.52287953e+00  3.97225939e+00  2.97696000e+00  2.07332847e+00
  6.02447045e-01  1.04813023e+00  1.60742680e+00  1.47517530e+00]
Device (GPU) time: 0.9106 seconds
Iters. done: 466 [Current cost: -23.29315023859401]
Current parameters: [ 1.20088282e+00  5.49867707e-01  1.81397066e+00  2.50714281e+00
  3.61511833e+00  2.61473580e+00  1.36541785e+00  2.22735623e+00
  6.39790890e-01  2.91662907e+00  3.30998435e-01  2.05827673e+00
  2.48225034e+00  1.34251785e+00  4.10431450e+00  1.50083189e+00
  1.49351026e+00  1.51981146e+00  3.01644429e+00  2.82745280e+00
  4.83755729e-01  2.46929901e+00  2.88084704e-01  2.88095546e+00
  2.64755457e+00  1.75853648e+00  5.54149926e-01  2.97144327e+00
 -4.07345386e-01  3.64338840e+00  1.48088165e+00  1.13180945e+00
  1.93730700e+00  1.34193483e+00  7.65104114e-04  1.31339613e+00
  2.23945085e+00  1.53046393e+00  6.07390272e-01  4.44724698e-01
  2.38773072e+00  2.96669977e+00  1.16658748e+00  2.71628749e+00
  2.56227352e+00  7.18810302e-01  2.53952818e+00  6.44514588e-01
  1.29994451e+00  8.10078668e-01  8.91811110e-01  1.67735495e+00
  2.69825421e-01  1.19203202e+00  5.29435146e-01  8.48736319e-01
  3.52291739e+00  3.97245061e+00  2.97697566e+00  2.07336998e+00
  6.02336709e-01  1.04755975e+00  1.60748093e+00  1.47508372e+00]
Device (GPU) time: 0.8203 seconds
Iters. done: 467 [Current cost: -23.396978422873985]
Current parameters: [ 1.20082771e+00  5.49969632e-01  1.81417156e+00  2.50707955e+00
  3.61505105e+00  2.61483361e+00  1.36564294e+00  2.22713097e+00
  6.39588804e-01  2.91650526e+00  3.31344361e-01  2.05823960e+00
  2.48224948e+00  1.34229773e+00  4.10402219e+00  1.50089220e+00
  1.49366428e+00  1.51986266e+00  3.01628927e+00  2.82747756e+00
  4.83728209e-01  2.46941822e+00  2.88169192e-01  2.88124953e+00
  2.64758281e+00  1.75852900e+00  5.54176247e-01  2.97137966e+00
 -4.07495782e-01  3.64346456e+00  1.48081884e+00  1.13184176e+00
  1.93727915e+00  1.34191399e+00  7.74389232e-04  1.31340019e+00
  2.23940012e+00  1.53001074e+00  6.07610913e-01  4.44645159e-01
  2.38784846e+00  2.96676360e+00  1.16659240e+00  2.71620723e+00
  2.56229650e+00  7.18877491e-01  2.53949969e+00  6.44465818e-01
  1.29995953e+00  8.10058658e-01  8.91812352e-01  1.67738651e+00
  2.69926256e-01  1.19205505e+00  5.29416620e-01  8.48665549e-01
  3.52295972e+00  3.97241479e+00  2.97673158e+00  2.07305812e+00
  6.02422758e-01  1.04773766e+00  1.60749279e+00  1.47516561e+00]
Device (GPU) time: 0.8987 seconds
Iters. done: 468 [Current cost: -23.352059023528753]
Current parameters: [ 1.20085564e+00  5.49869613e-01  1.81399615e+00  2.50717826e+00
  3.61525012e+00  2.61472178e+00  1.36552449e+00  2.22716835e+00
  6.39614377e-01  2.91655841e+00  3.30954561e-01  2.05829613e+00
  2.48232416e+00  1.34237724e+00  4.10424531e+00  1.50086542e+00
  1.49344431e+00  1.51985453e+00  3.01651656e+00  2.82752706e+00
  4.83820450e-01  2.46935437e+00  2.88081500e-01  2.88108616e+00
  2.64754320e+00  1.75852640e+00  5.54226913e-01  2.97140662e+00
 -4.07316547e-01  3.64335372e+00  1.48073867e+00  1.13183115e+00
  1.93730165e+00  1.34194642e+00  7.38887828e-04  1.31341787e+00
  2.23966230e+00  1.53035158e+00  6.07336185e-01  4.44745397e-01
  2.38770763e+00  2.96667108e+00  1.16667746e+00  2.71627487e+00
  2.56217333e+00  7.18828522e-01  2.53944762e+00  6.44722109e-01
  1.29974117e+00  8.10046187e-01  8.91805220e-01  1.67739890e+00
  2.69833914e-01  1.19215400e+00  5.29419573e-01  8.48745434e-01
  3.52300233e+00  3.97240232e+00  2.97705846e+00  2.07325600e+00
  6.02516789e-01  1.04767849e+00  1.60745784e+00  1.47505224e+00]
Device (GPU) time: 0.8043 seconds
Iters. done: 469 [Current cost: -23.377620591416676]
Current parameters: [ 1.20090070e+00  5.49982236e-01  1.81386645e+00  2.50723170e+00
  3.61487691e+00  2.61457715e+00  1.36534088e+00  2.22727722e+00
  6.39515684e-01  2.91660381e+00  3.31039793e-01  2.05831315e+00
  2.48220612e+00  1.34243626e+00  4.10420186e+00  1.50088489e+00
  1.49356725e+00  1.51980283e+00  3.01642299e+00  2.82747017e+00
  4.83953511e-01  2.46937769e+00  2.88155854e-01  2.88115917e+00
  2.64752763e+00  1.75847021e+00  5.54150790e-01  2.97148589e+00
 -4.07121884e-01  3.64343382e+00  1.48094666e+00  1.13168262e+00
  1.93734164e+00  1.34185158e+00  8.41110146e-04  1.31350364e+00
  2.23947790e+00  1.53029793e+00  6.07414026e-01  4.44816567e-01
  2.38792481e+00  2.96661550e+00  1.16683758e+00  2.71631912e+00
  2.56234030e+00  7.18850089e-01  2.53957229e+00  6.44470912e-01
  1.29993249e+00  8.10047664e-01  8.91891464e-01  1.67746807e+00
  2.69721425e-01  1.19174994e+00  5.29480482e-01  8.48690838e-01
  3.52327282e+00  3.97247542e+00  2.97735979e+00  2.07320274e+00
  6.02786870e-01  1.04756449e+00  1.60749071e+00  1.47500393e+00]
Device (GPU) time: 0.9000 seconds
Iters. done: 470 [Current cost: -23.37273052605286]
Current parameters: [ 1.20079864e+00  5.49860188e-01  1.81392480e+00  2.50721292e+00
  3.61518830e+00  2.61466654e+00  1.36543013e+00  2.22726713e+00
  6.39578731e-01  2.91648378e+00  3.31091277e-01  2.05835484e+00
  2.48212198e+00  1.34230008e+00  4.10437274e+00  1.50063191e+00
  1.49348472e+00  1.51985332e+00  3.01648258e+00  2.82739139e+00
  4.83859526e-01  2.46927347e+00  2.88161587e-01  2.88104993e+00
  2.64755925e+00  1.75853093e+00  5.54273071e-01  2.97141831e+00
 -4.07318398e-01  3.64335531e+00  1.48073525e+00  1.13189146e+00
  1.93730097e+00  1.34193729e+00  7.88446791e-04  1.31342195e+00
  2.23959107e+00  1.53032290e+00  6.07332676e-01  4.44766408e-01
  2.38774111e+00  2.96673138e+00  1.16646155e+00  2.71627843e+00
  2.56227539e+00  7.18868474e-01  2.53954108e+00  6.44506828e-01
  1.29998268e+00  8.10032299e-01  8.91926564e-01  1.67747468e+00
  2.69847357e-01  1.19208278e+00  5.29455182e-01  8.48631932e-01
  3.52307084e+00  3.97234179e+00  2.97704756e+00  2.07330649e+00
  6.02414193e-01  1.04767554e+00  1.60750617e+00  1.47509955e+00]
Device (GPU) time: 0.7835 seconds
Iters. done: 471 [Current cost: -23.074908017881782]
Current parameters: [ 1.20086271e+00  5.49865941e-01  1.81381911e+00  2.50718560e+00
  3.61525452e+00  2.61459085e+00  1.36544873e+00  2.22713821e+00
  6.39504837e-01  2.91683855e+00  3.31150047e-01  2.05813214e+00
  2.48227869e+00  1.34232874e+00  4.10445817e+00  1.50062107e+00
  1.49347742e+00  1.51980599e+00  3.01652329e+00  2.82721235e+00
  4.83913943e-01  2.46928038e+00  2.88250524e-01  2.88107514e+00
  2.64755337e+00  1.75858863e+00  5.54260696e-01  2.97141307e+00
 -4.07330314e-01  3.64340475e+00  1.48089009e+00  1.13184435e+00
  1.93735327e+00  1.34189099e+00  8.65870123e-04  1.31351284e+00
  2.23960206e+00  1.53028294e+00  6.07278781e-01  4.44830198e-01
  2.38778742e+00  2.96677793e+00  1.16697617e+00  2.71629134e+00
  2.56225650e+00  7.18957163e-01  2.53949160e+00  6.44362461e-01
  1.29977778e+00  8.10174948e-01  8.91694357e-01  1.67730299e+00
  2.70038126e-01  1.19195624e+00  5.29458873e-01  8.48936844e-01
  3.52255084e+00  3.97233095e+00  2.97703120e+00  2.07312836e+00
  6.02400104e-01  1.04761995e+00  1.60750395e+00  1.47511473e+00]
Device (GPU) time: 0.8943 seconds
Iters. done: 472 [Current cost: -23.28584589356986]
Current parameters: [ 1.20088040e+00  5.49787986e-01  1.81390236e+00  2.50716499e+00
  3.61515548e+00  2.61468911e+00  1.36555864e+00  2.22721587e+00
  6.39645518e-01  2.91645181e+00  3.31028402e-01  2.05833219e+00
  2.48224398e+00  1.34244945e+00  4.10426158e+00  1.50080011e+00
  1.49364817e+00  1.51982043e+00  3.01659426e+00  2.82744775e+00
  4.83821186e-01  2.46927195e+00  2.88190675e-01  2.88091054e+00
  2.64750717e+00  1.75854891e+00  5.54159054e-01  2.97141415e+00
 -4.07325960e-01  3.64332198e+00  1.48090382e+00  1.13177996e+00
  1.93740583e+00  1.34201128e+00  7.84509802e-04  1.31338678e+00
  2.23968031e+00  1.53010709e+00  6.07276635e-01  4.44714946e-01
  2.38768609e+00  2.96660399e+00  1.16660902e+00  2.71626344e+00
  2.56225037e+00  7.18790364e-01  2.53948255e+00  6.44476596e-01
  1.29990872e+00  8.10044732e-01  8.91806179e-01  1.67737577e+00
  2.69758062e-01  1.19196530e+00  5.29523201e-01  8.48725886e-01
  3.52294784e+00  3.97233389e+00  2.97701566e+00  2.07326114e+00
  6.02412585e-01  1.04760721e+00  1.60741666e+00  1.47503687e+00]
Device (GPU) time: 0.8614 seconds
Iters. done: 473 [Current cost: -23.376793806256426]
Current parameters: [ 1.20086145e+00  5.49760055e-01  1.81382776e+00  2.50724821e+00
  3.61519491e+00  2.61487363e+00  1.36527631e+00  2.22727188e+00
  6.39602494e-01  2.91663423e+00  3.31103104e-01  2.05824866e+00
  2.48225782e+00  1.34210628e+00  4.10403722e+00  1.50108613e+00
  1.49375349e+00  1.51975435e+00  3.01671823e+00  2.82728015e+00
  4.83841181e-01  2.46944573e+00  2.88013469e-01  2.88088805e+00
  2.64734073e+00  1.75862238e+00  5.54132946e-01  2.97142376e+00
 -4.07303732e-01  3.64328845e+00  1.48074799e+00  1.13176445e+00
  1.93751959e+00  1.34192429e+00  8.08329030e-04  1.31350224e+00
  2.23953725e+00  1.53054062e+00  6.07246870e-01  4.44869768e-01
  2.38768892e+00  2.96655981e+00  1.16659320e+00  2.71630885e+00
  2.56228430e+00  7.18898429e-01  2.53960384e+00  6.44486824e-01
  1.29998600e+00  8.10040872e-01  8.91859073e-01  1.67736128e+00
  2.69865840e-01  1.19207075e+00  5.29145837e-01  8.48696458e-01
  3.52302870e+00  3.97238492e+00  2.97701238e+00  2.07299662e+00
  6.02284546e-01  1.04779427e+00  1.60738133e+00  1.47505465e+00]
Device (GPU) time: 0.8874 seconds
Iters. done: 474 [Current cost: -23.308123659572292]
Current parameters: [ 1.20072140e+00  5.49819123e-01  1.81382286e+00  2.50723202e+00
  3.61516583e+00  2.61468351e+00  1.36557806e+00  2.22729506e+00
  6.39642237e-01  2.91657112e+00  3.30997441e-01  2.05831680e+00
  2.48219290e+00  1.34233385e+00  4.10418316e+00  1.50081695e+00
  1.49350039e+00  1.51981098e+00  3.01648626e+00  2.82748427e+00
  4.83823002e-01  2.46933561e+00  2.88177718e-01  2.88107364e+00
  2.64750057e+00  1.75853315e+00  5.54241672e-01  2.97138644e+00
 -4.07355724e-01  3.64341309e+00  1.48083822e+00  1.13181298e+00
  1.93734469e+00  1.34195106e+00  8.05529322e-04  1.31345138e+00
  2.23959612e+00  1.53032411e+00  6.07341098e-01  4.44781274e-01
  2.38773313e+00  2.96681978e+00  1.16661644e+00  2.71621164e+00
  2.56209876e+00  7.18622025e-01  2.53957467e+00  6.44651743e-01
  1.30006917e+00  8.10056132e-01  8.91771104e-01  1.67736427e+00
  2.69856149e-01  1.19187990e+00  5.29413112e-01  8.48752174e-01
  3.52291910e+00  3.97241944e+00  2.97708939e+00  2.07324053e+00
  6.02375254e-01  1.04769448e+00  1.60749264e+00  1.47510355e+00]
Device (GPU) time: 0.7910 seconds
Iters. done: 475 [Current cost: -23.17016849729118]
Current parameters: [ 1.20132251e+00  5.49723406e-01  1.81378242e+00  2.50728870e+00
  3.61519789e+00  2.61486207e+00  1.36553812e+00  2.22729218e+00
  6.39414292e-01  2.91648480e+00  3.31038181e-01  2.05829540e+00
  2.48258712e+00  1.34258964e+00  4.10432954e+00  1.50077184e+00
  1.49353411e+00  1.51988007e+00  3.01633242e+00  2.82754173e+00
  4.83739878e-01  2.46941784e+00  2.88153093e-01  2.88115846e+00
  2.64749835e+00  1.75875390e+00  5.54247773e-01  2.97148083e+00
 -4.07315433e-01  3.64349134e+00  1.48078351e+00  1.13184030e+00
  1.93737204e+00  1.34181495e+00  7.26483434e-04  1.31346505e+00
  2.23961146e+00  1.53028433e+00  6.07117449e-01  4.44920906e-01
  2.38780609e+00  2.96684486e+00  1.16654556e+00  2.71648628e+00
  2.56222610e+00  7.18760162e-01  2.53950497e+00  6.44552354e-01
  1.30005154e+00  8.10032906e-01  8.91928658e-01  1.67738325e+00
  2.69916788e-01  1.19197753e+00  5.29470180e-01  8.48567481e-01
  3.52294787e+00  3.97254131e+00  2.97697571e+00  2.07316665e+00
  6.02363171e-01  1.04756876e+00  1.60724159e+00  1.47510806e+00]
Device (GPU) time: 0.9009 seconds
Iters. done: 476 [Current cost: -23.265271933581996]
Current parameters: [ 1.20080979e+00  5.49758464e-01  1.81388031e+00  2.50718285e+00
  3.61509893e+00  2.61473632e+00  1.36556762e+00  2.22731293e+00
  6.39531645e-01  2.91657970e+00  3.30986616e-01  2.05825538e+00
  2.48212225e+00  1.34248636e+00  4.10443091e+00  1.50097817e+00
  1.49355621e+00  1.51988130e+00  3.01641539e+00  2.82750082e+00
  4.83815060e-01  2.46929891e+00  2.88007512e-01  2.88109537e+00
  2.64755590e+00  1.75855302e+00  5.54246007e-01  2.97137060e+00
 -4.07310557e-01  3.64335601e+00  1.48078621e+00  1.13176463e+00
  1.93739356e+00  1.34193364e+00  6.64293853e-04  1.31354069e+00
  2.23959177e+00  1.53025376e+00  6.07240183e-01  4.44790870e-01
  2.38775109e+00  2.96668762e+00  1.16663781e+00  2.71619762e+00
  2.56224173e+00  7.18902091e-01  2.53955673e+00  6.44515679e-01
  1.29992374e+00  8.10041089e-01  8.91864956e-01  1.67734423e+00
  2.69862954e-01  1.19200983e+00  5.29455773e-01  8.48711475e-01
  3.52298128e+00  3.97237826e+00  2.97700444e+00  2.07323532e+00
  6.02342233e-01  1.04774649e+00  1.60759315e+00  1.47505740e+00]
Device (GPU) time: 0.7676 seconds
Iters. done: 477 [Current cost: -23.296532437941188]
Current parameters: [ 1.20089710e+00  5.49865477e-01  1.81403171e+00  2.50714527e+00
  3.61514626e+00  2.61476477e+00  1.36536036e+00  2.22744810e+00
  6.39713973e-01  2.91657015e+00  3.30995495e-01  2.05828282e+00
  2.48241974e+00  1.34224162e+00  4.10438989e+00  1.50097177e+00
  1.49341142e+00  1.51975166e+00  3.01648492e+00  2.82775978e+00
  4.84105980e-01  2.46948962e+00  2.88422620e-01  2.88104556e+00
  2.64755883e+00  1.75863173e+00  5.54388971e-01  2.97145258e+00
 -4.07436576e-01  3.64347215e+00  1.48100598e+00  1.13192855e+00
  1.93747001e+00  1.34187472e+00  7.73248534e-04  1.31367813e+00
  2.23951428e+00  1.53023669e+00  6.07302631e-01  4.44980627e-01
  2.38781984e+00  2.96651329e+00  1.16650177e+00  2.71607277e+00
  2.56231767e+00  7.18789979e-01  2.53946690e+00  6.44564455e-01
  1.29992210e+00  8.10095700e-01  8.91731895e-01  1.67751109e+00
  2.69813135e-01  1.19204336e+00  5.29512804e-01  8.48894903e-01
  3.52301782e+00  3.97211080e+00  2.97694249e+00  2.07329826e+00
  6.02327787e-01  1.04765645e+00  1.60743225e+00  1.47505524e+00]
Device (GPU) time: 0.9078 seconds
Iters. done: 478 [Current cost: -23.27440658966438]
Current parameters: [ 1.20084694e+00  5.49774711e-01  1.81384004e+00  2.50719219e+00
  3.61515023e+00  2.61474631e+00  1.36548513e+00  2.22719334e+00
  6.39580422e-01  2.91658279e+00  3.31050481e-01  2.05841437e+00
  2.48219730e+00  1.34250081e+00  4.10421629e+00  1.50090744e+00
  1.49348636e+00  1.51981583e+00  3.01645757e+00  2.82746784e+00
  4.83892953e-01  2.46924291e+00  2.88199078e-01  2.88109469e+00
  2.64748462e+00  1.75857101e+00  5.54298557e-01  2.97129410e+00
 -4.07387167e-01  3.64329622e+00  1.48085966e+00  1.13172549e+00
  1.93731309e+00  1.34197893e+00  8.39875825e-04  1.31341322e+00
  2.23955765e+00  1.53037334e+00  6.07354587e-01  4.44914600e-01
  2.38768565e+00  2.96667358e+00  1.16647277e+00  2.71626508e+00
  2.56231386e+00  7.18863937e-01  2.53952901e+00  6.44537954e-01
  1.29994295e+00  8.10131748e-01  8.91751176e-01  1.67742896e+00
  2.69914508e-01  1.19202956e+00  5.29461432e-01  8.48689488e-01
  3.52287139e+00  3.97241925e+00  2.97696042e+00  2.07326094e+00
  6.02567484e-01  1.04767281e+00  1.60746974e+00  1.47496256e+00]
Device (GPU) time: 0.7853 seconds
Iters. done: 479 [Current cost: -23.314530805686964]
Current parameters: [ 1.20089285e+00  5.49905899e-01  1.81403333e+00  2.50727006e+00
  3.61512166e+00  2.61480160e+00  1.36572800e+00  2.22702198e+00
  6.39643423e-01  2.91653557e+00  3.30952503e-01  2.05844132e+00
  2.48227648e+00  1.34226385e+00  4.10440184e+00  1.50092276e+00
  1.49338016e+00  1.51966161e+00  3.01643041e+00  2.82729679e+00
  4.83758167e-01  2.46928150e+00  2.88042284e-01  2.88114519e+00
  2.64743753e+00  1.75857765e+00  5.54289979e-01  2.97125222e+00
 -4.07304351e-01  3.64330976e+00  1.48122419e+00  1.13161697e+00
  1.93725010e+00  1.34192685e+00  8.27335228e-04  1.31336292e+00
  2.23959498e+00  1.53038836e+00  6.07300621e-01  4.44988871e-01
  2.38767981e+00  2.96668184e+00  1.16666210e+00  2.71622967e+00
  2.56234825e+00  7.18779301e-01  2.53946139e+00  6.44468225e-01
  1.29989643e+00  8.09968007e-01  8.91702724e-01  1.67727271e+00
  2.69894982e-01  1.19209575e+00  5.29470201e-01  8.48590660e-01
  3.52320341e+00  3.97227326e+00  2.97714745e+00  2.07319339e+00
  6.02175801e-01  1.04747893e+00  1.60747659e+00  1.47538730e+00]
Device (GPU) time: 0.8966 seconds
Iters. done: 480 [Current cost: -23.29600509043912]
Current parameters: [ 1.20086056e+00  5.49956137e-01  1.81377171e+00  2.50701691e+00
  3.61530076e+00  2.61458913e+00  1.36550289e+00  2.22732032e+00
  6.39598813e-01  2.91655421e+00  3.31027804e-01  2.05839731e+00
  2.48226992e+00  1.34244736e+00  4.10428756e+00  1.50089744e+00
  1.49346914e+00  1.51981518e+00  3.01648632e+00  2.82752036e+00
  4.83861629e-01  2.46928792e+00  2.88123735e-01  2.88106654e+00
  2.64754174e+00  1.75853084e+00  5.54265702e-01  2.97142616e+00
 -4.07310652e-01  3.64334780e+00  1.48086580e+00  1.13178345e+00
  1.93730681e+00  1.34193462e+00  7.62628608e-04  1.31343572e+00
  2.23956575e+00  1.53031568e+00  6.07359402e-01  4.44746074e-01
  2.38770040e+00  2.96665845e+00  1.16658777e+00  2.71631029e+00
  2.56228290e+00  7.18833551e-01  2.53957762e+00  6.44498471e-01
  1.29992350e+00  8.09890637e-01  8.91765881e-01  1.67752864e+00
  2.69817260e-01  1.19201360e+00  5.29446033e-01  8.48704483e-01
  3.52293985e+00  3.97243640e+00  2.97701270e+00  2.07305597e+00
  6.02325270e-01  1.04767109e+00  1.60747755e+00  1.47514004e+00]
Device (GPU) time: 0.7952 seconds
Iters. done: 481 [Current cost: -23.379170664409035]
Current parameters: [ 1.20085177e+00  5.49558226e-01  1.81403943e+00  2.50744964e+00
  3.61561803e+00  2.61455243e+00  1.36547819e+00  2.22730140e+00
  6.39483334e-01  2.91657339e+00  3.30794563e-01  2.05851184e+00
  2.48225392e+00  1.34235784e+00  4.10426374e+00  1.50089556e+00
  1.49360173e+00  1.51977396e+00  3.01628399e+00  2.82744268e+00
  4.83828584e-01  2.46936444e+00  2.88170822e-01  2.88122926e+00
  2.64755868e+00  1.75861343e+00  5.54115793e-01  2.97142741e+00
 -4.07293564e-01  3.64340389e+00  1.48089518e+00  1.13170855e+00
  1.93738802e+00  1.34187105e+00  7.85884359e-04  1.31353471e+00
  2.23949034e+00  1.53025637e+00  6.07646811e-01  4.44720562e-01
  2.38757381e+00  2.96670616e+00  1.16661270e+00  2.71637334e+00
  2.56230700e+00  7.18852674e-01  2.53959859e+00  6.44394969e-01
  1.29988479e+00  8.10149088e-01  8.91891579e-01  1.67732390e+00
  2.69552670e-01  1.19198588e+00  5.29331903e-01  8.48840273e-01
  3.52296075e+00  3.97233203e+00  2.97695446e+00  2.07324078e+00
  6.02369149e-01  1.04754442e+00  1.60753262e+00  1.47500730e+00]
Device (GPU) time: 0.8828 seconds
Iters. done: 482 [Current cost: -23.403127622157783]
Current parameters: [ 1.20085347e+00  5.49790017e-01  1.81383182e+00  2.50718664e+00
  3.61519205e+00  2.61483962e+00  1.36554771e+00  2.22728473e+00
  6.39601793e-01  2.91657534e+00  3.30992739e-01  2.05818145e+00
  2.48229697e+00  1.34239173e+00  4.10435906e+00  1.50092816e+00
  1.49341884e+00  1.51987900e+00  3.01654662e+00  2.82741947e+00
  4.83964650e-01  2.46939844e+00  2.88237642e-01  2.88106827e+00
  2.64755086e+00  1.75849840e+00  5.54229949e-01  2.97137438e+00
 -4.07402719e-01  3.64335720e+00  1.48084911e+00  1.13166995e+00
  1.93725435e+00  1.34195334e+00  9.26934570e-04  1.31339350e+00
  2.23958151e+00  1.53029226e+00  6.07369093e-01  4.44662172e-01
  2.38777711e+00  2.96674681e+00  1.16660790e+00  2.71628022e+00
  2.56226701e+00  7.18839720e-01  2.53960502e+00  6.44508594e-01
  1.29995696e+00  8.10035813e-01  8.91904886e-01  1.67738042e+00
  2.69697332e-01  1.19208616e+00  5.29433698e-01  8.48615041e-01
  3.52293031e+00  3.97236650e+00  2.97705331e+00  2.07324288e+00
  6.02397202e-01  1.04766655e+00  1.60747512e+00  1.47507908e+00]
Device (GPU) time: 0.7659 seconds
Iters. done: 483 [Current cost: -23.263969882780998]
Current parameters: [ 1.20084189e+00  5.49758436e-01  1.81358351e+00  2.50721048e+00
  3.61492142e+00  2.61469389e+00  1.36552886e+00  2.22706044e+00
  6.39656681e-01  2.91655897e+00  3.30993866e-01  2.05837332e+00
  2.48233141e+00  1.34235935e+00  4.10408434e+00  1.50077892e+00
  1.49362697e+00  1.51989385e+00  3.01633020e+00  2.82752658e+00
  4.83883762e-01  2.46944991e+00  2.88027022e-01  2.88110565e+00
  2.64758959e+00  1.75847806e+00  5.54229959e-01  2.97147974e+00
 -4.07078014e-01  3.64339389e+00  1.48085754e+00  1.13172364e+00
  1.93731053e+00  1.34187511e+00  7.99120545e-04  1.31340483e+00
  2.23951156e+00  1.53037878e+00  6.07415456e-01  4.44771391e-01
  2.38781563e+00  2.96667212e+00  1.16638434e+00  2.71631620e+00
  2.56211550e+00  7.18940910e-01  2.53965658e+00  6.44635364e-01
  1.29959631e+00  8.10071526e-01  8.91900304e-01  1.67748061e+00
  2.69795384e-01  1.19197468e+00  5.29511412e-01  8.48681615e-01
  3.52275471e+00  3.97199163e+00  2.97699901e+00  2.07326836e+00
  6.02164276e-01  1.04751115e+00  1.60752496e+00  1.47507609e+00]
Device (GPU) time: 0.8978 seconds
Iters. done: 484 [Current cost: -23.324482133592234]
Current parameters: [ 1.20075189e+00  5.49766087e-01  1.81387406e+00  2.50720602e+00
  3.61515185e+00  2.61465923e+00  1.36554372e+00  2.22730657e+00
  6.39651768e-01  2.91652919e+00  3.30990997e-01  2.05830954e+00
  2.48228497e+00  1.34243229e+00  4.10416651e+00  1.50080860e+00
  1.49346925e+00  1.51988101e+00  3.01649103e+00  2.82745289e+00
  4.83951566e-01  2.46934730e+00  2.88032589e-01  2.88114094e+00
  2.64757719e+00  1.75851656e+00  5.54147870e-01  2.97142997e+00
 -4.07439444e-01  3.64341123e+00  1.48092214e+00  1.13182631e+00
  1.93732148e+00  1.34192833e+00  7.11291307e-04  1.31344179e+00
  2.23975665e+00  1.53037864e+00  6.07361454e-01  4.44781133e-01
  2.38776487e+00  2.96670391e+00  1.16661667e+00  2.71628228e+00
  2.56248975e+00  7.18946168e-01  2.53944913e+00  6.44582857e-01
  1.29998803e+00  8.10044011e-01  8.91865816e-01  1.67735857e+00
  2.69853427e-01  1.19196316e+00  5.29452042e-01  8.48723106e-01
  3.52293638e+00  3.97235798e+00  2.97702693e+00  2.07321477e+00
  6.02344213e-01  1.04765307e+00  1.60736132e+00  1.47507076e+00]
Device (GPU) time: 0.7942 seconds
Iters. done: 485 [Current cost: -23.2961651791775]
Current parameters: [ 1.20084974e+00  5.49824643e-01  1.81388274e+00  2.50721391e+00
  3.61513745e+00  2.61462651e+00  1.36554408e+00  2.22725890e+00
  6.39664613e-01  2.91651430e+00  3.30980069e-01  2.05830506e+00
  2.48226541e+00  1.34237858e+00  4.10422746e+00  1.50092209e+00
  1.49347316e+00  1.51986355e+00  3.01647738e+00  2.82742210e+00
  4.83862656e-01  2.46927773e+00  2.88182208e-01  2.88106433e+00
  2.64755362e+00  1.75864173e+00  5.54279540e-01  2.97141599e+00
 -4.07296933e-01  3.64336531e+00  1.48083143e+00  1.13183863e+00
  1.93730671e+00  1.34189653e+00  7.55900244e-04  1.31336803e+00
  2.23958825e+00  1.53029593e+00  6.07316419e-01  4.44797236e-01
  2.38777232e+00  2.96670422e+00  1.16663188e+00  2.71627848e+00
  2.56227891e+00  7.18855199e-01  2.53957022e+00  6.44503888e-01
  1.29994685e+00  8.10061965e-01  8.91843473e-01  1.67738697e+00
  2.69821421e-01  1.19204308e+00  5.29388689e-01  8.48724393e-01
  3.52296086e+00  3.97237166e+00  2.97699560e+00  2.07325522e+00
  6.02386389e-01  1.04764677e+00  1.60747909e+00  1.47506628e+00]
Device (GPU) time: 0.8615 seconds
Iters. done: 486 [Current cost: -23.236076324635444]
Current parameters: [ 1.20088192e+00  5.49807855e-01  1.81390807e+00  2.50713578e+00
  3.61512533e+00  2.61478069e+00  1.36552658e+00  2.22727088e+00
  6.39557224e-01  2.91656933e+00  3.31065127e-01  2.05839430e+00
  2.48224333e+00  1.34243903e+00  4.10419324e+00  1.50084246e+00
  1.49341721e+00  1.51981803e+00  3.01649887e+00  2.82742809e+00
  4.83786042e-01  2.46943672e+00  2.88035742e-01  2.88103402e+00
  2.64757951e+00  1.75840118e+00  5.54346440e-01  2.97138853e+00
 -4.07323353e-01  3.64341252e+00  1.48091099e+00  1.13190624e+00
  1.93725439e+00  1.34196568e+00  7.21946425e-04  1.31349045e+00
  2.23965734e+00  1.53024393e+00  6.07277868e-01  4.44846540e-01
  2.38770519e+00  2.96668461e+00  1.16663363e+00  2.71630457e+00
  2.56227931e+00  7.18819602e-01  2.53961873e+00  6.44441171e-01
  1.29997504e+00  8.10043144e-01  8.91802295e-01  1.67741764e+00
  2.69691628e-01  1.19206801e+00  5.29241869e-01  8.48780356e-01
  3.52289017e+00  3.97234621e+00  2.97702261e+00  2.07328197e+00
  6.02443056e-01  1.04755075e+00  1.60750054e+00  1.47503947e+00]
Device (GPU) time: 0.8109 seconds
Iters. done: 487 [Current cost: -23.314139249197364]
Current parameters: [ 1.20084826e+00  5.49852013e-01  1.81392254e+00  2.50719354e+00
  3.61518062e+00  2.61475278e+00  1.36551263e+00  2.22730014e+00
  6.39540069e-01  2.91659849e+00  3.30984967e-01  2.05833431e+00
  2.48226532e+00  1.34247398e+00  4.10416993e+00  1.50086209e+00
  1.49351483e+00  1.51983145e+00  3.01646750e+00  2.82743188e+00
  4.83854193e-01  2.46925758e+00  2.88186038e-01  2.88106631e+00
  2.64754376e+00  1.75853491e+00  5.54270164e-01  2.97142430e+00
 -4.07355013e-01  3.64335772e+00  1.48079034e+00  1.13181448e+00
  1.93729955e+00  1.34194260e+00  7.62256946e-04  1.31342111e+00
  2.23956941e+00  1.53031848e+00  6.07314709e-01  4.44772412e-01
  2.38772174e+00  2.96669562e+00  1.16664513e+00  2.71625709e+00
  2.56228006e+00  7.18841084e-01  2.53954492e+00  6.44515405e-01
  1.29995497e+00  8.10043885e-01  8.91835012e-01  1.67739410e+00
  2.69841253e-01  1.19202117e+00  5.29431681e-01  8.48717932e-01
  3.52297888e+00  3.97225804e+00  2.97707211e+00  2.07324934e+00
  6.02351580e-01  1.04763153e+00  1.60745752e+00  1.47509043e+00]
Device (GPU) time: 0.8962 seconds
Iters. done: 488 [Current cost: -23.311601943212484]
Current parameters: [ 1.20084837e+00  5.49753995e-01  1.81388609e+00  2.50718987e+00
  3.61511778e+00  2.61470554e+00  1.36541557e+00  2.22721788e+00
  6.39568113e-01  2.91656113e+00  3.30963063e-01  2.05844088e+00
  2.48220161e+00  1.34243028e+00  4.10412896e+00  1.50092515e+00
  1.49333915e+00  1.51978728e+00  3.01646405e+00  2.82739896e+00
  4.83867735e-01  2.46943296e+00  2.88173423e-01  2.88092458e+00
  2.64763407e+00  1.75855690e+00  5.54242391e-01  2.97147056e+00
 -4.07381819e-01  3.64348969e+00  1.48077094e+00  1.13174729e+00
  1.93737442e+00  1.34189973e+00  7.90670166e-04  1.31344245e+00
  2.23961337e+00  1.53027666e+00  6.07288902e-01  4.44752692e-01
  2.38769624e+00  2.96670311e+00  1.16658439e+00  2.71630676e+00
  2.56226721e+00  7.18854476e-01  2.53952329e+00  6.44462344e-01
  1.29988594e+00  8.10008489e-01  8.91840459e-01  1.67730285e+00
  2.69863407e-01  1.19202723e+00  5.29570035e-01  8.48769512e-01
  3.52297216e+00  3.97242792e+00  2.97698571e+00  2.07324174e+00
  6.02417103e-01  1.04767608e+00  1.60753441e+00  1.47524925e+00]
Device (GPU) time: 0.7695 seconds
Iters. done: 489 [Current cost: -23.371388175718753]
Current parameters: [ 1.20085095e+00  5.49868967e-01  1.81385527e+00  2.50713623e+00
  3.61517842e+00  2.61469576e+00  1.36554636e+00  2.22727526e+00
  6.39591220e-01  2.91652706e+00  3.30984280e-01  2.05832486e+00
  2.48226584e+00  1.34240219e+00  4.10424938e+00  1.50083786e+00
  1.49347171e+00  1.51981249e+00  3.01645431e+00  2.82746698e+00
  4.83828107e-01  2.46932998e+00  2.88154522e-01  2.88101852e+00
  2.64756346e+00  1.75853695e+00  5.54249678e-01  2.97143143e+00
 -4.07326783e-01  3.64337667e+00  1.48088117e+00  1.13180558e+00
  1.93731776e+00  1.34193020e+00  7.48627280e-04  1.31343050e+00
  2.23956773e+00  1.53033727e+00  6.07312731e-01  4.44771749e-01
  2.38771694e+00  2.96670198e+00  1.16656523e+00  2.71626870e+00
  2.56227923e+00  7.18835731e-01  2.53953688e+00  6.44507987e-01
  1.29994722e+00  8.10160530e-01  8.91892223e-01  1.67727747e+00
  2.69826373e-01  1.19203790e+00  5.29410839e-01  8.48732828e-01
  3.52297272e+00  3.97231076e+00  2.97703506e+00  2.07316012e+00
  6.02445173e-01  1.04767764e+00  1.60747683e+00  1.47508041e+00]
Device (GPU) time: 0.8921 seconds
Iters. done: 490 [Current cost: -23.331770504157593]
Current parameters: [ 1.20084860e+00  5.49757114e-01  1.81397064e+00  2.50724405e+00
  3.61512213e+00  2.61472596e+00  1.36554696e+00  2.22716430e+00
  6.39496000e-01  2.91646103e+00  3.30892431e-01  2.05819680e+00
  2.48218922e+00  1.34243472e+00  4.10419269e+00  1.50077601e+00
  1.49346199e+00  1.51982458e+00  3.01643466e+00  2.82758045e+00
  4.83832917e-01  2.46930070e+00  2.88231727e-01  2.88091504e+00
  2.64760949e+00  1.75854896e+00  5.54203105e-01  2.97143050e+00
 -4.07308398e-01  3.64343184e+00  1.48098219e+00  1.13179364e+00
  1.93731444e+00  1.34192658e+00  7.59300637e-04  1.31343782e+00
  2.23953904e+00  1.53041708e+00  6.07307173e-01  4.44756675e-01
  2.38769959e+00  2.96672035e+00  1.16662980e+00  2.71628491e+00
  2.56228753e+00  7.18878487e-01  2.53951746e+00  6.44459393e-01
  1.29992929e+00  8.09973494e-01  8.91783672e-01  1.67751524e+00
  2.69849416e-01  1.19202763e+00  5.29314036e-01  8.48693480e-01
  3.52291333e+00  3.97236607e+00  2.97703701e+00  2.07318671e+00
  6.02389172e-01  1.04776522e+00  1.60749103e+00  1.47506657e+00]
Device (GPU) time: 0.7806 seconds
Iters. done: 491 [Current cost: -23.338594398197458]
Current parameters: [ 1.20083779e+00  5.49849318e-01  1.81389845e+00  2.50720093e+00
  3.61517307e+00  2.61469345e+00  1.36552518e+00  2.22730940e+00
  6.39550361e-01  2.91656781e+00  3.30930637e-01  2.05832609e+00
  2.48227877e+00  1.34237476e+00  4.10422599e+00  1.50087252e+00
  1.49353624e+00  1.51983941e+00  3.01651691e+00  2.82744940e+00
  4.83850777e-01  2.46933336e+00  2.88112757e-01  2.88104948e+00
  2.64758666e+00  1.75851920e+00  5.54268657e-01  2.97138226e+00
 -4.07320567e-01  3.64343369e+00  1.48086091e+00  1.13181554e+00
  1.93734071e+00  1.34198728e+00  7.55818877e-04  1.31338442e+00
  2.23956499e+00  1.53029185e+00  6.07339970e-01  4.44821383e-01
  2.38776977e+00  2.96670451e+00  1.16657710e+00  2.71625535e+00
  2.56230354e+00  7.18794787e-01  2.53952668e+00  6.44459190e-01
  1.29988681e+00  8.10113685e-01  8.91860354e-01  1.67742702e+00
  2.69854107e-01  1.19204575e+00  5.29438084e-01  8.48681558e-01
  3.52291231e+00  3.97240575e+00  2.97705866e+00  2.07326613e+00
  6.02388415e-01  1.04767902e+00  1.60746058e+00  1.47512297e+00]
Device (GPU) time: 0.8772 seconds
Iters. done: 492 [Current cost: -23.17281214567575]
Current parameters: [ 1.20085698e+00  5.49898933e-01  1.81388030e+00  2.50731598e+00
  3.61514951e+00  2.61474023e+00  1.36552864e+00  2.22733350e+00
  6.39595048e-01  2.91654018e+00  3.31037557e-01  2.05828402e+00
  2.48228006e+00  1.34236412e+00  4.10417644e+00  1.50087607e+00
  1.49349091e+00  1.51993592e+00  3.01640892e+00  2.82742343e+00
  4.83926221e-01  2.46930354e+00  2.88130155e-01  2.88106045e+00
  2.64751782e+00  1.75842598e+00  5.54278783e-01  2.97140662e+00
 -4.07198461e-01  3.64336969e+00  1.48090369e+00  1.13178965e+00
  1.93729513e+00  1.34185349e+00  7.87302852e-04  1.31346654e+00
  2.23960574e+00  1.53035347e+00  6.07196458e-01  4.44665978e-01
  2.38751812e+00  2.96671284e+00  1.16663678e+00  2.71622994e+00
  2.56232009e+00  7.18774233e-01  2.53951080e+00  6.44480700e-01
  1.29992024e+00  8.10154224e-01  8.91813295e-01  1.67746662e+00
  2.69825516e-01  1.19205090e+00  5.29528097e-01  8.48763473e-01
  3.52299720e+00  3.97242349e+00  2.97687925e+00  2.07321022e+00
  6.02389494e-01  1.04763087e+00  1.60748263e+00  1.47507975e+00]
Device (GPU) time: 0.7797 seconds
Iters. done: 493 [Current cost: -23.237471209013602]
Current parameters: [ 1.20086043e+00  5.49824204e-01  1.81390845e+00  2.50717983e+00
  3.61517933e+00  2.61464570e+00  1.36552540e+00  2.22734872e+00
  6.39562383e-01  2.91651265e+00  3.31043217e-01  2.05823553e+00
  2.48226200e+00  1.34239766e+00  4.10419603e+00  1.50085751e+00
  1.49343636e+00  1.51980955e+00  3.01643095e+00  2.82745391e+00
  4.83837799e-01  2.46938243e+00  2.88110790e-01  2.88102930e+00
  2.64756050e+00  1.75855763e+00  5.54216234e-01  2.97136885e+00
 -4.07287657e-01  3.64337482e+00  1.48082258e+00  1.13177412e+00
  1.93733592e+00  1.34197413e+00  8.08743778e-04  1.31340438e+00
  2.23961272e+00  1.53030793e+00  6.07339624e-01  4.44823416e-01
  2.38769586e+00  2.96669961e+00  1.16660259e+00  2.71629062e+00
  2.56225979e+00  7.18856612e-01  2.53954592e+00  6.44490034e-01
  1.29994990e+00  8.10082719e-01  8.91767988e-01  1.67738592e+00
  2.69852001e-01  1.19204471e+00  5.29459136e-01  8.48698332e-01
  3.52297283e+00  3.97232400e+00  2.97704470e+00  2.07325607e+00
  6.02375883e-01  1.04764409e+00  1.60748372e+00  1.47505400e+00]
Device (GPU) time: 0.8909 seconds
Iters. done: 494 [Current cost: -23.429910880603167]
Current parameters: [ 1.20084986e+00  5.49828412e-01  1.81390502e+00  2.50720505e+00
  3.61516343e+00  2.61470588e+00  1.36552461e+00  2.22724186e+00
  6.39599904e-01  2.91663230e+00  3.31016780e-01  2.05837550e+00
  2.48231038e+00  1.34238540e+00  4.10418952e+00  1.50088813e+00
  1.49347898e+00  1.51982246e+00  3.01648810e+00  2.82754322e+00
  4.83872831e-01  2.46937309e+00  2.88150106e-01  2.88111007e+00
  2.64748480e+00  1.75854417e+00  5.54211195e-01  2.97151541e+00
 -4.07325072e-01  3.64326737e+00  1.48095910e+00  1.13189295e+00
  1.93747372e+00  1.34199315e+00  6.75665166e-04  1.31339034e+00
  2.23965726e+00  1.53038891e+00  6.07336173e-01  4.44706434e-01
  2.38773571e+00  2.96681162e+00  1.16662992e+00  2.71626131e+00
  2.56215443e+00  7.18933658e-01  2.53957311e+00  6.44365953e-01
  1.30003107e+00  8.10065204e-01  8.91799893e-01  1.67739780e+00
  2.69830760e-01  1.19213993e+00  5.29542449e-01  8.48629637e-01
  3.52293604e+00  3.97234910e+00  2.97705694e+00  2.07326515e+00
  6.02450546e-01  1.04764518e+00  1.60755218e+00  1.47507914e+00]
Device (GPU) time: 0.7763 seconds
Iters. done: 495 [Current cost: -23.251909848086484]
Current parameters: [ 1.20080439e+00  5.49796135e-01  1.81385503e+00  2.50718613e+00
  3.61514697e+00  2.61473733e+00  1.36549467e+00  2.22726565e+00
  6.39565825e-01  2.91648257e+00  3.31038152e-01  2.05831119e+00
  2.48227866e+00  1.34239926e+00  4.10425315e+00  1.50087228e+00
  1.49346459e+00  1.51980977e+00  3.01647401e+00  2.82740212e+00
  4.83840413e-01  2.46931387e+00  2.88129671e-01  2.88113827e+00
  2.64760156e+00  1.75857197e+00  5.54264133e-01  2.97143178e+00
 -4.07327351e-01  3.64343577e+00  1.48086874e+00  1.13180628e+00
  1.93734974e+00  1.34195075e+00  7.37797459e-04  1.31339396e+00
  2.23954614e+00  1.53035672e+00  6.07320301e-01  4.44734109e-01
  2.38769562e+00  2.96663111e+00  1.16660615e+00  2.71626164e+00
  2.56222585e+00  7.18808815e-01  2.53948709e+00  6.44465368e-01
  1.29995478e+00  8.10047385e-01  8.91813858e-01  1.67739407e+00
  2.69818429e-01  1.19205467e+00  5.29448381e-01  8.48746874e-01
  3.52294345e+00  3.97235640e+00  2.97705747e+00  2.07324252e+00
  6.02396530e-01  1.04765756e+00  1.60744322e+00  1.47504632e+00]
Device (GPU) time: 0.8752 seconds
Iters. done: 496 [Current cost: -23.429165920162564]
Current parameters: [ 1.20076805e+00  5.49835657e-01  1.81397619e+00  2.50718960e+00
  3.61530643e+00  2.61474577e+00  1.36545835e+00  2.22725901e+00
  6.39600615e-01  2.91644823e+00  3.31106134e-01  2.05830721e+00
  2.48232061e+00  1.34244211e+00  4.10421156e+00  1.50090639e+00
  1.49350721e+00  1.51982917e+00  3.01655990e+00  2.82742909e+00
  4.83768375e-01  2.46935623e+00  2.88084187e-01  2.88103265e+00
  2.64762754e+00  1.75858211e+00  5.54368710e-01  2.97148736e+00
 -4.07310595e-01  3.64340987e+00  1.48094536e+00  1.13172757e+00
  1.93738440e+00  1.34195106e+00  7.99473861e-04  1.31336661e+00
  2.23952442e+00  1.53034070e+00  6.07215920e-01  4.44798258e-01
  2.38775731e+00  2.96686990e+00  1.16661355e+00  2.71627603e+00
  2.56235432e+00  7.18874099e-01  2.53956021e+00  6.44592533e-01
  1.29990068e+00  8.10042641e-01  8.91862659e-01  1.67742250e+00
  2.69823363e-01  1.19192910e+00  5.29501439e-01  8.48731391e-01
  3.52295864e+00  3.97231128e+00  2.97702806e+00  2.07322860e+00
  6.02411152e-01  1.04762542e+00  1.60761169e+00  1.47498783e+00]
Device (GPU) time: 0.7889 seconds
Iters. done: 497 [Current cost: -23.284720540980324]
Current parameters: [ 1.20082595e+00  5.49822473e-01  1.81389520e+00  2.50720819e+00
  3.61517852e+00  2.61468814e+00  1.36552522e+00  2.22727981e+00
  6.39612174e-01  2.91656076e+00  3.30991869e-01  2.05831538e+00
  2.48224878e+00  1.34241402e+00  4.10420555e+00  1.50087708e+00
  1.49353274e+00  1.51979058e+00  3.01647617e+00  2.82747038e+00
  4.83843286e-01  2.46935561e+00  2.88114624e-01  2.88106883e+00
  2.64756502e+00  1.75858316e+00  5.54290066e-01  2.97139549e+00
 -4.07303770e-01  3.64337869e+00  1.48086087e+00  1.13188483e+00
  1.93727491e+00  1.34190222e+00  8.57821440e-04  1.31347491e+00
  2.23955430e+00  1.53030642e+00  6.07262343e-01  4.44733405e-01
  2.38771748e+00  2.96670642e+00  1.16656969e+00  2.71627532e+00
  2.56227811e+00  7.18884975e-01  2.53945598e+00  6.44492229e-01
  1.29994288e+00  8.10051779e-01  8.91793188e-01  1.67735440e+00
  2.69793157e-01  1.19203101e+00  5.29449231e-01  8.48665629e-01
  3.52292397e+00  3.97236887e+00  2.97707719e+00  2.07323879e+00
  6.02403821e-01  1.04766302e+00  1.60748518e+00  1.47509225e+00]
Device (GPU) time: 0.9462 seconds
Iters. done: 498 [Current cost: -23.272684118284907]
Current parameters: [ 1.20085088e+00  5.49868691e-01  1.81397948e+00  2.50718648e+00
  3.61519227e+00  2.61469313e+00  1.36549154e+00  2.22729565e+00
  6.39595218e-01  2.91654528e+00  3.30955755e-01  2.05833179e+00
  2.48225080e+00  1.34232426e+00  4.10422498e+00  1.50085397e+00
  1.49352301e+00  1.51974058e+00  3.01650151e+00  2.82742050e+00
  4.83818911e-01  2.46939797e+00  2.88163989e-01  2.88108457e+00
  2.64757439e+00  1.75860476e+00  5.54225997e-01  2.97138034e+00
 -4.07338662e-01  3.64340367e+00  1.48086266e+00  1.13165869e+00
  1.93718540e+00  1.34183504e+00  5.93233597e-04  1.31349429e+00
  2.23965056e+00  1.53031964e+00  6.07223209e-01  4.44627826e-01
  2.38776489e+00  2.96665120e+00  1.16653205e+00  2.71627885e+00
  2.56228994e+00  7.18822085e-01  2.53969227e+00  6.44486253e-01
  1.29994675e+00  8.10061651e-01  8.91740864e-01  1.67739347e+00
  2.69934041e-01  1.19201468e+00  5.29472371e-01  8.48652305e-01
  3.52287498e+00  3.97233106e+00  2.97706111e+00  2.07326940e+00
  6.02448629e-01  1.04762238e+00  1.60744779e+00  1.47500797e+00]
Device (GPU) time: 0.7758 seconds
Iters. done: 499 [Current cost: -23.25611707971488]
Current parameters: [ 1.20084567e+00  5.49765700e-01  1.81390806e+00  2.50716669e+00
  3.61516348e+00  2.61476964e+00  1.36556613e+00  2.22731078e+00
  6.39632154e-01  2.91657581e+00  3.30959254e-01  2.05828767e+00
  2.48229467e+00  1.34240610e+00  4.10420599e+00  1.50079367e+00
  1.49346667e+00  1.51977685e+00  3.01649515e+00  2.82741108e+00
  4.83832170e-01  2.46932112e+00  2.88145883e-01  2.88108871e+00
  2.64759436e+00  1.75852797e+00  5.54273781e-01  2.97140657e+00
 -4.07276588e-01  3.64332258e+00  1.48084832e+00  1.13181933e+00
  1.93737402e+00  1.34187349e+00  7.71278456e-04  1.31340924e+00
  2.23958252e+00  1.53029709e+00  6.07329278e-01  4.44779231e-01
  2.38773307e+00  2.96669898e+00  1.16655591e+00  2.71625137e+00
  2.56228557e+00  7.18868082e-01  2.53957689e+00  6.44491558e-01
  1.29991529e+00  8.10052181e-01  8.91804009e-01  1.67740824e+00
  2.69834837e-01  1.19200586e+00  5.29454322e-01  8.48758998e-01
  3.52298861e+00  3.97240115e+00  2.97704136e+00  2.07320711e+00
  6.02408239e-01  1.04768051e+00  1.60748709e+00  1.47507750e+00]
Device (GPU) time: 0.8649 seconds
Iters. done: 500 [Current cost: -23.341194051687065]
Current parameters: [ 1.20084621e+00  5.49746021e-01  1.81390025e+00  2.50715544e+00
  3.61518958e+00  2.61474923e+00  1.36569484e+00  2.22738011e+00
  6.39616565e-01  2.91647262e+00  3.31015610e-01  2.05846100e+00
  2.48230049e+00  1.34230273e+00  4.10423619e+00  1.50083186e+00
  1.49346391e+00  1.51979834e+00  3.01644658e+00  2.82747158e+00
  4.83817795e-01  2.46934678e+00  2.88145954e-01  2.88095578e+00
  2.64742057e+00  1.75848453e+00  5.54270493e-01  2.97140097e+00
 -4.07292357e-01  3.64347204e+00  1.48078924e+00  1.13177020e+00
  1.93733223e+00  1.34186661e+00  8.05532237e-04  1.31341769e+00
  2.23951065e+00  1.53037584e+00  6.07340001e-01  4.44771720e-01
  2.38775682e+00  2.96661069e+00  1.16674762e+00  2.71622228e+00
  2.56228351e+00  7.18929759e-01  2.53948096e+00  6.44502696e-01
  1.29998044e+00  8.10000920e-01  8.91921254e-01  1.67741832e+00
  2.69905679e-01  1.19203765e+00  5.29489980e-01  8.48681028e-01
  3.52286602e+00  3.97236228e+00  2.97703943e+00  2.07324975e+00
  6.02438241e-01  1.04760569e+00  1.60752769e+00  1.47500226e+00]
Device (GPU) time: 0.7737 seconds
Iters. done: 501 [Current cost: -23.351187401827357]
Current parameters: [ 1.20081548e+00  5.49824373e-01  1.81390421e+00  2.50720619e+00
  3.61512734e+00  2.61465726e+00  1.36556586e+00  2.22729230e+00
  6.39563632e-01  2.91661262e+00  3.31012272e-01  2.05830733e+00
  2.48229427e+00  1.34238440e+00  4.10420909e+00  1.50085757e+00
  1.49343214e+00  1.51980148e+00  3.01649997e+00  2.82740698e+00
  4.83799582e-01  2.46929676e+00  2.88123877e-01  2.88103095e+00
  2.64754332e+00  1.75856647e+00  5.54272819e-01  2.97140826e+00
 -4.07350287e-01  3.64336310e+00  1.48089851e+00  1.13178704e+00
  1.93735334e+00  1.34193301e+00  7.56705505e-04  1.31350745e+00
  2.23954704e+00  1.53030304e+00  6.07318720e-01  4.44755580e-01
  2.38773280e+00  2.96668907e+00  1.16659383e+00  2.71636481e+00
  2.56226640e+00  7.18821842e-01  2.53951542e+00  6.44537073e-01
  1.29993920e+00  8.10061051e-01  8.91879401e-01  1.67743745e+00
  2.69803466e-01  1.19204602e+00  5.29470818e-01  8.48695722e-01
  3.52295520e+00  3.97233995e+00  2.97699506e+00  2.07325573e+00
  6.02400140e-01  1.04768818e+00  1.60746608e+00  1.47505291e+00]
Device (GPU) time: 0.8861 seconds
Iters. done: 502 [Current cost: -23.496344361855808]
Current parameters: [ 1.20094796e+00  5.49861273e-01  1.81382379e+00  2.50715682e+00
  3.61524660e+00  2.61470563e+00  1.36546396e+00  2.22720981e+00
  6.39613727e-01  2.91649713e+00  3.30964515e-01  2.05833471e+00
  2.48231213e+00  1.34241492e+00  4.10416436e+00  1.50082749e+00
  1.49343119e+00  1.51999088e+00  3.01651628e+00  2.82738987e+00
  4.83810027e-01  2.46936702e+00  2.88101762e-01  2.88102222e+00
  2.64756392e+00  1.75855737e+00  5.54322064e-01  2.97126033e+00
 -4.07258196e-01  3.64334984e+00  1.48092086e+00  1.13180848e+00
  1.93736927e+00  1.34193389e+00  7.51993137e-04  1.31357217e+00
  2.23953108e+00  1.53031707e+00  6.07432761e-01  4.44699629e-01
  2.38774086e+00  2.96672574e+00  1.16663534e+00  2.71616865e+00
  2.56227378e+00  7.18850483e-01  2.53952708e+00  6.44453073e-01
  1.29996364e+00  8.09967208e-01  8.91833572e-01  1.67730713e+00
  2.69907141e-01  1.19197998e+00  5.29444898e-01  8.48708454e-01
  3.52299856e+00  3.97231996e+00  2.97702211e+00  2.07336776e+00
  6.02399440e-01  1.04775703e+00  1.60742560e+00  1.47503179e+00]
Device (GPU) time: 0.7955 seconds
Iters. done: 503 [Current cost: -23.2342227607939]
Current parameters: [ 1.20085496e+00  5.49827158e-01  1.81384783e+00  2.50721998e+00
  3.61515777e+00  2.61472789e+00  1.36546239e+00  2.22734659e+00
  6.39603088e-01  2.91649364e+00  3.31000598e-01  2.05833541e+00
  2.48226573e+00  1.34234521e+00  4.10422045e+00  1.50089121e+00
  1.49347647e+00  1.51979129e+00  3.01643478e+00  2.82744282e+00
  4.83799576e-01  2.46925157e+00  2.88155494e-01  2.88104261e+00
  2.64758108e+00  1.75849969e+00  5.54237218e-01  2.97137982e+00
 -4.07375145e-01  3.64337368e+00  1.48090430e+00  1.13180953e+00
  1.93733422e+00  1.34191729e+00  7.66619798e-04  1.31344952e+00
  2.23959179e+00  1.53027599e+00  6.07309975e-01  4.44767416e-01
  2.38772546e+00  2.96676638e+00  1.16661793e+00  2.71626192e+00
  2.56222987e+00  7.18919735e-01  2.53954183e+00  6.44525799e-01
  1.29988555e+00  8.10058991e-01  8.91827573e-01  1.67739741e+00
  2.69838739e-01  1.19203985e+00  5.29424631e-01  8.48704733e-01
  3.52294635e+00  3.97236999e+00  2.97705097e+00  2.07324371e+00
  6.02406807e-01  1.04764301e+00  1.60743777e+00  1.47507903e+00]
Device (GPU) time: 0.9033 seconds
Iters. done: 504 [Current cost: -23.359057227382014]
Current parameters: [ 1.20086407e+00  5.49872434e-01  1.81384002e+00  2.50725375e+00
  3.61512202e+00  2.61474014e+00  1.36555260e+00  2.22724774e+00
  6.39544647e-01  2.91652374e+00  3.30900003e-01  2.05827985e+00
  2.48219846e+00  1.34230037e+00  4.10426503e+00  1.50088284e+00
  1.49342384e+00  1.51985719e+00  3.01652539e+00  2.82750750e+00
  4.83708026e-01  2.46940912e+00  2.88085487e-01  2.88102027e+00
  2.64751233e+00  1.75857471e+00  5.54358146e-01  2.97150705e+00
 -4.07414027e-01  3.64326782e+00  1.48075963e+00  1.13176399e+00
  1.93725662e+00  1.34198759e+00  7.45516655e-04  1.31342380e+00
  2.23953397e+00  1.53032433e+00  6.07386548e-01  4.44746943e-01
  2.38772994e+00  2.96674375e+00  1.16658741e+00  2.71626662e+00
  2.56229310e+00  7.18930977e-01  2.53945649e+00  6.44432087e-01
  1.29996380e+00  8.10112883e-01  8.91763229e-01  1.67745855e+00
  2.69801985e-01  1.19192664e+00  5.29515959e-01  8.48837845e-01
  3.52297726e+00  3.97237433e+00  2.97702219e+00  2.07320145e+00
  6.02376130e-01  1.04755801e+00  1.60737588e+00  1.47503101e+00]
Device (GPU) time: 0.7826 seconds
Iters. done: 505 [Current cost: -23.261579459211987]
Current parameters: [ 1.20089079e+00  5.49812701e-01  1.81391987e+00  2.50719960e+00
  3.61513168e+00  2.61465550e+00  1.36551306e+00  2.22726868e+00
  6.39534032e-01  2.91655677e+00  3.31052415e-01  2.05834626e+00
  2.48229756e+00  1.34239063e+00  4.10421979e+00  1.50083613e+00
  1.49345392e+00  1.51980399e+00  3.01651205e+00  2.82747762e+00
  4.83815510e-01  2.46930551e+00  2.88112601e-01  2.88105893e+00
  2.64755354e+00  1.75858288e+00  5.54251325e-01  2.97143351e+00
 -4.07331265e-01  3.64337169e+00  1.48086270e+00  1.13177765e+00
  1.93731063e+00  1.34192398e+00  7.98075595e-04  1.31342544e+00
  2.23958168e+00  1.53032916e+00  6.07316013e-01  4.44753792e-01
  2.38769402e+00  2.96668851e+00  1.16660186e+00  2.71613527e+00
  2.56228365e+00  7.18878976e-01  2.53958755e+00  6.44536297e-01
  1.29994247e+00  8.10093344e-01  8.91855647e-01  1.67739550e+00
  2.69776635e-01  1.19202138e+00  5.29439687e-01  8.48720088e-01
  3.52292313e+00  3.97239778e+00  2.97704682e+00  2.07325816e+00
  6.02364521e-01  1.04768534e+00  1.60746178e+00  1.47509744e+00]
Device (GPU) time: 0.8720 seconds
Iters. done: 506 [Current cost: -23.388682492327685]
Current parameters: [ 1.20090352e+00  5.49816637e-01  1.81388244e+00  2.50716387e+00
  3.61522325e+00  2.61474363e+00  1.36550479e+00  2.22724740e+00
  6.39610972e-01  2.91653307e+00  3.30997217e-01  2.05830215e+00
  2.48227506e+00  1.34236497e+00  4.10424897e+00  1.50090137e+00
  1.49352106e+00  1.51974881e+00  3.01638791e+00  2.82734307e+00
  4.83837728e-01  2.46937533e+00  2.88117826e-01  2.88101865e+00
  2.64754697e+00  1.75850568e+00  5.54212171e-01  2.97143298e+00
 -4.07325731e-01  3.64335513e+00  1.48089375e+00  1.13187916e+00
  1.93717448e+00  1.34193469e+00  6.77633824e-04  1.31335528e+00
  2.23955868e+00  1.53034341e+00  6.07323406e-01  4.44888576e-01
  2.38769459e+00  2.96666826e+00  1.16667875e+00  2.71629762e+00
  2.56223519e+00  7.18893034e-01  2.53956045e+00  6.44552225e-01
  1.29998768e+00  8.10070914e-01  8.91823356e-01  1.67744776e+00
  2.69693450e-01  1.19193369e+00  5.29602021e-01  8.48720579e-01
  3.52292191e+00  3.97231051e+00  2.97699177e+00  2.07330087e+00
  6.02429305e-01  1.04789384e+00  1.60744654e+00  1.47510769e+00]
Device (GPU) time: 0.7982 seconds
Iters. done: 507 [Current cost: -23.204167478122468]
Current parameters: [ 1.20086109e+00  5.49761783e-01  1.81395552e+00  2.50707549e+00
  3.61512774e+00  2.61468176e+00  1.36548551e+00  2.22727192e+00
  6.39570849e-01  2.91653217e+00  3.30962128e-01  2.05832294e+00
  2.48226611e+00  1.34235738e+00  4.10423254e+00  1.50087068e+00
  1.49347179e+00  1.51981174e+00  3.01647254e+00  2.82742818e+00
  4.83903187e-01  2.46929829e+00  2.88107002e-01  2.88106853e+00
  2.64748432e+00  1.75853087e+00  5.54263256e-01  2.97141917e+00
 -4.07295553e-01  3.64338698e+00  1.48084398e+00  1.13178942e+00
  1.93731120e+00  1.34192951e+00  7.56965649e-04  1.31342949e+00
  2.23955593e+00  1.53031207e+00  6.07299287e-01  4.44763624e-01
  2.38770788e+00  2.96680851e+00  1.16659281e+00  2.71626571e+00
  2.56226587e+00  7.18826127e-01  2.53949963e+00  6.44483913e-01
  1.29992569e+00  8.10055582e-01  8.91825126e-01  1.67738840e+00
  2.69808815e-01  1.19200578e+00  5.29440448e-01  8.48713741e-01
  3.52294287e+00  3.97234302e+00  2.97701614e+00  2.07323886e+00
  6.02394335e-01  1.04765739e+00  1.60743325e+00  1.47505438e+00]
Device (GPU) time: 0.8678 seconds
Iters. done: 508 [Current cost: -23.257324177747357]
Current parameters: [ 1.20100214e+00  5.49798338e-01  1.81385307e+00  2.50720771e+00
  3.61514324e+00  2.61465334e+00  1.36547700e+00  2.22729510e+00
  6.39592373e-01  2.91650087e+00  3.30942075e-01  2.05822621e+00
  2.48234074e+00  1.34232785e+00  4.10415520e+00  1.50079170e+00
  1.49351655e+00  1.51980329e+00  3.01643009e+00  2.82741723e+00
  4.83912891e-01  2.46926931e+00  2.88026518e-01  2.88106384e+00
  2.64753960e+00  1.75853541e+00  5.54307781e-01  2.97144266e+00
 -4.07544213e-01  3.64331155e+00  1.48087083e+00  1.13178301e+00
  1.93728931e+00  1.34193027e+00  7.55037390e-04  1.31341909e+00
  2.23958071e+00  1.53031845e+00  6.07322089e-01  4.44767569e-01
  2.38770980e+00  2.96662489e+00  1.16659151e+00  2.71625048e+00
  2.56225805e+00  7.18765358e-01  2.53947794e+00  6.44486682e-01
  1.29992778e+00  8.10002178e-01  8.91842548e-01  1.67737570e+00
  2.69833613e-01  1.19200331e+00  5.29434437e-01  8.48712891e-01
  3.52294522e+00  3.97236122e+00  2.97703609e+00  2.07322625e+00
  6.02426482e-01  1.04763320e+00  1.60774220e+00  1.47505193e+00]
Device (GPU) time: 0.7684 seconds
Iters. done: 509 [Current cost: -23.344636403632474]
Current parameters: [ 1.20086301e+00  5.49899177e-01  1.81395905e+00  2.50725375e+00
  3.61515356e+00  2.61470677e+00  1.36553252e+00  2.22729120e+00
  6.39569560e-01  2.91654777e+00  3.30985182e-01  2.05831439e+00
  2.48226844e+00  1.34238257e+00  4.10424327e+00  1.50087912e+00
  1.49346207e+00  1.51983664e+00  3.01646162e+00  2.82740225e+00
  4.83890794e-01  2.46932008e+00  2.88127491e-01  2.88103362e+00
  2.64756760e+00  1.75850883e+00  5.54266377e-01  2.97147099e+00
 -4.07289501e-01  3.64336356e+00  1.48086728e+00  1.13179626e+00
  1.93734222e+00  1.34193956e+00  7.57547042e-04  1.31341890e+00
  2.23957155e+00  1.53029249e+00  6.07340925e-01  4.44809605e-01
  2.38770160e+00  2.96669012e+00  1.16653622e+00  2.71625980e+00
  2.56223881e+00  7.18874760e-01  2.53952434e+00  6.44531632e-01
  1.29996148e+00  8.09972971e-01  8.91842962e-01  1.67732650e+00
  2.69829800e-01  1.19200416e+00  5.29442174e-01  8.48714834e-01
  3.52287569e+00  3.97237951e+00  2.97704169e+00  2.07322016e+00
  6.02400674e-01  1.04765703e+00  1.60745614e+00  1.47503111e+00]
Device (GPU) time: 0.8708 seconds
Iters. done: 510 [Current cost: -23.309317925705958]
Current parameters: [ 1.20081830e+00  5.49839497e-01  1.81389979e+00  2.50716233e+00
  3.61516477e+00  2.61471142e+00  1.36551830e+00  2.22726772e+00
  6.39579662e-01  2.91654259e+00  3.31001654e-01  2.05831668e+00
  2.48224574e+00  1.34235012e+00  4.10421042e+00  1.50086687e+00
  1.49348831e+00  1.51981907e+00  3.01648051e+00  2.82747247e+00
  4.83858839e-01  2.46930747e+00  2.88142643e-01  2.88105288e+00
  2.64755718e+00  1.75852514e+00  5.54275471e-01  2.97141755e+00
 -4.07322798e-01  3.64336010e+00  1.48087246e+00  1.13179776e+00
  1.93731627e+00  1.34193132e+00  7.72915724e-04  1.31342198e+00
  2.23957829e+00  1.53031499e+00  6.07330684e-01  4.44765309e-01
  2.38770621e+00  2.96668309e+00  1.16661184e+00  2.71629726e+00
  2.56228876e+00  7.18863709e-01  2.53955072e+00  6.44501962e-01
  1.29993282e+00  8.10063329e-01  8.91828554e-01  1.67736214e+00
  2.69826595e-01  1.19202321e+00  5.29451312e-01  8.48741491e-01
  3.52294807e+00  3.97237903e+00  2.97704699e+00  2.07328697e+00
  6.02369608e-01  1.04767638e+00  1.60749966e+00  1.47506039e+00]
Device (GPU) time: 0.7888 seconds
Iters. done: 511 [Current cost: -23.336565511080025]
Current parameters: [ 1.20094499e+00  5.49795925e-01  1.81386605e+00  2.50719240e+00
  3.61517656e+00  2.61474817e+00  1.36551621e+00  2.22726253e+00
  6.39534071e-01  2.91653204e+00  3.31029553e-01  2.05830996e+00
  2.48233200e+00  1.34239950e+00  4.10424648e+00  1.50082848e+00
  1.49350641e+00  1.51982962e+00  3.01643015e+00  2.82750353e+00
  4.83818569e-01  2.46934901e+00  2.88153256e-01  2.88108360e+00
  2.64753851e+00  1.75857696e+00  5.54265535e-01  2.97145155e+00
 -4.07324425e-01  3.64338384e+00  1.48085770e+00  1.13180786e+00
  1.93733091e+00  1.34190743e+00  7.69465602e-04  1.31343833e+00
  2.23958620e+00  1.53030163e+00  6.07274167e-01  4.44805909e-01
  2.38771955e+00  2.96671335e+00  1.16660140e+00  2.71636565e+00
  2.56227536e+00  7.18827339e-01  2.53954630e+00  6.44529282e-01
  1.29996524e+00  8.10043851e-01  8.91865553e-01  1.67736149e+00
  2.69869064e-01  1.19201279e+00  5.29453502e-01  8.48708361e-01
  3.52295923e+00  3.97243369e+00  2.97703037e+00  2.07327402e+00
  6.02359355e-01  1.04764355e+00  1.60742808e+00  1.47507237e+00]
Device (GPU) time: 0.8789 seconds
Iters. done: 512 [Current cost: -23.32957511916993]
Current parameters: [ 1.20085409e+00  5.49803752e-01  1.81387473e+00  2.50719965e+00
  3.61517875e+00  2.61469307e+00  1.36549333e+00  2.22730215e+00
  6.39597428e-01  2.91655052e+00  3.30963134e-01  2.05832191e+00
  2.48227620e+00  1.34238280e+00  4.10426215e+00  1.50086340e+00
  1.49346435e+00  1.51981431e+00  3.01648662e+00  2.82746641e+00
  4.83871968e-01  2.46933813e+00  2.88153952e-01  2.88103326e+00
  2.64754948e+00  1.75854551e+00  5.54281364e-01  2.97143163e+00
 -4.07317385e-01  3.64336503e+00  1.48087900e+00  1.13181033e+00
  1.93733126e+00  1.34193408e+00  7.68063383e-04  1.31344785e+00
  2.23959040e+00  1.53033763e+00  6.07282297e-01  4.44801489e-01
  2.38771049e+00  2.96668367e+00  1.16659800e+00  2.71626064e+00
  2.56227617e+00  7.18838024e-01  2.53953908e+00  6.44515898e-01
  1.29993657e+00  8.10054107e-01  8.91834328e-01  1.67739921e+00
  2.69829120e-01  1.19202271e+00  5.29453440e-01  8.48736491e-01
  3.52295418e+00  3.97234125e+00  2.97705660e+00  2.07327335e+00
  6.02389462e-01  1.04765297e+00  1.60746985e+00  1.47506229e+00]
Device (GPU) time: 0.7767 seconds
Iters. done: 513 [Current cost: -23.26802105104327]
Current parameters: [ 1.20084749e+00  5.49832253e-01  1.81396188e+00  2.50716910e+00
  3.61514585e+00  2.61472343e+00  1.36550220e+00  2.22728084e+00
  6.39618436e-01  2.91655189e+00  3.31060160e-01  2.05829612e+00
  2.48228708e+00  1.34234401e+00  4.10423188e+00  1.50088467e+00
  1.49350311e+00  1.51981119e+00  3.01643101e+00  2.82750668e+00
  4.83863525e-01  2.46939595e+00  2.88195784e-01  2.88108291e+00
  2.64755762e+00  1.75854509e+00  5.54268549e-01  2.97143776e+00
 -4.07377531e-01  3.64339200e+00  1.48089411e+00  1.13183182e+00
  1.93733667e+00  1.34193182e+00  7.74664080e-04  1.31347453e+00
  2.23953164e+00  1.53024704e+00  6.07356927e-01  4.44790131e-01
  2.38774767e+00  2.96666863e+00  1.16659061e+00  2.71621630e+00
  2.56229022e+00  7.18834482e-01  2.53952361e+00  6.44517717e-01
  1.29993694e+00  8.10049095e-01  8.91823942e-01  1.67741690e+00
  2.69865035e-01  1.19203696e+00  5.29448534e-01  8.48749844e-01
  3.52297138e+00  3.97232126e+00  2.97696519e+00  2.07322996e+00
  6.02393372e-01  1.04766640e+00  1.60746562e+00  1.47508610e+00]
Device (GPU) time: 0.9671 seconds
Iters. done: 514 [Current cost: -23.367200706245427]
Current parameters: [ 1.20086020e+00  5.49820456e-01  1.81389143e+00  2.50717016e+00
  3.61513922e+00  2.61470446e+00  1.36551318e+00  2.22726834e+00
  6.39579867e-01  2.91654107e+00  3.30994972e-01  2.05830926e+00
  2.48226618e+00  1.34238095e+00  4.10422515e+00  1.50087188e+00
  1.49348275e+00  1.51984108e+00  3.01646703e+00  2.82743691e+00
  4.83828655e-01  2.46931912e+00  2.88122289e-01  2.88103674e+00
  2.64755546e+00  1.75851490e+00  5.54266491e-01  2.97143696e+00
 -4.07326670e-01  3.64336934e+00  1.48087717e+00  1.13182501e+00
  1.93730726e+00  1.34193985e+00  8.03155207e-04  1.31341865e+00
  2.23958510e+00  1.53031748e+00  6.07286621e-01  4.44765940e-01
  2.38776691e+00  2.96669398e+00  1.16659786e+00  2.71626135e+00
  2.56228256e+00  7.18834992e-01  2.53955449e+00  6.44524505e-01
  1.29996249e+00  8.10049633e-01  8.91817028e-01  1.67739224e+00
  2.69865887e-01  1.19205988e+00  5.29476668e-01  8.48735372e-01
  3.52295073e+00  3.97236257e+00  2.97704155e+00  2.07323646e+00
  6.02392859e-01  1.04767318e+00  1.60746560e+00  1.47505803e+00]
Device (GPU) time: 0.7648 seconds
Iters. done: 515 [Current cost: -23.308579307367673]
Current parameters: [ 1.20084927e+00  5.49734005e-01  1.81392675e+00  2.50724459e+00
  3.61526667e+00  2.61464990e+00  1.36550198e+00  2.22726368e+00
  6.39553215e-01  2.91655607e+00  3.30950590e-01  2.05836565e+00
  2.48224739e+00  1.34237836e+00  4.10424051e+00  1.50087477e+00
  1.49352154e+00  1.51982616e+00  3.01640555e+00  2.82742406e+00
  4.83807679e-01  2.46933388e+00  2.88124385e-01  2.88108784e+00
  2.64755360e+00  1.75852535e+00  5.54215751e-01  2.97144510e+00
 -4.07319576e-01  3.64336524e+00  1.48088586e+00  1.13179273e+00
  1.93732157e+00  1.34193527e+00  8.14719162e-04  1.31344626e+00
  2.23955847e+00  1.53029870e+00  6.07381756e-01  4.44744461e-01
  2.38771771e+00  2.96669320e+00  1.16660465e+00  2.71628901e+00
  2.56228939e+00  7.18829775e-01  2.53957612e+00  6.44502039e-01
  1.29994700e+00  8.10063470e-01  8.91839798e-01  1.67737738e+00
  2.69804658e-01  1.19205300e+00  5.29438793e-01  8.48768242e-01
  3.52295964e+00  3.97236058e+00  2.97701778e+00  2.07323007e+00
  6.02393795e-01  1.04763833e+00  1.60748111e+00  1.47504205e+00]
Device (GPU) time: 0.9035 seconds
Iters. done: 516 [Current cost: -23.20245188190127]
Current parameters: [ 1.20085568e+00  5.49800525e-01  1.81390031e+00  2.50718272e+00
  3.61518156e+00  2.61469744e+00  1.36552562e+00  2.22730306e+00
  6.39572400e-01  2.91653733e+00  3.30997227e-01  2.05832297e+00
  2.48223236e+00  1.34239901e+00  4.10422165e+00  1.50084967e+00
  1.49349028e+00  1.51983540e+00  3.01648166e+00  2.82743152e+00
  4.83840559e-01  2.46936764e+00  2.88152181e-01  2.88105185e+00
  2.64754147e+00  1.75854397e+00  5.54291455e-01  2.97141403e+00
 -4.07353397e-01  3.64334787e+00  1.48089105e+00  1.13181482e+00
  1.93731549e+00  1.34191604e+00  7.54950690e-04  1.31339609e+00
  2.23957485e+00  1.53031739e+00  6.07310687e-01  4.44767679e-01
  2.38771062e+00  2.96670435e+00  1.16659564e+00  2.71626666e+00
  2.56225372e+00  7.18848618e-01  2.53952740e+00  6.44526817e-01
  1.29992253e+00  8.10057806e-01  8.91839032e-01  1.67737898e+00
  2.69846690e-01  1.19205409e+00  5.29445913e-01  8.48720864e-01
  3.52293301e+00  3.97236638e+00  2.97701122e+00  2.07324665e+00
  6.02353886e-01  1.04766852e+00  1.60746751e+00  1.47506802e+00]
Device (GPU) time: 0.7843 seconds
Iters. done: 517 [Current cost: -23.306313237893487]
Current parameters: [ 1.20086280e+00  5.49840450e-01  1.81388797e+00  2.50719081e+00
  3.61509421e+00  2.61465571e+00  1.36547904e+00  2.22730057e+00
  6.39558887e-01  2.91656079e+00  3.31019209e-01  2.05831427e+00
  2.48221493e+00  1.34242031e+00  4.10420847e+00  1.50085521e+00
  1.49351215e+00  1.51982365e+00  3.01646572e+00  2.82743150e+00
  4.83861544e-01  2.46939432e+00  2.88155552e-01  2.88108183e+00
  2.64753488e+00  1.75851992e+00  5.54259956e-01  2.97143972e+00
 -4.07298032e-01  3.64335195e+00  1.48091691e+00  1.13177436e+00
  1.93731463e+00  1.34190306e+00  7.69492023e-04  1.31340957e+00
  2.23954086e+00  1.53031204e+00  6.07335634e-01  4.44774364e-01
  2.38775034e+00  2.96667817e+00  1.16667131e+00  2.71627909e+00
  2.56227192e+00  7.18851984e-01  2.53953342e+00  6.44519724e-01
  1.29990964e+00  8.10045279e-01  8.91867273e-01  1.67740036e+00
  2.69830799e-01  1.19197754e+00  5.29444966e-01  8.48706858e-01
  3.52302431e+00  3.97240308e+00  2.97710254e+00  2.07323725e+00
  6.02470613e-01  1.04763900e+00  1.60746640e+00  1.47505435e+00]
Device (GPU) time: 0.8778 seconds
Iters. done: 518 [Current cost: -23.2357815766842]
Current parameters: [ 1.20080389e+00  5.49812702e-01  1.81388976e+00  2.50720311e+00
  3.61516942e+00  2.61470235e+00  1.36548445e+00  2.22726465e+00
  6.39564921e-01  2.91654011e+00  3.31000023e-01  2.05831135e+00
  2.48230206e+00  1.34239768e+00  4.10424006e+00  1.50086736e+00
  1.49346481e+00  1.51982660e+00  3.01647001e+00  2.82746278e+00
  4.83832918e-01  2.46933993e+00  2.88124105e-01  2.88103625e+00
  2.64752642e+00  1.75852515e+00  5.54244835e-01  2.97141326e+00
 -4.07326886e-01  3.64334140e+00  1.48086511e+00  1.13181899e+00
  1.93730658e+00  1.34188193e+00  7.59377980e-04  1.31340192e+00
  2.23956396e+00  1.53028570e+00  6.07320484e-01  4.44778184e-01
  2.38772190e+00  2.96669430e+00  1.16659945e+00  2.71626533e+00
  2.56228033e+00  7.18831880e-01  2.53953224e+00  6.44496058e-01
  1.29994652e+00  8.10054833e-01  8.91838628e-01  1.67738734e+00
  2.69849918e-01  1.19201948e+00  5.29441873e-01  8.48712133e-01
  3.52294228e+00  3.97235997e+00  2.97703616e+00  2.07325017e+00
  6.02394736e-01  1.04765920e+00  1.60747991e+00  1.47507474e+00]
Device (GPU) time: 0.8113 seconds
Iters. done: 519 [Current cost: -23.432342117732325]
Current parameters: [ 1.20079223e+00  5.49770914e-01  1.81388532e+00  2.50718553e+00
  3.61516071e+00  2.61474585e+00  1.36550253e+00  2.22732155e+00
  6.39599000e-01  2.91654403e+00  3.31017618e-01  2.05833107e+00
  2.48230544e+00  1.34238430e+00  4.10420294e+00  1.50082797e+00
  1.49346996e+00  1.51987268e+00  3.01645155e+00  2.82742768e+00
  4.83838474e-01  2.46932422e+00  2.88154319e-01  2.88103495e+00
  2.64752970e+00  1.75859973e+00  5.54250292e-01  2.97148039e+00
 -4.07280917e-01  3.64333556e+00  1.48089066e+00  1.13178476e+00
  1.93721900e+00  1.34203537e+00  7.36768029e-04  1.31347236e+00
  2.23956884e+00  1.53027997e+00  6.07321957e-01  4.44788948e-01
  2.38772078e+00  2.96669383e+00  1.16660596e+00  2.71625824e+00
  2.56226952e+00  7.18853218e-01  2.53952715e+00  6.44505957e-01
  1.29990897e+00  8.10051123e-01  8.91828735e-01  1.67737366e+00
  2.69855323e-01  1.19204460e+00  5.29439080e-01  8.48708190e-01
  3.52295269e+00  3.97240609e+00  2.97704691e+00  2.07322436e+00
  6.02390334e-01  1.04766837e+00  1.60750472e+00  1.47508804e+00]
Device (GPU) time: 0.8775 seconds
Iters. done: 520 [Current cost: -23.112393359099443]
Current parameters: [ 1.20085408e+00  5.49803100e-01  1.81389973e+00  2.50719306e+00
  3.61517621e+00  2.61468857e+00  1.36553045e+00  2.22727066e+00
  6.39594973e-01  2.91655684e+00  3.31014137e-01  2.05830355e+00
  2.48226311e+00  1.34240875e+00  4.10423710e+00  1.50086163e+00
  1.49346679e+00  1.51980540e+00  3.01642300e+00  2.82746858e+00
  4.83847152e-01  2.46931686e+00  2.88144097e-01  2.88104245e+00
  2.64756519e+00  1.75853190e+00  5.54311505e-01  2.97141320e+00
 -4.07314959e-01  3.64337503e+00  1.48087926e+00  1.13180568e+00
  1.93729514e+00  1.34194146e+00  7.49490856e-04  1.31341152e+00
  2.23960212e+00  1.53029676e+00  6.07337630e-01  4.44747175e-01
  2.38773042e+00  2.96671344e+00  1.16659707e+00  2.71625861e+00
  2.56227782e+00  7.18832700e-01  2.53952394e+00  6.44503579e-01
  1.29993581e+00  8.10053075e-01  8.91859383e-01  1.67739484e+00
  2.69841065e-01  1.19202076e+00  5.29472516e-01  8.48729679e-01
  3.52294154e+00  3.97236883e+00  2.97705372e+00  2.07325937e+00
  6.02400318e-01  1.04764958e+00  1.60746973e+00  1.47507125e+00]
Device (GPU) time: 0.7875 seconds
Iters. done: 521 [Current cost: -23.41606302133183]
Current parameters: [ 1.20085721e+00  5.49781379e-01  1.81387875e+00  2.50721152e+00
  3.61518802e+00  2.61472772e+00  1.36547020e+00  2.22724595e+00
  6.39616722e-01  2.91659215e+00  3.31066901e-01  2.05826970e+00
  2.48225704e+00  1.34233166e+00  4.10418981e+00  1.50092006e+00
  1.49353991e+00  1.51976406e+00  3.01647776e+00  2.82742156e+00
  4.83836215e-01  2.46934705e+00  2.88102014e-01  2.88098710e+00
  2.64751481e+00  1.75854237e+00  5.54286584e-01  2.97141224e+00
 -4.07310176e-01  3.64334904e+00  1.48083447e+00  1.13179283e+00
  1.93735187e+00  1.34195125e+00  7.54063427e-04  1.31342303e+00
  2.23960294e+00  1.53035982e+00  6.07320410e-01  4.44758258e-01
  2.38770261e+00  2.96667750e+00  1.16659290e+00  2.71626722e+00
  2.56228728e+00  7.18846043e-01  2.53953748e+00  6.44492987e-01
  1.29994714e+00  8.10034880e-01  8.91890218e-01  1.67739561e+00
  2.69865734e-01  1.19203116e+00  5.29383561e-01  8.48718718e-01
  3.52296224e+00  3.97237110e+00  2.97704728e+00  2.07319813e+00
  6.02378699e-01  1.04768023e+00  1.60743400e+00  1.47507569e+00]
Device (GPU) time: 0.9013 seconds
Iters. done: 522 [Current cost: -23.285728568537245]
Current parameters: [ 1.20083919e+00  5.49805637e-01  1.81389637e+00  2.50719283e+00
  3.61516544e+00  2.61469217e+00  1.36550266e+00  2.22726035e+00
  6.39606477e-01  2.91655463e+00  3.30998994e-01  2.05831656e+00
  2.48226998e+00  1.34238067e+00  4.10421080e+00  1.50084757e+00
  1.49348396e+00  1.51984497e+00  3.01645598e+00  2.82746655e+00
  4.83826258e-01  2.46933403e+00  2.88138497e-01  2.88107322e+00
  2.64755425e+00  1.75851002e+00  5.54273480e-01  2.97142601e+00
 -4.07318474e-01  3.64337152e+00  1.48086366e+00  1.13178800e+00
  1.93730955e+00  1.34193720e+00  7.84314831e-04  1.31342477e+00
  2.23958816e+00  1.53033279e+00  6.07297256e-01  4.44787674e-01
  2.38774738e+00  2.96667418e+00  1.16659276e+00  2.71627096e+00
  2.56223485e+00  7.18855088e-01  2.53954569e+00  6.44484828e-01
  1.29990849e+00  8.10054484e-01  8.91853803e-01  1.67738304e+00
  2.69826937e-01  1.19199302e+00  5.29452651e-01  8.48695769e-01
  3.52294543e+00  3.97234743e+00  2.97700716e+00  2.07323852e+00
  6.02373623e-01  1.04765554e+00  1.60746603e+00  1.47506623e+00]
Device (GPU) time: 0.8396 seconds
Iters. done: 523 [Current cost: -23.401735669616993]
Current parameters: [ 1.20085490e+00  5.49813640e-01  1.81379768e+00  2.50719245e+00
  3.61509992e+00  2.61470828e+00  1.36554591e+00  2.22722100e+00
  6.39595456e-01  2.91653962e+00  3.31001746e-01  2.05832892e+00
  2.48227574e+00  1.34238506e+00  4.10421522e+00  1.50084689e+00
  1.49352797e+00  1.51981485e+00  3.01643909e+00  2.82744779e+00
  4.83864873e-01  2.46937553e+00  2.88103558e-01  2.88105373e+00
  2.64756657e+00  1.75854387e+00  5.54236248e-01  2.97144194e+00
 -4.07275900e-01  3.64336825e+00  1.48085815e+00  1.13179643e+00
  1.93732299e+00  1.34192471e+00  7.63717248e-04  1.31342332e+00
  2.23954163e+00  1.53030583e+00  6.07356233e-01  4.44755621e-01
  2.38769472e+00  2.96673077e+00  1.16655990e+00  2.71627851e+00
  2.56228037e+00  7.18861876e-01  2.53957067e+00  6.44567927e-01
  1.29988035e+00  8.10044273e-01  8.91844024e-01  1.67742817e+00
  2.69850297e-01  1.19204182e+00  5.29452186e-01  8.48727721e-01
  3.52289788e+00  3.97227757e+00  2.97704148e+00  2.07327512e+00
  6.02368022e-01  1.04762226e+00  1.60749803e+00  1.47508757e+00]
Device (GPU) time: 0.9150 seconds
Iters. done: 524 [Current cost: -23.293685767407005]
Current parameters: [ 1.20087346e+00  5.49802483e-01  1.81388975e+00  2.50718903e+00
  3.61515024e+00  2.61470194e+00  1.36550104e+00  2.22728657e+00
  6.39574189e-01  2.91656136e+00  3.31000017e-01  2.05833064e+00
  2.48226411e+00  1.34236225e+00  4.10423649e+00  1.50087634e+00
  1.49348251e+00  1.51981455e+00  3.01649173e+00  2.82745595e+00
  4.83815124e-01  2.46933732e+00  2.88169502e-01  2.88106746e+00
  2.64759157e+00  1.75852614e+00  5.54244750e-01  2.97140967e+00
 -4.07294474e-01  3.64334818e+00  1.48086216e+00  1.13181265e+00
  1.93730237e+00  1.34194506e+00  7.61376866e-04  1.31341513e+00
  2.23959026e+00  1.53032158e+00  6.07323681e-01  4.44768064e-01
  2.38771759e+00  2.96670724e+00  1.16661041e+00  2.71626929e+00
  2.56229589e+00  7.18831782e-01  2.53950210e+00  6.44521331e-01
  1.29995307e+00  8.10042836e-01  8.91842905e-01  1.67738208e+00
  2.69843935e-01  1.19201251e+00  5.29444754e-01  8.48708110e-01
  3.52294181e+00  3.97235333e+00  2.97701211e+00  2.07323932e+00
  6.02390064e-01  1.04765625e+00  1.60750139e+00  1.47506289e+00]
Device (GPU) time: 0.9084 seconds
Iters. done: 525 [Current cost: -23.27856588648239]
Current parameters: [ 1.20081440e+00  5.49792849e-01  1.81390603e+00  2.50719557e+00
  3.61514162e+00  2.61466942e+00  1.36551811e+00  2.22726400e+00
  6.39614149e-01  2.91655918e+00  3.30980900e-01  2.05832844e+00
  2.48230260e+00  1.34238739e+00  4.10424011e+00  1.50082506e+00
  1.49352123e+00  1.51980506e+00  3.01648969e+00  2.82748724e+00
  4.83877930e-01  2.46933746e+00  2.88089752e-01  2.88103396e+00
  2.64765588e+00  1.75853039e+00  5.54299196e-01  2.97139034e+00
 -4.07357486e-01  3.64334459e+00  1.48085239e+00  1.13178192e+00
  1.93728588e+00  1.34195316e+00  7.74401118e-04  1.31341071e+00
  2.23952429e+00  1.53029335e+00  6.07304768e-01  4.44793697e-01
  2.38764922e+00  2.96671766e+00  1.16666860e+00  2.71627813e+00
  2.56223953e+00  7.18861441e-01  2.53957979e+00  6.44500053e-01
  1.29998943e+00  8.10029644e-01  8.91857711e-01  1.67736957e+00
  2.69873808e-01  1.19206051e+00  5.29467993e-01  8.48706136e-01
  3.52297120e+00  3.97236673e+00  2.97700366e+00  2.07322299e+00
  6.02413693e-01  1.04764773e+00  1.60742538e+00  1.47505931e+00]
Device (GPU) time: 0.7727 seconds
Iters. done: 526 [Current cost: -23.367281533290235]
Current parameters: [ 1.20086377e+00  5.49826087e-01  1.81390227e+00  2.50722166e+00
  3.61517270e+00  2.61471804e+00  1.36553805e+00  2.22724927e+00
  6.39593187e-01  2.91653345e+00  3.31004916e-01  2.05833840e+00
  2.48225400e+00  1.34238074e+00  4.10424286e+00  1.50085775e+00
  1.49346421e+00  1.51978034e+00  3.01647520e+00  2.82744237e+00
  4.83862300e-01  2.46932842e+00  2.88113160e-01  2.88106301e+00
  2.64753838e+00  1.75853573e+00  5.54257678e-01  2.97140809e+00
 -4.07316191e-01  3.64335467e+00  1.48089643e+00  1.13178967e+00
  1.93730554e+00  1.34194795e+00  7.68387548e-04  1.31342362e+00
  2.23956069e+00  1.53031578e+00  6.07307581e-01  4.44784846e-01
  2.38774359e+00  2.96670210e+00  1.16661739e+00  2.71626868e+00
  2.56227991e+00  7.18835216e-01  2.53953223e+00  6.44504784e-01
  1.29993269e+00  8.10052060e-01  8.91819784e-01  1.67737495e+00
  2.69849918e-01  1.19202813e+00  5.29443260e-01  8.48710595e-01
  3.52298027e+00  3.97235787e+00  2.97702540e+00  2.07324485e+00
  6.02368654e-01  1.04764757e+00  1.60747356e+00  1.47510040e+00]
Device (GPU) time: 0.9119 seconds
Iters. done: 527 [Current cost: -23.407130300322244]
Current parameters: [ 1.20082505e+00  5.49832983e-01  1.81392489e+00  2.50714869e+00
  3.61514632e+00  2.61469758e+00  1.36556122e+00  2.22722961e+00
  6.39608464e-01  2.91656565e+00  3.30976709e-01  2.05830360e+00
  2.48228322e+00  1.34235725e+00  4.10426717e+00  1.50088090e+00
  1.49349315e+00  1.51985575e+00  3.01642715e+00  2.82739697e+00
  4.83750727e-01  2.46933642e+00  2.88156255e-01  2.88107667e+00
  2.64753448e+00  1.75854763e+00  5.54276860e-01  2.97141134e+00
 -4.07362565e-01  3.64337601e+00  1.48091530e+00  1.13177132e+00
  1.93732495e+00  1.34191592e+00  7.93883337e-04  1.31341566e+00
  2.23961725e+00  1.53032826e+00  6.07309518e-01  4.44825657e-01
  2.38762309e+00  2.96670063e+00  1.16659890e+00  2.71624911e+00
  2.56230089e+00  7.18843719e-01  2.53953257e+00  6.44493726e-01
  1.29994176e+00  8.10011643e-01  8.91836350e-01  1.67738802e+00
  2.69852488e-01  1.19203262e+00  5.29449925e-01  8.48686872e-01
  3.52297297e+00  3.97235261e+00  2.97708032e+00  2.07326030e+00
  6.02402134e-01  1.04762713e+00  1.60747607e+00  1.47513491e+00]
Device (GPU) time: 0.7974 seconds
Iters. done: 528 [Current cost: -23.387625205321168]
Current parameters: [ 1.20085191e+00  5.49813382e-01  1.81389816e+00  2.50716959e+00
  3.61518901e+00  2.61469960e+00  1.36550261e+00  2.22724981e+00
  6.39574704e-01  2.91655916e+00  3.30993704e-01  2.05829138e+00
  2.48226340e+00  1.34237763e+00  4.10423789e+00  1.50085140e+00
  1.49348163e+00  1.51982918e+00  3.01646940e+00  2.82741777e+00
  4.83859527e-01  2.46933068e+00  2.88142833e-01  2.88105142e+00
  2.64756236e+00  1.75854005e+00  5.54264843e-01  2.97141808e+00
 -4.07316657e-01  3.64336784e+00  1.48087691e+00  1.13181301e+00
  1.93732576e+00  1.34193837e+00  7.68976845e-04  1.31344083e+00
  2.23957154e+00  1.53030251e+00  6.07311414e-01  4.44770355e-01
  2.38772282e+00  2.96668421e+00  1.16662645e+00  2.71627089e+00
  2.56225461e+00  7.18881028e-01  2.53953168e+00  6.44526895e-01
  1.29996310e+00  8.10090948e-01  8.91838573e-01  1.67740671e+00
  2.69862349e-01  1.19200585e+00  5.29442982e-01  8.48722087e-01
  3.52292129e+00  3.97237417e+00  2.97702997e+00  2.07324126e+00
  6.02395349e-01  1.04762208e+00  1.60748375e+00  1.47509960e+00]
Device (GPU) time: 0.8729 seconds
Iters. done: 529 [Current cost: -23.254526265430357]
Current parameters: [ 1.20084933e+00  5.49839400e-01  1.81386750e+00  2.50721588e+00
  3.61517414e+00  2.61466830e+00  1.36552006e+00  2.22726535e+00
  6.39587745e-01  2.91660569e+00  3.31054364e-01  2.05828865e+00
  2.48226718e+00  1.34238244e+00  4.10428206e+00  1.50079521e+00
  1.49348187e+00  1.51980413e+00  3.01647609e+00  2.82741480e+00
  4.83835545e-01  2.46933164e+00  2.88160785e-01  2.88106892e+00
  2.64753947e+00  1.75853993e+00  5.54254499e-01  2.97144534e+00
 -4.07350879e-01  3.64337688e+00  1.48084602e+00  1.13181222e+00
  1.93731725e+00  1.34192819e+00  7.96259018e-04  1.31343493e+00
  2.23958314e+00  1.53031426e+00  6.07296992e-01  4.44785294e-01
  2.38772072e+00  2.96674847e+00  1.16668316e+00  2.71627244e+00
  2.56230621e+00  7.18837807e-01  2.53953960e+00  6.44435315e-01
  1.29986231e+00  8.10032229e-01  8.91806780e-01  1.67735129e+00
  2.69877317e-01  1.19202661e+00  5.29443802e-01  8.48774534e-01
  3.52287284e+00  3.97234615e+00  2.97702490e+00  2.07324256e+00
  6.02414998e-01  1.04770126e+00  1.60746758e+00  1.47505452e+00]
Device (GPU) time: 0.8559 seconds
Iters. done: 530 [Current cost: -23.2728876258542]
Current parameters: [ 1.20084635e+00  5.49821353e-01  1.81388915e+00  2.50719044e+00
  3.61516108e+00  2.61470380e+00  1.36550810e+00  2.22725707e+00
  6.39598313e-01  2.91656334e+00  3.30987738e-01  2.05833564e+00
  2.48227395e+00  1.34237554e+00  4.10423459e+00  1.50084968e+00
  1.49346973e+00  1.51982302e+00  3.01642763e+00  2.82743370e+00
  4.83844677e-01  2.46935178e+00  2.88147861e-01  2.88104159e+00
  2.64755684e+00  1.75853731e+00  5.54272244e-01  2.97142080e+00
 -4.07339800e-01  3.64337047e+00  1.48085352e+00  1.13181831e+00
  1.93734418e+00  1.34195582e+00  7.58404528e-04  1.31341352e+00
  2.23956172e+00  1.53029741e+00  6.07299152e-01  4.44757106e-01
  2.38770986e+00  2.96669706e+00  1.16661916e+00  2.71626134e+00
  2.56230268e+00  7.18843064e-01  2.53954522e+00  6.44521141e-01
  1.29993070e+00  8.10068837e-01  8.91814306e-01  1.67738873e+00
  2.69826741e-01  1.19201465e+00  5.29438823e-01  8.48677635e-01
  3.52295668e+00  3.97237871e+00  2.97704534e+00  2.07323525e+00
  6.02368786e-01  1.04766724e+00  1.60747490e+00  1.47502979e+00]
Device (GPU) time: 0.9155 seconds
Iters. done: 531 [Current cost: -23.415492691515983]
Current parameters: [ 1.20083837e+00  5.49785046e-01  1.81388355e+00  2.50719933e+00
  3.61517333e+00  2.61469363e+00  1.36551495e+00  2.22731720e+00
  6.39565171e-01  2.91653285e+00  3.30992294e-01  2.05827532e+00
  2.48224888e+00  1.34236759e+00  4.10422360e+00  1.50085193e+00
  1.49346712e+00  1.51982768e+00  3.01645642e+00  2.82747917e+00
  4.83819488e-01  2.46931442e+00  2.88122940e-01  2.88107166e+00
  2.64751986e+00  1.75852699e+00  5.54309406e-01  2.97143473e+00
 -4.07319076e-01  3.64335593e+00  1.48086213e+00  1.13182614e+00
  1.93735933e+00  1.34198402e+00  7.53007850e-04  1.31338506e+00
  2.23953399e+00  1.53031717e+00  6.07293071e-01  4.44725682e-01
  2.38771389e+00  2.96666596e+00  1.16660913e+00  2.71627841e+00
  2.56232970e+00  7.18842997e-01  2.53958908e+00  6.44546768e-01
  1.29993116e+00  8.10008645e-01  8.91801962e-01  1.67734050e+00
  2.69822891e-01  1.19200275e+00  5.29438356e-01  8.48681127e-01
  3.52292626e+00  3.97233828e+00  2.97698014e+00  2.07327502e+00
  6.02478908e-01  1.04765098e+00  1.60744037e+00  1.47515758e+00]
Device (GPU) time: 0.7926 seconds
Iters. done: 532 [Current cost: -23.243162376674704]
Current parameters: [ 1.20085336e+00  5.49831958e-01  1.81387897e+00  2.50718950e+00
  3.61517347e+00  2.61472265e+00  1.36548503e+00  2.22727536e+00
  6.39606446e-01  2.91655821e+00  3.30967194e-01  2.05829978e+00
  2.48223284e+00  1.34238736e+00  4.10421164e+00  1.50084268e+00
  1.49347075e+00  1.51980147e+00  3.01647481e+00  2.82746118e+00
  4.83824467e-01  2.46932939e+00  2.88120929e-01  2.88107647e+00
  2.64753172e+00  1.75855627e+00  5.54270034e-01  2.97144287e+00
 -4.07308687e-01  3.64339327e+00  1.48087842e+00  1.13179229e+00
  1.93731613e+00  1.34192969e+00  7.79452234e-04  1.31341653e+00
  2.23958589e+00  1.53027614e+00  6.07322604e-01  4.44786232e-01
  2.38770282e+00  2.96669756e+00  1.16662265e+00  2.71625952e+00
  2.56228327e+00  7.18844345e-01  2.53953725e+00  6.44512228e-01
  1.29995527e+00  8.10050212e-01  8.91860174e-01  1.67739230e+00
  2.69843691e-01  1.19204943e+00  5.29454508e-01  8.48703971e-01
  3.52293942e+00  3.97235557e+00  2.97701821e+00  2.07324362e+00
  6.02394577e-01  1.04766663e+00  1.60747476e+00  1.47505504e+00]
Device (GPU) time: 0.8755 seconds
Iters. done: 533 [Current cost: -23.33817759252152]
Current parameters: [ 1.20082298e+00  5.49831095e-01  1.81383951e+00  2.50714673e+00
  3.61522467e+00  2.61470995e+00  1.36557117e+00  2.22726885e+00
  6.39534706e-01  2.91660173e+00  3.31003025e-01  2.05829106e+00
  2.48224322e+00  1.34235840e+00  4.10419320e+00  1.50087066e+00
  1.49348013e+00  1.51980302e+00  3.01643936e+00  2.82744199e+00
  4.83858158e-01  2.46932744e+00  2.88126597e-01  2.88102408e+00
  2.64759834e+00  1.75856436e+00  5.54203791e-01  2.97145407e+00
 -4.07343122e-01  3.64336498e+00  1.48088078e+00  1.13181684e+00
  1.93730251e+00  1.34192017e+00  7.64920433e-04  1.31340788e+00
  2.23956123e+00  1.53031437e+00  6.07268846e-01  4.44789918e-01
  2.38773564e+00  2.96671059e+00  1.16658199e+00  2.71620097e+00
  2.56226653e+00  7.18838680e-01  2.53951884e+00  6.44490579e-01
  1.29992099e+00  8.10008436e-01  8.91855262e-01  1.67738586e+00
  2.69830517e-01  1.19202044e+00  5.29435931e-01  8.48707812e-01
  3.52299803e+00  3.97238855e+00  2.97697828e+00  2.07331229e+00
  6.02422579e-01  1.04760989e+00  1.60744981e+00  1.47502754e+00]
Device (GPU) time: 0.7654 seconds
Iters. done: 534 [Current cost: -23.15055944269049]
Current parameters: [ 1.20085335e+00  5.49819130e-01  1.81389263e+00  2.50718909e+00
  3.61516903e+00  2.61469340e+00  1.36552636e+00  2.22728519e+00
  6.39598848e-01  2.91654994e+00  3.30996837e-01  2.05833224e+00
  2.48227864e+00  1.34239564e+00  4.10423467e+00  1.50086700e+00
  1.49348401e+00  1.51981825e+00  3.01646222e+00  2.82744628e+00
  4.83840354e-01  2.46934077e+00  2.88128879e-01  2.88105899e+00
  2.64755698e+00  1.75852470e+00  5.54268356e-01  2.97145354e+00
 -4.07329535e-01  3.64336559e+00  1.48086528e+00  1.13178025e+00
  1.93731609e+00  1.34194004e+00  7.84151424e-04  1.31340954e+00
  2.23958187e+00  1.53029618e+00  6.07304768e-01  4.44751429e-01
  2.38771090e+00  2.96669997e+00  1.16659611e+00  2.71627548e+00
  2.56226648e+00  7.18859962e-01  2.53952080e+00  6.44503688e-01
  1.29995231e+00  8.10063440e-01  8.91831476e-01  1.67740503e+00
  2.69864667e-01  1.19201316e+00  5.29406313e-01  8.48722087e-01
  3.52296055e+00  3.97235595e+00  2.97702704e+00  2.07327705e+00
  6.02402276e-01  1.04769412e+00  1.60747329e+00  1.47507776e+00]
Device (GPU) time: 0.8760 seconds
Iters. done: 535 [Current cost: -23.28693278623953]
Current parameters: [ 1.20085389e+00  5.49821022e-01  1.81389507e+00  2.50718848e+00
  3.61517203e+00  2.61470091e+00  1.36551302e+00  2.22727197e+00
  6.39593903e-01  2.91654259e+00  3.31002375e-01  2.05832418e+00
  2.48227694e+00  1.34237820e+00  4.10420850e+00  1.50085002e+00
  1.49347734e+00  1.51981702e+00  3.01647347e+00  2.82744132e+00
  4.83841960e-01  2.46934332e+00  2.88146190e-01  2.88105007e+00
  2.64755325e+00  1.75853071e+00  5.54269007e-01  2.97142887e+00
 -4.07328199e-01  3.64336916e+00  1.48087416e+00  1.13181380e+00
  1.93730588e+00  1.34193840e+00  7.76888411e-04  1.31341894e+00
  2.23957697e+00  1.53031408e+00  6.07318694e-01  4.44775337e-01
  2.38771321e+00  2.96670292e+00  1.16660256e+00  2.71627611e+00
  2.56227988e+00  7.18839283e-01  2.53954297e+00  6.44503128e-01
  1.29994230e+00  8.10052385e-01  8.91836116e-01  1.67739568e+00
  2.69831907e-01  1.19202869e+00  5.29434683e-01  8.48722103e-01
  3.52294411e+00  3.97236287e+00  2.97703440e+00  2.07325328e+00
  6.02404305e-01  1.04764800e+00  1.60746383e+00  1.47507213e+00]
Device (GPU) time: 0.7846 seconds
Iters. done: 536 [Current cost: -23.09615343065563]
Current parameters: [ 1.20084916e+00  5.49808502e-01  1.81389559e+00  2.50718567e+00
  3.61515170e+00  2.61471780e+00  1.36552916e+00  2.22727602e+00
  6.39583299e-01  2.91654418e+00  3.31010714e-01  2.05831913e+00
  2.48224231e+00  1.34241038e+00  4.10424794e+00  1.50087568e+00
  1.49348601e+00  1.51983285e+00  3.01646485e+00  2.82745237e+00
  4.83830518e-01  2.46934910e+00  2.88106878e-01  2.88105738e+00
  2.64755470e+00  1.75852037e+00  5.54269290e-01  2.97141208e+00
 -4.07331034e-01  3.64337461e+00  1.48085483e+00  1.13181645e+00
  1.93731737e+00  1.34193958e+00  7.45056891e-04  1.31345582e+00
  2.23959111e+00  1.53029687e+00  6.07299960e-01  4.44787587e-01
  2.38771696e+00  2.96670161e+00  1.16661358e+00  2.71626692e+00
  2.56227524e+00  7.18847724e-01  2.53955954e+00  6.44496037e-01
  1.29994522e+00  8.10045521e-01  8.91841457e-01  1.67739236e+00
  2.69818076e-01  1.19202825e+00  5.29418367e-01  8.48727424e-01
  3.52294663e+00  3.97236852e+00  2.97702446e+00  2.07325188e+00
  6.02401085e-01  1.04765567e+00  1.60749529e+00  1.47506641e+00]
Device (GPU) time: 0.9398 seconds
Iters. done: 537 [Current cost: -23.214259054068236]
Current parameters: [ 1.20084237e+00  5.49813452e-01  1.81390342e+00  2.50718578e+00
  3.61518092e+00  2.61470165e+00  1.36551026e+00  2.22727649e+00
  6.39592323e-01  2.91653989e+00  3.31013086e-01  2.05831763e+00
  2.48227458e+00  1.34239474e+00  4.10422401e+00  1.50086313e+00
  1.49349311e+00  1.51982103e+00  3.01646913e+00  2.82744187e+00
  4.83846462e-01  2.46933273e+00  2.88137945e-01  2.88105477e+00
  2.64756063e+00  1.75853825e+00  5.54264688e-01  2.97142530e+00
 -4.07319595e-01  3.64337731e+00  1.48087926e+00  1.13180179e+00
  1.93732513e+00  1.34193451e+00  7.72407902e-04  1.31342191e+00
  2.23957424e+00  1.53031375e+00  6.07301522e-01  4.44777541e-01
  2.38771825e+00  2.96671115e+00  1.16660706e+00  2.71626887e+00
  2.56228178e+00  7.18841594e-01  2.53954793e+00  6.44517744e-01
  1.29993484e+00  8.10047060e-01  8.91847129e-01  1.67738758e+00
  2.69842543e-01  1.19202542e+00  5.29444486e-01  8.48711654e-01
  3.52294826e+00  3.97235958e+00  2.97703233e+00  2.07325208e+00
  6.02399721e-01  1.04766545e+00  1.60749038e+00  1.47506937e+00]
Device (GPU) time: 0.8030 seconds
Iters. done: 538 [Current cost: -23.3280482281869]
Current parameters: [ 1.20084095e+00  5.49829672e-01  1.81389575e+00  2.50720603e+00
  3.61517855e+00  2.61471185e+00  1.36552026e+00  2.22727140e+00
  6.39585280e-01  2.91652458e+00  3.30993667e-01  2.05830325e+00
  2.48226268e+00  1.34238202e+00  4.10423513e+00  1.50087483e+00
  1.49349023e+00  1.51983186e+00  3.01648296e+00  2.82745742e+00
  4.83814132e-01  2.46934487e+00  2.88125824e-01  2.88104942e+00
  2.64755407e+00  1.75855741e+00  5.54283157e-01  2.97144312e+00
 -4.07342595e-01  3.64335879e+00  1.48084960e+00  1.13178499e+00
  1.93732171e+00  1.34194397e+00  7.65623750e-04  1.31342177e+00
  2.23955772e+00  1.53032170e+00  6.07315672e-01  4.44770868e-01
  2.38772351e+00  2.96673154e+00  1.16660176e+00  2.71626701e+00
  2.56228909e+00  7.18862860e-01  2.53952942e+00  6.44503898e-01
  1.29993657e+00  8.10061118e-01  8.91835410e-01  1.67740381e+00
  2.69838160e-01  1.19199657e+00  5.29475373e-01  8.48733906e-01
  3.52296044e+00  3.97236186e+00  2.97703122e+00  2.07323561e+00
  6.02396226e-01  1.04765004e+00  1.60747696e+00  1.47505983e+00]
Device (GPU) time: 0.8859 seconds
Iters. done: 539 [Current cost: -23.318032794728534]
Current parameters: [ 1.20084585e+00  5.49809031e-01  1.81388577e+00  2.50719492e+00
  3.61517085e+00  2.61469800e+00  1.36552310e+00  2.22726612e+00
  6.39569006e-01  2.91653773e+00  3.30996961e-01  2.05832349e+00
  2.48226479e+00  1.34237376e+00  4.10421603e+00  1.50086640e+00
  1.49347987e+00  1.51982239e+00  3.01646904e+00  2.82744490e+00
  4.83851210e-01  2.46934243e+00  2.88145081e-01  2.88105958e+00
  2.64755508e+00  1.75853889e+00  5.54274211e-01  2.97142572e+00
 -4.07327052e-01  3.64336852e+00  1.48086047e+00  1.13180285e+00
  1.93731857e+00  1.34193555e+00  7.70421491e-04  1.31342995e+00
  2.23958804e+00  1.53029614e+00  6.07305389e-01  4.44777576e-01
  2.38771456e+00  2.96670254e+00  1.16660564e+00  2.71626755e+00
  2.56227686e+00  7.18849630e-01  2.53954122e+00  6.44504360e-01
  1.29993690e+00  8.10047671e-01  8.91842528e-01  1.67739050e+00
  2.69842983e-01  1.19202466e+00  5.29450344e-01  8.48718923e-01
  3.52295368e+00  3.97235800e+00  2.97703635e+00  2.07323844e+00
  6.02403651e-01  1.04767096e+00  1.60747466e+00  1.47507743e+00]
Device (GPU) time: 0.7768 seconds
Iters. done: 540 [Current cost: -23.15355894421667]
Current parameters: [ 1.20085245e+00  5.49809387e-01  1.81389809e+00  2.50718975e+00
  3.61515212e+00  2.61470251e+00  1.36549396e+00  2.22727198e+00
  6.39605826e-01  2.91655375e+00  3.30989947e-01  2.05833172e+00
  2.48225061e+00  1.34240669e+00  4.10421955e+00  1.50087152e+00
  1.49346654e+00  1.51981763e+00  3.01646008e+00  2.82744059e+00
  4.83843803e-01  2.46934515e+00  2.88144961e-01  2.88102551e+00
  2.64756313e+00  1.75854464e+00  5.54242142e-01  2.97143347e+00
 -4.07341876e-01  3.64338893e+00  1.48084193e+00  1.13179485e+00
  1.93732662e+00  1.34192773e+00  7.70686170e-04  1.31342988e+00
  2.23957091e+00  1.53032112e+00  6.07318565e-01  4.44763416e-01
  2.38771255e+00  2.96670013e+00  1.16660011e+00  2.71627563e+00
  2.56227391e+00  7.18843809e-01  2.53953713e+00  6.44499625e-01
  1.29993163e+00  8.10043946e-01  8.91840721e-01  1.67737143e+00
  2.69847357e-01  1.19202676e+00  5.29471680e-01  8.48726411e-01
  3.52295411e+00  3.97238542e+00  2.97701859e+00  2.07325834e+00
  6.02394449e-01  1.04766009e+00  1.60748337e+00  1.47510824e+00]
Device (GPU) time: 0.8805 seconds
Iters. done: 541 [Current cost: -23.424780133041555]
Current parameters: [ 1.20085371e+00  5.49801918e-01  1.81390384e+00  2.50720721e+00
  3.61515402e+00  2.61471043e+00  1.36551680e+00  2.22727268e+00
  6.39587827e-01  2.91654299e+00  3.30993051e-01  2.05830457e+00
  2.48226819e+00  1.34237665e+00  4.10421934e+00  1.50085544e+00
  1.49349012e+00  1.51982218e+00  3.01646383e+00  2.82743897e+00
  4.83842403e-01  2.46933801e+00  2.88135483e-01  2.88105355e+00
  2.64755340e+00  1.75853876e+00  5.54265626e-01  2.97142610e+00
 -4.07335836e-01  3.64336678e+00  1.48086583e+00  1.13180649e+00
  1.93731588e+00  1.34193645e+00  7.69427671e-04  1.31342544e+00
  2.23957561e+00  1.53031168e+00  6.07309484e-01  4.44776035e-01
  2.38771801e+00  2.96670402e+00  1.16660547e+00  2.71626320e+00
  2.56227547e+00  7.18844395e-01  2.53953450e+00  6.44506153e-01
  1.29993990e+00  8.10066036e-01  8.91846569e-01  1.67737592e+00
  2.69842405e-01  1.19202567e+00  5.29444695e-01  8.48719957e-01
  3.52295041e+00  3.97235714e+00  2.97703476e+00  2.07326785e+00
  6.02405330e-01  1.04765898e+00  1.60748231e+00  1.47506546e+00]
Device (GPU) time: 0.7927 seconds
Iters. done: 542 [Current cost: -23.331871823446747]
Current parameters: [ 1.20088034e+00  5.49825223e-01  1.81387773e+00  2.50718044e+00
  3.61517114e+00  2.61468287e+00  1.36551235e+00  2.22728734e+00
  6.39593841e-01  2.91653845e+00  3.30987775e-01  2.05830033e+00
  2.48228123e+00  1.34238049e+00  4.10422439e+00  1.50085096e+00
  1.49349994e+00  1.51981959e+00  3.01645688e+00  2.82745051e+00
  4.83857676e-01  2.46931417e+00  2.88116137e-01  2.88106062e+00
  2.64754517e+00  1.75854004e+00  5.54264231e-01  2.97142481e+00
 -4.07365211e-01  3.64335410e+00  1.48086394e+00  1.13179985e+00
  1.93731128e+00  1.34193296e+00  7.63264879e-04  1.31342908e+00
  2.23957110e+00  1.53031809e+00  6.07323059e-01  4.44767967e-01
  2.38771322e+00  2.96668405e+00  1.16660000e+00  2.71626563e+00
  2.56227277e+00  7.18830367e-01  2.53953112e+00  6.44500528e-01
  1.29993633e+00  8.10031890e-01  8.91835012e-01  1.67739796e+00
  2.69839069e-01  1.19202131e+00  5.29445876e-01  8.48712521e-01
  3.52294927e+00  3.97237181e+00  2.97703228e+00  2.07323036e+00
  6.02395698e-01  1.04766151e+00  1.60751856e+00  1.47507451e+00]
Device (GPU) time: 0.8882 seconds
Iters. done: 543 [Current cost: -23.42483617454499]
Current parameters: [ 1.20084633e+00  5.49816192e-01  1.81389595e+00  2.50719498e+00
  3.61516691e+00  2.61470354e+00  1.36551452e+00  2.22727657e+00
  6.39579656e-01  2.91655030e+00  3.30990745e-01  2.05830879e+00
  2.48226434e+00  1.34238101e+00  4.10422312e+00  1.50086329e+00
  1.49347115e+00  1.51982274e+00  3.01645355e+00  2.82745289e+00
  4.83843395e-01  2.46934019e+00  2.88137803e-01  2.88106157e+00
  2.64755926e+00  1.75853753e+00  5.54271188e-01  2.97142725e+00
 -4.07326129e-01  3.64337350e+00  1.48086705e+00  1.13180699e+00
  1.93730734e+00  1.34192920e+00  7.67338302e-04  1.31343071e+00
  2.23956334e+00  1.53033560e+00  6.07316686e-01  4.44778315e-01
  2.38771863e+00  2.96671218e+00  1.16660530e+00  2.71626925e+00
  2.56227974e+00  7.18852514e-01  2.53954495e+00  6.44507242e-01
  1.29994160e+00  8.10049423e-01  8.91840522e-01  1.67739641e+00
  2.69848746e-01  1.19203098e+00  5.29432129e-01  8.48717237e-01
  3.52294844e+00  3.97236683e+00  2.97703422e+00  2.07324629e+00
  6.02395651e-01  1.04767031e+00  1.60747942e+00  1.47507551e+00]
Device (GPU) time: 0.7906 seconds
Iters. done: 544 [Current cost: -23.215563212215628]
Current parameters: [ 1.20085145e+00  5.49805423e-01  1.81390803e+00  2.50719823e+00
  3.61515790e+00  2.61470403e+00  1.36553046e+00  2.22725242e+00
  6.39582147e-01  2.91652230e+00  3.30983008e-01  2.05829376e+00
  2.48224950e+00  1.34240211e+00  4.10423068e+00  1.50084109e+00
  1.49350431e+00  1.51982508e+00  3.01646942e+00  2.82747373e+00
  4.83838708e-01  2.46932035e+00  2.88162487e-01  2.88101836e+00
  2.64755395e+00  1.75854276e+00  5.54236063e-01  2.97142416e+00
 -4.07321683e-01  3.64337186e+00  1.48088727e+00  1.13180091e+00
  1.93732465e+00  1.34194068e+00  7.66364043e-04  1.31342705e+00
  2.23957642e+00  1.53031460e+00  6.07312065e-01  4.44763105e-01
  2.38770923e+00  2.96669486e+00  1.16661027e+00  2.71626995e+00
  2.56227614e+00  7.18847006e-01  2.53953231e+00  6.44496068e-01
  1.29993667e+00  8.10038235e-01  8.91828657e-01  1.67741030e+00
  2.69836589e-01  1.19202068e+00  5.29432106e-01  8.48713053e-01
  3.52294507e+00  3.97236287e+00  2.97703073e+00  2.07323977e+00
  6.02395931e-01  1.04767719e+00  1.60746487e+00  1.47506795e+00]
Device (GPU) time: 0.8692 seconds
Iters. done: 545 [Current cost: -23.28636614913432]
Current parameters: [ 1.20084230e+00  5.49821400e-01  1.81390077e+00  2.50719118e+00
  3.61516174e+00  2.61470193e+00  1.36551677e+00  2.22728038e+00
  6.39588532e-01  2.91654742e+00  3.30993819e-01  2.05831719e+00
  2.48226565e+00  1.34238278e+00  4.10422813e+00  1.50086036e+00
  1.49348585e+00  1.51981273e+00  3.01645633e+00  2.82745169e+00
  4.83842517e-01  2.46934059e+00  2.88140222e-01  2.88106199e+00
  2.64754684e+00  1.75854326e+00  5.54252423e-01  2.97141599e+00
 -4.07330368e-01  3.64336066e+00  1.48086468e+00  1.13180556e+00
  1.93731509e+00  1.34194909e+00  7.73242428e-04  1.31341311e+00
  2.23957383e+00  1.53031100e+00  6.07293286e-01  4.44770552e-01
  2.38771592e+00  2.96670051e+00  1.16660047e+00  2.71627373e+00
  2.56227723e+00  7.18849584e-01  2.53954132e+00  6.44507730e-01
  1.29993944e+00  8.10049141e-01  8.91855359e-01  1.67739766e+00
  2.69837792e-01  1.19202541e+00  5.29445285e-01  8.48736469e-01
  3.52294230e+00  3.97236700e+00  2.97703490e+00  2.07324449e+00
  6.02396977e-01  1.04765743e+00  1.60747690e+00  1.47507430e+00]
Device (GPU) time: 0.7851 seconds
Iters. done: 546 [Current cost: -23.444908376180827]
Current parameters: [ 1.20086447e+00  5.49834187e-01  1.81388400e+00  2.50718289e+00
  3.61517970e+00  2.61470228e+00  1.36550834e+00  2.22727006e+00
  6.39599227e-01  2.91653986e+00  3.30988371e-01  2.05832048e+00
  2.48227735e+00  1.34239138e+00  4.10422131e+00  1.50085515e+00
  1.49348269e+00  1.51985171e+00  3.01646527e+00  2.82743924e+00
  4.83834457e-01  2.46934543e+00  2.88131583e-01  2.88105882e+00
  2.64754579e+00  1.75855011e+00  5.54260096e-01  2.97137709e+00
 -4.07312497e-01  3.64335476e+00  1.48087274e+00  1.13180696e+00
  1.93732854e+00  1.34194757e+00  7.67789218e-04  1.31344785e+00
  2.23956151e+00  1.53031168e+00  6.07324499e-01  4.44753511e-01
  2.38772095e+00  2.96670318e+00  1.16660642e+00  2.71625084e+00
  2.56227555e+00  7.18849943e-01  2.53953916e+00  6.44495879e-01
  1.29994557e+00  8.10032430e-01  8.91854532e-01  1.67737639e+00
  2.69853752e-01  1.19201576e+00  5.29450698e-01  8.48731503e-01
  3.52295572e+00  3.97235928e+00  2.97703274e+00  2.07327217e+00
  6.02395969e-01  1.04768096e+00  1.60745897e+00  1.47506618e+00]
Device (GPU) time: 0.8795 seconds
Iters. done: 547 [Current cost: -23.31231698957105]
Current parameters: [ 1.20083778e+00  5.49810788e-01  1.81389227e+00  2.50719306e+00
  3.61516397e+00  2.61469585e+00  1.36551967e+00  2.22727912e+00
  6.39593408e-01  2.91654418e+00  3.30998524e-01  2.05831540e+00
  2.48226628e+00  1.34238918e+00  4.10422205e+00  1.50085407e+00
  1.49348339e+00  1.51983143e+00  3.01647251e+00  2.82745308e+00
  4.83852070e-01  2.46933628e+00  2.88129932e-01  2.88106380e+00
  2.64755410e+00  1.75853595e+00  5.54256210e-01  2.97142699e+00
 -4.07337318e-01  3.64337034e+00  1.48086963e+00  1.13180265e+00
  1.93732305e+00  1.34193642e+00  7.68750841e-04  1.31343244e+00
  2.23959163e+00  1.53031684e+00  6.07317416e-01  4.44768232e-01
  2.38772070e+00  2.96670431e+00  1.16660209e+00  2.71626812e+00
  2.56229769e+00  7.18851989e-01  2.53953154e+00  6.44511741e-01
  1.29994159e+00  8.10049193e-01  8.91843220e-01  1.67738475e+00
  2.69850093e-01  1.19202395e+00  5.29438960e-01  8.48719145e-01
  3.52294995e+00  3.97236698e+00  2.97703342e+00  2.07324523e+00
  6.02391376e-01  1.04764861e+00  1.60746505e+00  1.47506981e+00]
Device (GPU) time: 0.7926 seconds
Iters. done: 548 [Current cost: -23.34618860621168]
Current parameters: [ 1.20084782e+00  5.49814815e-01  1.81388880e+00  2.50718807e+00
  3.61517492e+00  2.61470366e+00  1.36552398e+00  2.22728259e+00
  6.39605214e-01  2.91654620e+00  3.31002478e-01  2.05831122e+00
  2.48226904e+00  1.34238697e+00  4.10423813e+00  1.50086738e+00
  1.49350510e+00  1.51981333e+00  3.01645385e+00  2.82743203e+00
  4.83849980e-01  2.46933731e+00  2.88127168e-01  2.88106250e+00
  2.64754836e+00  1.75853174e+00  5.54236691e-01  2.97142876e+00
 -4.07334052e-01  3.64336643e+00  1.48086665e+00  1.13182036e+00
  1.93729390e+00  1.34193236e+00  7.47288105e-04  1.31341804e+00
  2.23958559e+00  1.53032309e+00  6.07324894e-01  4.44793289e-01
  2.38771527e+00  2.96669390e+00  1.16661569e+00  2.71627269e+00
  2.56228542e+00  7.18861109e-01  2.53953835e+00  6.44522372e-01
  1.29995152e+00  8.10062072e-01  8.91838859e-01  1.67739513e+00
  2.69817819e-01  1.19200772e+00  5.29480515e-01  8.48711826e-01
  3.52294653e+00  3.97235992e+00  2.97702615e+00  2.07325567e+00
  6.02396495e-01  1.04769970e+00  1.60744963e+00  1.47508028e+00]
Device (GPU) time: 0.8876 seconds
Iters. done: 549 [Current cost: -23.27658251588049]
Current parameters: [ 1.20085330e+00  5.49806722e-01  1.81388434e+00  2.50719180e+00
  3.61516393e+00  2.61469674e+00  1.36551888e+00  2.22728446e+00
  6.39591965e-01  2.91654582e+00  3.31005716e-01  2.05831483e+00
  2.48225602e+00  1.34238435e+00  4.10422330e+00  1.50086360e+00
  1.49348548e+00  1.51982370e+00  3.01646642e+00  2.82744252e+00
  4.83842911e-01  2.46933211e+00  2.88143782e-01  2.88105428e+00
  2.64755444e+00  1.75853412e+00  5.54262870e-01  2.97142915e+00
 -4.07328876e-01  3.64336764e+00  1.48087692e+00  1.13180326e+00
  1.93731611e+00  1.34193549e+00  7.68141491e-04  1.31342710e+00
  2.23955821e+00  1.53030459e+00  6.07307334e-01  4.44777635e-01
  2.38771400e+00  2.96670439e+00  1.16659525e+00  2.71626798e+00
  2.56228738e+00  7.18847289e-01  2.53954850e+00  6.44486174e-01
  1.29995647e+00  8.10053805e-01  8.91844040e-01  1.67738945e+00
  2.69843602e-01  1.19201431e+00  5.29449119e-01  8.48716087e-01
  3.52294348e+00  3.97236008e+00  2.97703806e+00  2.07324937e+00
  6.02385413e-01  1.04765974e+00  1.60747383e+00  1.47507379e+00]
Device (GPU) time: 0.7857 seconds
Iters. done: 550 [Current cost: -23.391441864089042]
Current parameters: [ 1.20086757e+00  5.49806398e-01  1.81390437e+00  2.50719084e+00
  3.61518863e+00  2.61469256e+00  1.36552975e+00  2.22726354e+00
  6.39613752e-01  2.91655509e+00  3.31009985e-01  2.05830461e+00
  2.48225483e+00  1.34237995e+00  4.10422417e+00  1.50087376e+00
  1.49346731e+00  1.51984177e+00  3.01648594e+00  2.82746673e+00
  4.83835212e-01  2.46932714e+00  2.88136067e-01  2.88106943e+00
  2.64755152e+00  1.75851955e+00  5.54241767e-01  2.97143079e+00
 -4.07327518e-01  3.64336277e+00  1.48084840e+00  1.13180803e+00
  1.93731275e+00  1.34193577e+00  7.52322539e-04  1.31342591e+00
  2.23954837e+00  1.53030037e+00  6.07300946e-01  4.44774358e-01
  2.38770138e+00  2.96669539e+00  1.16660084e+00  2.71627027e+00
  2.56226795e+00  7.18840786e-01  2.53953199e+00  6.44524008e-01
  1.29991709e+00  8.10057743e-01  8.91841201e-01  1.67739133e+00
  2.69850842e-01  1.19204318e+00  5.29450491e-01  8.48718134e-01
  3.52295115e+00  3.97236775e+00  2.97706434e+00  2.07324970e+00
  6.02404377e-01  1.04766130e+00  1.60746653e+00  1.47506823e+00]
Device (GPU) time: 0.8604 seconds
Iters. done: 551 [Current cost: -23.25714548457834]
Current parameters: [ 1.20085018e+00  5.49811522e-01  1.81389880e+00  2.50718302e+00
  3.61516595e+00  2.61470393e+00  1.36551970e+00  2.22727654e+00
  6.39585753e-01  2.91654105e+00  3.30994554e-01  2.05831702e+00
  2.48226325e+00  1.34238795e+00  4.10423370e+00  1.50086942e+00
  1.49347931e+00  1.51981261e+00  3.01647380e+00  2.82744712e+00
  4.83839954e-01  2.46933651e+00  2.88133060e-01  2.88105504e+00
  2.64755390e+00  1.75854743e+00  5.54260999e-01  2.97143117e+00
 -4.07334632e-01  3.64336567e+00  1.48086910e+00  1.13182494e+00
  1.93731216e+00  1.34194370e+00  7.78741166e-04  1.31342677e+00
  2.23957807e+00  1.53031228e+00  6.07324779e-01  4.44770919e-01
  2.38771303e+00  2.96669813e+00  1.16660428e+00  2.71627189e+00
  2.56227149e+00  7.18845493e-01  2.53955319e+00  6.44504510e-01
  1.29992846e+00  8.10050022e-01  8.91848385e-01  1.67738835e+00
  2.69855999e-01  1.19200999e+00  5.29444345e-01  8.48710862e-01
  3.52294939e+00  3.97236060e+00  2.97703685e+00  2.07325036e+00
  6.02396600e-01  1.04766136e+00  1.60747231e+00  1.47506526e+00]
Device (GPU) time: 0.7774 seconds
Iters. done: 552 [Current cost: -23.18840083573822]
Current parameters: [ 1.20084864e+00  5.49836908e-01  1.81389335e+00  2.50721203e+00
  3.61515996e+00  2.61471031e+00  1.36552519e+00  2.22729422e+00
  6.39588707e-01  2.91654475e+00  3.31004074e-01  2.05831128e+00
  2.48226806e+00  1.34238379e+00  4.10423133e+00  1.50087223e+00
  1.49349562e+00  1.51983950e+00  3.01645779e+00  2.82744393e+00
  4.83857443e-01  2.46932430e+00  2.88138347e-01  2.88105718e+00
  2.64754099e+00  1.75852466e+00  5.54265158e-01  2.97142585e+00
 -4.07301452e-01  3.64336571e+00  1.48086747e+00  1.13181273e+00
  1.93731321e+00  1.34192369e+00  7.80523401e-04  1.31343538e+00
  2.23958175e+00  1.53032050e+00  6.07301932e-01  4.44748652e-01
  2.38767526e+00  2.96670101e+00  1.16660970e+00  2.71626109e+00
  2.56227840e+00  7.18824681e-01  2.53954662e+00  6.44497589e-01
  1.29992783e+00  8.10077834e-01  8.91841672e-01  1.67740258e+00
  2.69850746e-01  1.19202588e+00  5.29462074e-01  8.48717697e-01
  3.52296241e+00  3.97237782e+00  2.97700085e+00  2.07324200e+00
  6.02394320e-01  1.04765018e+00  1.60747147e+00  1.47507118e+00]
Device (GPU) time: 0.8812 seconds
Iters. done: 553 [Current cost: -23.41940774902875]
Current parameters: [ 1.20085012e+00  5.49821982e-01  1.81389377e+00  2.50719402e+00
  3.61516569e+00  2.61469800e+00  1.36550347e+00  2.22726560e+00
  6.39586839e-01  2.91655690e+00  3.30998376e-01  2.05830861e+00
  2.48226639e+00  1.34239042e+00  4.10422462e+00  1.50086554e+00
  1.49348843e+00  1.51982486e+00  3.01646906e+00  2.82745204e+00
  4.83845679e-01  2.46933821e+00  2.88137882e-01  2.88106480e+00
  2.64755794e+00  1.75854191e+00  5.54260013e-01  2.97143451e+00
 -4.07329733e-01  3.64335212e+00  1.48087878e+00  1.13181279e+00
  1.93732510e+00  1.34194604e+00  7.59565434e-04  1.31342486e+00
  2.23958532e+00  1.53031230e+00  6.07313304e-01  4.44769656e-01
  2.38771427e+00  2.96671658e+00  1.16659620e+00  2.71627137e+00
  2.56226865e+00  7.18845645e-01  2.53954735e+00  6.44497518e-01
  1.29994202e+00  8.10056352e-01  8.91831044e-01  1.67738832e+00
  2.69835435e-01  1.19203171e+00  5.29448432e-01  8.48716452e-01
  3.52295519e+00  3.97236322e+00  2.97703287e+00  2.07325140e+00
  6.02397648e-01  1.04766395e+00  1.60747434e+00  1.47507822e+00]
Device (GPU) time: 0.7766 seconds
Iters. done: 554 [Current cost: -23.412268456225153]
Current parameters: [ 1.20084630e+00  5.49812390e-01  1.81389495e+00  2.50718666e+00
  3.61516836e+00  2.61470659e+00  1.36554393e+00  2.22728934e+00
  6.39595065e-01  2.91655252e+00  3.31003611e-01  2.05834363e+00
  2.48227824e+00  1.34237517e+00  4.10423166e+00  1.50086111e+00
  1.49349577e+00  1.51981747e+00  3.01646509e+00  2.82746628e+00
  4.83840432e-01  2.46934030e+00  2.88145172e-01  2.88105051e+00
  2.64752270e+00  1.75853664e+00  5.54257622e-01  2.97143480e+00
 -4.07319071e-01  3.64336572e+00  1.48086090e+00  1.13180744e+00
  1.93734547e+00  1.34193467e+00  7.60031974e-04  1.31342025e+00
  2.23957556e+00  1.53032992e+00  6.07324720e-01  4.44765424e-01
  2.38773101e+00  2.96670519e+00  1.16662440e+00  2.71626042e+00
  2.56225694e+00  7.18867249e-01  2.53953798e+00  6.44484201e-01
  1.29995980e+00  8.10049721e-01  8.91842428e-01  1.67739089e+00
  2.69847265e-01  1.19205027e+00  5.29464178e-01  8.48697621e-01
  3.52293855e+00  3.97236435e+00  2.97703781e+00  2.07325261e+00
  6.02409900e-01  1.04764775e+00  1.60748900e+00  1.47506697e+00]
Device (GPU) time: 0.9144 seconds
Iters. done: 555 [Current cost: -23.161229679780337]
Current parameters: [ 1.20085229e+00  5.49817505e-01  1.81389763e+00  2.50718864e+00
  3.61516819e+00  2.61470285e+00  1.36552113e+00  2.22727838e+00
  6.39589854e-01  2.91654949e+00  3.30988149e-01  2.05831396e+00
  2.48227435e+00  1.34238625e+00  4.10421753e+00  1.50087647e+00
  1.49349066e+00  1.51981398e+00  3.01646859e+00  2.82744882e+00
  4.83839119e-01  2.46934479e+00  2.88138836e-01  2.88105707e+00
  2.64755421e+00  1.75854390e+00  5.54260837e-01  2.97142248e+00
 -4.07328147e-01  3.64337085e+00  1.48087391e+00  1.13178832e+00
  1.93730685e+00  1.34192886e+00  7.54770998e-04  1.31343193e+00
  2.23957941e+00  1.53031200e+00  6.07305529e-01  4.44763259e-01
  2.38771918e+00  2.96669646e+00  1.16660848e+00  2.71626810e+00
  2.56227814e+00  7.18842377e-01  2.53955153e+00  6.44504512e-01
  1.29993688e+00  8.10054827e-01  8.91825999e-01  1.67738409e+00
  2.69847048e-01  1.19202092e+00  5.29446267e-01  8.48719177e-01
  3.52293557e+00  3.97236311e+00  2.97703391e+00  2.07324771e+00
  6.02400039e-01  1.04765695e+00  1.60746911e+00  1.47506615e+00]
Device (GPU) time: 0.7900 seconds
Iters. done: 556 [Current cost: -23.32268375863615]
Current parameters: [ 1.20084145e+00  5.49830999e-01  1.81390825e+00  2.50719244e+00
  3.61517203e+00  2.61469390e+00  1.36549869e+00  2.22727943e+00
  6.39587751e-01  2.91653973e+00  3.31009413e-01  2.05832153e+00
  2.48224279e+00  1.34236455e+00  4.10425810e+00  1.50082531e+00
  1.49350296e+00  1.51981633e+00  3.01646911e+00  2.82743632e+00
  4.83837939e-01  2.46933352e+00  2.88145305e-01  2.88105752e+00
  2.64755617e+00  1.75854920e+00  5.54261918e-01  2.97141969e+00
 -4.07325342e-01  3.64336909e+00  1.48084110e+00  1.13179294e+00
  1.93729803e+00  1.34192259e+00  7.50988677e-04  1.31343667e+00
  2.23958298e+00  1.53031072e+00  6.07307424e-01  4.44755996e-01
  2.38772780e+00  2.96669783e+00  1.16657097e+00  2.71627223e+00
  2.56227801e+00  7.18843852e-01  2.53955888e+00  6.44506011e-01
  1.29994570e+00  8.10049177e-01  8.91837827e-01  1.67739940e+00
  2.69852341e-01  1.19203515e+00  5.29448492e-01  8.48698927e-01
  3.52296210e+00  3.97235958e+00  2.97703735e+00  2.07326138e+00
  6.02404345e-01  1.04765590e+00  1.60747020e+00  1.47507084e+00]
Device (GPU) time: 0.8671 seconds
Iters. done: 557 [Current cost: -23.190621718663177]
Current parameters: [ 1.20085103e+00  5.49811802e-01  1.81388650e+00  2.50719580e+00
  3.61516735e+00  2.61470350e+00  1.36551831e+00  2.22727477e+00
  6.39585799e-01  2.91655735e+00  3.30997455e-01  2.05830655e+00
  2.48227499e+00  1.34238572e+00  4.10423637e+00  1.50086335e+00
  1.49348749e+00  1.51982497e+00  3.01647908e+00  2.82744620e+00
  4.83846038e-01  2.46933889e+00  2.88145901e-01  2.88105396e+00
  2.64754082e+00  1.75853189e+00  5.54262731e-01  2.97141674e+00
 -4.07331099e-01  3.64338942e+00  1.48086970e+00  1.13180439e+00
  1.93730568e+00  1.34194262e+00  7.70659085e-04  1.31341807e+00
  2.23957331e+00  1.53030932e+00  6.07317222e-01  4.44766001e-01
  2.38771449e+00  2.96670538e+00  1.16659696e+00  2.71627008e+00
  2.56227356e+00  7.18859733e-01  2.53954625e+00  6.44509065e-01
  1.29994074e+00  8.10046694e-01  8.91836810e-01  1.67738515e+00
  2.69836650e-01  1.19202523e+00  5.29446002e-01  8.48721010e-01
  3.52296230e+00  3.97236487e+00  2.97702934e+00  2.07324690e+00
  6.02396582e-01  1.04765938e+00  1.60747996e+00  1.47506808e+00]
Device (GPU) time: 0.7639 seconds
Iters. done: 558 [Current cost: -23.381327776218303]
Current parameters: [ 1.20084944e+00  5.49813289e-01  1.81388542e+00  2.50718383e+00
  3.61517231e+00  2.61473088e+00  1.36552191e+00  2.22727996e+00
  6.39594000e-01  2.91654321e+00  3.30999188e-01  2.05829299e+00
  2.48226575e+00  1.34238541e+00  4.10425230e+00  1.50087510e+00
  1.49347648e+00  1.51983323e+00  3.01646979e+00  2.82744316e+00
  4.83863602e-01  2.46934794e+00  2.88151823e-01  2.88105699e+00
  2.64756318e+00  1.75853554e+00  5.54258579e-01  2.97142482e+00
 -4.07339095e-01  3.64334236e+00  1.48085860e+00  1.13177230e+00
  1.93731331e+00  1.34193436e+00  8.04349253e-04  1.31342815e+00
  2.23957547e+00  1.53030835e+00  6.07324160e-01  4.44757514e-01
  2.38773130e+00  2.96670824e+00  1.16661332e+00  2.71626973e+00
  2.56227813e+00  7.18831532e-01  2.53954787e+00  6.44505374e-01
  1.29994070e+00  8.10051743e-01  8.91855845e-01  1.67739031e+00
  2.69811325e-01  1.19203942e+00  5.29441610e-01  8.48696217e-01
  3.52293502e+00  3.97236587e+00  2.97703871e+00  2.07325128e+00
  6.02396781e-01  1.04766269e+00  1.60746531e+00  1.47507933e+00]
Device (GPU) time: 0.8962 seconds
Iters. done: 559 [Current cost: -23.266546329281898]
Current parameters: [ 1.20084301e+00  5.49819533e-01  1.81389458e+00  2.50719237e+00
  3.61516912e+00  2.61469672e+00  1.36552285e+00  2.22728435e+00
  6.39592079e-01  2.91654365e+00  3.30993562e-01  2.05830695e+00
  2.48226833e+00  1.34237158e+00  4.10422631e+00  1.50085491e+00
  1.49348817e+00  1.51982245e+00  3.01646828e+00  2.82744743e+00
  4.83836288e-01  2.46934469e+00  2.88134406e-01  2.88105154e+00
  2.64755606e+00  1.75853469e+00  5.54260005e-01  2.97143579e+00
 -4.07322984e-01  3.64337551e+00  1.48086551e+00  1.13181226e+00
  1.93731763e+00  1.34193341e+00  7.64621715e-04  1.31342919e+00
  2.23957746e+00  1.53030733e+00  6.07311382e-01  4.44761551e-01
  2.38771991e+00  2.96671080e+00  1.16661710e+00  2.71626555e+00
  2.56226467e+00  7.18833147e-01  2.53954305e+00  6.44511015e-01
  1.29994551e+00  8.10044926e-01  8.91843584e-01  1.67738505e+00
  2.69835017e-01  1.19201721e+00  5.29442321e-01  8.48723512e-01
  3.52295495e+00  3.97236223e+00  2.97704158e+00  2.07324864e+00
  6.02381220e-01  1.04766154e+00  1.60747465e+00  1.47508382e+00]
Device (GPU) time: 0.7613 seconds
Iters. done: 560 [Current cost: -23.486146996709092]
Current parameters: [ 1.20082762e+00  5.49811678e-01  1.81387477e+00  2.50719706e+00
  3.61516377e+00  2.61470231e+00  1.36552332e+00  2.22727174e+00
  6.39596784e-01  2.91655658e+00  3.31005637e-01  2.05832549e+00
  2.48224759e+00  1.34238836e+00  4.10422264e+00  1.50085895e+00
  1.49349640e+00  1.51982002e+00  3.01646462e+00  2.82745754e+00
  4.83840573e-01  2.46932594e+00  2.88149557e-01  2.88106104e+00
  2.64753594e+00  1.75854200e+00  5.54265009e-01  2.97140768e+00
 -4.07336656e-01  3.64336622e+00  1.48085982e+00  1.13179516e+00
  1.93732327e+00  1.34194332e+00  7.83791613e-04  1.31343084e+00
  2.23957348e+00  1.53031799e+00  6.07324488e-01  4.44792809e-01
  2.38771508e+00  2.96671816e+00  1.16659359e+00  2.71625874e+00
  2.56224965e+00  7.18808084e-01  2.53954287e+00  6.44536707e-01
  1.29996092e+00  8.10059235e-01  8.91816954e-01  1.67738694e+00
  2.69850557e-01  1.19200074e+00  5.29440651e-01  8.48725561e-01
  3.52293869e+00  3.97238203e+00  2.97703314e+00  2.07324931e+00
  6.02409371e-01  1.04766677e+00  1.60747330e+00  1.47506809e+00]
Device (GPU) time: 0.8606 seconds
Iters. done: 561 [Current cost: -23.27001833602714]
Current parameters: [ 1.20084350e+00  5.49817275e-01  1.81389119e+00  2.50718550e+00
  3.61517067e+00  2.61469995e+00  1.36551439e+00  2.22727344e+00
  6.39579687e-01  2.91653797e+00  3.30994262e-01  2.05830811e+00
  2.48227060e+00  1.34239449e+00  4.10422587e+00  1.50085671e+00
  1.49349053e+00  1.51980207e+00  3.01646838e+00  2.82744498e+00
  4.83835070e-01  2.46934434e+00  2.88143964e-01  2.88105859e+00
  2.64754814e+00  1.75851261e+00  5.54264912e-01  2.97143082e+00
 -4.07328459e-01  3.64336254e+00  1.48086363e+00  1.13180173e+00
  1.93731649e+00  1.34194774e+00  7.69068947e-04  1.31344198e+00
  2.23957080e+00  1.53031512e+00  6.07312201e-01  4.44772227e-01
  2.38771061e+00  2.96670277e+00  1.16660042e+00  2.71626084e+00
  2.56227860e+00  7.18846788e-01  2.53953685e+00  6.44507984e-01
  1.29993859e+00  8.10050969e-01  8.91843087e-01  1.67738735e+00
  2.69845117e-01  1.19202911e+00  5.29452681e-01  8.48715237e-01
  3.52294828e+00  3.97237076e+00  2.97703320e+00  2.07325521e+00
  6.02392779e-01  1.04766129e+00  1.60747325e+00  1.47507098e+00]
Device (GPU) time: 0.7766 seconds
Iters. done: 562 [Current cost: -23.349500513266534]
Current parameters: [ 1.20084444e+00  5.49821557e-01  1.81388474e+00  2.50719391e+00
  3.61515402e+00  2.61466163e+00  1.36552496e+00  2.22726603e+00
  6.39613177e-01  2.91652446e+00  3.30987545e-01  2.05829945e+00
  2.48227492e+00  1.34239555e+00  4.10423219e+00  1.50088623e+00
  1.49349549e+00  1.51981674e+00  3.01646697e+00  2.82743425e+00
  4.83837991e-01  2.46931731e+00  2.88164285e-01  2.88106339e+00
  2.64754696e+00  1.75855829e+00  5.54274554e-01  2.97143158e+00
 -4.07311478e-01  3.64335813e+00  1.48084456e+00  1.13181290e+00
  1.93731624e+00  1.34193119e+00  7.63830548e-04  1.31341961e+00
  2.23957069e+00  1.53030357e+00  6.07315778e-01  4.44787947e-01
  2.38773456e+00  2.96670039e+00  1.16661347e+00  2.71626544e+00
  2.56228109e+00  7.18851740e-01  2.53954653e+00  6.44508699e-01
  1.29993890e+00  8.10052750e-01  8.91845024e-01  1.67738127e+00
  2.69835681e-01  1.19204114e+00  5.29426115e-01  8.48722483e-01
  3.52295806e+00  3.97237951e+00  2.97701270e+00  2.07325883e+00
  6.02382661e-01  1.04765227e+00  1.60747096e+00  1.47507024e+00]
Device (GPU) time: 0.8761 seconds
Iters. done: 563 [Current cost: -23.357173258874713]
Current parameters: [ 1.20084626e+00  5.49813789e-01  1.81389730e+00  2.50719060e+00
  3.61516857e+00  2.61470392e+00  1.36551812e+00  2.22727755e+00
  6.39592718e-01  2.91654047e+00  3.30991173e-01  2.05831881e+00
  2.48226403e+00  1.34238935e+00  4.10421718e+00  1.50087215e+00
  1.49349672e+00  1.51981960e+00  3.01646540e+00  2.82745576e+00
  4.83842318e-01  2.46934121e+00  2.88131066e-01  2.88105520e+00
  2.64755599e+00  1.75854565e+00  5.54269255e-01  2.97141980e+00
 -4.07320847e-01  3.64336803e+00  1.48086776e+00  1.13181632e+00
  1.93730957e+00  1.34193173e+00  7.80082724e-04  1.31343416e+00
  2.23956989e+00  1.53031027e+00  6.07307944e-01  4.44766082e-01
  2.38771494e+00  2.96669725e+00  1.16658939e+00  2.71626961e+00
  2.56227419e+00  7.18853377e-01  2.53952758e+00  6.44512652e-01
  1.29994946e+00  8.10053069e-01  8.91836588e-01  1.67738886e+00
  2.69828657e-01  1.19202604e+00  5.29445840e-01  8.48703681e-01
  3.52295600e+00  3.97236786e+00  2.97704024e+00  2.07324921e+00
  6.02396876e-01  1.04765623e+00  1.60747506e+00  1.47507786e+00]
Device (GPU) time: 0.8881 seconds
Iters. done: 564 [Current cost: -23.231996577338563]
Current parameters: [ 1.20084627e+00  5.49823967e-01  1.81388513e+00  2.50719941e+00
  3.61516985e+00  2.61468843e+00  1.36551635e+00  2.22727749e+00
  6.39590866e-01  2.91657502e+00  3.31016995e-01  2.05830735e+00
  2.48226310e+00  1.34239052e+00  4.10424805e+00  1.50084352e+00
  1.49350428e+00  1.51981198e+00  3.01646689e+00  2.82744403e+00
  4.83836042e-01  2.46933651e+00  2.88134200e-01  2.88105802e+00
  2.64755278e+00  1.75855003e+00  5.54269276e-01  2.97142735e+00
 -4.07324960e-01  3.64336965e+00  1.48085959e+00  1.13182117e+00
  1.93731043e+00  1.34192556e+00  7.98878085e-04  1.31343983e+00
  2.23956873e+00  1.53030833e+00  6.07298156e-01  4.44771544e-01
  2.38771792e+00  2.96671350e+00  1.16662312e+00  2.71627192e+00
  2.56228650e+00  7.18853266e-01  2.53951429e+00  6.44482078e-01
  1.29991108e+00  8.10044988e-01  8.91814955e-01  1.67736587e+00
  2.69839803e-01  1.19202771e+00  5.29446352e-01  8.48731483e-01
  3.52292179e+00  3.97236001e+00  2.97703849e+00  2.07324373e+00
  6.02400194e-01  1.04767200e+00  1.60747080e+00  1.47507479e+00]
Device (GPU) time: 0.7749 seconds
Iters. done: 565 [Current cost: -23.31401315822359]
Current parameters: [ 1.20085248e+00  5.49817272e-01  1.81390295e+00  2.50719871e+00
  3.61515945e+00  2.61469952e+00  1.36550990e+00  2.22728149e+00
  6.39591009e-01  2.91654035e+00  3.30989524e-01  2.05832067e+00
  2.48227268e+00  1.34238655e+00  4.10423265e+00  1.50086165e+00
  1.49349706e+00  1.51982776e+00  3.01647577e+00  2.82744920e+00
  4.83840160e-01  2.46933843e+00  2.88136132e-01  2.88105851e+00
  2.64755032e+00  1.75853200e+00  5.54273775e-01  2.97141689e+00
 -4.07323893e-01  3.64337645e+00  1.48086374e+00  1.13180384e+00
  1.93732181e+00  1.34194563e+00  7.68114423e-04  1.31342460e+00
  2.23957469e+00  1.53030848e+00  6.07324852e-01  4.44778430e-01
  2.38771973e+00  2.96670104e+00  1.16660417e+00  2.71627768e+00
  2.56228270e+00  7.18840166e-01  2.53954254e+00  6.44502378e-01
  1.29993461e+00  8.10065525e-01  8.91840497e-01  1.67739495e+00
  2.69844473e-01  1.19202898e+00  5.29445433e-01  8.48716233e-01
  3.52293836e+00  3.97236676e+00  2.97704427e+00  2.07324263e+00
  6.02392685e-01  1.04767060e+00  1.60747376e+00  1.47508659e+00]
Device (GPU) time: 0.8936 seconds
Iters. done: 566 [Current cost: -23.29890295583879]
Current parameters: [ 1.20084269e+00  5.49828824e-01  1.81387959e+00  2.50717765e+00
  3.61518239e+00  2.61470385e+00  1.36553089e+00  2.22728677e+00
  6.39560634e-01  2.91657205e+00  3.30982658e-01  2.05831253e+00
  2.48226456e+00  1.34237393e+00  4.10422556e+00  1.50086723e+00
  1.49350643e+00  1.51982616e+00  3.01646635e+00  2.82744855e+00
  4.83843887e-01  2.46933063e+00  2.88121764e-01  2.88103994e+00
  2.64757537e+00  1.75854022e+00  5.54249654e-01  2.97142564e+00
 -4.07326925e-01  3.64338221e+00  1.48086920e+00  1.13180305e+00
  1.93732478e+00  1.34194703e+00  7.60965904e-04  1.31340754e+00
  2.23956452e+00  1.53030298e+00  6.07312574e-01  4.44796231e-01
  2.38773526e+00  2.96670020e+00  1.16659249e+00  2.71624668e+00
  2.56228161e+00  7.18829072e-01  2.53952774e+00  6.44491656e-01
  1.29991695e+00  8.10055980e-01  8.91849012e-01  1.67739845e+00
  2.69840740e-01  1.19202994e+00  5.29440869e-01  8.48712980e-01
  3.52295840e+00  3.97238411e+00  2.97702032e+00  2.07327142e+00
  6.02397969e-01  1.04764956e+00  1.60745929e+00  1.47507655e+00]
Device (GPU) time: 0.7708 seconds
Iters. done: 567 [Current cost: -23.290721943127803]
Current parameters: [ 1.20086012e+00  5.49808139e-01  1.81388633e+00  2.50718843e+00
  3.61516585e+00  2.61469888e+00  1.36551750e+00  2.22727116e+00
  6.39589713e-01  2.91653479e+00  3.31003887e-01  2.05831184e+00
  2.48227365e+00  1.34237059e+00  4.10423885e+00  1.50085722e+00
  1.49348414e+00  1.51982103e+00  3.01646255e+00  2.82745637e+00
  4.83837758e-01  2.46934903e+00  2.88131422e-01  2.88105558e+00
  2.64755283e+00  1.75854242e+00  5.54263285e-01  2.97142894e+00
 -4.07321213e-01  3.64337041e+00  1.48087787e+00  1.13180314e+00
  1.93732103e+00  1.34193147e+00  7.70074801e-04  1.31342877e+00
  2.23957706e+00  1.53030988e+00  6.07309476e-01  4.44777325e-01
  2.38771536e+00  2.96670495e+00  1.16659704e+00  2.71628130e+00
  2.56227609e+00  7.18845943e-01  2.53954026e+00  6.44507244e-01
  1.29993906e+00  8.10053013e-01  8.91842582e-01  1.67738434e+00
  2.69842728e-01  1.19202425e+00  5.29448448e-01  8.48718860e-01
  3.52294574e+00  3.97238976e+00  2.97702611e+00  2.07325278e+00
  6.02400026e-01  1.04766418e+00  1.60747070e+00  1.47506895e+00]
Device (GPU) time: 0.8759 seconds
Iters. done: 568 [Current cost: -23.44130569534635]
Current parameters: [ 1.20088025e+00  5.49817811e-01  1.81389501e+00  2.50718537e+00
  3.61516879e+00  2.61473086e+00  1.36551287e+00  2.22728051e+00
  6.39558473e-01  2.91655539e+00  3.31009187e-01  2.05831865e+00
  2.48228767e+00  1.34240776e+00  4.10422394e+00  1.50085134e+00
  1.49350334e+00  1.51982741e+00  3.01644882e+00  2.82746288e+00
  4.83835391e-01  2.46931599e+00  2.88150650e-01  2.88106396e+00
  2.64754562e+00  1.75854919e+00  5.54266501e-01  2.97143711e+00
 -4.07329988e-01  3.64336606e+00  1.48084598e+00  1.13180006e+00
  1.93732217e+00  1.34192669e+00  7.65996277e-04  1.31342935e+00
  2.23957363e+00  1.53030776e+00  6.07307179e-01  4.44785133e-01
  2.38771338e+00  2.96670124e+00  1.16661335e+00  2.71629734e+00
  2.56227593e+00  7.18842500e-01  2.53954317e+00  6.44518811e-01
  1.29994961e+00  8.10045720e-01  8.91844475e-01  1.67737615e+00
  2.69845786e-01  1.19202015e+00  5.29443930e-01  8.48724561e-01
  3.52296545e+00  3.97235962e+00  2.97703980e+00  2.07325500e+00
  6.02371523e-01  1.04764755e+00  1.60745201e+00  1.47507614e+00]
Device (GPU) time: 0.7771 seconds
Iters. done: 569 [Current cost: -23.327922094520172]
Current parameters: [ 1.20084302e+00  5.49798572e-01  1.81388352e+00  2.50717983e+00
  3.61516659e+00  2.61469690e+00  1.36551377e+00  2.22727279e+00
  6.39594155e-01  2.91654690e+00  3.30997870e-01  2.05831762e+00
  2.48226965e+00  1.34238496e+00  4.10422665e+00  1.50085406e+00
  1.49349470e+00  1.51981837e+00  3.01647070e+00  2.82745977e+00
  4.83837669e-01  2.46933881e+00  2.88134345e-01  2.88105468e+00
  2.64756249e+00  1.75854134e+00  5.54268454e-01  2.97141426e+00
 -4.07335719e-01  3.64336409e+00  1.48086525e+00  1.13180384e+00
  1.93730745e+00  1.34193760e+00  7.71458672e-04  1.31342548e+00
  2.23957041e+00  1.53031391e+00  6.07307470e-01  4.44769876e-01
  2.38771162e+00  2.96670561e+00  1.16662334e+00  2.71627090e+00
  2.56227896e+00  7.18843166e-01  2.53954700e+00  6.44501851e-01
  1.29994092e+00  8.10062606e-01  8.91840696e-01  1.67739750e+00
  2.69846309e-01  1.19203302e+00  5.29449241e-01  8.48718651e-01
  3.52296407e+00  3.97236173e+00  2.97702783e+00  2.07325216e+00
  6.02397529e-01  1.04766006e+00  1.60747111e+00  1.47507723e+00]
Device (GPU) time: 0.8855 seconds
Iters. done: 570 [Current cost: -23.376498456168857]
Current parameters: [ 1.20083996e+00  5.49823959e-01  1.81391315e+00  2.50720248e+00
  3.61515143e+00  2.61469103e+00  1.36551647e+00  2.22727958e+00
  6.39593793e-01  2.91655290e+00  3.30991462e-01  2.05832062e+00
  2.48227646e+00  1.34238251e+00  4.10424086e+00  1.50085546e+00
  1.49349384e+00  1.51982261e+00  3.01646886e+00  2.82744912e+00
  4.83861078e-01  2.46933120e+00  2.88117007e-01  2.88103794e+00
  2.64758906e+00  1.75852682e+00  5.54277433e-01  2.97142751e+00
 -4.07324091e-01  3.64335271e+00  1.48086569e+00  1.13178940e+00
  1.93731425e+00  1.34194220e+00  7.66584136e-04  1.31341843e+00
  2.23955666e+00  1.53030144e+00  6.07321061e-01  4.44788807e-01
  2.38768934e+00  2.96669993e+00  1.16660933e+00  2.71626609e+00
  2.56225506e+00  7.18858941e-01  2.53954695e+00  6.44513850e-01
  1.29995757e+00  8.10024535e-01  8.91843670e-01  1.67736679e+00
  2.69846085e-01  1.19203301e+00  5.29452911e-01  8.48721962e-01
  3.52294369e+00  3.97236484e+00  2.97702323e+00  2.07323139e+00
  6.02401152e-01  1.04765508e+00  1.60745387e+00  1.47505779e+00]
Device (GPU) time: 0.7857 seconds
Iters. done: 571 [Current cost: -23.302086062407025]
Current parameters: [ 1.20085259e+00  5.49816986e-01  1.81388266e+00  2.50720012e+00
  3.61516819e+00  2.61470685e+00  1.36550339e+00  2.22729263e+00
  6.39590039e-01  2.91653428e+00  3.31000924e-01  2.05831993e+00
  2.48226472e+00  1.34237977e+00  4.10422263e+00  1.50086529e+00
  1.49348588e+00  1.51981396e+00  3.01646331e+00  2.82745068e+00
  4.83841802e-01  2.46932138e+00  2.88139223e-01  2.88105035e+00
  2.64755948e+00  1.75853033e+00  5.54257732e-01  2.97141936e+00
 -4.07333620e-01  3.64336803e+00  1.48086844e+00  1.13180859e+00
  1.93731892e+00  1.34193484e+00  7.66424170e-04  1.31343251e+00
  2.23957368e+00  1.53030335e+00  6.07313643e-01  4.44767921e-01
  2.38772548e+00  2.96671438e+00  1.16660816e+00  2.71626875e+00
  2.56226666e+00  7.18860418e-01  2.53954172e+00  6.44510498e-01
  1.29992927e+00  8.10056114e-01  8.91837739e-01  1.67739207e+00
  2.69839510e-01  1.19202695e+00  5.29440659e-01  8.48719017e-01
  3.52294708e+00  3.97236662e+00  2.97703117e+00  2.07324813e+00
  6.02399877e-01  1.04766041e+00  1.60746621e+00  1.47506876e+00]
Device (GPU) time: 0.8739 seconds
Iters. done: 572 [Current cost: -23.41749663059807]
Current parameters: [ 1.20084148e+00  5.49819574e-01  1.81389614e+00  2.50717619e+00
  3.61515508e+00  2.61470435e+00  1.36551917e+00  2.22727471e+00
  6.39598413e-01  2.91654589e+00  3.30993181e-01  2.05831611e+00
  2.48226876e+00  1.34236572e+00  4.10424531e+00  1.50087551e+00
  1.49348732e+00  1.51983094e+00  3.01644382e+00  2.82742781e+00
  4.83798141e-01  2.46932078e+00  2.88146010e-01  2.88105635e+00
  2.64754733e+00  1.75853348e+00  5.54264838e-01  2.97141552e+00
 -4.07342432e-01  3.64336536e+00  1.48089497e+00  1.13178889e+00
  1.93732361e+00  1.34192538e+00  7.76074859e-04  1.31342544e+00
  2.23959335e+00  1.53031315e+00  6.07314759e-01  4.44790588e-01
  2.38768635e+00  2.96670734e+00  1.16660382e+00  2.71625736e+00
  2.56227826e+00  7.18857264e-01  2.53953425e+00  6.44508790e-01
  1.29992648e+00  8.10038787e-01  8.91833116e-01  1.67738943e+00
  2.69841551e-01  1.19203106e+00  5.29444332e-01  8.48713126e-01
  3.52296190e+00  3.97235708e+00  2.97705152e+00  2.07325105e+00
  6.02396408e-01  1.04764552e+00  1.60747041e+00  1.47509579e+00]
Device (GPU) time: 0.8194 seconds
Iters. done: 573 [Current cost: -23.277645941038248]
Current parameters: [ 1.20085907e+00  5.49824993e-01  1.81389400e+00  2.50719053e+00
  3.61515722e+00  2.61468861e+00  1.36551278e+00  2.22727443e+00
  6.39582473e-01  2.91654814e+00  3.30998662e-01  2.05831358e+00
  2.48225270e+00  1.34238980e+00  4.10422790e+00  1.50086458e+00
  1.49349339e+00  1.51981616e+00  3.01646836e+00  2.82744740e+00
  4.83845559e-01  2.46934696e+00  2.88138597e-01  2.88106092e+00
  2.64755300e+00  1.75852712e+00  5.54265587e-01  2.97142146e+00
 -4.07328170e-01  3.64336863e+00  1.48087155e+00  1.13180271e+00
  1.93732837e+00  1.34191857e+00  7.73510915e-04  1.31341836e+00
  2.23957039e+00  1.53031650e+00  6.07315899e-01  4.44771716e-01
  2.38772124e+00  2.96669928e+00  1.16661481e+00  2.71627109e+00
  2.56227730e+00  7.18846323e-01  2.53954104e+00  6.44508658e-01
  1.29993829e+00  8.10051174e-01  8.91844764e-01  1.67739331e+00
  2.69837037e-01  1.19201571e+00  5.29446411e-01  8.48719348e-01
  3.52296101e+00  3.97236468e+00  2.97704139e+00  2.07325136e+00
  6.02409236e-01  1.04765662e+00  1.60746816e+00  1.47506732e+00]
Device (GPU) time: 0.8759 seconds
Iters. done: 574 [Current cost: -23.21043464278709]
Current parameters: [ 1.20083526e+00  5.49804133e-01  1.81388735e+00  2.50718390e+00
  3.61514724e+00  2.61470459e+00  1.36549975e+00  2.22730013e+00
  6.39585534e-01  2.91654991e+00  3.31011888e-01  2.05831983e+00
  2.48226138e+00  1.34239274e+00  4.10422018e+00  1.50085104e+00
  1.49348937e+00  1.51984115e+00  3.01646000e+00  2.82743680e+00
  4.83845218e-01  2.46934555e+00  2.88141201e-01  2.88104677e+00
  2.64753512e+00  1.75855280e+00  5.54260444e-01  2.97145183e+00
 -4.07301140e-01  3.64334759e+00  1.48088525e+00  1.13178724e+00
  1.93729033e+00  1.34195883e+00  7.56517224e-04  1.31343575e+00
  2.23956320e+00  1.53030435e+00  6.07323369e-01  4.44775755e-01
  2.38772772e+00  2.96668752e+00  1.16661879e+00  2.71626514e+00
  2.56227456e+00  7.18849485e-01  2.53953324e+00  6.44513205e-01
  1.29991972e+00  8.10051382e-01  8.91838206e-01  1.67738734e+00
  2.69838503e-01  1.19202172e+00  5.29443413e-01  8.48725451e-01
  3.52297142e+00  3.97238253e+00  2.97704943e+00  2.07323887e+00
  6.02408340e-01  1.04766123e+00  1.60748272e+00  1.47507116e+00]
Device (GPU) time: 0.7610 seconds
Iters. done: 575 [Current cost: -23.13739636247325]
Current parameters: [ 1.20084195e+00  5.49815996e-01  1.81388069e+00  2.50718826e+00
  3.61516884e+00  2.61471068e+00  1.36551983e+00  2.22727330e+00
  6.39599138e-01  2.91654288e+00  3.30987855e-01  2.05831091e+00
  2.48226079e+00  1.34238355e+00  4.10422821e+00  1.50086461e+00
  1.49349635e+00  1.51982546e+00  3.01645606e+00  2.82744173e+00
  4.83848751e-01  2.46934503e+00  2.88139649e-01  2.88105285e+00
  2.64755364e+00  1.75852961e+00  5.54264885e-01  2.97142589e+00
 -4.07321626e-01  3.64336587e+00  1.48086665e+00  1.13180935e+00
  1.93731737e+00  1.34193743e+00  7.63098610e-04  1.31342622e+00
  2.23957130e+00  1.53030884e+00  6.07316030e-01  4.44775891e-01
  2.38771906e+00  2.96670694e+00  1.16660151e+00  2.71629413e+00
  2.56227589e+00  7.18841425e-01  2.53953378e+00  6.44505630e-01
  1.29993358e+00  8.10043660e-01  8.91836503e-01  1.67739149e+00
  2.69853380e-01  1.19202736e+00  5.29447459e-01  8.48719876e-01
  3.52295030e+00  3.97235086e+00  2.97703065e+00  2.07325075e+00
  6.02400660e-01  1.04765327e+00  1.60747746e+00  1.47506870e+00]
Device (GPU) time: 0.8793 seconds
Iters. done: 576 [Current cost: -23.293699973421855]
Current parameters: [ 1.20085853e+00  5.49812306e-01  1.81386303e+00  2.50719043e+00
  3.61513890e+00  2.61469632e+00  1.36552577e+00  2.22725547e+00
  6.39583080e-01  2.91654575e+00  3.31009209e-01  2.05832529e+00
  2.48227345e+00  1.34238518e+00  4.10422513e+00  1.50085298e+00
  1.49349635e+00  1.51981766e+00  3.01646233e+00  2.82745388e+00
  4.83844953e-01  2.46934367e+00  2.88118015e-01  2.88105103e+00
  2.64755575e+00  1.75854645e+00  5.54253494e-01  2.97143474e+00
 -4.07308104e-01  3.64336621e+00  1.48086137e+00  1.13179609e+00
  1.93732077e+00  1.34192908e+00  7.71217936e-04  1.31342446e+00
  2.23956423e+00  1.53031365e+00  6.07330269e-01  4.44762119e-01
  2.38770587e+00  2.96670729e+00  1.16658517e+00  2.71624812e+00
  2.56227952e+00  7.18856765e-01  2.53955866e+00  6.44534663e-01
  1.29991751e+00  8.10056983e-01  8.91841342e-01  1.67740461e+00
  2.69831022e-01  1.19203167e+00  5.29447742e-01  8.48729072e-01
  3.52292619e+00  3.97233470e+00  2.97703371e+00  2.07326102e+00
  6.02377365e-01  1.04765259e+00  1.60748072e+00  1.47508124e+00]
Device (GPU) time: 0.7743 seconds
Iters. done: 577 [Current cost: -23.36138457685831]
Current parameters: [ 1.20085368e+00  5.49812962e-01  1.81388932e+00  2.50718701e+00
  3.61517450e+00  2.61471231e+00  1.36550598e+00  2.22727229e+00
  6.39592244e-01  2.91652893e+00  3.30997624e-01  2.05831700e+00
  2.48226119e+00  1.34238529e+00  4.10423268e+00  1.50086262e+00
  1.49349706e+00  1.51982591e+00  3.01646026e+00  2.82745281e+00
  4.83850031e-01  2.46934308e+00  2.88140030e-01  2.88106328e+00
  2.64755730e+00  1.75853408e+00  5.54262503e-01  2.97143006e+00
 -4.07322199e-01  3.64337139e+00  1.48086017e+00  1.13180843e+00
  1.93731034e+00  1.34193785e+00  7.69688071e-04  1.31340899e+00
  2.23957876e+00  1.53031633e+00  6.07312920e-01  4.44774981e-01
  2.38771195e+00  2.96670086e+00  1.16660709e+00  2.71624880e+00
  2.56227650e+00  7.18849152e-01  2.53954226e+00  6.44497921e-01
  1.29993991e+00  8.10049680e-01  8.91830058e-01  1.67738066e+00
  2.69846855e-01  1.19202265e+00  5.29440563e-01  8.48725322e-01
  3.52294820e+00  3.97236858e+00  2.97704099e+00  2.07324856e+00
  6.02396783e-01  1.04765527e+00  1.60747311e+00  1.47507494e+00]
Device (GPU) time: 0.8552 seconds
Iters. done: 578 [Current cost: -23.39107312139496]
Current parameters: [ 1.20082820e+00  5.49808568e-01  1.81388034e+00  2.50719054e+00
  3.61515613e+00  2.61471087e+00  1.36551320e+00  2.22727388e+00
  6.39577393e-01  2.91652853e+00  3.31016312e-01  2.05831282e+00
  2.48227391e+00  1.34238989e+00  4.10423648e+00  1.50086591e+00
  1.49347279e+00  1.51981527e+00  3.01647234e+00  2.82742533e+00
  4.83835953e-01  2.46932297e+00  2.88132420e-01  2.88108409e+00
  2.64757040e+00  1.75855450e+00  5.54265054e-01  2.97142706e+00
 -4.07329973e-01  3.64339333e+00  1.48087020e+00  1.13180304e+00
  1.93733431e+00  1.34194194e+00  7.55154528e-04  1.31342316e+00
  2.23956018e+00  1.53032841e+00  6.07317449e-01  4.44755632e-01
  2.38771005e+00  2.96667183e+00  1.16660398e+00  2.71627559e+00
  2.56225622e+00  7.18828673e-01  2.53951633e+00  6.44493387e-01
  1.29994559e+00  8.10050976e-01  8.91833268e-01  1.67739700e+00
  2.69827237e-01  1.19203910e+00  5.29449020e-01  8.48729056e-01
  3.52294824e+00  3.97235806e+00  2.97703633e+00  2.07324750e+00
  6.02397122e-01  1.04766309e+00  1.60746064e+00  1.47506014e+00]
Device (GPU) time: 0.7581 seconds
Iters. done: 579 [Current cost: -23.440243851189294]
Current parameters: [ 1.20084860e+00  5.49808649e-01  1.81390808e+00  2.50719547e+00
  3.61516329e+00  2.61470518e+00  1.36550979e+00  2.22727755e+00
  6.39591790e-01  2.91654941e+00  3.31006780e-01  2.05831169e+00
  2.48226862e+00  1.34237603e+00  4.10422501e+00  1.50086780e+00
  1.49349097e+00  1.51982217e+00  3.01646503e+00  2.82745189e+00
  4.83848007e-01  2.46934396e+00  2.88142225e-01  2.88106298e+00
  2.64755137e+00  1.75853879e+00  5.54267645e-01  2.97142646e+00
 -4.07332061e-01  3.64336807e+00  1.48086740e+00  1.13180785e+00
  1.93731873e+00  1.34193647e+00  7.73031894e-04  1.31343215e+00
  2.23957127e+00  1.53030083e+00  6.07318464e-01  4.44776482e-01
  2.38771963e+00  2.96669804e+00  1.16660924e+00  2.71626222e+00
  2.56227852e+00  7.18846769e-01  2.53953890e+00  6.44507249e-01
  1.29993716e+00  8.10034124e-01  8.91828192e-01  1.67741112e+00
  2.69845214e-01  1.19202423e+00  5.29451750e-01  8.48721558e-01
  3.52294875e+00  3.97236739e+00  2.97702462e+00  2.07326330e+00
  6.02388409e-01  1.04765889e+00  1.60747205e+00  1.47507224e+00]
Device (GPU) time: 0.8783 seconds
Iters. done: 580 [Current cost: -23.12050175134896]
Current parameters: [ 1.20084922e+00  5.49832245e-01  1.81390745e+00  2.50716742e+00
  3.61516719e+00  2.61470676e+00  1.36551788e+00  2.22727977e+00
  6.39600261e-01  2.91654442e+00  3.31013037e-01  2.05831147e+00
  2.48227163e+00  1.34237364e+00  4.10423814e+00  1.50086430e+00
  1.49348743e+00  1.51981546e+00  3.01645222e+00  2.82747302e+00
  4.83846260e-01  2.46935033e+00  2.88158365e-01  2.88105035e+00
  2.64755440e+00  1.75853969e+00  5.54262963e-01  2.97143233e+00
 -4.07341306e-01  3.64337529e+00  1.48087681e+00  1.13181161e+00
  1.93732734e+00  1.34193320e+00  7.65135353e-04  1.31344473e+00
  2.23956019e+00  1.53029937e+00  6.07327499e-01  4.44778466e-01
  2.38772541e+00  2.96668899e+00  1.16658887e+00  2.71625139e+00
  2.56228359e+00  7.18839741e-01  2.53953390e+00  6.44509701e-01
  1.29994058e+00  8.10079743e-01  8.91845213e-01  1.67736936e+00
  2.69840583e-01  1.19203133e+00  5.29437162e-01  8.48739173e-01
  3.52296427e+00  3.97233515e+00  2.97700893e+00  2.07322259e+00
  6.02405977e-01  1.04766892e+00  1.60747247e+00  1.47507754e+00]
Device (GPU) time: 0.7741 seconds
Iters. done: 581 [Current cost: -23.2197228934576]
Current parameters: [ 1.20084811e+00  5.49810467e-01  1.81389483e+00  2.50718467e+00
  3.61516273e+00  2.61471108e+00  1.36551310e+00  2.22726173e+00
  6.39592439e-01  2.91655107e+00  3.30987078e-01  2.05833159e+00
  2.48226686e+00  1.34238010e+00  4.10423406e+00  1.50086265e+00
  1.49349623e+00  1.51982424e+00  3.01647374e+00  2.82744475e+00
  4.83846684e-01  2.46932502e+00  2.88140877e-01  2.88105987e+00
  2.64754666e+00  1.75853356e+00  5.54273421e-01  2.97143683e+00
 -4.07332270e-01  3.64336669e+00  1.48087334e+00  1.13180974e+00
  1.93731169e+00  1.34192864e+00  7.60472913e-04  1.31343122e+00
  2.23956624e+00  1.53031291e+00  6.07307567e-01  4.44763280e-01
  2.38771972e+00  2.96670982e+00  1.16660447e+00  2.71626372e+00
  2.56227979e+00  7.18843023e-01  2.53953644e+00  6.44507874e-01
  1.29993608e+00  8.10046023e-01  8.91852201e-01  1.67739049e+00
  2.69836392e-01  1.19202007e+00  5.29442426e-01  8.48722842e-01
  3.52294469e+00  3.97237057e+00  2.97702878e+00  2.07324818e+00
  6.02401326e-01  1.04766385e+00  1.60746861e+00  1.47507487e+00]
Device (GPU) time: 0.8783 seconds
Iters. done: 582 [Current cost: -23.312884064173243]
Current parameters: [ 1.20085639e+00  5.49794978e-01  1.81391920e+00  2.50714594e+00
  3.61515762e+00  2.61468543e+00  1.36550608e+00  2.22728464e+00
  6.39578560e-01  2.91653688e+00  3.30990880e-01  2.05830760e+00
  2.48226418e+00  1.34237643e+00  4.10422707e+00  1.50086536e+00
  1.49347518e+00  1.51981739e+00  3.01646266e+00  2.82743959e+00
  4.83861838e-01  2.46932579e+00  2.88118552e-01  2.88105315e+00
  2.64752585e+00  1.75853779e+00  5.54256595e-01  2.97141687e+00
 -4.07308865e-01  3.64337397e+00  1.48084904e+00  1.13179262e+00
  1.93731851e+00  1.34193991e+00  7.69222885e-04  1.31342440e+00
  2.23957347e+00  1.53031274e+00  6.07312135e-01  4.44774970e-01
  2.38770955e+00  2.96674162e+00  1.16659986e+00  2.71627040e+00
  2.56227132e+00  7.18839926e-01  2.53952546e+00  6.44494832e-01
  1.29993642e+00  8.10057771e-01  8.91823778e-01  1.67738817e+00
  2.69827795e-01  1.19202015e+00  5.29444137e-01  8.48716972e-01
  3.52295074e+00  3.97235071e+00  2.97702497e+00  2.07324609e+00
  6.02393134e-01  1.04765851e+00  1.60745962e+00  1.47506306e+00]
Device (GPU) time: 0.7610 seconds
Iters. done: 583 [Current cost: -23.365408898919966]
Current parameters: [ 1.20085059e+00  5.49821578e-01  1.81388942e+00  2.50719618e+00
  3.61517028e+00  2.61469153e+00  1.36550336e+00  2.22726745e+00
  6.39582890e-01  2.91654428e+00  3.31011143e-01  2.05831651e+00
  2.48225976e+00  1.34237571e+00  4.10422843e+00  1.50087900e+00
  1.49349538e+00  1.51982557e+00  3.01646267e+00  2.82745197e+00
  4.83843434e-01  2.46934003e+00  2.88133246e-01  2.88104104e+00
  2.64754161e+00  1.75853975e+00  5.54265389e-01  2.97142833e+00
 -4.07334479e-01  3.64337293e+00  1.48086747e+00  1.13180155e+00
  1.93730855e+00  1.34194865e+00  7.67287418e-04  1.31342913e+00
  2.23957648e+00  1.53031946e+00  6.07310891e-01  4.44771190e-01
  2.38771249e+00  2.96670001e+00  1.16661236e+00  2.71627120e+00
  2.56227649e+00  7.18842206e-01  2.53953333e+00  6.44508181e-01
  1.29994412e+00  8.10050357e-01  8.91850068e-01  1.67738678e+00
  2.69844180e-01  1.19202983e+00  5.29438851e-01  8.48712593e-01
  3.52294349e+00  3.97235798e+00  2.97703248e+00  2.07325372e+00
  6.02392759e-01  1.04765925e+00  1.60746732e+00  1.47507142e+00]
Device (GPU) time: 0.8700 seconds
Iters. done: 584 [Current cost: -23.339405884589578]
Current parameters: [ 1.20085169e+00  5.49792551e-01  1.81389008e+00  2.50719390e+00
  3.61517920e+00  2.61472230e+00  1.36550961e+00  2.22727453e+00
  6.39606106e-01  2.91656852e+00  3.31013586e-01  2.05829446e+00
  2.48226557e+00  1.34237144e+00  4.10421412e+00  1.50086992e+00
  1.49350033e+00  1.51979526e+00  3.01647552e+00  2.82743138e+00
  4.83834981e-01  2.46933356e+00  2.88123089e-01  2.88103085e+00
  2.64754549e+00  1.75853627e+00  5.54276088e-01  2.97141857e+00
 -4.07310987e-01  3.64334824e+00  1.48085094e+00  1.13180237e+00
  1.93734174e+00  1.34192876e+00  7.63995509e-04  1.31341995e+00
  2.23958895e+00  1.53032831e+00  6.07318107e-01  4.44767445e-01
  2.38771558e+00  2.96668897e+00  1.16659016e+00  2.71626481e+00
  2.56228318e+00  7.18849846e-01  2.53954666e+00  6.44499945e-01
  1.29993869e+00  8.10047303e-01  8.91848205e-01  1.67739375e+00
  2.69845811e-01  1.19202568e+00  5.29426836e-01  8.48733135e-01
  3.52296154e+00  3.97237348e+00  2.97703732e+00  2.07322538e+00
  6.02389327e-01  1.04767389e+00  1.60746348e+00  1.47507297e+00]
Device (GPU) time: 0.7655 seconds
Iters. done: 585 [Current cost: -23.161084306210473]
Current parameters: [ 1.20085072e+00  5.49809410e-01  1.81389927e+00  2.50719631e+00
  3.61518017e+00  2.61469568e+00  1.36551508e+00  2.22726880e+00
  6.39587431e-01  2.91654855e+00  3.30991939e-01  2.05832844e+00
  2.48226621e+00  1.34238580e+00  4.10422999e+00  1.50086495e+00
  1.49349532e+00  1.51982232e+00  3.01645982e+00  2.82744003e+00
  4.83840827e-01  2.46933871e+00  2.88137678e-01  2.88105565e+00
  2.64755741e+00  1.75853773e+00  5.54250898e-01  2.97142837e+00
 -4.07327095e-01  3.64336868e+00  1.48086960e+00  1.13180000e+00
  1.93731051e+00  1.34192930e+00  7.78460810e-04  1.31343628e+00
  2.23957880e+00  1.53031002e+00  6.07325495e-01  4.44777035e-01
  2.38771686e+00  2.96670602e+00  1.16660382e+00  2.71626976e+00
  2.56227170e+00  7.18844346e-01  2.53953910e+00  6.44499446e-01
  1.29994146e+00  8.10059286e-01  8.91844521e-01  1.67739535e+00
  2.69838007e-01  1.19203305e+00  5.29445984e-01  8.48732715e-01
  3.52295505e+00  3.97236738e+00  2.97703901e+00  2.07324456e+00
  6.02385399e-01  1.04765996e+00  1.60747902e+00  1.47505520e+00]
Device (GPU) time: 0.8623 seconds
Iters. done: 586 [Current cost: -23.327982969046875]
Current parameters: [ 1.20084747e+00  5.49786178e-01  1.81389834e+00  2.50720698e+00
  3.61520016e+00  2.61468343e+00  1.36551288e+00  2.22728628e+00
  6.39571647e-01  2.91654511e+00  3.30979949e-01  2.05831984e+00
  2.48225392e+00  1.34237971e+00  4.10423655e+00  1.50086168e+00
  1.49348703e+00  1.51982919e+00  3.01644724e+00  2.82745050e+00
  4.83823113e-01  2.46932370e+00  2.88126881e-01  2.88106299e+00
  2.64754438e+00  1.75852948e+00  5.54263817e-01  2.97143556e+00
 -4.07321204e-01  3.64335994e+00  1.48086938e+00  1.13180601e+00
  1.93733115e+00  1.34195013e+00  7.77745690e-04  1.31341979e+00
  2.23956156e+00  1.53031193e+00  6.07323614e-01  4.44751650e-01
  2.38771805e+00  2.96668501e+00  1.16660657e+00  2.71627707e+00
  2.56229607e+00  7.18841285e-01  2.53956342e+00  6.44518295e-01
  1.29994147e+00  8.10045889e-01  8.91824093e-01  1.67737113e+00
  2.69822276e-01  1.19202649e+00  5.29445040e-01  8.48728458e-01
  3.52294577e+00  3.97235532e+00  2.97701068e+00  2.07325507e+00
  6.02415847e-01  1.04765347e+00  1.60747032e+00  1.47508630e+00]
Device (GPU) time: 0.7626 seconds
Iters. done: 587 [Current cost: -23.204737770441863]
Current parameters: [ 1.20085480e+00  5.49819356e-01  1.81389689e+00  2.50720328e+00
  3.61516922e+00  2.61470827e+00  1.36552601e+00  2.22726575e+00
  6.39589924e-01  2.91654108e+00  3.31000402e-01  2.05832406e+00
  2.48226000e+00  1.34238381e+00  4.10423618e+00  1.50086124e+00
  1.49347908e+00  1.51980592e+00  3.01646916e+00  2.82744601e+00
  4.83850092e-01  2.46933243e+00  2.88126656e-01  2.88105825e+00
  2.64754692e+00  1.75853767e+00  5.54261060e-01  2.97141883e+00
 -4.07322329e-01  3.64336161e+00  1.48087770e+00  1.13179733e+00
  1.93731286e+00  1.34194089e+00  7.67983807e-04  1.31342615e+00
  2.23956894e+00  1.53031318e+00  6.07310407e-01  4.44777701e-01
  2.38772775e+00  2.96670199e+00  1.16661013e+00  2.71626756e+00
  2.56227784e+00  7.18842833e-01  2.53953643e+00  6.44506023e-01
  1.29993627e+00  8.10051970e-01  8.91831679e-01  1.67738326e+00
  2.69845799e-01  1.19202581e+00  5.29445372e-01  8.48715376e-01
  3.52296285e+00  3.97236169e+00  2.97702916e+00  2.07324790e+00
  6.02384877e-01  1.04765734e+00  1.60747456e+00  1.47508394e+00]
Device (GPU) time: 0.8791 seconds
Iters. done: 588 [Current cost: -23.431940951777626]
Current parameters: [ 1.20086394e+00  5.49842559e-01  1.81389241e+00  2.50718802e+00
  3.61517870e+00  2.61470414e+00  1.36552235e+00  2.22726935e+00
  6.39604846e-01  2.91653521e+00  3.31011667e-01  2.05833151e+00
  2.48228395e+00  1.34238485e+00  4.10420072e+00  1.50083097e+00
  1.49346077e+00  1.51982145e+00  3.01648192e+00  2.82743246e+00
  4.83830960e-01  2.46933914e+00  2.88142146e-01  2.88103307e+00
  2.64755205e+00  1.75852950e+00  5.54267972e-01  2.97143032e+00
 -4.07330717e-01  3.64336511e+00  1.48086789e+00  1.13181630e+00
  1.93729594e+00  1.34194279e+00  7.73168603e-04  1.31341250e+00
  2.23958047e+00  1.53031976e+00  6.07319626e-01  4.44783486e-01
  2.38770851e+00  2.96670501e+00  1.16660473e+00  2.71627901e+00
  2.56228353e+00  7.18832447e-01  2.53954217e+00  6.44495317e-01
  1.29994573e+00  8.10054111e-01  8.91827353e-01  1.67739946e+00
  2.69810235e-01  1.19202789e+00  5.29432322e-01  8.48730736e-01
  3.52294049e+00  3.97236615e+00  2.97702298e+00  2.07325566e+00
  6.02410405e-01  1.04763581e+00  1.60746252e+00  1.47507547e+00]
Device (GPU) time: 0.7627 seconds
Iters. done: 589 [Current cost: -23.128840193166237]
Current parameters: [ 1.20086394e+00  5.49842559e-01  1.81389241e+00  2.50718802e+00
  3.61517870e+00  2.61470414e+00  1.36552235e+00  2.22726935e+00
  6.39604846e-01  2.91653521e+00  3.31011667e-01  2.05833151e+00
  2.48228395e+00  1.34238485e+00  4.10420072e+00  1.50083097e+00
  1.49346077e+00  1.51982145e+00  3.01648192e+00  2.82743246e+00
  4.83830960e-01  2.46933914e+00  2.88142146e-01  2.88103307e+00
  2.64755205e+00  1.75852950e+00  5.54267972e-01  2.97143032e+00
 -4.07330717e-01  3.64336511e+00  1.48086789e+00  1.13181630e+00
  1.93729594e+00  1.34194279e+00  7.73168603e-04  1.31341250e+00
  2.23958047e+00  1.53031976e+00  6.07319626e-01  4.44783486e-01
  2.38770851e+00  2.96670501e+00  1.16660473e+00  2.71627901e+00
  2.56228353e+00  7.18832447e-01  2.53954217e+00  6.44495317e-01
  1.29994573e+00  8.10054111e-01  8.91827353e-01  1.67739946e+00
  2.69810235e-01  1.19202789e+00  5.29432322e-01  8.48730736e-01
  3.52294049e+00  3.97236615e+00  2.97702298e+00  2.07325566e+00
  6.02410405e-01  1.04763581e+00  1.60746252e+00  1.47507547e+00]
Device (GPU) time: 0.8842 seconds

Total time: 495.3877103329 seconds
Total device time: 494.7993617058 seconds
Total classical optimizer time 0.5883486271 
 message: Optimization terminated successfully.
 success: True
  status: 1
     fun: -23.128840193166237
       x: [ 1.201e+00  5.498e-01 ...  1.607e+00  1.475e+00]
    nfev: 589
   maxcv: 0.0

=== GROUND STATE ENERGY ===
 
* Electronic ground state energy (Hartree): -98.887561093494
  - computed part:      -23.128840193166
  - FreezeCoreTransformer extracted energy part: -75.758720900328
~ Nuclear repulsion energy (Hartree): 4.984400730801
> Total ground state energy (Hartree): -93.903160362694
 
=== MEASURED OBSERVABLES ===
 
 
=== DIPOLE MOMENTS ===
 
~ Nuclear dipole moment (a.u.): [0.0  0.0  16.25069981]
 
calculting using numpy
=== GROUND STATE ENERGY ===
 
* Electronic ground state energy (Hartree): -103.586132397425
  - computed part:      -27.827411497097
  - FreezeCoreTransformer extracted energy part: -75.758720900328
~ Nuclear repulsion energy (Hartree): 4.984400730801
> Total ground state energy (Hartree): -98.601731666625
 
=== MEASURED OBSERVABLES ===
 
 
=== DIPOLE MOMENTS ===
 
~ Nuclear dipole moment (a.u.): [0.0  0.0  16.25069981]
 
real    8m18.756s
user    17m51.685s
sys     17m39.648s