using usscd = 64

Iters. done: 1 [Current cost: -14.765735283901183]
Current parameters: [2.09908907 2.04827218 1.18696081 2.49188236 2.56488499 2.51374357
 0.26544159 1.76000898 0.87174735 2.00106644 0.58178894 2.68743192
 0.09861978 0.47548684 3.05265963 0.68201593 2.08015602 0.66639261
 2.35383109 1.90666518 3.03689951 1.63246862 2.29684596 0.17084229
 2.57677891 1.60013489 0.58951874 1.50310942 2.0061492  3.00020193
 2.6560043  2.96413471 2.68246883 1.63205033 0.33283228 0.20088044
 1.32363821 2.45336413 3.01956314 2.49058217 1.89638505 0.09205327
 2.74083391 1.34279239 2.71641326 2.19591101 0.08143214 0.41751383
 0.07905959 2.60185517 0.19449604 1.4697169  2.10199737 1.72578344
 0.0450297  1.32560951 0.98881231 0.03981404 2.57517111 2.60297588
 1.41499925 0.31299967 1.30135468 2.64312386]
Device (GPU) time: 1.4112 seconds
Iters. done: 2 [Current cost: -15.287007426699931]
Current parameters: [2.09908907 3.04827218 1.18696081 2.49188236 2.56488499 2.51374357
 0.26544159 1.76000898 0.87174735 2.00106644 0.58178894 2.68743192
 0.09861978 0.47548684 3.05265963 0.68201593 2.08015602 0.66639261
 2.35383109 1.90666518 3.03689951 1.63246862 2.29684596 0.17084229
 2.57677891 1.60013489 0.58951874 1.50310942 2.0061492  3.00020193
 2.6560043  2.96413471 2.68246883 1.63205033 0.33283228 0.20088044
 1.32363821 2.45336413 3.01956314 2.49058217 1.89638505 0.09205327
 2.74083391 1.34279239 2.71641326 2.19591101 0.08143214 0.41751383
 0.07905959 2.60185517 0.19449604 1.4697169  2.10199737 1.72578344
 0.0450297  1.32560951 0.98881231 0.03981404 2.57517111 2.60297588
 1.41499925 0.31299967 1.30135468 2.64312386]
Device (GPU) time: 1.1623 seconds
Iters. done: 3 [Current cost: -15.186428501313799]
Current parameters: [2.09908907 2.04827218 2.18696081 2.49188236 2.56488499 2.51374357
 0.26544159 1.76000898 0.87174735 2.00106644 0.58178894 2.68743192
 0.09861978 0.47548684 3.05265963 0.68201593 2.08015602 0.66639261
 2.35383109 1.90666518 3.03689951 1.63246862 2.29684596 0.17084229
 2.57677891 1.60013489 0.58951874 1.50310942 2.0061492  3.00020193
 2.6560043  2.96413471 2.68246883 1.63205033 0.33283228 0.20088044
 1.32363821 2.45336413 3.01956314 2.49058217 1.89638505 0.09205327
 2.74083391 1.34279239 2.71641326 2.19591101 0.08143214 0.41751383
 0.07905959 2.60185517 0.19449604 1.4697169  2.10199737 1.72578344
 0.0450297  1.32560951 0.98881231 0.03981404 2.57517111 2.60297588
 1.41499925 0.31299967 1.30135468 2.64312386]
Device (GPU) time: 1.1651 seconds
Iters. done: 4 [Current cost: -15.910087114026858]
Current parameters: [2.09908907 2.04827218 2.18696081 3.49188236 2.56488499 2.51374357
 0.26544159 1.76000898 0.87174735 2.00106644 0.58178894 2.68743192
 0.09861978 0.47548684 3.05265963 0.68201593 2.08015602 0.66639261
 2.35383109 1.90666518 3.03689951 1.63246862 2.29684596 0.17084229
 2.57677891 1.60013489 0.58951874 1.50310942 2.0061492  3.00020193
 2.6560043  2.96413471 2.68246883 1.63205033 0.33283228 0.20088044
 1.32363821 2.45336413 3.01956314 2.49058217 1.89638505 0.09205327
 2.74083391 1.34279239 2.71641326 2.19591101 0.08143214 0.41751383
 0.07905959 2.60185517 0.19449604 1.4697169  2.10199737 1.72578344
 0.0450297  1.32560951 0.98881231 0.03981404 2.57517111 2.60297588
 1.41499925 0.31299967 1.30135468 2.64312386]
Device (GPU) time: 1.1774 seconds
Iters. done: 5 [Current cost: -15.832560683504667]
Current parameters: [2.09908907 2.04827218 2.18696081 2.49188236 3.56488499 2.51374357
 0.26544159 1.76000898 0.87174735 2.00106644 0.58178894 2.68743192
 0.09861978 0.47548684 3.05265963 0.68201593 2.08015602 0.66639261
 2.35383109 1.90666518 3.03689951 1.63246862 2.29684596 0.17084229
 2.57677891 1.60013489 0.58951874 1.50310942 2.0061492  3.00020193
 2.6560043  2.96413471 2.68246883 1.63205033 0.33283228 0.20088044
 1.32363821 2.45336413 3.01956314 2.49058217 1.89638505 0.09205327
 2.74083391 1.34279239 2.71641326 2.19591101 0.08143214 0.41751383
 0.07905959 2.60185517 0.19449604 1.4697169  2.10199737 1.72578344
 0.0450297  1.32560951 0.98881231 0.03981404 2.57517111 2.60297588
 1.41499925 0.31299967 1.30135468 2.64312386]
Device (GPU) time: 1.0640 seconds
Iters. done: 6 [Current cost: -15.84567714038445]
Current parameters: [2.09908907 2.04827218 2.18696081 2.49188236 2.56488499 3.51374357
 0.26544159 1.76000898 0.87174735 2.00106644 0.58178894 2.68743192
 0.09861978 0.47548684 3.05265963 0.68201593 2.08015602 0.66639261
 2.35383109 1.90666518 3.03689951 1.63246862 2.29684596 0.17084229
 2.57677891 1.60013489 0.58951874 1.50310942 2.0061492  3.00020193
 2.6560043  2.96413471 2.68246883 1.63205033 0.33283228 0.20088044
 1.32363821 2.45336413 3.01956314 2.49058217 1.89638505 0.09205327
 2.74083391 1.34279239 2.71641326 2.19591101 0.08143214 0.41751383
 0.07905959 2.60185517 0.19449604 1.4697169  2.10199737 1.72578344
 0.0450297  1.32560951 0.98881231 0.03981404 2.57517111 2.60297588
 1.41499925 0.31299967 1.30135468 2.64312386]
Device (GPU) time: 1.6409 seconds
Iters. done: 7 [Current cost: -15.718376832752973]
Current parameters: [2.09908907 2.04827218 2.18696081 2.49188236 2.56488499 2.51374357
 1.26544159 1.76000898 0.87174735 2.00106644 0.58178894 2.68743192
 0.09861978 0.47548684 3.05265963 0.68201593 2.08015602 0.66639261
 2.35383109 1.90666518 3.03689951 1.63246862 2.29684596 0.17084229
 2.57677891 1.60013489 0.58951874 1.50310942 2.0061492  3.00020193
 2.6560043  2.96413471 2.68246883 1.63205033 0.33283228 0.20088044
 1.32363821 2.45336413 3.01956314 2.49058217 1.89638505 0.09205327
 2.74083391 1.34279239 2.71641326 2.19591101 0.08143214 0.41751383
 0.07905959 2.60185517 0.19449604 1.4697169  2.10199737 1.72578344
 0.0450297  1.32560951 0.98881231 0.03981404 2.57517111 2.60297588
 1.41499925 0.31299967 1.30135468 2.64312386]
Device (GPU) time: 1.1820 seconds
Iters. done: 8 [Current cost: -15.53442737478428]
Current parameters: [2.09908907 2.04827218 2.18696081 2.49188236 2.56488499 2.51374357
 0.26544159 2.76000898 0.87174735 2.00106644 0.58178894 2.68743192
 0.09861978 0.47548684 3.05265963 0.68201593 2.08015602 0.66639261
 2.35383109 1.90666518 3.03689951 1.63246862 2.29684596 0.17084229
 2.57677891 1.60013489 0.58951874 1.50310942 2.0061492  3.00020193
 2.6560043  2.96413471 2.68246883 1.63205033 0.33283228 0.20088044
 1.32363821 2.45336413 3.01956314 2.49058217 1.89638505 0.09205327
 2.74083391 1.34279239 2.71641326 2.19591101 0.08143214 0.41751383
 0.07905959 2.60185517 0.19449604 1.4697169  2.10199737 1.72578344
 0.0450297  1.32560951 0.98881231 0.03981404 2.57517111 2.60297588
 1.41499925 0.31299967 1.30135468 2.64312386]
Device (GPU) time: 1.2121 seconds
Iters. done: 9 [Current cost: -17.043426706045718]
Current parameters: [2.09908907 2.04827218 2.18696081 2.49188236 2.56488499 2.51374357
 0.26544159 2.76000898 1.87174735 2.00106644 0.58178894 2.68743192
 0.09861978 0.47548684 3.05265963 0.68201593 2.08015602 0.66639261
 2.35383109 1.90666518 3.03689951 1.63246862 2.29684596 0.17084229
 2.57677891 1.60013489 0.58951874 1.50310942 2.0061492  3.00020193
 2.6560043  2.96413471 2.68246883 1.63205033 0.33283228 0.20088044
 1.32363821 2.45336413 3.01956314 2.49058217 1.89638505 0.09205327
 2.74083391 1.34279239 2.71641326 2.19591101 0.08143214 0.41751383
 0.07905959 2.60185517 0.19449604 1.4697169  2.10199737 1.72578344
 0.0450297  1.32560951 0.98881231 0.03981404 2.57517111 2.60297588
 1.41499925 0.31299967 1.30135468 2.64312386]
Device (GPU) time: 1.0981 seconds
Iters. done: 10 [Current cost: -17.045886151742657]
Current parameters: [2.09908907 2.04827218 2.18696081 2.49188236 2.56488499 2.51374357
 0.26544159 2.76000898 1.87174735 3.00106644 0.58178894 2.68743192
 0.09861978 0.47548684 3.05265963 0.68201593 2.08015602 0.66639261
 2.35383109 1.90666518 3.03689951 1.63246862 2.29684596 0.17084229
 2.57677891 1.60013489 0.58951874 1.50310942 2.0061492  3.00020193
 2.6560043  2.96413471 2.68246883 1.63205033 0.33283228 0.20088044
 1.32363821 2.45336413 3.01956314 2.49058217 1.89638505 0.09205327
 2.74083391 1.34279239 2.71641326 2.19591101 0.08143214 0.41751383
 0.07905959 2.60185517 0.19449604 1.4697169  2.10199737 1.72578344
 0.0450297  1.32560951 0.98881231 0.03981404 2.57517111 2.60297588
 1.41499925 0.31299967 1.30135468 2.64312386]
Device (GPU) time: 1.7286 seconds
Iters. done: 11 [Current cost: -17.04762818654166]
Current parameters: [2.09908907 2.04827218 2.18696081 2.49188236 2.56488499 2.51374357
 0.26544159 2.76000898 1.87174735 3.00106644 1.58178894 2.68743192
 0.09861978 0.47548684 3.05265963 0.68201593 2.08015602 0.66639261
 2.35383109 1.90666518 3.03689951 1.63246862 2.29684596 0.17084229
 2.57677891 1.60013489 0.58951874 1.50310942 2.0061492  3.00020193
 2.6560043  2.96413471 2.68246883 1.63205033 0.33283228 0.20088044
 1.32363821 2.45336413 3.01956314 2.49058217 1.89638505 0.09205327
 2.74083391 1.34279239 2.71641326 2.19591101 0.08143214 0.41751383
 0.07905959 2.60185517 0.19449604 1.4697169  2.10199737 1.72578344
 0.0450297  1.32560951 0.98881231 0.03981404 2.57517111 2.60297588
 1.41499925 0.31299967 1.30135468 2.64312386]
Device (GPU) time: 1.1944 seconds
Iters. done: 12 [Current cost: -17.036495348444905]
Current parameters: [2.09908907 2.04827218 2.18696081 2.49188236 2.56488499 2.51374357
 0.26544159 2.76000898 1.87174735 3.00106644 0.58178894 3.68743192
 0.09861978 0.47548684 3.05265963 0.68201593 2.08015602 0.66639261
 2.35383109 1.90666518 3.03689951 1.63246862 2.29684596 0.17084229
 2.57677891 1.60013489 0.58951874 1.50310942 2.0061492  3.00020193
 2.6560043  2.96413471 2.68246883 1.63205033 0.33283228 0.20088044
 1.32363821 2.45336413 3.01956314 2.49058217 1.89638505 0.09205327
 2.74083391 1.34279239 2.71641326 2.19591101 0.08143214 0.41751383
 0.07905959 2.60185517 0.19449604 1.4697169  2.10199737 1.72578344
 0.0450297  1.32560951 0.98881231 0.03981404 2.57517111 2.60297588
 1.41499925 0.31299967 1.30135468 2.64312386]
Device (GPU) time: 1.1822 seconds
Iters. done: 13 [Current cost: -16.86822854591147]
Current parameters: [2.09908907 2.04827218 2.18696081 2.49188236 2.56488499 2.51374357
 0.26544159 2.76000898 1.87174735 3.00106644 0.58178894 2.68743192
 1.09861978 0.47548684 3.05265963 0.68201593 2.08015602 0.66639261
 2.35383109 1.90666518 3.03689951 1.63246862 2.29684596 0.17084229
 2.57677891 1.60013489 0.58951874 1.50310942 2.0061492  3.00020193
 2.6560043  2.96413471 2.68246883 1.63205033 0.33283228 0.20088044
 1.32363821 2.45336413 3.01956314 2.49058217 1.89638505 0.09205327
 2.74083391 1.34279239 2.71641326 2.19591101 0.08143214 0.41751383
 0.07905959 2.60185517 0.19449604 1.4697169  2.10199737 1.72578344
 0.0450297  1.32560951 0.98881231 0.03981404 2.57517111 2.60297588
 1.41499925 0.31299967 1.30135468 2.64312386]
Device (GPU) time: 1.1480 seconds
Iters. done: 14 [Current cost: -16.998674671458744]
Current parameters: [2.09908907 2.04827218 2.18696081 2.49188236 2.56488499 2.51374357
 0.26544159 2.76000898 1.87174735 3.00106644 0.58178894 2.68743192
 0.09861978 1.47548684 3.05265963 0.68201593 2.08015602 0.66639261
 2.35383109 1.90666518 3.03689951 1.63246862 2.29684596 0.17084229
 2.57677891 1.60013489 0.58951874 1.50310942 2.0061492  3.00020193
 2.6560043  2.96413471 2.68246883 1.63205033 0.33283228 0.20088044
 1.32363821 2.45336413 3.01956314 2.49058217 1.89638505 0.09205327
 2.74083391 1.34279239 2.71641326 2.19591101 0.08143214 0.41751383
 0.07905959 2.60185517 0.19449604 1.4697169  2.10199737 1.72578344
 0.0450297  1.32560951 0.98881231 0.03981404 2.57517111 2.60297588
 1.41499925 0.31299967 1.30135468 2.64312386]
Device (GPU) time: 1.1850 seconds
Iters. done: 15 [Current cost: -16.714335801187353]
Current parameters: [2.09908907 2.04827218 2.18696081 2.49188236 2.56488499 2.51374357
 0.26544159 2.76000898 1.87174735 3.00106644 0.58178894 2.68743192
 0.09861978 0.47548684 4.05265963 0.68201593 2.08015602 0.66639261
 2.35383109 1.90666518 3.03689951 1.63246862 2.29684596 0.17084229
 2.57677891 1.60013489 0.58951874 1.50310942 2.0061492  3.00020193
 2.6560043  2.96413471 2.68246883 1.63205033 0.33283228 0.20088044
 1.32363821 2.45336413 3.01956314 2.49058217 1.89638505 0.09205327
 2.74083391 1.34279239 2.71641326 2.19591101 0.08143214 0.41751383
 0.07905959 2.60185517 0.19449604 1.4697169  2.10199737 1.72578344
 0.0450297  1.32560951 0.98881231 0.03981404 2.57517111 2.60297588
 1.41499925 0.31299967 1.30135468 2.64312386]
Device (GPU) time: 1.1807 seconds
Iters. done: 16 [Current cost: -17.047051288396396]
Current parameters: [2.09908907 2.04827218 2.18696081 2.49188236 2.56488499 2.51374357
 0.26544159 2.76000898 1.87174735 3.00106644 0.58178894 2.68743192
 0.09861978 0.47548684 3.05265963 1.68201593 2.08015602 0.66639261
 2.35383109 1.90666518 3.03689951 1.63246862 2.29684596 0.17084229
 2.57677891 1.60013489 0.58951874 1.50310942 2.0061492  3.00020193
 2.6560043  2.96413471 2.68246883 1.63205033 0.33283228 0.20088044
 1.32363821 2.45336413 3.01956314 2.49058217 1.89638505 0.09205327
 2.74083391 1.34279239 2.71641326 2.19591101 0.08143214 0.41751383
 0.07905959 2.60185517 0.19449604 1.4697169  2.10199737 1.72578344
 0.0450297  1.32560951 0.98881231 0.03981404 2.57517111 2.60297588
 1.41499925 0.31299967 1.30135468 2.64312386]
Device (GPU) time: 1.0930 seconds
Iters. done: 17 [Current cost: -17.199780280936945]
Current parameters: [2.09908907 2.04827218 2.18696081 2.49188236 2.56488499 2.51374357
 0.26544159 2.76000898 1.87174735 3.00106644 0.58178894 2.68743192
 0.09861978 0.47548684 3.05265963 1.68201593 3.08015602 0.66639261
 2.35383109 1.90666518 3.03689951 1.63246862 2.29684596 0.17084229
 2.57677891 1.60013489 0.58951874 1.50310942 2.0061492  3.00020193
 2.6560043  2.96413471 2.68246883 1.63205033 0.33283228 0.20088044
 1.32363821 2.45336413 3.01956314 2.49058217 1.89638505 0.09205327
 2.74083391 1.34279239 2.71641326 2.19591101 0.08143214 0.41751383
 0.07905959 2.60185517 0.19449604 1.4697169  2.10199737 1.72578344
 0.0450297  1.32560951 0.98881231 0.03981404 2.57517111 2.60297588
 1.41499925 0.31299967 1.30135468 2.64312386]
Device (GPU) time: 1.2242 seconds
Iters. done: 18 [Current cost: -17.409744756318005]
Current parameters: [2.09908907 2.04827218 2.18696081 2.49188236 2.56488499 2.51374357
 0.26544159 2.76000898 1.87174735 3.00106644 0.58178894 2.68743192
 0.09861978 0.47548684 3.05265963 1.68201593 3.08015602 1.66639261
 2.35383109 1.90666518 3.03689951 1.63246862 2.29684596 0.17084229
 2.57677891 1.60013489 0.58951874 1.50310942 2.0061492  3.00020193
 2.6560043  2.96413471 2.68246883 1.63205033 0.33283228 0.20088044
 1.32363821 2.45336413 3.01956314 2.49058217 1.89638505 0.09205327
 2.74083391 1.34279239 2.71641326 2.19591101 0.08143214 0.41751383
 0.07905959 2.60185517 0.19449604 1.4697169  2.10199737 1.72578344
 0.0450297  1.32560951 0.98881231 0.03981404 2.57517111 2.60297588
 1.41499925 0.31299967 1.30135468 2.64312386]
Device (GPU) time: 1.2156 seconds
Iters. done: 19 [Current cost: -17.348024089667717]
Current parameters: [2.09908907 2.04827218 2.18696081 2.49188236 2.56488499 2.51374357
 0.26544159 2.76000898 1.87174735 3.00106644 0.58178894 2.68743192
 0.09861978 0.47548684 3.05265963 1.68201593 3.08015602 0.66639261
 3.35383109 1.90666518 3.03689951 1.63246862 2.29684596 0.17084229
 2.57677891 1.60013489 0.58951874 1.50310942 2.0061492  3.00020193
 2.6560043  2.96413471 2.68246883 1.63205033 0.33283228 0.20088044
 1.32363821 2.45336413 3.01956314 2.49058217 1.89638505 0.09205327
 2.74083391 1.34279239 2.71641326 2.19591101 0.08143214 0.41751383
 0.07905959 2.60185517 0.19449604 1.4697169  2.10199737 1.72578344
 0.0450297  1.32560951 0.98881231 0.03981404 2.57517111 2.60297588
 1.41499925 0.31299967 1.30135468 2.64312386]
Device (GPU) time: 1.1782 seconds
Iters. done: 20 [Current cost: -17.47122476653419]
Current parameters: [2.09908907 2.04827218 2.18696081 2.49188236 2.56488499 2.51374357
 0.26544159 2.76000898 1.87174735 3.00106644 0.58178894 2.68743192
 0.09861978 0.47548684 3.05265963 1.68201593 3.08015602 0.66639261
 3.35383109 2.90666518 3.03689951 1.63246862 2.29684596 0.17084229
 2.57677891 1.60013489 0.58951874 1.50310942 2.0061492  3.00020193
 2.6560043  2.96413471 2.68246883 1.63205033 0.33283228 0.20088044
 1.32363821 2.45336413 3.01956314 2.49058217 1.89638505 0.09205327
 2.74083391 1.34279239 2.71641326 2.19591101 0.08143214 0.41751383
 0.07905959 2.60185517 0.19449604 1.4697169  2.10199737 1.72578344
 0.0450297  1.32560951 0.98881231 0.03981404 2.57517111 2.60297588
 1.41499925 0.31299967 1.30135468 2.64312386]
Device (GPU) time: 1.0742 seconds
Iters. done: 21 [Current cost: -17.74639262285241]
Current parameters: [2.09908907 2.04827218 2.18696081 2.49188236 2.56488499 2.51374357
 0.26544159 2.76000898 1.87174735 3.00106644 0.58178894 2.68743192
 0.09861978 0.47548684 3.05265963 1.68201593 3.08015602 0.66639261
 3.35383109 2.90666518 4.03689951 1.63246862 2.29684596 0.17084229
 2.57677891 1.60013489 0.58951874 1.50310942 2.0061492  3.00020193
 2.6560043  2.96413471 2.68246883 1.63205033 0.33283228 0.20088044
 1.32363821 2.45336413 3.01956314 2.49058217 1.89638505 0.09205327
 2.74083391 1.34279239 2.71641326 2.19591101 0.08143214 0.41751383
 0.07905959 2.60185517 0.19449604 1.4697169  2.10199737 1.72578344
 0.0450297  1.32560951 0.98881231 0.03981404 2.57517111 2.60297588
 1.41499925 0.31299967 1.30135468 2.64312386]
Device (GPU) time: 1.2156 seconds
Iters. done: 22 [Current cost: -17.527545284139315]
Current parameters: [2.09908907 2.04827218 2.18696081 2.49188236 2.56488499 2.51374357
 0.26544159 2.76000898 1.87174735 3.00106644 0.58178894 2.68743192
 0.09861978 0.47548684 3.05265963 1.68201593 3.08015602 0.66639261
 3.35383109 2.90666518 3.03689951 2.63246862 2.29684596 0.17084229
 2.57677891 1.60013489 0.58951874 1.50310942 2.0061492  3.00020193
 2.6560043  2.96413471 2.68246883 1.63205033 0.33283228 0.20088044
 1.32363821 2.45336413 3.01956314 2.49058217 1.89638505 0.09205327
 2.74083391 1.34279239 2.71641326 2.19591101 0.08143214 0.41751383
 0.07905959 2.60185517 0.19449604 1.4697169  2.10199737 1.72578344
 0.0450297  1.32560951 0.98881231 0.03981404 2.57517111 2.60297588
 1.41499925 0.31299967 1.30135468 2.64312386]
Device (GPU) time: 1.2184 seconds
Iters. done: 23 [Current cost: -17.88105260057535]
Current parameters: [2.09908907 2.04827218 2.18696081 2.49188236 2.56488499 2.51374357
 0.26544159 2.76000898 1.87174735 3.00106644 0.58178894 2.68743192
 0.09861978 0.47548684 3.05265963 1.68201593 3.08015602 0.66639261
 3.35383109 2.90666518 3.03689951 2.63246862 3.29684596 0.17084229
 2.57677891 1.60013489 0.58951874 1.50310942 2.0061492  3.00020193
 2.6560043  2.96413471 2.68246883 1.63205033 0.33283228 0.20088044
 1.32363821 2.45336413 3.01956314 2.49058217 1.89638505 0.09205327
 2.74083391 1.34279239 2.71641326 2.19591101 0.08143214 0.41751383
 0.07905959 2.60185517 0.19449604 1.4697169  2.10199737 1.72578344
 0.0450297  1.32560951 0.98881231 0.03981404 2.57517111 2.60297588
 1.41499925 0.31299967 1.30135468 2.64312386]
Device (GPU) time: 1.0783 seconds
Iters. done: 24 [Current cost: -18.076440318166423]
Current parameters: [2.09908907 2.04827218 2.18696081 2.49188236 2.56488499 2.51374357
 0.26544159 2.76000898 1.87174735 3.00106644 0.58178894 2.68743192
 0.09861978 0.47548684 3.05265963 1.68201593 3.08015602 0.66639261
 3.35383109 2.90666518 3.03689951 2.63246862 3.29684596 1.17084229
 2.57677891 1.60013489 0.58951874 1.50310942 2.0061492  3.00020193
 2.6560043  2.96413471 2.68246883 1.63205033 0.33283228 0.20088044
 1.32363821 2.45336413 3.01956314 2.49058217 1.89638505 0.09205327
 2.74083391 1.34279239 2.71641326 2.19591101 0.08143214 0.41751383
 0.07905959 2.60185517 0.19449604 1.4697169  2.10199737 1.72578344
 0.0450297  1.32560951 0.98881231 0.03981404 2.57517111 2.60297588
 1.41499925 0.31299967 1.30135468 2.64312386]
Device (GPU) time: 1.2213 seconds
Iters. done: 25 [Current cost: -17.897536113074143]
Current parameters: [2.09908907 2.04827218 2.18696081 2.49188236 2.56488499 2.51374357
 0.26544159 2.76000898 1.87174735 3.00106644 0.58178894 2.68743192
 0.09861978 0.47548684 3.05265963 1.68201593 3.08015602 0.66639261
 3.35383109 2.90666518 3.03689951 2.63246862 3.29684596 0.17084229
 3.57677891 1.60013489 0.58951874 1.50310942 2.0061492  3.00020193
 2.6560043  2.96413471 2.68246883 1.63205033 0.33283228 0.20088044
 1.32363821 2.45336413 3.01956314 2.49058217 1.89638505 0.09205327
 2.74083391 1.34279239 2.71641326 2.19591101 0.08143214 0.41751383
 0.07905959 2.60185517 0.19449604 1.4697169  2.10199737 1.72578344
 0.0450297  1.32560951 0.98881231 0.03981404 2.57517111 2.60297588
 1.41499925 0.31299967 1.30135468 2.64312386]
Device (GPU) time: 1.1948 seconds
Iters. done: 26 [Current cost: -18.049847090903715]
Current parameters: [2.09908907 2.04827218 2.18696081 2.49188236 2.56488499 2.51374357
 0.26544159 2.76000898 1.87174735 3.00106644 0.58178894 2.68743192
 0.09861978 0.47548684 3.05265963 1.68201593 3.08015602 0.66639261
 3.35383109 2.90666518 3.03689951 2.63246862 3.29684596 0.17084229
 2.57677891 2.60013489 0.58951874 1.50310942 2.0061492  3.00020193
 2.6560043  2.96413471 2.68246883 1.63205033 0.33283228 0.20088044
 1.32363821 2.45336413 3.01956314 2.49058217 1.89638505 0.09205327
 2.74083391 1.34279239 2.71641326 2.19591101 0.08143214 0.41751383
 0.07905959 2.60185517 0.19449604 1.4697169  2.10199737 1.72578344
 0.0450297  1.32560951 0.98881231 0.03981404 2.57517111 2.60297588
 1.41499925 0.31299967 1.30135468 2.64312386]
Device (GPU) time: 1.1703 seconds
Iters. done: 27 [Current cost: -18.143092612391452]
Current parameters: [2.09908907 2.04827218 2.18696081 2.49188236 2.56488499 2.51374357
 0.26544159 2.76000898 1.87174735 3.00106644 0.58178894 2.68743192
 0.09861978 0.47548684 3.05265963 1.68201593 3.08015602 0.66639261
 3.35383109 2.90666518 3.03689951 2.63246862 3.29684596 0.17084229
 2.57677891 2.60013489 1.58951874 1.50310942 2.0061492  3.00020193
 2.6560043  2.96413471 2.68246883 1.63205033 0.33283228 0.20088044
 1.32363821 2.45336413 3.01956314 2.49058217 1.89638505 0.09205327
 2.74083391 1.34279239 2.71641326 2.19591101 0.08143214 0.41751383
 0.07905959 2.60185517 0.19449604 1.4697169  2.10199737 1.72578344
 0.0450297  1.32560951 0.98881231 0.03981404 2.57517111 2.60297588
 1.41499925 0.31299967 1.30135468 2.64312386]
Device (GPU) time: 1.2130 seconds
Iters. done: 28 [Current cost: -18.07479757565907]
Current parameters: [2.09908907 2.04827218 2.18696081 2.49188236 2.56488499 2.51374357
 0.26544159 2.76000898 1.87174735 3.00106644 0.58178894 2.68743192
 0.09861978 0.47548684 3.05265963 1.68201593 3.08015602 0.66639261
 3.35383109 2.90666518 3.03689951 2.63246862 3.29684596 0.17084229
 2.57677891 2.60013489 0.58951874 2.50310942 2.0061492  3.00020193
 2.6560043  2.96413471 2.68246883 1.63205033 0.33283228 0.20088044
 1.32363821 2.45336413 3.01956314 2.49058217 1.89638505 0.09205327
 2.74083391 1.34279239 2.71641326 2.19591101 0.08143214 0.41751383
 0.07905959 2.60185517 0.19449604 1.4697169  2.10199737 1.72578344
 0.0450297  1.32560951 0.98881231 0.03981404 2.57517111 2.60297588
 1.41499925 0.31299967 1.30135468 2.64312386]
Device (GPU) time: 1.1929 seconds
Iters. done: 29 [Current cost: -17.99060930427341]
Current parameters: [2.09908907 2.04827218 2.18696081 2.49188236 2.56488499 2.51374357
 0.26544159 2.76000898 1.87174735 3.00106644 0.58178894 2.68743192
 0.09861978 0.47548684 3.05265963 1.68201593 3.08015602 0.66639261
 3.35383109 2.90666518 3.03689951 2.63246862 3.29684596 0.17084229
 2.57677891 2.60013489 0.58951874 1.50310942 3.0061492  3.00020193
 2.6560043  2.96413471 2.68246883 1.63205033 0.33283228 0.20088044
 1.32363821 2.45336413 3.01956314 2.49058217 1.89638505 0.09205327
 2.74083391 1.34279239 2.71641326 2.19591101 0.08143214 0.41751383
 0.07905959 2.60185517 0.19449604 1.4697169  2.10199737 1.72578344
 0.0450297  1.32560951 0.98881231 0.03981404 2.57517111 2.60297588
 1.41499925 0.31299967 1.30135468 2.64312386]
Device (GPU) time: 1.1861 seconds
Iters. done: 30 [Current cost: -18.08740644908635]
Current parameters: [2.09908907 2.04827218 2.18696081 2.49188236 2.56488499 2.51374357
 0.26544159 2.76000898 1.87174735 3.00106644 0.58178894 2.68743192
 0.09861978 0.47548684 3.05265963 1.68201593 3.08015602 0.66639261
 3.35383109 2.90666518 3.03689951 2.63246862 3.29684596 0.17084229
 2.57677891 2.60013489 0.58951874 1.50310942 2.0061492  4.00020193
 2.6560043  2.96413471 2.68246883 1.63205033 0.33283228 0.20088044
 1.32363821 2.45336413 3.01956314 2.49058217 1.89638505 0.09205327
 2.74083391 1.34279239 2.71641326 2.19591101 0.08143214 0.41751383
 0.07905959 2.60185517 0.19449604 1.4697169  2.10199737 1.72578344
 0.0450297  1.32560951 0.98881231 0.03981404 2.57517111 2.60297588
 1.41499925 0.31299967 1.30135468 2.64312386]
Device (GPU) time: 1.1711 seconds
Iters. done: 31 [Current cost: -18.067050673378446]
Current parameters: [2.09908907 2.04827218 2.18696081 2.49188236 2.56488499 2.51374357
 0.26544159 2.76000898 1.87174735 3.00106644 0.58178894 2.68743192
 0.09861978 0.47548684 3.05265963 1.68201593 3.08015602 0.66639261
 3.35383109 2.90666518 3.03689951 2.63246862 3.29684596 0.17084229
 2.57677891 2.60013489 0.58951874 1.50310942 2.0061492  3.00020193
 3.6560043  2.96413471 2.68246883 1.63205033 0.33283228 0.20088044
 1.32363821 2.45336413 3.01956314 2.49058217 1.89638505 0.09205327
 2.74083391 1.34279239 2.71641326 2.19591101 0.08143214 0.41751383
 0.07905959 2.60185517 0.19449604 1.4697169  2.10199737 1.72578344
 0.0450297  1.32560951 0.98881231 0.03981404 2.57517111 2.60297588
 1.41499925 0.31299967 1.30135468 2.64312386]
Device (GPU) time: 1.1462 seconds
Iters. done: 32 [Current cost: -17.956733756403285]
Current parameters: [2.09908907 2.04827218 2.18696081 2.49188236 2.56488499 2.51374357
 0.26544159 2.76000898 1.87174735 3.00106644 0.58178894 2.68743192
 0.09861978 0.47548684 3.05265963 1.68201593 3.08015602 0.66639261
 3.35383109 2.90666518 3.03689951 2.63246862 3.29684596 0.17084229
 2.57677891 2.60013489 0.58951874 1.50310942 2.0061492  3.00020193
 2.6560043  3.96413471 2.68246883 1.63205033 0.33283228 0.20088044
 1.32363821 2.45336413 3.01956314 2.49058217 1.89638505 0.09205327
 2.74083391 1.34279239 2.71641326 2.19591101 0.08143214 0.41751383
 0.07905959 2.60185517 0.19449604 1.4697169  2.10199737 1.72578344
 0.0450297  1.32560951 0.98881231 0.03981404 2.57517111 2.60297588
 1.41499925 0.31299967 1.30135468 2.64312386]
Device (GPU) time: 1.1870 seconds
Iters. done: 33 [Current cost: -18.330300840383444]
Current parameters: [2.09908907 2.04827218 2.18696081 2.49188236 2.56488499 2.51374357
 0.26544159 2.76000898 1.87174735 3.00106644 0.58178894 2.68743192
 0.09861978 0.47548684 3.05265963 1.68201593 3.08015602 0.66639261
 3.35383109 2.90666518 3.03689951 2.63246862 3.29684596 0.17084229
 2.57677891 2.60013489 0.58951874 1.50310942 2.0061492  3.00020193
 2.6560043  3.96413471 3.68246883 1.63205033 0.33283228 0.20088044
 1.32363821 2.45336413 3.01956314 2.49058217 1.89638505 0.09205327
 2.74083391 1.34279239 2.71641326 2.19591101 0.08143214 0.41751383
 0.07905959 2.60185517 0.19449604 1.4697169  2.10199737 1.72578344
 0.0450297  1.32560951 0.98881231 0.03981404 2.57517111 2.60297588
 1.41499925 0.31299967 1.30135468 2.64312386]
Device (GPU) time: 1.1881 seconds
Iters. done: 34 [Current cost: -18.151881830154654]
Current parameters: [2.09908907 2.04827218 2.18696081 2.49188236 2.56488499 2.51374357
 0.26544159 2.76000898 1.87174735 3.00106644 0.58178894 2.68743192
 0.09861978 0.47548684 3.05265963 1.68201593 3.08015602 0.66639261
 3.35383109 2.90666518 3.03689951 2.63246862 3.29684596 0.17084229
 2.57677891 2.60013489 0.58951874 1.50310942 2.0061492  3.00020193
 2.6560043  3.96413471 2.68246883 2.63205033 0.33283228 0.20088044
 1.32363821 2.45336413 3.01956314 2.49058217 1.89638505 0.09205327
 2.74083391 1.34279239 2.71641326 2.19591101 0.08143214 0.41751383
 0.07905959 2.60185517 0.19449604 1.4697169  2.10199737 1.72578344
 0.0450297  1.32560951 0.98881231 0.03981404 2.57517111 2.60297588
 1.41499925 0.31299967 1.30135468 2.64312386]
Device (GPU) time: 1.1776 seconds
Iters. done: 35 [Current cost: -18.21523663511946]
Current parameters: [2.09908907 2.04827218 2.18696081 2.49188236 2.56488499 2.51374357
 0.26544159 2.76000898 1.87174735 3.00106644 0.58178894 2.68743192
 0.09861978 0.47548684 3.05265963 1.68201593 3.08015602 0.66639261
 3.35383109 2.90666518 3.03689951 2.63246862 3.29684596 0.17084229
 2.57677891 2.60013489 0.58951874 1.50310942 2.0061492  3.00020193
 2.6560043  3.96413471 2.68246883 1.63205033 1.33283228 0.20088044
 1.32363821 2.45336413 3.01956314 2.49058217 1.89638505 0.09205327
 2.74083391 1.34279239 2.71641326 2.19591101 0.08143214 0.41751383
 0.07905959 2.60185517 0.19449604 1.4697169  2.10199737 1.72578344
 0.0450297  1.32560951 0.98881231 0.03981404 2.57517111 2.60297588
 1.41499925 0.31299967 1.30135468 2.64312386]
Device (GPU) time: 1.0646 seconds
Iters. done: 36 [Current cost: -18.16971708326546]
Current parameters: [2.09908907 2.04827218 2.18696081 2.49188236 2.56488499 2.51374357
 0.26544159 2.76000898 1.87174735 3.00106644 0.58178894 2.68743192
 0.09861978 0.47548684 3.05265963 1.68201593 3.08015602 0.66639261
 3.35383109 2.90666518 3.03689951 2.63246862 3.29684596 0.17084229
 2.57677891 2.60013489 0.58951874 1.50310942 2.0061492  3.00020193
 2.6560043  3.96413471 2.68246883 1.63205033 0.33283228 1.20088044
 1.32363821 2.45336413 3.01956314 2.49058217 1.89638505 0.09205327
 2.74083391 1.34279239 2.71641326 2.19591101 0.08143214 0.41751383
 0.07905959 2.60185517 0.19449604 1.4697169  2.10199737 1.72578344
 0.0450297  1.32560951 0.98881231 0.03981404 2.57517111 2.60297588
 1.41499925 0.31299967 1.30135468 2.64312386]
Device (GPU) time: 1.2417 seconds
Iters. done: 37 [Current cost: -18.254286802963836]
Current parameters: [2.09908907 2.04827218 2.18696081 2.49188236 2.56488499 2.51374357
 0.26544159 2.76000898 1.87174735 3.00106644 0.58178894 2.68743192
 0.09861978 0.47548684 3.05265963 1.68201593 3.08015602 0.66639261
 3.35383109 2.90666518 3.03689951 2.63246862 3.29684596 0.17084229
 2.57677891 2.60013489 0.58951874 1.50310942 2.0061492  3.00020193
 2.6560043  3.96413471 2.68246883 1.63205033 0.33283228 0.20088044
 2.32363821 2.45336413 3.01956314 2.49058217 1.89638505 0.09205327
 2.74083391 1.34279239 2.71641326 2.19591101 0.08143214 0.41751383
 0.07905959 2.60185517 0.19449604 1.4697169  2.10199737 1.72578344
 0.0450297  1.32560951 0.98881231 0.03981404 2.57517111 2.60297588
 1.41499925 0.31299967 1.30135468 2.64312386]
Device (GPU) time: 1.1654 seconds
Iters. done: 38 [Current cost: -18.138331154297735]
Current parameters: [2.09908907 2.04827218 2.18696081 2.49188236 2.56488499 2.51374357
 0.26544159 2.76000898 1.87174735 3.00106644 0.58178894 2.68743192
 0.09861978 0.47548684 3.05265963 1.68201593 3.08015602 0.66639261
 3.35383109 2.90666518 3.03689951 2.63246862 3.29684596 0.17084229
 2.57677891 2.60013489 0.58951874 1.50310942 2.0061492  3.00020193
 2.6560043  3.96413471 2.68246883 1.63205033 0.33283228 0.20088044
 1.32363821 3.45336413 3.01956314 2.49058217 1.89638505 0.09205327
 2.74083391 1.34279239 2.71641326 2.19591101 0.08143214 0.41751383
 0.07905959 2.60185517 0.19449604 1.4697169  2.10199737 1.72578344
 0.0450297  1.32560951 0.98881231 0.03981404 2.57517111 2.60297588
 1.41499925 0.31299967 1.30135468 2.64312386]
Device (GPU) time: 1.0706 seconds
Iters. done: 39 [Current cost: -18.063918454374342]
Current parameters: [2.09908907 2.04827218 2.18696081 2.49188236 2.56488499 2.51374357
 0.26544159 2.76000898 1.87174735 3.00106644 0.58178894 2.68743192
 0.09861978 0.47548684 3.05265963 1.68201593 3.08015602 0.66639261
 3.35383109 2.90666518 3.03689951 2.63246862 3.29684596 0.17084229
 2.57677891 2.60013489 0.58951874 1.50310942 2.0061492  3.00020193
 2.6560043  3.96413471 2.68246883 1.63205033 0.33283228 0.20088044
 1.32363821 2.45336413 4.01956314 2.49058217 1.89638505 0.09205327
 2.74083391 1.34279239 2.71641326 2.19591101 0.08143214 0.41751383
 0.07905959 2.60185517 0.19449604 1.4697169  2.10199737 1.72578344
 0.0450297  1.32560951 0.98881231 0.03981404 2.57517111 2.60297588
 1.41499925 0.31299967 1.30135468 2.64312386]
Device (GPU) time: 1.2131 seconds
Iters. done: 40 [Current cost: -18.00748554998539]
Current parameters: [2.09908907 2.04827218 2.18696081 2.49188236 2.56488499 2.51374357
 0.26544159 2.76000898 1.87174735 3.00106644 0.58178894 2.68743192
 0.09861978 0.47548684 3.05265963 1.68201593 3.08015602 0.66639261
 3.35383109 2.90666518 3.03689951 2.63246862 3.29684596 0.17084229
 2.57677891 2.60013489 0.58951874 1.50310942 2.0061492  3.00020193
 2.6560043  3.96413471 2.68246883 1.63205033 0.33283228 0.20088044
 1.32363821 2.45336413 3.01956314 3.49058217 1.89638505 0.09205327
 2.74083391 1.34279239 2.71641326 2.19591101 0.08143214 0.41751383
 0.07905959 2.60185517 0.19449604 1.4697169  2.10199737 1.72578344
 0.0450297  1.32560951 0.98881231 0.03981404 2.57517111 2.60297588
 1.41499925 0.31299967 1.30135468 2.64312386]
Device (GPU) time: 1.1738 seconds
Iters. done: 41 [Current cost: -17.70322988268086]
Current parameters: [2.09908907 2.04827218 2.18696081 2.49188236 2.56488499 2.51374357
 0.26544159 2.76000898 1.87174735 3.00106644 0.58178894 2.68743192
 0.09861978 0.47548684 3.05265963 1.68201593 3.08015602 0.66639261
 3.35383109 2.90666518 3.03689951 2.63246862 3.29684596 0.17084229
 2.57677891 2.60013489 0.58951874 1.50310942 2.0061492  3.00020193
 2.6560043  3.96413471 2.68246883 1.63205033 0.33283228 0.20088044
 1.32363821 2.45336413 3.01956314 2.49058217 2.89638505 0.09205327
 2.74083391 1.34279239 2.71641326 2.19591101 0.08143214 0.41751383
 0.07905959 2.60185517 0.19449604 1.4697169  2.10199737 1.72578344
 0.0450297  1.32560951 0.98881231 0.03981404 2.57517111 2.60297588
 1.41499925 0.31299967 1.30135468 2.64312386]
Device (GPU) time: 1.0840 seconds
Iters. done: 42 [Current cost: -18.28124404781335]
Current parameters: [2.09908907 2.04827218 2.18696081 2.49188236 2.56488499 2.51374357
 0.26544159 2.76000898 1.87174735 3.00106644 0.58178894 2.68743192
 0.09861978 0.47548684 3.05265963 1.68201593 3.08015602 0.66639261
 3.35383109 2.90666518 3.03689951 2.63246862 3.29684596 0.17084229
 2.57677891 2.60013489 0.58951874 1.50310942 2.0061492  3.00020193
 2.6560043  3.96413471 2.68246883 1.63205033 0.33283228 0.20088044
 1.32363821 2.45336413 3.01956314 2.49058217 1.89638505 1.09205327
 2.74083391 1.34279239 2.71641326 2.19591101 0.08143214 0.41751383
 0.07905959 2.60185517 0.19449604 1.4697169  2.10199737 1.72578344
 0.0450297  1.32560951 0.98881231 0.03981404 2.57517111 2.60297588
 1.41499925 0.31299967 1.30135468 2.64312386]
Device (GPU) time: 1.2484 seconds
Iters. done: 43 [Current cost: -18.270421638670342]
Current parameters: [2.09908907 2.04827218 2.18696081 2.49188236 2.56488499 2.51374357
 0.26544159 2.76000898 1.87174735 3.00106644 0.58178894 2.68743192
 0.09861978 0.47548684 3.05265963 1.68201593 3.08015602 0.66639261
 3.35383109 2.90666518 3.03689951 2.63246862 3.29684596 0.17084229
 2.57677891 2.60013489 0.58951874 1.50310942 2.0061492  3.00020193
 2.6560043  3.96413471 2.68246883 1.63205033 0.33283228 0.20088044
 1.32363821 2.45336413 3.01956314 2.49058217 1.89638505 0.09205327
 3.74083391 1.34279239 2.71641326 2.19591101 0.08143214 0.41751383
 0.07905959 2.60185517 0.19449604 1.4697169  2.10199737 1.72578344
 0.0450297  1.32560951 0.98881231 0.03981404 2.57517111 2.60297588
 1.41499925 0.31299967 1.30135468 2.64312386]
Device (GPU) time: 1.2274 seconds
Iters. done: 44 [Current cost: -18.347474833470983]
Current parameters: [2.09908907 2.04827218 2.18696081 2.49188236 2.56488499 2.51374357
 0.26544159 2.76000898 1.87174735 3.00106644 0.58178894 2.68743192
 0.09861978 0.47548684 3.05265963 1.68201593 3.08015602 0.66639261
 3.35383109 2.90666518 3.03689951 2.63246862 3.29684596 0.17084229
 2.57677891 2.60013489 0.58951874 1.50310942 2.0061492  3.00020193
 2.6560043  3.96413471 2.68246883 1.63205033 0.33283228 0.20088044
 1.32363821 2.45336413 3.01956314 2.49058217 1.89638505 0.09205327
 3.74083391 2.34279239 2.71641326 2.19591101 0.08143214 0.41751383
 0.07905959 2.60185517 0.19449604 1.4697169  2.10199737 1.72578344
 0.0450297  1.32560951 0.98881231 0.03981404 2.57517111 2.60297588
 1.41499925 0.31299967 1.30135468 2.64312386]
Device (GPU) time: 1.2008 seconds
Iters. done: 45 [Current cost: -18.35034032765312]
Current parameters: [2.09908907 2.04827218 2.18696081 2.49188236 2.56488499 2.51374357
 0.26544159 2.76000898 1.87174735 3.00106644 0.58178894 2.68743192
 0.09861978 0.47548684 3.05265963 1.68201593 3.08015602 0.66639261
 3.35383109 2.90666518 3.03689951 2.63246862 3.29684596 0.17084229
 2.57677891 2.60013489 0.58951874 1.50310942 2.0061492  3.00020193
 2.6560043  3.96413471 2.68246883 1.63205033 0.33283228 0.20088044
 1.32363821 2.45336413 3.01956314 2.49058217 1.89638505 0.09205327
 3.74083391 2.34279239 3.71641326 2.19591101 0.08143214 0.41751383
 0.07905959 2.60185517 0.19449604 1.4697169  2.10199737 1.72578344
 0.0450297  1.32560951 0.98881231 0.03981404 2.57517111 2.60297588
 1.41499925 0.31299967 1.30135468 2.64312386]
Device (GPU) time: 1.0695 seconds
Iters. done: 46 [Current cost: -18.193699194840008]
Current parameters: [2.09908907 2.04827218 2.18696081 2.49188236 2.56488499 2.51374357
 0.26544159 2.76000898 1.87174735 3.00106644 0.58178894 2.68743192
 0.09861978 0.47548684 3.05265963 1.68201593 3.08015602 0.66639261
 3.35383109 2.90666518 3.03689951 2.63246862 3.29684596 0.17084229
 2.57677891 2.60013489 0.58951874 1.50310942 2.0061492  3.00020193
 2.6560043  3.96413471 2.68246883 1.63205033 0.33283228 0.20088044
 1.32363821 2.45336413 3.01956314 2.49058217 1.89638505 0.09205327
 3.74083391 2.34279239 2.71641326 3.19591101 0.08143214 0.41751383
 0.07905959 2.60185517 0.19449604 1.4697169  2.10199737 1.72578344
 0.0450297  1.32560951 0.98881231 0.03981404 2.57517111 2.60297588
 1.41499925 0.31299967 1.30135468 2.64312386]
Device (GPU) time: 1.1545 seconds
Iters. done: 47 [Current cost: -18.352655679528628]
Current parameters: [2.09908907 2.04827218 2.18696081 2.49188236 2.56488499 2.51374357
 0.26544159 2.76000898 1.87174735 3.00106644 0.58178894 2.68743192
 0.09861978 0.47548684 3.05265963 1.68201593 3.08015602 0.66639261
 3.35383109 2.90666518 3.03689951 2.63246862 3.29684596 0.17084229
 2.57677891 2.60013489 0.58951874 1.50310942 2.0061492  3.00020193
 2.6560043  3.96413471 2.68246883 1.63205033 0.33283228 0.20088044
 1.32363821 2.45336413 3.01956314 2.49058217 1.89638505 0.09205327
 3.74083391 2.34279239 2.71641326 3.19591101 1.08143214 0.41751383
 0.07905959 2.60185517 0.19449604 1.4697169  2.10199737 1.72578344
 0.0450297  1.32560951 0.98881231 0.03981404 2.57517111 2.60297588
 1.41499925 0.31299967 1.30135468 2.64312386]
Device (GPU) time: 1.1924 seconds
Iters. done: 48 [Current cost: -18.28703596995419]
Current parameters: [2.09908907 2.04827218 2.18696081 2.49188236 2.56488499 2.51374357
 0.26544159 2.76000898 1.87174735 3.00106644 0.58178894 2.68743192
 0.09861978 0.47548684 3.05265963 1.68201593 3.08015602 0.66639261
 3.35383109 2.90666518 3.03689951 2.63246862 3.29684596 0.17084229
 2.57677891 2.60013489 0.58951874 1.50310942 2.0061492  3.00020193
 2.6560043  3.96413471 2.68246883 1.63205033 0.33283228 0.20088044
 1.32363821 2.45336413 3.01956314 2.49058217 1.89638505 0.09205327
 3.74083391 2.34279239 2.71641326 3.19591101 0.08143214 1.41751383
 0.07905959 2.60185517 0.19449604 1.4697169  2.10199737 1.72578344
 0.0450297  1.32560951 0.98881231 0.03981404 2.57517111 2.60297588
 1.41499925 0.31299967 1.30135468 2.64312386]
Device (GPU) time: 1.1944 seconds
Iters. done: 49 [Current cost: -17.360092375365678]
Current parameters: [2.09908907 2.04827218 2.18696081 2.49188236 2.56488499 2.51374357
 0.26544159 2.76000898 1.87174735 3.00106644 0.58178894 2.68743192
 0.09861978 0.47548684 3.05265963 1.68201593 3.08015602 0.66639261
 3.35383109 2.90666518 3.03689951 2.63246862 3.29684596 0.17084229
 2.57677891 2.60013489 0.58951874 1.50310942 2.0061492  3.00020193
 2.6560043  3.96413471 2.68246883 1.63205033 0.33283228 0.20088044
 1.32363821 2.45336413 3.01956314 2.49058217 1.89638505 0.09205327
 3.74083391 2.34279239 2.71641326 3.19591101 0.08143214 0.41751383
 1.07905959 2.60185517 0.19449604 1.4697169  2.10199737 1.72578344
 0.0450297  1.32560951 0.98881231 0.03981404 2.57517111 2.60297588
 1.41499925 0.31299967 1.30135468 2.64312386]
Device (GPU) time: 1.2409 seconds
Iters. done: 50 [Current cost: -18.10214205760542]
Current parameters: [2.09908907 2.04827218 2.18696081 2.49188236 2.56488499 2.51374357
 0.26544159 2.76000898 1.87174735 3.00106644 0.58178894 2.68743192
 0.09861978 0.47548684 3.05265963 1.68201593 3.08015602 0.66639261
 3.35383109 2.90666518 3.03689951 2.63246862 3.29684596 0.17084229
 2.57677891 2.60013489 0.58951874 1.50310942 2.0061492  3.00020193
 2.6560043  3.96413471 2.68246883 1.63205033 0.33283228 0.20088044
 1.32363821 2.45336413 3.01956314 2.49058217 1.89638505 0.09205327
 3.74083391 2.34279239 2.71641326 3.19591101 0.08143214 0.41751383
 0.07905959 3.60185517 0.19449604 1.4697169  2.10199737 1.72578344
 0.0450297  1.32560951 0.98881231 0.03981404 2.57517111 2.60297588
 1.41499925 0.31299967 1.30135468 2.64312386]
Device (GPU) time: 1.0808 seconds
Iters. done: 51 [Current cost: -18.371447242765797]
Current parameters: [2.09908907 2.04827218 2.18696081 2.49188236 2.56488499 2.51374357
 0.26544159 2.76000898 1.87174735 3.00106644 0.58178894 2.68743192
 0.09861978 0.47548684 3.05265963 1.68201593 3.08015602 0.66639261
 3.35383109 2.90666518 3.03689951 2.63246862 3.29684596 0.17084229
 2.57677891 2.60013489 0.58951874 1.50310942 2.0061492  3.00020193
 2.6560043  3.96413471 2.68246883 1.63205033 0.33283228 0.20088044
 1.32363821 2.45336413 3.01956314 2.49058217 1.89638505 0.09205327
 3.74083391 2.34279239 2.71641326 3.19591101 0.08143214 0.41751383
 0.07905959 3.60185517 1.19449604 1.4697169  2.10199737 1.72578344
 0.0450297  1.32560951 0.98881231 0.03981404 2.57517111 2.60297588
 1.41499925 0.31299967 1.30135468 2.64312386]
Device (GPU) time: 1.1619 seconds
Iters. done: 52 [Current cost: -18.344205934527015]
Current parameters: [2.09908907 2.04827218 2.18696081 2.49188236 2.56488499 2.51374357
 0.26544159 2.76000898 1.87174735 3.00106644 0.58178894 2.68743192
 0.09861978 0.47548684 3.05265963 1.68201593 3.08015602 0.66639261
 3.35383109 2.90666518 3.03689951 2.63246862 3.29684596 0.17084229
 2.57677891 2.60013489 0.58951874 1.50310942 2.0061492  3.00020193
 2.6560043  3.96413471 2.68246883 1.63205033 0.33283228 0.20088044
 1.32363821 2.45336413 3.01956314 2.49058217 1.89638505 0.09205327
 3.74083391 2.34279239 2.71641326 3.19591101 0.08143214 0.41751383
 0.07905959 3.60185517 0.19449604 2.4697169  2.10199737 1.72578344
 0.0450297  1.32560951 0.98881231 0.03981404 2.57517111 2.60297588
 1.41499925 0.31299967 1.30135468 2.64312386]
Device (GPU) time: 1.1707 seconds
Iters. done: 53 [Current cost: -18.368718201259966]
Current parameters: [2.09908907 2.04827218 2.18696081 2.49188236 2.56488499 2.51374357
 0.26544159 2.76000898 1.87174735 3.00106644 0.58178894 2.68743192
 0.09861978 0.47548684 3.05265963 1.68201593 3.08015602 0.66639261
 3.35383109 2.90666518 3.03689951 2.63246862 3.29684596 0.17084229
 2.57677891 2.60013489 0.58951874 1.50310942 2.0061492  3.00020193
 2.6560043  3.96413471 2.68246883 1.63205033 0.33283228 0.20088044
 1.32363821 2.45336413 3.01956314 2.49058217 1.89638505 0.09205327
 3.74083391 2.34279239 2.71641326 3.19591101 0.08143214 0.41751383
 0.07905959 3.60185517 0.19449604 1.4697169  3.10199737 1.72578344
 0.0450297  1.32560951 0.98881231 0.03981404 2.57517111 2.60297588
 1.41499925 0.31299967 1.30135468 2.64312386]
Device (GPU) time: 1.1510 seconds
Iters. done: 54 [Current cost: -18.1406143423324]
Current parameters: [2.09908907 2.04827218 2.18696081 2.49188236 2.56488499 2.51374357
 0.26544159 2.76000898 1.87174735 3.00106644 0.58178894 2.68743192
 0.09861978 0.47548684 3.05265963 1.68201593 3.08015602 0.66639261
 3.35383109 2.90666518 3.03689951 2.63246862 3.29684596 0.17084229
 2.57677891 2.60013489 0.58951874 1.50310942 2.0061492  3.00020193
 2.6560043  3.96413471 2.68246883 1.63205033 0.33283228 0.20088044
 1.32363821 2.45336413 3.01956314 2.49058217 1.89638505 0.09205327
 3.74083391 2.34279239 2.71641326 3.19591101 0.08143214 0.41751383
 0.07905959 3.60185517 0.19449604 1.4697169  2.10199737 2.72578344
 0.0450297  1.32560951 0.98881231 0.03981404 2.57517111 2.60297588
 1.41499925 0.31299967 1.30135468 2.64312386]
Device (GPU) time: 1.0780 seconds
Iters. done: 55 [Current cost: -18.299140567985027]
Current parameters: [2.09908907 2.04827218 2.18696081 2.49188236 2.56488499 2.51374357
 0.26544159 2.76000898 1.87174735 3.00106644 0.58178894 2.68743192
 0.09861978 0.47548684 3.05265963 1.68201593 3.08015602 0.66639261
 3.35383109 2.90666518 3.03689951 2.63246862 3.29684596 0.17084229
 2.57677891 2.60013489 0.58951874 1.50310942 2.0061492  3.00020193
 2.6560043  3.96413471 2.68246883 1.63205033 0.33283228 0.20088044
 1.32363821 2.45336413 3.01956314 2.49058217 1.89638505 0.09205327
 3.74083391 2.34279239 2.71641326 3.19591101 0.08143214 0.41751383
 0.07905959 3.60185517 0.19449604 1.4697169  2.10199737 1.72578344
 1.0450297  1.32560951 0.98881231 0.03981404 2.57517111 2.60297588
 1.41499925 0.31299967 1.30135468 2.64312386]
Device (GPU) time: 1.7340 seconds
Iters. done: 56 [Current cost: -18.36954859389568]
Current parameters: [2.09908907 2.04827218 2.18696081 2.49188236 2.56488499 2.51374357
 0.26544159 2.76000898 1.87174735 3.00106644 0.58178894 2.68743192
 0.09861978 0.47548684 3.05265963 1.68201593 3.08015602 0.66639261
 3.35383109 2.90666518 3.03689951 2.63246862 3.29684596 0.17084229
 2.57677891 2.60013489 0.58951874 1.50310942 2.0061492  3.00020193
 2.6560043  3.96413471 2.68246883 1.63205033 0.33283228 0.20088044
 1.32363821 2.45336413 3.01956314 2.49058217 1.89638505 0.09205327
 3.74083391 2.34279239 2.71641326 3.19591101 0.08143214 0.41751383
 0.07905959 3.60185517 0.19449604 1.4697169  2.10199737 1.72578344
 0.0450297  2.32560951 0.98881231 0.03981404 2.57517111 2.60297588
 1.41499925 0.31299967 1.30135468 2.64312386]
Device (GPU) time: 1.1829 seconds
Iters. done: 57 [Current cost: -17.95644882477517]
Current parameters: [2.09908907 2.04827218 2.18696081 2.49188236 2.56488499 2.51374357
 0.26544159 2.76000898 1.87174735 3.00106644 0.58178894 2.68743192
 0.09861978 0.47548684 3.05265963 1.68201593 3.08015602 0.66639261
 3.35383109 2.90666518 3.03689951 2.63246862 3.29684596 0.17084229
 2.57677891 2.60013489 0.58951874 1.50310942 2.0061492  3.00020193
 2.6560043  3.96413471 2.68246883 1.63205033 0.33283228 0.20088044
 1.32363821 2.45336413 3.01956314 2.49058217 1.89638505 0.09205327
 3.74083391 2.34279239 2.71641326 3.19591101 0.08143214 0.41751383
 0.07905959 3.60185517 0.19449604 1.4697169  2.10199737 1.72578344
 0.0450297  1.32560951 1.98881231 0.03981404 2.57517111 2.60297588
 1.41499925 0.31299967 1.30135468 2.64312386]
Device (GPU) time: 1.2029 seconds
Iters. done: 58 [Current cost: -18.379081015116476]
Current parameters: [2.09908907 2.04827218 2.18696081 2.49188236 2.56488499 2.51374357
 0.26544159 2.76000898 1.87174735 3.00106644 0.58178894 2.68743192
 0.09861978 0.47548684 3.05265963 1.68201593 3.08015602 0.66639261
 3.35383109 2.90666518 3.03689951 2.63246862 3.29684596 0.17084229
 2.57677891 2.60013489 0.58951874 1.50310942 2.0061492  3.00020193
 2.6560043  3.96413471 2.68246883 1.63205033 0.33283228 0.20088044
 1.32363821 2.45336413 3.01956314 2.49058217 1.89638505 0.09205327
 3.74083391 2.34279239 2.71641326 3.19591101 0.08143214 0.41751383
 0.07905959 3.60185517 0.19449604 1.4697169  2.10199737 1.72578344
 0.0450297  1.32560951 1.98881231 1.03981404 2.57517111 2.60297588
 1.41499925 0.31299967 1.30135468 2.64312386]
Device (GPU) time: 1.0839 seconds
Iters. done: 59 [Current cost: -18.4197860723899]
Current parameters: [2.09908907 2.04827218 2.18696081 2.49188236 2.56488499 2.51374357
 0.26544159 2.76000898 1.87174735 3.00106644 0.58178894 2.68743192
 0.09861978 0.47548684 3.05265963 1.68201593 3.08015602 0.66639261
 3.35383109 2.90666518 3.03689951 2.63246862 3.29684596 0.17084229
 2.57677891 2.60013489 0.58951874 1.50310942 2.0061492  3.00020193
 2.6560043  3.96413471 2.68246883 1.63205033 0.33283228 0.20088044
 1.32363821 2.45336413 3.01956314 2.49058217 1.89638505 0.09205327
 3.74083391 2.34279239 2.71641326 3.19591101 0.08143214 0.41751383
 0.07905959 3.60185517 0.19449604 1.4697169  2.10199737 1.72578344
 0.0450297  1.32560951 1.98881231 1.03981404 3.57517111 2.60297588
 1.41499925 0.31299967 1.30135468 2.64312386]
Device (GPU) time: 1.2141 seconds
Iters. done: 60 [Current cost: -18.439432500127705]
Current parameters: [2.09908907 2.04827218 2.18696081 2.49188236 2.56488499 2.51374357
 0.26544159 2.76000898 1.87174735 3.00106644 0.58178894 2.68743192
 0.09861978 0.47548684 3.05265963 1.68201593 3.08015602 0.66639261
 3.35383109 2.90666518 3.03689951 2.63246862 3.29684596 0.17084229
 2.57677891 2.60013489 0.58951874 1.50310942 2.0061492  3.00020193
 2.6560043  3.96413471 2.68246883 1.63205033 0.33283228 0.20088044
 1.32363821 2.45336413 3.01956314 2.49058217 1.89638505 0.09205327
 3.74083391 2.34279239 2.71641326 3.19591101 0.08143214 0.41751383
 0.07905959 3.60185517 0.19449604 1.4697169  2.10199737 1.72578344
 0.0450297  1.32560951 1.98881231 1.03981404 3.57517111 3.60297588
 1.41499925 0.31299967 1.30135468 2.64312386]
Device (GPU) time: 1.2000 seconds
Iters. done: 61 [Current cost: -18.446916941045494]
Current parameters: [2.09908907 2.04827218 2.18696081 2.49188236 2.56488499 2.51374357
 0.26544159 2.76000898 1.87174735 3.00106644 0.58178894 2.68743192
 0.09861978 0.47548684 3.05265963 1.68201593 3.08015602 0.66639261
 3.35383109 2.90666518 3.03689951 2.63246862 3.29684596 0.17084229
 2.57677891 2.60013489 0.58951874 1.50310942 2.0061492  3.00020193
 2.6560043  3.96413471 2.68246883 1.63205033 0.33283228 0.20088044
 1.32363821 2.45336413 3.01956314 2.49058217 1.89638505 0.09205327
 3.74083391 2.34279239 2.71641326 3.19591101 0.08143214 0.41751383
 0.07905959 3.60185517 0.19449604 1.4697169  2.10199737 1.72578344
 0.0450297  1.32560951 1.98881231 1.03981404 3.57517111 3.60297588
 2.41499925 0.31299967 1.30135468 2.64312386]
Device (GPU) time: 1.0893 seconds
Iters. done: 62 [Current cost: -18.537093038173243]
Current parameters: [2.09908907 2.04827218 2.18696081 2.49188236 2.56488499 2.51374357
 0.26544159 2.76000898 1.87174735 3.00106644 0.58178894 2.68743192
 0.09861978 0.47548684 3.05265963 1.68201593 3.08015602 0.66639261
 3.35383109 2.90666518 3.03689951 2.63246862 3.29684596 0.17084229
 2.57677891 2.60013489 0.58951874 1.50310942 2.0061492  3.00020193
 2.6560043  3.96413471 2.68246883 1.63205033 0.33283228 0.20088044
 1.32363821 2.45336413 3.01956314 2.49058217 1.89638505 0.09205327
 3.74083391 2.34279239 2.71641326 3.19591101 0.08143214 0.41751383
 0.07905959 3.60185517 0.19449604 1.4697169  2.10199737 1.72578344
 0.0450297  1.32560951 1.98881231 1.03981404 3.57517111 3.60297588
 2.41499925 1.31299967 1.30135468 2.64312386]
Device (GPU) time: 1.2379 seconds
Iters. done: 63 [Current cost: -18.449698109692807]
Current parameters: [2.09908907 2.04827218 2.18696081 2.49188236 2.56488499 2.51374357
 0.26544159 2.76000898 1.87174735 3.00106644 0.58178894 2.68743192
 0.09861978 0.47548684 3.05265963 1.68201593 3.08015602 0.66639261
 3.35383109 2.90666518 3.03689951 2.63246862 3.29684596 0.17084229
 2.57677891 2.60013489 0.58951874 1.50310942 2.0061492  3.00020193
 2.6560043  3.96413471 2.68246883 1.63205033 0.33283228 0.20088044
 1.32363821 2.45336413 3.01956314 2.49058217 1.89638505 0.09205327
 3.74083391 2.34279239 2.71641326 3.19591101 0.08143214 0.41751383
 0.07905959 3.60185517 0.19449604 1.4697169  2.10199737 1.72578344
 0.0450297  1.32560951 1.98881231 1.03981404 3.57517111 3.60297588
 2.41499925 0.31299967 2.30135468 2.64312386]
Device (GPU) time: 1.2111 seconds
Iters. done: 64 [Current cost: -18.463914444959634]
Current parameters: [2.09908907 2.04827218 2.18696081 2.49188236 2.56488499 2.51374357
 0.26544159 2.76000898 1.87174735 3.00106644 0.58178894 2.68743192
 0.09861978 0.47548684 3.05265963 1.68201593 3.08015602 0.66639261
 3.35383109 2.90666518 3.03689951 2.63246862 3.29684596 0.17084229
 2.57677891 2.60013489 0.58951874 1.50310942 2.0061492  3.00020193
 2.6560043  3.96413471 2.68246883 1.63205033 0.33283228 0.20088044
 1.32363821 2.45336413 3.01956314 2.49058217 1.89638505 0.09205327
 3.74083391 2.34279239 2.71641326 3.19591101 0.08143214 0.41751383
 0.07905959 3.60185517 0.19449604 1.4697169  2.10199737 1.72578344
 0.0450297  1.32560951 1.98881231 1.03981404 3.57517111 3.60297588
 2.41499925 0.31299967 1.30135468 3.64312386]
Device (GPU) time: 1.2577 seconds
Iters. done: 65 [Current cost: -18.435918510109286]
Current parameters: [ 2.33909635  2.00196302  2.47384295  2.45618717  2.53522896  2.42547515
  0.09247804  3.28182809  1.87287974  3.00186852  0.57666309  2.60483164
  0.07608031  0.32203033  3.05239401  1.75207072  3.17682914  0.6379748
  3.38213809  3.03335963  2.93613648  2.69446959  3.38680756  0.08847013
  2.56453469  2.63082334  0.55807392  1.43290213  1.98050984  2.96519024
  2.57019982  4.05033026  2.60032007  1.57907177  0.25889534  0.1658816
  1.23525036  2.33071473  2.87093056  2.20186235  1.87379803  0.06448333
  3.74874127  2.34411174  2.64429159  3.19697706  0.05121912 -0.0394882
 -0.03628342  3.61050729  0.18195343  1.46846038  1.99571588  1.69249156
  0.04415551  1.13453341  1.9923271   1.05855571  3.58421684  3.60642191
  2.45651868  0.27276077  1.26766135  2.59654047]
Device (GPU) time: 1.1145 seconds
Iters. done: 66 [Current cost: -18.623583954327337]
Current parameters: [ 2.75795933  2.00196302  2.47384295  2.45618717  2.53522896  2.42547515
  0.09247804  3.08875581  2.06595202  3.00186852  0.57666309  2.60483164
  0.07608031  0.32203033  3.05239401  1.75207072  3.17682914  0.6379748
  3.38213809  3.03335963  2.93613648  2.69446959  3.38680756  0.08847013
  2.56453469  2.63082334  0.55807392  1.43290213  1.98050984  2.96519024
  2.57019982  4.05033026  2.60032007  1.57907177  0.25889534  0.1658816
  1.23525036  2.33071473  2.87093056  2.20186235  1.87379803  0.06448333
  3.74874127  2.34411174  2.64429159  3.19697706  0.05121912 -0.0394882
 -0.03628342  3.61050729  0.18195343  1.46846038  1.99571588  1.69249156
  0.04415551  1.13453341  1.9923271   1.05855571  3.58421684  3.60642191
  2.45651868  0.27276077  1.26766135  2.59654047]
Device (GPU) time: 1.2182 seconds
Iters. done: 67 [Current cost: -18.909428904317565]
Current parameters: [ 2.3880626   1.97857887  2.61870618  2.43816262  2.52025393  2.38090337
  0.00513884  2.64744575  2.77133026  3.00227353  0.57407476  2.56312203
  0.06469884  0.24454135  3.05225988  1.7874454   3.22564494  0.62362502
  3.39643192  3.09733493  2.88525546  2.72577743  3.43223433  0.04687571
  2.55835188  2.6463197   0.54219563  1.39745045  1.96756305  2.94751083
  2.52687222  4.09385533  2.55883845  1.55231986  0.22156033  0.14820868
  1.19061826  2.26878202  2.79587745  2.05607117  1.86239254  0.05056168
  3.75273414  2.34477796  2.60787323  3.19751537  0.03596283 -0.27025472
 -0.09452671  3.61487625  0.17561995  1.46782589  1.94204827  1.67568058
  0.04371409  1.03804814  1.99410192  1.06801945  3.58878455  3.60816201
  2.47748422  0.25244184  1.25064765  2.57301784]
Device (GPU) time: 1.2034 seconds
Iters. done: 68 [Current cost: -18.698863756606862]
Current parameters: [ 2.75795933  1.5083527   2.39416326  2.45618717  2.53522896  2.42547515
  0.09247804  3.08875581  2.06595202  3.00186852  0.57666309  2.60483164
  0.07608031  0.32203033  3.05239401  1.75207072  3.17682914  0.6379748
  3.38213809  3.03335963  2.93613648  2.69446959  3.38680756  0.08847013
  2.56453469  2.63082334  0.55807392  1.43290213  1.98050984  2.96519024
  2.57019982  4.05033026  2.60032007  1.57907177  0.25889534  0.1658816
  1.23525036  2.33071473  2.87093056  2.20186235  1.87379803  0.06448333
  3.74874127  2.34411174  2.64429159  3.19697706  0.05121912 -0.0394882
 -0.03628342  3.61050729  0.18195343  1.46846038  1.99571588  1.69249156
  0.04415551  1.13453341  1.9923271   1.05855571  3.58421684  3.60642191
  2.45651868  0.27276077  1.26766135  2.59654047]
Device (GPU) time: 1.1143 seconds
Iters. done: 69 [Current cost: -18.836955674138853]
Current parameters: [ 2.86701932  2.17652608  1.54685504  2.44302526  2.52429387  2.39292787
  0.02870107  3.17779542  2.1697407   3.00216427  0.57477304  2.57437438
  0.06776931  0.2654462   3.05229606  1.77790208  3.2124755   0.62749628
  3.39257575  3.08007578  2.89898206  2.71733125  3.41997917  0.05809698
  2.56001987  2.64213912  0.54647925  1.40701454  1.97105582  2.95228035
  2.53856107  4.08211321  2.57002929  1.55953694  0.23163251  0.15297645
  1.20265904  2.28549013  2.81612516  2.09540247  1.8654695   0.05431744
  3.75165695  2.34459823  2.61769812  3.19737014  0.04007865 -0.20799891
 -0.07881393  3.6136976   0.17732858  1.46799706  1.95652663  1.68021582
  0.04383317  1.06407778  1.99362311  1.06546634  3.58755228  3.60769257
  2.47182817  0.25792344  1.25523758  2.57936374]
Device (GPU) time: 1.2975 seconds
Iters. done: 70 [Current cost: -17.843717010403388]
Current parameters: [ 2.75795933  2.00196302  2.47384295  2.45618717  2.53522896  1.98011685
  0.31975757  3.08875581  2.06595202  3.00186852  0.57666309  2.60483164
  0.07608031  0.32203033  3.05239401  1.75207072  3.17682914  0.6379748
  3.38213809  3.03335963  2.93613648  2.69446959  3.38680756  0.08847013
  2.56453469  2.63082334  0.55807392  1.43290213  1.98050984  2.96519024
  2.57019982  4.05033026  2.60032007  1.57907177  0.25889534  0.1658816
  1.23525036  2.33071473  2.87093056  2.20186235  1.87379803  0.06448333
  3.74874127  2.34411174  2.64429159  3.19697706  0.05121912 -0.0394882
 -0.03628342  3.61050729  0.18195343  1.46846038  1.99571588  1.69249156
  0.04415551  1.13453341  1.9923271   1.05855571  3.58421684  3.60642191
  2.45651868  0.27276077  1.26766135  2.59654047]
Device (GPU) time: 1.2454 seconds
Iters. done: 71 [Current cost: -18.59751003588136]
Current parameters: [ 2.82377     1.99915792  2.58440199  2.4482448   2.52863034  2.92438034
  0.92949297  3.14248547  2.12858179  3.00204698  0.57552257  2.58645265
  0.07106516  0.28788546  3.0523349   1.76765828  3.19833942  0.63165169
  3.38843655  3.06154981  2.91371618  2.70826513  3.40682448  0.07014189
  2.56181029  2.63765168  0.55107728  1.41728064  1.97480495  2.95739995
  2.55110788  4.06950922  2.58204154  1.56728376  0.24244398  0.15809417
  1.2155836   2.3034246   2.83785903  2.13762068  1.8687723   0.05834887
  3.75050069  2.3444053   2.62824415  3.19721426  0.04449656 -0.14117354
 -0.06194784  3.61243244  0.17916263  1.46818079  1.9720677   1.68508394
  0.043961    1.09201798  1.99310916  1.06272583  3.58622956  3.60718867
  2.46575697  0.2638074   1.26016441  2.58617542]
Device (GPU) time: 1.1054 seconds
Iters. done: 72 [Current cost: -18.876764578033725]
Current parameters: [ 2.75795933  2.00196302  2.47384295  1.96484782  2.4595734   2.42547515
  0.09247804  3.05092803  2.02812423  3.00186852  0.57666309  2.60483164
  0.07608031  0.32203033  3.05239401  1.75207072  3.17682914  0.6379748
  3.38213809  3.03335963  2.93613648  2.69446959  3.38680756  0.08847013
  2.56453469  2.63082334  0.55807392  1.43290213  1.98050984  2.96519024
  2.57019982  4.05033026  2.60032007  1.57907177  0.25889534  0.1658816
  1.23525036  2.33071473  2.87093056  2.20186235  1.87379803  0.06448333
  3.74874127  2.34411174  2.64429159  3.19697706  0.05121912 -0.0394882
 -0.03628342  3.61050729  0.18195343  1.46846038  1.99571588  1.69249156
  0.04415551  1.13453341  1.9923271   1.05855571  3.58421684  3.60642191
  2.45651868  0.27276077  1.26766135  2.59654047]
Device (GPU) time: 1.2227 seconds
Iters. done: 73 [Current cost: -18.686746381053425]
Current parameters: [ 2.82500007  1.99910549  2.58646846  2.6818052   1.72142164  2.47620653
  0.04866039  2.73994705  1.72620973  3.00205032  0.57550125  2.58610913
  0.07097142  0.28724726  3.0523338   1.76794963  3.19874147  0.63153351
  3.38855427  3.06207672  2.91329713  2.70852298  3.40719862  0.06979932
  2.56175937  2.63777931  0.55094651  1.41698866  1.97469831  2.95725434
  2.55075103  4.06986769  2.58169989  1.56706343  0.24213648  0.15794862
  1.215216    2.30291452  2.83724089  2.13641994  1.86867836  0.05823421
  3.75053358  2.34441079  2.6279442   3.19721869  0.04437091 -0.14307415
 -0.06242753  3.61246842  0.17911047  1.46817557  1.97162569  1.68494549
  0.04395737  1.09122333  1.99312378  1.06280377  3.58626718  3.607203
  2.46592964  0.26364005  1.26002428  2.58598168]
Device (GPU) time: 1.1928 seconds
Iters. done: 74 [Current cost: -18.47588319743816]
Current parameters: [ 2.75795933  2.00196302  2.47384295  2.45618717  2.66035532  2.42547515
  0.09247804  2.96362945  1.94082566  3.00186852  0.57666309  2.60483164
  0.07608031 -0.12855837  3.05239401  1.75207072  3.17682914  0.6379748
  3.38213809  3.03335963  2.93613648  2.69446959  3.38680756  0.08847013
  2.56453469  2.63082334  0.55807392  1.43290213  1.98050984  2.96519024
  2.57019982  4.05033026  2.60032007  1.57907177  0.25889534  0.1658816
  1.23525036  2.33071473  2.87093056  2.20186235  1.87379803  0.06448333
  3.74874127  2.34411174  2.64429159  3.19697706  0.05121912 -0.0394882
 -0.03628342  3.61050729  0.18195343  1.46846038  1.99571588  1.69249156
  0.04415551  1.13453341  1.9923271   1.05855571  3.58421684  3.60642191
  2.45651868  0.27276077  1.26766135  2.59654047]
Device (GPU) time: 1.2423 seconds
Iters. done: 75 [Current cost: -19.004570649988832]
Current parameters: [ 2.88349211  1.99661233  2.68473253  2.52119006  3.23952322  2.52046889
  0.01043014  2.52900005  1.52317308  3.00220894  0.57448755  2.56977401
  0.06651399  0.22768637  3.05228127  1.78180373  3.21785964  0.62591357
  3.39415229  3.08713194  2.89337013  2.72078436  3.42498952  0.05350932
  2.55933794  2.64384829  0.54472795  1.40310439  1.96962785  2.9503304
  2.53378225  4.08691381  2.56545407  1.55658634  0.22751464  0.15102721
  1.19773633  2.27865925  2.80784716  2.07932241  1.86421153  0.05278195
  3.75209734  2.34467171  2.61368135  3.19742952  0.03839595 -0.23345134
 -0.08523788  3.61417947  0.17663003  1.46792708  1.95060735  1.67836165
  0.04378449  1.05343592  1.99381887  1.06651014  3.58805607  3.60788449
  2.47414057  0.25568236  1.25336105  2.5767693 ]
Device (GPU) time: 1.0978 seconds
Iters. done: 76 [Current cost: -19.080246042006088]
Current parameters: [ 2.88349211  1.99661233  2.68473253  2.52119006  3.23952322  2.52046889
  0.01043014  2.52900005  1.52317308  3.00220894  0.57448755  2.18309232
  0.06651399  0.22768637  3.05228127  1.78180373  3.21785964  0.62591357
  3.39415229  3.08713194  3.21035162  2.72078436  3.42498952  0.05350932
  2.55933794  2.64384829  0.54472795  1.40310439  1.96962785  2.9503304
  2.53378225  4.08691381  2.56545407  1.55658634  0.22751464  0.15102721
  1.19773633  2.27865925  2.80784716  2.07932241  1.86421153  0.05278195
  3.75209734  2.34467171  2.61368135  3.19742952  0.03839595 -0.23345134
 -0.08523788  3.61417947  0.17663003  1.46792708  1.95060735  1.67836165
  0.04378449  1.05343592  1.99381887  1.06651014  3.58805607  3.60788449
  2.47414057  0.25568236  1.25336105  2.5767693 ]
Device (GPU) time: 1.2118 seconds
Iters. done: 77 [Current cost: -19.136046451267624]
Current parameters: [ 2.93304165  1.99450033  2.76797359  2.54684761  3.27533234  2.55796425
 -0.02195531  2.55024229  1.55111631  3.00234331  0.57362884  2.80092221
  0.06273803  0.20768507  3.05223677  1.79353977  3.23405495  0.62115284
  3.39889447  3.10835662  3.97761279  2.73117116  3.44006047  0.0397098
  2.55728671  2.64898942  0.53946011  1.39134281  1.96533258  2.94446501
  2.51940772  4.10135385  2.55169197  1.54771102  0.21512824  0.14516398
  1.18292902  2.25811222  2.78294726  2.03095418  1.8604276   0.04816325
  3.75342204  2.34489273  2.60159906  3.19760811  0.03333447 -0.3100113
 -0.1045609   3.61562893  0.17452881  1.46771658  1.93280238  1.67278438
  0.04363804  1.02142561  1.99440769  1.06964987  3.58957147  3.60846179
  2.48109617  0.24894128  1.24771653  2.56896535]
Device (GPU) time: 1.2011 seconds
Iters. done: 78 [Current cost: -18.603370133274826]
Current parameters: [ 2.88349211  1.99661233  2.68473253  2.52119006  3.23952322  2.52046889
  0.01043014  2.52900005  1.52317308  3.00220894  0.57448755  2.18309232
 -0.39718391  0.22768637  3.05228127  1.78180373  3.10987159  0.73390162
  3.50214034  3.08713194  3.21035162  2.72078436  3.42498952  0.05350932
  2.55933794  2.64384829  0.54472795  1.40310439  1.96962785  2.9503304
  2.53378225  4.08691381  2.56545407  1.55658634  0.22751464  0.15102721
  1.19773633  2.27865925  2.80784716  2.07932241  1.86421153  0.05278195
  3.75209734  2.34467171  2.61368135  3.19742952  0.03839595 -0.23345134
 -0.08523788  3.61417947  0.17663003  1.46792708  1.95060735  1.67836165
  0.04378449  1.05343592  1.99381887  1.06651014  3.58805607  3.60788449
  2.47414057  0.25568236  1.25336105  2.5767693 ]
Device (GPU) time: 1.1623 seconds
Iters. done: 79 [Current cost: -19.04874740124399]
Current parameters: [ 2.90568179e+00  1.99566652e+00  2.72201022e+00  2.53268023e+00
  3.25555955e+00  2.53726037e+00 -4.07297214e-03  2.53851293e+00
  1.53568685e+00  3.00226911e+00  5.74102997e-01  2.16622227e+00
  4.44981078e-01  2.18729224e-01  3.05226134e+00  1.78705946e+00
  2.69029095e+00  1.15860299e+00  3.93109738e+00  3.09663695e+00
  3.19585282e+00  2.72543586e+00  3.43173872e+00  4.73295038e-02
  2.55841934e+00  2.64615064e+00  5.42368863e-01  1.39783723e+00
  1.96770430e+00  2.94770371e+00  2.52734493e+00  4.09338047e+00
  2.55929101e+00  1.55261172e+00  2.21967659e-01  1.48401489e-01
  1.19110520e+00  2.26945771e+00  2.79669629e+00  2.05766176e+00
  1.86251698e+00  5.07135681e-02  3.75269058e+00  2.34477069e+00
  2.60827056e+00  3.19750949e+00  3.61292759e-02 -2.67737042e-01
 -9.38912719e-02  3.61482858e+00  1.75689047e-01  1.46783281e+00
  1.94263379e+00  1.67586399e+00  4.37189033e-02  1.03910080e+00
  1.99408256e+00  1.06791620e+00  3.58873471e+00  3.60814302e+00
  2.47725548e+00  2.52663517e-01  1.25083328e+00  2.57327447e+00]
Device (GPU) time: 1.2579 seconds
Iters. done: 80 [Current cost: -18.54343937404133]
Current parameters: [ 2.88349211  1.99661233  2.68473253  2.52119006  3.23952322  2.52046889
  0.01043014  2.52900005  1.52317308  3.03905584  0.07857736  2.18309232
  0.06651399  0.22768637  3.01543437  1.74495683  3.21785964  0.62591357
  3.39415229  3.08713194  3.21035162  2.72078436  3.42498952  0.05350932
  2.55933794  2.64384829  0.54472795  1.40310439  1.96962785  2.9503304
  2.53378225  4.08691381  2.56545407  1.55658634  0.22751464  0.15102721
  1.19773633  2.27865925  2.80784716  2.07932241  1.86421153  0.05278195
  3.75209734  2.34467171  2.61368135  3.19742952  0.03839595 -0.23345134
 -0.08523788  3.61417947  0.17663003  1.46792708  1.95060735  1.67836165
  0.04378449  1.05343592  1.99381887  1.06651014  3.58805607  3.60788449
  2.47414057  0.25568236  1.25336105  2.5767693 ]
Device (GPU) time: 1.0947 seconds
Iters. done: 81 [Current cost: -19.198793220902527]
Current parameters: [ 2.89801045e+00  1.99599350e+00  2.70912271e+00  2.52870789e+00
  3.25001553e+00  2.53145528e+00  9.40994141e-04  2.53522417e+00
  1.53136063e+00  3.61220743e+00  2.03215529e-01  2.17205452e+00
  6.46954436e-02  2.21825855e-01  2.44230911e+00  1.17528335e+00
  3.22971454e+00  6.17409080e-01  3.38843222e+00  3.09335091e+00
  3.20086530e+00  2.72382776e+00  3.42940541e+00  4.94659672e-02
  2.55873691e+00  2.64535468e+00  5.43184439e-01  1.39965817e+00
  1.96836931e+00  2.94861180e+00  2.52957042e+00  4.09114484e+00
  2.56142168e+00  1.55398581e+00  2.23885341e-01  1.49309244e-01
  1.19339769e+00  2.27263883e+00  2.80055133e+00  2.06515020e+00
  1.86310281e+00  5.14286419e-02  3.75248549e+00  2.34473647e+00
  2.61014116e+00  3.19748185e+00  3.69129026e-02 -2.55883909e-01
 -9.08996531e-02  3.61460417e+00  1.76014361e-01  1.46786540e+00
  1.94539038e+00  1.67672747e+00  4.37415769e-02  1.04405669e+00
  1.99399139e+00  1.06743010e+00  3.58850010e+00  3.60805364e+00
  2.47617861e+00  2.53707182e-01  1.25170717e+00  2.57448269e+00]
Device (GPU) time: 1.2615 seconds
Iters. done: 82 [Current cost: -19.264153930717548]
Current parameters: [ 2.89801045e+00  1.99599350e+00  2.70912271e+00  2.52870789e+00
  3.25001553e+00  2.53145528e+00  9.40994141e-04  2.53522417e+00
  1.53136063e+00  3.26000513e+00  2.03215529e-01  2.17205452e+00
  6.46954436e-02  2.21825855e-01  2.08741994e+00  1.17797023e+00
  3.22971454e+00  6.17409080e-01  3.38843222e+00  3.09335091e+00
  3.20086530e+00  2.72382776e+00  3.42940541e+00  4.94659672e-02
  2.55873691e+00  2.64535468e+00  5.43184439e-01  1.39965817e+00
  1.96836931e+00  2.94861180e+00  2.52957042e+00  4.09114484e+00
  2.56142168e+00  1.55398581e+00  2.23885341e-01  1.49309244e-01
  1.19339769e+00  2.27263883e+00  2.80055133e+00  2.06515020e+00
  1.86310281e+00  5.14286419e-02  3.75248549e+00  2.34473647e+00
  2.61014116e+00  3.19748185e+00  3.69129026e-02 -2.55883909e-01
 -9.08996531e-02  3.61460417e+00  1.76014361e-01  1.46786540e+00
  1.94539038e+00  1.67672747e+00  4.37415769e-02  1.04405669e+00
  1.99399139e+00  1.06743010e+00  3.58850010e+00  3.60805364e+00
  2.47617861e+00  2.53707182e-01  1.25170717e+00  2.57448269e+00]
Device (GPU) time: 1.2865 seconds
Iters. done: 83 [Current cost: -19.164797339656]
Current parameters: [ 2.91890885  1.99510273  2.7442311   2.53952942  3.26511866  2.54726961
 -0.01271815  2.54418346  1.54314619  3.20583497  0.19925212  2.15616618
  0.06207774  0.21338995  2.84854501  0.36061747  3.24677905  0.6051673
  3.38019846  3.1023028   3.18721022  2.72820858  3.43576185  0.04364577
  2.55787177  2.64752304  0.54096263  1.39469752  1.9665577   2.94613797
  2.5235077   4.09723518  2.55561727  1.55024249  0.21866116  0.14683632
  1.18715245  2.26397276  2.79004935  2.04475004  1.86150687  0.04948062
  3.7530442   2.34482969  2.60504524  3.19755717  0.03477813 -0.28817443
 -0.09904948  3.61521551  0.17512813  1.46777662  1.93788082  1.67437516
  0.04367981  1.03055577  1.99423974  1.06875434  3.58913924  3.60829713
  2.47911226  0.25086401  1.24932649  2.57119124]
Device (GPU) time: 1.3110 seconds
Iters. done: 84 [Current cost: -19.24571463015687]
Current parameters: [ 2.89801045e+00  1.99599350e+00  2.70912271e+00  2.52870789e+00
  3.25001553e+00  2.53145528e+00  9.40994141e-04  2.53522417e+00
  1.53136063e+00  3.61220743e+00  2.03215529e-01  2.17205452e+00
  6.46954436e-02  2.21825855e-01  2.44230911e+00  1.17528335e+00
  3.04468494e+00  2.09738707e-01  3.61107298e+00  3.09335091e+00
  3.20086530e+00  2.72382776e+00  3.42940541e+00  4.94659672e-02
  2.55873691e+00  2.64535468e+00  5.43184439e-01  1.39965817e+00
  1.96836931e+00  2.94861180e+00  2.52957042e+00  4.09114484e+00
  2.56142168e+00  1.55398581e+00  2.23885341e-01  1.49309244e-01
  1.19339769e+00  2.27263883e+00  2.80055133e+00  2.06515020e+00
  1.86310281e+00  5.14286419e-02  3.75248549e+00  2.34473647e+00
  2.61014116e+00  3.19748185e+00  3.69129026e-02 -2.55883909e-01
 -9.08996531e-02  3.61460417e+00  1.76014361e-01  1.46786540e+00
  1.94539038e+00  1.67672747e+00  4.37415769e-02  1.04405669e+00
  1.99399139e+00  1.06743010e+00  3.58850010e+00  3.60805364e+00
  2.47617861e+00  2.53707182e-01  1.25170717e+00  2.57448269e+00]
Device (GPU) time: 1.1466 seconds
Iters. done: 85 [Current cost: -19.33998330216052]
Current parameters: [ 2.93018397  1.99462214  2.76317281  2.54536785  3.27326712  2.55580177
 -0.02008754  2.54901719  1.54950474  3.62201168  0.19711378  2.14759409
  0.06066544  0.20883861  2.4466186   1.17761053  2.33867603  0.14117112
  2.91583799  3.10713253  3.17984303  2.73057212  3.43919128  0.04050566
  2.55740501  2.64869292  0.53976392  1.39202114  1.9655803   2.94480328
  2.52023675  4.10052105  2.55248568  1.54822289  0.2158426   0.14550213
  1.18378301  2.25929723  2.78438332  2.03374374  1.86064583  0.04842963
  3.75334564  2.34487998  2.60229588  3.19759781  0.03362638 -0.30559584
 -0.10344648  3.61554534  0.17465     1.46772872  1.93382925  1.67310604
  0.04364648  1.02327175  1.99437373  1.06946879  3.58948407  3.6084285
  2.48069502  0.24933006  1.24804206  2.56941543]
Device (GPU) time: 1.2537 seconds
Iters. done: 86 [Current cost: -18.86193734316203]
Current parameters: [ 2.89801045e+00  1.99599350e+00  2.70912271e+00  2.52870789e+00
  3.25001553e+00  2.53145528e+00  9.40994141e-04  2.53522417e+00
  1.53136063e+00  3.61220743e+00  2.03215529e-01  2.17205452e+00
  6.46954436e-02  2.21825855e-01  2.44230911e+00  1.17528335e+00
  3.04468494e+00  2.09738707e-01  3.61107298e+00  2.87357005e+00
  3.20086530e+00  3.17293395e+00  3.42940541e+00  4.94659672e-02
  2.55873691e+00  2.64535468e+00  5.43184439e-01  1.39965817e+00
  1.96836931e+00  2.94861180e+00  2.52957042e+00  4.09114484e+00
  2.56142168e+00  1.55398581e+00  2.23885341e-01  1.49309244e-01
  1.19339769e+00  2.27263883e+00  2.80055133e+00  2.06515020e+00
  1.86310281e+00  5.14286419e-02  3.75248549e+00  2.34473647e+00
  2.61014116e+00  3.19748185e+00  3.69129026e-02 -2.55883909e-01
 -9.08996531e-02  3.61460417e+00  1.76014361e-01  1.46786540e+00
  1.94539038e+00  1.67672747e+00  4.37415769e-02  1.04405669e+00
  1.99399139e+00  1.06743010e+00  3.58850010e+00  3.60805364e+00
  2.47617861e+00  2.53707182e-01  1.25170717e+00  2.57448269e+00]
Device (GPU) time: 1.1976 seconds
Iters. done: 87 [Current cost: -18.999088387302752]
Current parameters: [ 2.94838733  1.99384624  2.79375366  2.55479385  3.28642256  2.5695767
 -0.03198521  2.5568211   1.55977044  3.62755879  0.19366149  2.1337547
  0.05838531  0.2014906   2.44905684  1.17892722  3.10348557  0.1718488
  3.61727094  2.23692865  3.1679489   2.24519104  3.44472801  0.03543603
  2.55665143  2.65058165  0.53782864  1.3877002   1.96400231  2.94264848
  2.51495588  4.10582599  2.5474298   1.5449623   0.21129212  0.14334811
  1.17834314  2.25174873  2.77523567  2.01597436  1.8592557   0.04673283
  3.7538323   2.34496118  2.59785713  3.19766342  0.03176691 -0.33372221
 -0.11054531  3.61607784  0.17387806  1.46765138  1.92728812  1.67105708
  0.04359268  1.01151189  1.99459005  1.07062226  3.5900408   3.60864058
  2.48325035  0.24685354  1.24596839  2.56654844]
Device (GPU) time: 1.0899 seconds
Iters. done: 88 [Current cost: -19.237246261111704]
Current parameters: [ 2.89801045e+00  1.99599350e+00  2.70912271e+00  2.52870789e+00
  3.25001553e+00  2.53145528e+00  9.40994141e-04  2.53522417e+00
  1.53136063e+00  3.61220743e+00  2.03215529e-01  2.17205452e+00
  6.46954436e-02  2.21825855e-01  2.44230911e+00  1.17528335e+00
  3.04468494e+00  2.09738707e-01  3.61107298e+00  3.09335091e+00
  3.20086530e+00  2.72382776e+00  3.09174950e+00 -3.19300199e-01
  2.55873691e+00  2.64535468e+00  5.43184439e-01  1.39965817e+00
  1.96836931e+00  2.94861180e+00  2.52957042e+00  4.09114484e+00
  2.56142168e+00  1.55398581e+00  2.23885341e-01  1.49309244e-01
  1.19339769e+00  2.27263883e+00  2.80055133e+00  2.06515020e+00
  1.86310281e+00  5.14286419e-02  3.75248549e+00  2.34473647e+00
  2.61014116e+00  3.19748185e+00  3.69129026e-02 -2.55883909e-01
 -9.08996531e-02  3.61460417e+00  1.76014361e-01  1.46786540e+00
  1.94539038e+00  1.67672747e+00  4.37415769e-02  1.04405669e+00
  1.99399139e+00  1.06743010e+00  3.58850010e+00  3.60805364e+00
  2.47617861e+00  2.53707182e-01  1.25170717e+00  2.57448269e+00]
Device (GPU) time: 1.2370 seconds
Iters. done: 89 [Current cost: -19.266375893131453]
Current parameters: [ 2.94150106  1.99413976  2.78218502  2.55122802  3.2814459   2.56436569
 -0.02748435  2.5538689   1.55588696  3.62546034  0.19496748  2.1389901
  0.05924787  0.20427033  2.44813446  1.17842912  3.09544781  0.17702816
  3.61642371  3.13282245  3.17244841  2.69175503  2.70985352  0.7218278
  2.55693651  2.64986715  0.53856075  1.3893348   1.96459926  2.94346363
  2.51695361  4.10381915  2.54934242  1.54619577  0.21301355  0.14416297
  1.18040103  2.2546043   2.7786962   2.02269646  1.85978159  0.04737472
  3.7536482   2.34493047  2.5995363   3.1976386   0.03247034 -0.32308209
 -0.10785984  3.61587639  0.17417008  1.46768064  1.92976261  1.67183219
  0.04361304  1.01596061  1.99450821  1.0701859   3.58983019  3.60856035
  2.48228368  0.2477904   1.24675286  2.56763301]
Device (GPU) time: 1.2250 seconds
Iters. done: 90 [Current cost: -19.16924845794545]
Current parameters: [ 2.89801045e+00  1.99599350e+00  2.70912271e+00  2.52870789e+00
  3.25001553e+00  2.53145528e+00  9.40994141e-04  2.53522417e+00
  1.53136063e+00  3.61220743e+00  2.03215529e-01  2.17205452e+00
  6.46954436e-02  2.21825855e-01  2.44230911e+00  1.17528335e+00
  3.04468494e+00  2.09738707e-01  3.61107298e+00  3.09335091e+00
  3.20086530e+00  2.72382776e+00  3.42940541e+00  4.94659672e-02
  2.06375122e+00  2.64535468e+00  5.43184439e-01  1.39965817e+00
  1.96836931e+00  2.94861180e+00  2.60020439e+00  4.09114484e+00
  2.56142168e+00  1.55398581e+00  2.23885341e-01  1.49309244e-01
  1.19339769e+00  2.27263883e+00  2.80055133e+00  2.06515020e+00
  1.86310281e+00  5.14286419e-02  3.75248549e+00  2.34473647e+00
  2.61014116e+00  3.19748185e+00  3.69129026e-02 -2.55883909e-01
 -9.08996531e-02  3.61460417e+00  1.76014361e-01  1.46786540e+00
  1.94539038e+00  1.67672747e+00  4.37415769e-02  1.04405669e+00
  1.99399139e+00  1.06743010e+00  3.58850010e+00  3.60805364e+00
  2.47617861e+00  2.53707182e-01  1.25170717e+00  2.57448269e+00]
Device (GPU) time: 1.1196 seconds
Iters. done: 91 [Current cost: -19.290630935358845]
Current parameters: [ 2.92868296  1.99468612  2.76065118  2.5445906   3.27218234  2.55466592
 -0.01910648  2.54837369  1.54865825  3.62155427  0.19739845  2.14873526
  0.06085345  0.20944451  2.44641754  1.17750196  3.08048634  0.18666903
  3.61484668  3.1211889   3.18082379  2.70120791  3.44669139  0.04316895
  2.70358647  2.64853718  0.5399235   1.39237744  1.96571041  2.94498097
  3.51127914  4.10008361  2.55290257  1.54849175  0.21621782  0.14567974
  1.18423157  2.25991967  2.78513762  2.03520896  1.86076046  0.04856954
  3.75330551  2.34487329  2.60266189  3.1975924   0.03377971 -0.3032766
 -0.10286112  3.61550143  0.17471365  1.46773509  1.93436862  1.67327499
  0.04365092  1.02424144  1.99435589  1.06937368  3.58943817  3.60841101
  2.48048431  0.24953427  1.24821305  2.56965184]
Device (GPU) time: 1.2147 seconds
Iters. done: 92 [Current cost: -19.213278005375518]
Current parameters: [ 2.89801045e+00  1.99599350e+00  2.70912271e+00  2.52870789e+00
  3.25001553e+00  2.53145528e+00  9.40994141e-04  2.53522417e+00
  1.53136063e+00  3.61220743e+00  2.03215529e-01  2.17205452e+00
  6.46954436e-02  2.21825855e-01  2.44230911e+00  1.17528335e+00
  3.04468494e+00  2.09738707e-01  3.61107298e+00  3.09335091e+00
  3.20086530e+00  2.72382776e+00  3.42940541e+00  4.94659672e-02
  2.55873691e+00  2.64535468e+00  5.43184439e-01  1.62279601e+00
  1.96836931e+00  2.50116403e+00  2.52957042e+00  4.09114484e+00
  2.56142168e+00  1.55398581e+00  2.23885341e-01  1.49309244e-01
  1.19339769e+00  2.27263883e+00  2.80055133e+00  2.06515020e+00
  1.86310281e+00  5.14286419e-02  3.75248549e+00  2.34473647e+00
  2.61014116e+00  3.19748185e+00  3.69129026e-02 -2.55883909e-01
 -9.08996531e-02  3.61460417e+00  1.76014361e-01  1.46786540e+00
  1.94539038e+00  1.67672747e+00  4.37415769e-02  1.04405669e+00
  1.99399139e+00  1.06743010e+00  3.58850010e+00  3.60805364e+00
  2.47617861e+00  2.53707182e-01  1.25170717e+00  2.57448269e+00]
Device (GPU) time: 1.2497 seconds
Iters. done: 93 [Current cost: -19.176885597290504]
Current parameters: [ 2.92566981  1.99481455  2.75558921  2.54303035  3.27000476  2.55238579
 -0.01713709  2.54708193  1.546959    3.62063607  0.1979699   2.15102606
  0.06123087  0.21066081  2.44601395  1.17728401  3.07696934  0.18893531
  3.61447596  3.1184542   3.18279259  2.70342999  3.44499328  0.04378755
  2.56136422  2.64822454  0.54024384  2.28258452  1.96597161  3.4046132
  2.51789761  4.0992055   2.55373946  1.54903147  0.21697105  0.14603629
  1.18513201  2.26116915  2.7866518   2.03815028  1.86099056  0.04885041
  3.75322495  2.34485985  2.60339663  3.19758154  0.0340875  -0.29862092
 -0.10168607  3.61541329  0.17484143  1.46774789  1.93545136  1.67361415
  0.04365983  1.02618802  1.99432008  1.06918275  3.58934602  3.6083759
  2.48006134  0.2499442   1.2485563   2.5701264 ]
Device (GPU) time: 1.1959 seconds
Iters. done: 94 [Current cost: -19.337019548437098]
Current parameters: [ 2.89801045e+00  1.99599350e+00  2.70912271e+00  2.52870789e+00
  3.25001553e+00  2.53145528e+00  9.40994141e-04  2.53522417e+00
  1.53136063e+00  3.61220743e+00  2.03215529e-01  2.17205452e+00
  6.46954436e-02  2.21825855e-01  2.44230911e+00  1.17528335e+00
  3.04468494e+00  2.09738707e-01  3.61107298e+00  3.09335091e+00
  3.20086530e+00  2.72382776e+00  3.42940541e+00  4.94659672e-02
  2.55873691e+00  3.00318544e+00  8.92408075e-01  1.39965817e+00
  1.96836931e+00  2.94861180e+00  2.52957042e+00  4.09114484e+00
  2.56142168e+00  1.55398581e+00  2.23885341e-01  1.49309244e-01
  1.19339769e+00  2.27263883e+00  2.80055133e+00  2.06515020e+00
  1.86310281e+00  5.14286419e-02  3.75248549e+00  2.34473647e+00
  2.61014116e+00  3.19748185e+00  3.69129026e-02 -2.55883909e-01
 -9.08996531e-02  3.61460417e+00  1.76014361e-01  1.46786540e+00
  1.94539038e+00  1.67672747e+00  4.37415769e-02  1.04405669e+00
  1.99399139e+00  1.06743010e+00  3.58850010e+00  3.60805364e+00
  2.47617861e+00  2.53707182e-01  1.25170717e+00  2.57448269e+00]
Device (GPU) time: 1.2014 seconds
Iters. done: 95 [Current cost: -19.251208632933288]
Current parameters: [ 2.91351878  1.99533247  2.73517602  2.53673835  3.2612233   2.54319081
 -0.00919521  2.5418727   1.54010648  3.61693329  0.20027436  2.16026407
  0.06275289  0.21556572  2.44438638  1.1764051   3.06278649  0.19807444
  3.612981    3.10742608  3.19073211  2.71239093  3.43814538  0.04628213
  2.56021002  1.94524357  1.25441383  1.39336733  1.96702494  2.95427445
  2.52302559  4.09566437  2.55711434  1.55120796  0.22000857  0.14747413
  1.18876321  2.26620789  2.792758    2.05001161  1.86191849  0.04998305
  3.7529001   2.34480565  2.60635957  3.19753774  0.03532873 -0.27984613
 -0.09694749  3.61505784  0.17535671  1.46779951  1.93981767  1.67498186
  0.04369574  1.0340379   1.99417569  1.0684128   3.58897439  3.60823433
  2.47835562  0.25159732  1.24994051  2.57204016]
Device (GPU) time: 1.1062 seconds
Iters. done: 96 [Current cost: -19.269671786669047]
Current parameters: [ 2.89801045e+00  1.99599350e+00  2.70912271e+00  2.52870789e+00
  3.25001553e+00  2.53145528e+00  9.40994141e-04  2.53522417e+00
  1.53136063e+00  3.61220743e+00  2.03215529e-01  2.17205452e+00
  6.46954436e-02  2.21825855e-01  2.44230911e+00  1.17528335e+00
  3.04468494e+00  2.09738707e-01  3.61107298e+00  3.09335091e+00
  3.20086530e+00  2.72382776e+00  3.42940541e+00  4.94659672e-02
  2.55873691e+00  2.64535468e+00  5.43184439e-01  1.39965817e+00
  2.46640937e+00  2.94861180e+00  2.52957042e+00  4.09114484e+00
  2.56142168e+00  1.55398581e+00  2.23885341e-01  1.49309244e-01
  1.19339769e+00  2.27263883e+00  2.80055133e+00  2.02092245e+00
  1.86310281e+00  5.14286419e-02  3.75248549e+00  2.34473647e+00
  2.61014116e+00  3.19748185e+00  3.69129026e-02 -2.55883909e-01
 -9.08996531e-02  3.61460417e+00  1.76014361e-01  1.46786540e+00
  1.94539038e+00  1.67672747e+00  4.37415769e-02  1.04405669e+00
  1.99399139e+00  1.06743010e+00  3.58850010e+00  3.60805364e+00
  2.47617861e+00  2.53707182e-01  1.25170717e+00  2.57448269e+00]
Device (GPU) time: 1.2255 seconds
Iters. done: 97 [Current cost: -19.254992792130416]
Current parameters: [ 3.00146196  1.99158399  2.88291671  2.58227674  3.32477924  2.60973958
 -0.06667464  2.57957457  1.58970162  3.64373224  0.18359583  2.09340387
  0.05173726  0.18006636  2.45616593  1.18276622  3.16543506  0.13192984
  3.62380081  3.18724222  3.13326979  2.64753606  3.48770717  0.02822755
  2.56856356  2.6407925   0.5069211   1.35769378  2.021705    2.98638566
  2.48591179  4.12129333  2.53268863  1.53545558  0.19802452  0.13706775
  1.1624824   2.22973993  2.74856433  2.97522135  1.85520258  0.04178554
  3.75525123  2.34519793  2.58491527  3.19785472  0.02634534 -0.41572884
 -0.13124301  3.61763042  0.17162735  1.46742591  1.90821646  1.66508302
  0.04343581  0.97722428  1.99522076  1.07398535  3.59166401  3.60925896
  2.4907008   0.23963288  1.2399223   2.55818929]
Device (GPU) time: 1.1909 seconds
Iters. done: 98 [Current cost: -19.33349462140731]
Current parameters: [ 2.89801045e+00  1.99599350e+00  2.70912271e+00  2.52870789e+00
  3.25001553e+00  2.53145528e+00  9.40994141e-04  2.53522417e+00
  1.53136063e+00  3.61220743e+00  2.03215529e-01  2.17205452e+00
  6.46954436e-02  2.21825855e-01  2.44230911e+00  1.17528335e+00
  3.04468494e+00  2.09738707e-01  3.61107298e+00  3.09335091e+00
  3.20086530e+00  2.72382776e+00  3.42940541e+00  4.94659672e-02
  2.55873691e+00  2.64535468e+00  5.43184439e-01  1.39965817e+00
  1.96836931e+00  2.94861180e+00  2.52957042e+00  4.09114484e+00
  2.56142168e+00  1.55398581e+00  2.23885341e-01  1.49309244e-01
  1.19339769e+00  1.88698725e+00  3.11878529e+00  2.06515020e+00
  1.86310281e+00  5.14286419e-02  3.75248549e+00  2.34473647e+00
  2.61014116e+00  3.19748185e+00  3.69129026e-02 -2.55883909e-01
 -9.08996531e-02  3.61460417e+00  1.76014361e-01  1.46786540e+00
  1.94539038e+00  1.67672747e+00  4.37415769e-02  1.04405669e+00
  1.99399139e+00  1.06743010e+00  3.58850010e+00  3.60805364e+00
  2.47617861e+00  2.53707182e-01  1.25170717e+00  2.57448269e+00]
Device (GPU) time: 1.2206 seconds
Iters. done: 99 [Current cost: -19.06663969027468]
Current parameters: [ 2.96785127  1.99301661  2.82645223  2.56487259  3.30048903  2.58430555
 -0.04470679  2.56516543  1.57074704  3.63349005  0.18997013  2.11895693
  0.05594728  0.19363373  2.45166394  1.18033509  3.12620417  0.1572094
  3.61966563  3.15673758  3.1552311   2.67232271  3.46876533  0.03512777
  2.56537095  2.64227472  0.51870281  1.37132773  1.94534137  2.97411319
  2.50009618  4.11149829  2.5420238   1.54147592  0.20642652  0.14104493
  1.17252657  2.92845547  3.50191754  2.01476129  1.85776931  0.04491852
  3.75435266  2.34504801  2.59311099  3.19773357  0.02977867 -0.36379632
 -0.11813573  3.61664721  0.17305266  1.46756869  1.92029401  1.66886622
  0.04353515  0.99893767  1.99482135  1.0718556   3.59063607  3.60886736
  2.48598264  0.24420552  1.24375112  2.56348291]
Device (GPU) time: 1.1450 seconds
Iters. done: 100 [Current cost: -19.43498900577908]
Current parameters: [ 2.96785127  1.99301661  2.82645223  2.56487259  3.30048903  2.58430555
 -0.04470679  2.56516543  1.57074704  3.63349005  0.18997013  2.11895693
  0.05594728  0.19363373  2.45166394  1.18033509  3.12620417  0.1572094
  3.61966563  3.15673758  3.1552311   2.67232271  3.46876533  0.03512777
  2.56537095  2.64227472  0.51870281  1.37132773  1.94534137  2.97411319
  2.50009618  4.46946314  2.5420238   1.54147592  0.20642652  0.14104493
  1.52161276  2.92845547  3.50191754  2.01476129  1.85776931  0.04491852
  3.75435266  2.34504801  2.59311099  3.19773357  0.02977867 -0.36379632
 -0.11813573  3.61664721  0.17305266  1.46756869  1.92029401  1.66886622
  0.04353515  0.99893767  1.99482135  1.0718556   3.59063607  3.60886736
  2.48598264  0.24420552  1.24375112  2.56348291]
Device (GPU) time: 1.2253 seconds
Iters. done: 101 [Current cost: -19.37754493528892]
Current parameters: [ 3.01330828  1.99107905  2.90281801  2.58841095  3.3333405   2.61870398
 -0.07441737  2.58465317  1.5963823   3.64734218  0.18134916  2.08439752
  0.05025341  0.17528444  2.45775268  1.18362309  3.17926226  0.12301988
  3.62525828  3.19799379  3.12552937  2.63879983  3.49438335  0.02579552
  2.56968882  2.64027009  0.50276856  1.35288841  1.93035327  2.99071117
  2.48091241  3.41967643  2.52939838  1.53333366  0.19506318  0.13566596
  1.87029984  2.94691047  3.46350134  1.98196487  1.85429792  0.0406813
  3.75556794  2.34525078  2.58202663  3.19789741  0.02513524 -0.43403282
 -0.13586276  3.61797695  0.17112499  1.46737558  1.90395964  1.66374961
  0.0434008   0.96957125  1.99536153  1.074736    3.59202631  3.60939698
  2.49236374  0.23802122  1.23857281  2.55632352]
Device (GPU) time: 1.2343 seconds
Iters. done: 102 [Current cost: -19.489736797946506]
Current parameters: [ 3.01330828  1.99107905  2.90281801  2.58841095  3.3333405   2.61870398
 -0.07441737  2.58465317  1.5963823   3.64734218  0.18134916  2.08439752
  0.05025341  0.17528444  2.45775268  1.18362309  3.17926226  0.12301988
  3.62525828  3.19799379  3.12552937  2.63879983  3.49438335  0.02579552
  2.56968882  2.64027009  0.50276856  1.35288841  1.93035327  2.99071117
  2.48091241  3.41967643  2.8638884   1.53333366 -0.17657701  0.13566596
  1.87029984  2.94691047  3.46350134  1.98196487  1.85429792  0.0406813
  3.75556794  2.34525078  2.58202663  3.19789741  0.02513524 -0.43403282
 -0.13586276  3.61797695  0.17112499  1.46737558  1.90395964  1.66374961
  0.0434008   0.96957125  1.99536153  1.074736    3.59202631  3.60939698
  2.49236374  0.23802122  1.23857281  2.55632352]
Device (GPU) time: 1.1222 seconds
Iters. done: 103 [Current cost: -19.665050498829302]
Current parameters: [ 3.05426341  1.98933339  2.97162085  2.60961818  3.3629385   2.64969574
 -0.10118554  2.60221093  1.61947876  3.65982245  0.17358197  2.05326073
  0.04512343  0.15875239  2.46323842  1.18658547  3.2270657   0.09221634
  3.63029707  3.23516417  3.09876916  2.60859691  3.51746428  0.01738751
  2.57357906  2.63846398  0.48841237  1.33627524  1.91684953  3.00566536
  2.46362851  3.42199646  3.61147856  1.52599778  0.46620701  0.13081971
  1.85742962  2.96353778  3.42888972  1.95241646  1.85117032  0.03686372
  3.75666286  2.34543347  2.57204002  3.19804503  0.02095167 -0.4973134
 -0.15183418  3.619175    0.16938823  1.46720159  1.88924296  1.65913972
  0.04327975  0.94311315  1.99584822  1.07733114  3.59327886  3.60987415
  2.49811289  0.23244938  1.23390733  2.54987317]
Device (GPU) time: 1.2019 seconds
Iters. done: 104 [Current cost: -19.543745951691314]
Current parameters: [ 3.01330828  1.99107905  2.90281801  2.58841095  3.3333405   2.61870398
 -0.07441737  2.58465317  1.5963823   3.64734218  0.18134916  2.08439752
  0.05025341  0.17528444  2.45775268  1.18362309  3.17926226  0.12301988
  3.62525828  3.19799379  3.12552937  2.63879983  3.49438335  0.02579552
  2.56968882  2.64027009  0.50276856  1.35288841  1.93035327  2.99071117
  2.48091241  3.41967643  2.8638884   1.80893573 -0.17657701 -0.28151925
  1.87029984  2.94691047  3.46350134  1.98196487  1.85429792  0.0406813
  3.75556794  2.34525078  2.58202663  3.19789741  0.02513524 -0.43403282
 -0.13586276  3.61797695  0.17112499  1.46737558  1.90395964  1.66374961
  0.0434008   0.96957125  1.99536153  1.074736    3.59202631  3.60939698
  2.49236374  0.23802122  1.23857281  2.55632352]
Device (GPU) time: 1.2704 seconds
Iters. done: 105 [Current cost: -19.683437201943686]
Current parameters: [ 3.03668687  1.99008257  2.94209302  2.60051676  3.35023605  2.63639513
 -0.08969755  2.59467574  1.60956655  3.65446634  0.17691538  2.06662357
  0.04732504  0.16584738  2.46088413  1.18531412  3.20655009  0.10543616
  3.62813459  3.21921192  3.11025373  2.62155897  3.50755873  0.02099594
  2.5719095   2.6392391   0.49457355  1.34340504  1.92264487  2.99924754
  2.47104617  3.42100078  2.86348696  2.64011825 -0.19410615  0.2659749
  1.86295308  2.95640191  3.44374385  1.96509763  1.85251258  0.0385021
  3.75619296  2.34535506  2.57632594  3.19798168  0.02274711 -0.47015554
 -0.14497979  3.61866084  0.17013359  1.46727626  1.89555886  1.66111812
  0.0433317   0.95446806  1.99563935  1.07621739  3.59274131  3.60966936
  2.49564556  0.23484062  1.23590959  2.55264144]
Device (GPU) time: 1.1053 seconds
Iters. done: 106 [Current cost: -19.562224729301192]
Current parameters: [ 3.01330828  1.99107905  2.90281801  2.58841095  3.3333405   2.61870398
 -0.07441737  2.58465317  1.5963823   3.64734218  0.18134916  2.08439752
  0.05025341  0.17528444  2.45775268  1.18362309  3.17926226  0.12301988
  3.62525828  3.19799379  3.12552937  2.63879983  3.49438335  0.02579552
  2.56968882  2.64027009  0.50276856  1.35288841  1.93035327  2.99071117
  2.48091241  3.41967643  2.8638884   1.80893573 -0.17657701 -0.28151925
  1.87029984  2.94691047  3.46350134  1.98196487  1.46752423  0.35755054
  3.75556794  2.34525078  2.58202663  3.19789741  0.02513524 -0.43403282
 -0.13586276  3.61797695  0.17112499  1.46737558  1.90395964  1.66374961
  0.0434008   0.96957125  1.99536153  1.074736    3.59202631  3.60939698
  2.49236374  0.23802122  1.23857281  2.55632352]
Device (GPU) time: 1.1894 seconds
Iters. done: 107 [Current cost: -19.614023506990552]
Current parameters: [ 3.02637873  1.99052194  2.9247758   2.59517905  3.34278643  2.62859471
 -0.08296018  2.59025657  1.60375332  3.65132514  0.17887033  2.0744605
  0.04861622  0.17000839  2.4595034   1.18456851  3.19451828  0.11318921
  3.62686636  3.20985638  3.11698909  2.62916085  3.50174942  0.02311218
  2.57093035  2.63969368  0.49818691  1.34758647  1.92604367  2.99548367
  2.47539641  3.42041684  2.86366396  1.80524272 -0.18637717 -0.28485568
  1.86619243  2.95221693  3.45245536  1.97253477  2.48928153  0.81129134
  3.75591737  2.34530908  2.5788395   3.19794452  0.02380009 -0.45422823
 -0.14095989  3.6183593   0.17057072  1.46732005  1.89926295  1.6622784
  0.04336217  0.96112739  1.99551685  1.07556421  3.59242605  3.60954926
  2.49419853  0.23624302  1.23708386  2.55426495]
Device (GPU) time: 1.1635 seconds
Iters. done: 108 [Current cost: -19.61431613904674]
Current parameters: [ 3.01330828  1.99107905  2.90281801  2.58841095  3.3333405   2.61870398
 -0.07441737  2.58465317  1.5963823   3.64734218  0.18134916  2.08439752
  0.05025341  0.17528444  2.45775268  1.18362309  3.17926226  0.12301988
  3.62525828  3.19799379  3.12552937  2.63879983  3.49438335  0.02579552
  2.56968882  2.64027009  0.50276856  1.35288841  1.93035327  2.99071117
  2.48091241  3.41967643  2.8638884   1.80893573 -0.17657701 -0.28151925
  1.87029984  2.94691047  3.46350134  1.98196487  1.85429792  0.0406813
  4.25549311  2.34525078  2.58202663  3.19789741  0.02513524 -0.42538278
 -0.13586276  3.61797695  0.17112499  1.46737558  1.90395964  1.66374961
  0.0434008   0.96957125  1.99536153  1.074736    3.59202631  3.60939698
  2.49236374  0.23802122  1.23857281  2.55632352]
Device (GPU) time: 1.1749 seconds
Iters. done: 109 [Current cost: -19.622527789053244]
Current parameters: [ 3.1831812   1.98383841  3.18819709  2.67637388  3.45610653  2.74725099
 -0.18544587  2.6574789   1.69218133  3.69910762  0.14913256  1.95524894
  0.02897537  0.10671311  2.48050631  1.19591037  3.37754043 -0.00474646
  3.64615805  3.35216836  3.01453392  2.51352477  3.59011797 -0.00907909
  2.5858247   2.63277875  0.44322222  1.28398063  1.87434271  3.05273787
  2.4092226   3.42929938  2.86097145  1.76093879 -0.30394681 -0.32488187
  1.81691698  3.01587689  3.31993993  1.85940457  1.8596551  -0.01070828
  3.71034474  2.34600853  2.54060437  3.19850969  0.00778273  0.3175589
 -0.20210871  3.6229462   0.16392129  1.46665391  1.84291807  1.64462879
  0.04289872  0.85982886  1.99738021  1.08550006  3.59722162  3.61137617
  2.51620996  0.21491046  1.21922142  2.52956887]
Device (GPU) time: 1.2555 seconds
Iters. done: 110 [Current cost: -19.399758935915177]
Current parameters: [ 3.01330828  1.99107905  2.90281801  2.58841095  3.3333405   2.61870398
 -0.07441737  2.58465317  1.5963823   3.64734218  0.18134916  2.08439752
  0.05025341  0.17528444  2.45775268  1.18362309  3.17926226  0.12301988
  3.62525828  3.19799379  3.12552937  2.63879983  3.49438335  0.02579552
  2.56968882  2.64027009  0.50276856  1.35288841  1.93035327  2.99071117
  2.48091241  3.41967643  2.8638884   1.80893573 -0.17657701 -0.28151925
  1.87029984  2.94691047  3.46350134  1.98196487  1.85429792  0.0406813
  3.75556794  2.34525078  2.11423991  3.19789741  0.02513524 -0.43403282
 -0.13586276  3.61797695  0.17112499  1.46737558  1.90395964  1.66374961
  0.0434008   1.14613733  1.99536153  1.074736    3.59202631  3.60939698
  2.49236374  0.23802122  1.23857281  2.55632352]
Device (GPU) time: 1.1162 seconds
Iters. done: 111 [Current cost: -19.498613503977133]
Current parameters: [ 3.08507605  1.98802003  3.02338472  2.62557346  3.38520659  2.67301241
 -0.1213246   2.61542052  1.6368554   3.669212    0.16773832  2.02983493
  0.04126388  0.14631448  2.46736561  1.18881421  3.26303065  0.06904126
  3.634088    3.26312934  3.0786361   2.58587373  3.53482923  0.01106173
  2.57650589  2.63710515  0.47761147  1.32377631  1.90668997  3.01691616
  2.45062496  3.42374193  2.86265605  1.78865802 -0.2303881  -0.29983905
  1.8477467   2.97604735  3.40284963  1.9301857   1.85656122  0.01897028
  3.74420489  2.34557091  2.95686923  3.19815609  0.01780416 -0.56399326
 -0.16385029  3.62007636  0.16808158  1.46707069  1.87817085  1.65567146
  0.04318868  1.84571788  1.99621438  1.07928359  3.59422122  3.61023314
  2.50243827  0.22825741  1.23039725  2.54502024]
Device (GPU) time: 1.1972 seconds
Iters. done: 112 [Current cost: -19.79040116272489]
Current parameters: [ 3.08507605  1.98802003  3.02338472  2.62557346  3.38520659  2.67301241
 -0.1213246   2.61542052  1.6368554   3.669212    0.16773832  2.02983493
  0.04126388  0.14631448  2.46736561  1.18881421  3.26303065  0.06904126
  3.634088    3.26312934  3.0786361   2.58587373  3.53482923  0.01106173
  2.57650589  2.63710515  0.47761147  1.32377631  1.90668997  3.01691616
  2.45062496  3.42374193  2.86265605  1.78865802 -0.2303881  -0.29983905
  1.8477467   2.97604735  3.40284963  1.9301857   1.85656122  0.01897028
  3.74420489  2.84553821  2.95686923  3.19815609  0.01780416 -0.56399326
 -0.15813143  3.62007636  0.16808158  1.46707069  1.87817085  1.65567146
  0.04318868  1.84571788  1.99621438  1.07928359  3.59422122  3.61023314
  2.50243827  0.22825741  1.23039725  2.54502024]
Device (GPU) time: 1.2078 seconds
Iters. done: 113 [Current cost: -19.750994625265143]
Current parameters: [ 3.12618692e+00  1.98626773e+00  3.09244920e+00  2.64686133e+00
  3.41491714e+00  2.70412202e+00 -1.48194559e-01  2.63304505e+00
  1.66003968e+00  3.68173973e+00  1.59941591e-01  1.99857974e+00
  3.61143918e-02  1.29719562e-01  2.47287221e+00  1.19178785e+00
  3.31101587e+00  3.81205861e-02  3.63914594e+00  3.30044106e+00
  3.05177414e+00  2.55555596e+00  3.55799793e+00  2.62173375e-03
  2.58041093e+00  2.63529218e+00  4.63200686e-01  1.30709996e+00
  1.89313488e+00  3.03192722e+00  2.43327534e+00  3.42607078e+00
  2.86195012e+00  1.77704230e+00 -2.61212810e-01 -3.10333223e-01
  1.83482753e+00  2.99273788e+00  3.36810639e+00  1.90052493e+00
  1.85785770e+00  6.53350558e-03  3.73769577e+00  2.32926756e+00
  2.97204727e+00  3.19830426e+00  1.36046884e-02 -6.38438754e-01
  8.20477483e-01  3.62127896e+00  1.66338210e-01  1.46689604e+00
  1.86339820e+00  1.65104404e+00  4.30671741e-02  1.81893980e+00
  1.99670292e+00  1.08188860e+00  3.59547853e+00  3.61071213e+00
  2.50820928e+00  2.22664380e-01  1.22571403e+00  2.53854536e+00]
Device (GPU) time: 1.1841 seconds
Iters. done: 114 [Current cost: -19.572711182863344]
Current parameters: [ 3.08507605  1.98802003  3.02338472  2.62557346  3.38520659  2.67301241
 -0.1213246   2.61542052  1.6368554   3.669212    0.16773832  2.02983493
  0.04126388  0.14631448  2.46736561  1.18881421  3.26303065  0.06904126
  3.634088    3.26312934  3.0786361   2.58587373  3.53482923  0.01106173
  2.57650589  2.63710515  0.47761147  1.32377631  1.90668997  3.01691616
  2.45062496  3.42374193  2.86265605  1.78865802 -0.2303881  -0.29983905
  1.8477467   2.97604735  3.40284963  1.9301857   1.85656122  0.01897028
  3.74420489  2.34557091  2.95686923  3.69784513  0.03543539 -0.56399326
 -0.16385029  3.62007636  0.16808158  1.46707069  1.87817085  1.65567146
  0.04318868  1.84571788  1.99621438  1.07928359  3.59422122  3.61023314
  2.50243827  0.22825741  1.23039725  2.54502024]
Device (GPU) time: 1.1796 seconds
Iters. done: 115 [Current cost: -19.677646111211043]
Current parameters: [ 3.09570795  1.98756686  3.04124586  2.63107883  3.3928902   2.68105784
 -0.12827358  2.6199785   1.64285121  3.67245186  0.16572196  2.02175186
  0.03993214  0.14202278  2.4687897   1.18958324  3.27544037  0.0610447
  3.63539606  3.27277872  3.07168918  2.57803308  3.54082102  0.00887901
  2.57751579  2.63663629  0.47388462  1.31946355  1.90318442  3.02079825
  2.44613808  3.4243442   2.86247348  1.78565402 -0.23835984 -0.30255301
  1.8444056   2.98036378  3.3938645   1.92251496  1.85689651  0.01575394
  3.74252153  2.34435235  2.9607945   3.15920124  1.01598431 -0.58324601
 -0.17136253  3.62038737  0.16763071  1.46702552  1.87435042  1.65447474
  0.04315726  1.83879265  1.99634073  1.07995729  3.59454638  3.61035702
  2.50393074  0.22681096  1.2291861   2.54334574]
Device (GPU) time: 1.8027 seconds
Iters. done: 116 [Current cost: -19.58206425669578]
Current parameters: [ 3.08507605  1.98802003  3.02338472  2.62557346  3.38520659  2.67301241
 -0.1213246   2.61542052  1.6368554   3.669212    0.16773832  2.02983493
  0.04126388  0.14631448  2.46736561  1.18881421  3.26303065  0.06904126
  3.634088    3.26312934  3.0786361   2.58587373  3.53482923  0.01106173
  2.57650589  2.63710515  0.47761147  1.32377631  1.90668997  3.01691616
  2.45062496  3.42374193  2.86265605  1.78865802 -0.2303881  -0.29983905
  1.8477467   2.97604735  3.40284963  1.9301857   1.85656122  0.01897028
  3.74420489  2.34557091  2.95686923  3.19815609  0.01780416 -0.56399326
 -0.16385029  3.62007636  0.16808158  1.46707069  2.02763107  1.17853244
  0.04318868  1.84571788  1.99621438  1.07928359  3.59422122  3.61023314
  2.50243827  0.22825741  1.23039725  2.54502024]
Device (GPU) time: 1.2444 seconds
Iters. done: 117 [Current cost: -19.627604970210573]
Current parameters: [ 3.12410974e+00  1.98635626e+00  3.08895962e+00  2.64578573e+00
  3.41341598e+00  2.70255017e+00 -1.46836915e-01  2.63215454e+00
  1.65886826e+00  3.68110675e+00  1.60335532e-01  2.00015895e+00
  3.63745770e-02  1.30558044e-01  2.47259398e+00  1.19163760e+00
  3.30859135e+00  3.96828974e-02  3.63889038e+00  3.29855583e+00
  3.05313138e+00  2.55708781e+00  3.55682730e+00  3.04817633e-03
  2.58021362e+00  2.63538378e+00  4.63928811e-01  1.30794256e+00
  1.89381977e+00  3.03116876e+00  2.43415195e+00  3.42595311e+00
  2.86198579e+00  1.77762920e+00 -2.59655348e-01 -3.09802990e-01
  1.83548029e+00  2.99189457e+00  3.36986185e+00  1.90202358e+00
  1.85779220e+00  7.16189114e-03  3.73802466e+00  2.34109711e+00
  2.97128038e+00  3.18504377e+00  8.27318657e-04 -6.34677289e-01
 -1.91430516e-01  3.62121820e+00  1.66426296e-01  1.46690486e+00
  2.81250113e+00  1.96907549e+00  4.30733134e-02  1.82029280e+00
  1.99667824e+00  1.08175698e+00  3.59541501e+00  3.61068793e+00
  2.50791770e+00  2.22946975e-01  1.22595066e+00  2.53887251e+00]
Device (GPU) time: 1.2120 seconds
Iters. done: 118 [Current cost: -19.24602748776962]
Current parameters: [ 3.08507605  1.98802003  3.02338472  2.62557346  3.38520659  2.67301241
 -0.1213246   2.61542052  1.6368554   3.669212    0.16773832  2.02983493
  0.04126388  0.14631448  2.46736561  1.18881421  3.26303065  0.06904126
  3.634088    3.26312934  3.0786361   2.58587373  3.53482923  0.01106173
  2.57650589  2.63710515  0.47761147  1.32377631  1.90668997  3.01691616
  2.45062496  3.42374193  2.86265605  1.78865802 -0.2303881  -0.29983905
  1.8477467   2.97604735  3.40284963  1.9301857   1.85656122  0.01897028
  3.74420489  2.34557091  2.95686923  3.19815609  0.01780416 -0.56399326
 -0.16385029  3.62007636 -0.31472389  1.46707069  1.87817085  1.65567146
  0.04318868  1.84571788  1.99621438  1.07928359  3.59422122  3.61023314
  2.50243827  0.22825741  1.23039725  2.67501593]
Device (GPU) time: 1.0592 seconds
Iters. done: 119 [Current cost: -19.62433607938569]
Current parameters: [ 3.10144011  1.98732253  3.05087564  2.63404703  3.39703279  2.6853955
 -0.13202011  2.62243591  1.64608383  3.67419862  0.16463485  2.01739389
  0.03921414  0.13970892  2.4695575   1.18999786  3.28213103  0.05673338
  3.6361013   3.27798116  3.06794377  2.57380583  3.54405147  0.00770221
  2.57806028  2.6363835   0.4718753   1.31713834  1.90129441  3.02289127
  2.44371899  3.42466892  2.86237505  1.78403442 -0.24265779 -0.30401623
  1.84260426  2.98269097  3.38902019  1.91837931  1.85707728  0.01401986
  3.74161396  2.34369536  2.9629108   3.19265902  0.01068697 -0.59362607
 -0.17541273  3.62055505  0.43551401  1.46700117  1.85657159  1.65759715
  0.04314032  1.83505894  1.99640884  1.08032051  3.59472169  3.6104238
  2.50473541  0.22603112  1.22853311  3.50572531]
Device (GPU) time: 1.1952 seconds
Iters. done: 120 [Current cost: -19.893856394345512]
Current parameters: [ 3.10144011  1.98732253  3.05087564  2.63404703  3.39703279  2.6853955
 -0.13202011  2.62243591  1.64608383  3.67419862  0.16463485  2.01739389
  0.03921414  0.13970892  2.4695575   1.18999786  3.28213103  0.05673338
  3.6361013   3.27798116  3.06794377  2.57380583  3.54405147  0.00770221
  2.57806028  2.6363835   0.4718753   1.31713834  1.90129441  3.02289127
  2.44371899  3.42466892  2.86237505  1.78403442 -0.24265779 -0.30401623
  1.84260426  2.98269097  3.38902019  1.91837931  1.85707728  0.01401986
  3.74161396  2.34369536  2.9629108   3.19265902  0.01068697 -0.59362607
 -0.17541273  4.09657634  0.43551401  1.46700117  1.85657159  1.65759715
  0.04314032  1.83505894  1.99640884  1.08032051  3.59472169  3.71859897
  2.39656024  0.22603112  1.22853311  3.50572531]
Device (GPU) time: 1.1920 seconds
Iters. done: 121 [Current cost: -19.68471440734493]
Current parameters: [ 3.11105561  1.98691268  3.06702925  2.63902609  3.40398185  2.69267179
 -0.13830477  2.62655815  1.65150645  3.67712876  0.16281126  2.01008356
  0.03800972  0.13582751  2.47084545  1.19069337  3.29335438  0.04950128
  3.63728431  3.28670807  3.06166098  2.56671475  3.54947043  0.00572817
  2.57897364  2.63595946  0.46850473  1.31323788  1.89812398  3.02640223
  2.43966106  3.42521362  2.86220994  1.7813176  -0.24986743 -0.30647073
  1.83958257  2.98659474  3.38089403  1.9114419   1.85738052  0.011111
  3.74009153  2.34259329  2.96646082  3.18942895  0.00650492 -0.61103827
 -0.1822068   3.30893035  0.44026863  1.46696032  1.8438799   1.65872868
  0.0431119   1.82879577  1.99652311  1.0809298   3.59501577  4.28233215
  1.83428889  0.22472295  1.22743774  3.50426241]
Device (GPU) time: 1.1505 seconds
Iters. done: 122 [Current cost: -19.884171021405095]
Current parameters: [ 3.10144011  1.98732253  3.05087564  2.63404703  3.39703279  2.6853955
 -0.13202011  2.62243591  1.64608383  3.67419862  0.16463485  2.01739389
  0.03921414  0.13970892  2.4695575   1.18999786  3.28213103  0.05673338
  3.6361013   3.27798116  3.06794377  2.57380583  3.54405147  0.00770221
  2.57806028  2.6363835   0.4718753   1.31713834  1.90129441  3.02289127
  2.44371899  3.42466892  2.86237505  1.78403442 -0.24265779 -0.30401623
  1.84260426  2.98269097  3.38902019  1.91837931  1.85707728  0.01401986
  3.74161396  2.34369536  2.9629108   3.19265902  0.01068697 -0.59362607
 -0.17541273  3.62055505  0.43551401  0.97037156  1.85657159  1.65759715
  0.04314032  1.83505894  2.03739071  1.03933865  3.59472169  3.6104238
  2.50473541  0.22603112  1.22853311  3.50572531]
Device (GPU) time: 1.2450 seconds
Iters. done: 123 [Current cost: -19.90115046960717]
Current parameters: [ 3.10512529  1.98716546  3.05706658  2.63595528  3.39969605  2.68818417
 -0.13442873  2.62401578  1.64816207  3.67532161  0.16393595  2.01459217
  0.03875254  0.13822135  2.47005111  1.19026442  3.28643243  0.05396165
  3.63655469  3.28132579  3.06553587  2.57108814  3.54612831  0.00694565
  2.57841033  2.63622099  0.47058352  1.31564347  1.90007933  3.02423686
  2.44216377  3.42487768  2.86231178  1.78299318 -0.24542091 -0.30495693
  1.84144619  2.98418711  3.3859058   1.91572052  1.8571935   0.01290502
  3.74103048  2.34327299  2.96427136  3.19142108  0.00908418 -0.60029937
 -0.17801659  3.61841099  0.43733624  1.08618585  1.85170745  1.65803081
  0.04312942  1.83265855  2.73977481  0.33723184  3.5948344   3.60987579
  2.50584367  0.22552976  1.2281133   3.50516465]
Device (GPU) time: 1.2017 seconds
Iters. done: 124 [Current cost: -19.919309567598805]
Current parameters: [ 3.10512529  1.98716546  3.05706658  2.63595528  3.39969605  2.68818417
 -0.13442873  2.62401578  1.64816207  3.67532161  0.16393595  2.01459217
  0.03875254  0.13822135  2.47005111  1.19026442  3.28643243  0.05396165
  3.63655469  3.28132579  3.06553587  2.57108814  3.54612831  0.00694565
  2.57841033  2.63622099  0.47058352  1.31564347  1.90007933  3.02423686
  2.44216377  3.42487768  2.86231178  1.78299318 -0.24542091 -0.30495693
  1.84144619  2.98418711  3.3859058   1.91572052  1.8571935   0.01290502
  3.74103048  2.34327299  2.96427136  3.19142108  0.00908418 -0.60029937
 -0.17801659  3.61841099  0.43733624  1.08618585  1.85170745  1.65803081
 -0.45610098  1.83265855  2.72016608  0.31762311  3.5948344   3.60987579
  2.50584367  0.22552976  1.2281133   3.50516465]
Device (GPU) time: 1.2014 seconds
Iters. done: 125 [Current cost: -19.818954750062726]
Current parameters: [ 3.11048408  1.98693704  3.06606911  2.63873015  3.40356881  2.6922393
 -0.13793122  2.62631313  1.65118414  3.6769546   0.16291965  2.01051807
  0.03808131  0.13605821  2.47076889  1.19065203  3.29268729  0.04993115
  3.637214    3.28618936  3.06203442  2.56713623  3.54914834  0.0058455
  2.57891935  2.63598467  0.46870507  1.31346971  1.89831243  3.02619355
  2.43990225  3.42518124  2.86221976  1.78147908 -0.24943891 -0.30632484
  1.83976218  2.98636271  3.38137703  1.91185425  1.85736249  0.01128389
  3.74018202  2.3426588   2.96624982  3.18962094  0.0067535  -0.61000332
 -0.18180297  3.61529321  0.43998603  1.08605647  1.84463427  1.65866142
  0.10024598  1.82916804  2.03399773 -0.36846207  3.59499829  3.60907891
  2.50745524  0.22480071  1.22750285  3.50434936]
Device (GPU) time: 1.0937 seconds
Iters. done: 126 [Current cost: -19.870320972632918]
Current parameters: [ 3.10512529  1.98716546  3.05706658  2.63595528  3.39969605  2.68818417
 -0.13442873  2.62401578  1.64816207  3.67532161  0.16393595  2.01459217
  0.03875254  0.13822135  2.47005111  1.19026442  3.28643243  0.05396165
  3.63655469  3.28132579  3.06553587  2.57108814  3.54612831  0.00694565
  2.57841033  2.63622099  0.47058352  1.31564347  1.90007933  3.02423686
  2.44216377  3.42487768  2.86231178  1.78299318 -0.24542091 -0.30495693
  1.84144619  2.98418711  3.3859058   1.91572052  1.8571935   0.01290502
  3.74103048  2.34327299  2.96427136  3.19142108  0.00908418 -0.60029937
 -0.17801659  3.61841099  0.43733624  1.08618585  1.85170745  1.65803081
  0.04312942  1.83265855  2.73977481  0.33723184  3.11391824  3.70662198
  2.60258985  0.22552976  1.2281133   3.50516465]
Device (GPU) time: 1.2091 seconds
Iters. done: 127 [Current cost: -19.897687179047]
Current parameters: [ 3.11635819  1.98668667  3.07593736  2.64177185  3.40781399  2.69668438
 -0.14177052  2.6288314   1.65449681  3.67874462  0.16180562  2.00605219
  0.03734552  0.13368705  2.4715557   1.19107692  3.29954363  0.04551306
  3.6379367   3.29152062  3.05819626  2.56280429  3.55245879  0.00463956
  2.57947732  2.63572562  0.466646    1.31108692  1.89637562  3.02833839
  2.43742326  3.425514    2.86211889  1.77981937 -0.25384328 -0.30782429
  1.83791623  2.98874753  3.37641276  1.90761618  1.85754774  0.00950687
  3.73925196  2.34198554  2.96841853  3.18764769  0.00419868 -0.62064043
 -0.18595347  3.61187562  0.44289063  1.08591464  1.83688092  1.65935267
  0.04654782  1.82534187  2.74091822  0.33854959  3.32229253  2.92800755
  1.82902394  0.22400155  1.22683369  3.50345568]
Device (GPU) time: 1.1676 seconds
Iters. done: 128 [Current cost: -19.969380599763387]
Current parameters: [ 3.11635819  1.98668667  3.07593736  2.64177185  3.40781399  2.69668438
 -0.14177052  2.6288314   1.65449681  3.67874462  0.16180562  2.00605219
  0.03734552  0.13368705  2.4715557   1.19107692  3.29954363  0.04551306
  3.6379367   3.29152062  3.05819626  2.56280429  3.55245879  0.00463956
  2.57947732  2.63572562  0.466646    1.31108692  1.89637562  3.02833839
  2.43742326  3.425514    2.86211889  1.77981937 -0.25384328 -0.30782429
  1.83791623  2.98874753  3.37641276  1.90761618  1.85754774  0.00950687
  3.73925196  2.34198554  2.96841853  3.18764769  0.00419868 -0.62064043
 -0.18595347  3.61187562  0.44289063  1.08591464  1.83688092  1.65935267
  0.04654782  1.82534187  2.74091822  0.33854959  3.32229253  2.92800755
  1.82902394  0.54499759  0.84347805  3.50345568]
Device (GPU) time: 1.0596 seconds
Iters. done: 129 [Current cost: -19.888794550511022]
Current parameters: [ 3.13420116e+00  1.98592613e+00  3.10591278e+00  2.65101123e+00
  3.42070898e+00  2.71018660e+00 -1.53432647e-01  2.63648081e+00
  1.66455928e+00  3.68418191e+00  1.58421680e-01  1.99248678e+00
  3.51105394e-02  1.26484512e-01  2.47394568e+00  1.19236754e+00
  3.32037022e+00  3.20928423e-02  3.64013195e+00  3.30771469e+00
  3.04653761e+00  2.54964575e+00  3.56251448e+00  9.76423576e-04
  2.58117218e+00  2.63493875e+00  4.60391416e-01  1.30384904e+00
  1.89049242e+00  3.03485350e+00  2.42989317e+00  3.42652477e+00
  2.86181250e+00  1.77477791e+00 -2.67221846e-01 -3.12378979e-01
  1.83230904e+00  2.99599157e+00  3.36133347e+00  1.89474279e+00
  1.85811045e+00  4.10905460e-03  3.73642687e+00  2.33994049e+00
  2.97500611e+00  3.18165383e+00 -3.56172585e-03 -6.52951320e-01
 -1.98560866e-01  3.60149446e+00  4.51713535e-01  1.08548384e+00
  1.81332962e+00  1.66145239e+00  5.19777848e-02  1.81371963e+00
  2.74273446e+00  3.40642766e-01  3.32369812e+00  2.92438747e+00
  1.83342322e+00  9.85213635e-01  1.87006000e+00  3.50074105e+00]
Device (GPU) time: 1.2041 seconds
Iters. done: 130 [Current cost: -19.911908769389427]
Current parameters: [ 3.24091039  1.96988935  3.17999561  2.62361703  3.39273072  2.65179045
 -0.22974098  2.89692541  1.65237955  3.67915256  0.15919858  1.96404112
  0.02588179  0.05563801  2.4714206   1.22670727  3.34871225  0.03105957
  3.65233383  3.3559583   3.00694749  2.59433841  3.59821388 -0.0372555
  2.57324982  2.65133398  0.45065295  1.27537901  1.88333526  3.01053121
  2.39378251  3.46935365  2.82033746  1.75287411 -0.29144812 -0.32562495
  1.79296156  2.9263672   3.3008172   1.76077128  1.84605982 -0.00451539
  3.7432737   2.34265657  2.93173695  3.18818989 -0.01116787 -0.85307482
 -0.24461772  3.61627615  0.43651137  1.08527557  1.78282542  1.64242019
  0.0461032   1.72815924  2.74270586  0.34808173  3.32689325  2.92976022
  1.85014101  0.20353577  1.20969703  3.47976304]
Device (GPU) time: 1.1628 seconds
Iters. done: 131 [Current cost: -19.615472128248545]
Current parameters: [ 3.21272298  2.15762968  2.24869071  2.74494741  3.54140313  2.86610121
 -0.15945104  2.4910093   1.68481354  3.72820423  0.13341254  1.92426478
  0.02848084  0.14684183  2.49361492  1.16675017  3.44066934 -0.06291369
  3.64345952  3.37465632  3.00327489  2.4101001   3.59825314  0.01356312
  2.60134445  2.61266549  0.4255088   1.28094109  1.85564799  3.10617272
  2.41264894  3.39028781  2.9017169   1.76092606 -0.33838925 -0.33153447
  1.83211346  3.11850992  3.31482766  1.93858317  1.87436944 -0.02577201
  3.70925669  2.32254617  3.06607525  3.13211855 -0.05138664 -0.68109044
 -0.24205048  3.51218776  0.53029385  1.08261175  1.6757229   1.69579895
  0.09680557  1.81737757  2.75576328  0.34807412  3.33051554  2.89302334
  1.84794242  0.18129004  1.24462711  3.50260385]
Device (GPU) time: 1.0907 seconds
Iters. done: 132 [Current cost: -19.373913301952527]
Current parameters: [ 3.33067766  1.99285647  3.03771584  2.69255748  3.21908677  2.70992556
 -0.11582419  2.72021415  1.28092161  3.67860896  0.16267258  2.02002278
  0.04115774  0.15964191  2.47160063  1.1792282   3.28319283  0.0503195
  3.63314899  3.27009216  3.07523881  2.55231776  3.53724314  0.01857157
  2.58154824  2.63053513  0.47196441  1.32296143  1.90071213  3.03426009
  2.4519358   3.41093532  2.87601312  1.7887799  -0.24133796 -0.30190476
  1.8528657   3.00949183  3.40155172  1.95644879  1.861368    0.01416991
  3.73791456  2.3417624   2.98061682  3.18746739  0.00930876 -0.54334542
 -0.16644494  3.61041224  0.44501202  1.08612716  1.85485683  1.66498349
  0.04669567  1.85765951  2.74032374  0.33537972  3.32076259  2.9274247
  1.82200156  0.23080736  1.23253241  3.51133456]
Device (GPU) time: 1.2033 seconds
Iters. done: 133 [Current cost: -19.968150160575455]
Current parameters: [ 2.93961697  1.96610736  3.31985109  2.84335348  2.77296847  2.75006401
 -0.21284422  2.04481016  1.64341885  3.70382732  0.14604829  1.94091437
  0.02633007  0.0956218   2.48256124  1.19924923  3.39859075 -0.01723509
  3.6489522   3.37017257  3.00126877  2.50413333  3.60165622 -0.01485738
  2.58689912  2.63307394  0.43682385  1.27550242  1.86844933  3.05725082
  2.39999682  3.43290919  2.85809827  1.75490394 -0.31784496 -0.32992552
  1.80926929  3.01823619  3.30220149  1.83912206  1.85942365 -0.01624392
  3.72648391  2.33260302  2.99648652  3.16005942 -0.03252381 -0.7840542
 -0.24771616  3.56430985  0.48315183  1.08388942  1.72497209  1.66797183
  0.07154352  1.76571425  2.74939982  0.34879094  3.32905729  2.9114342
  1.85061602  0.1908283   1.22596452  3.48946631]
Device (GPU) time: 1.1765 seconds
Iters. done: 134 [Current cost: -19.941419352920324]
Current parameters: [ 3.10807679  1.99532312  3.02243508  2.64569943  3.41107707  2.40174753
 -0.53107227  2.59107789  1.63470949  3.67865636  0.16236962  2.01514077
  0.03982556  0.15057201  2.47158493  1.18336872  3.2889066   0.0486399
  3.63482205  3.27758032  3.06928331  2.55598227  3.54256023  0.01370304
  2.58082456  2.63234894  0.4701059   1.31881189  1.89919674  3.03219076
  2.44686441  3.41602982  2.87115779  1.78564865 -0.24570793 -0.30397334
  1.84764162  3.00224275  3.39276694  1.93938429  1.86003301  0.01254042
  3.73838191  2.34184038  2.97635414  3.1875304   0.00752305 -0.57035608
 -0.17326217  3.61092362  0.4442707   1.0860529   1.84857517  1.66301581
  0.046644    1.84636614  2.74053148  0.33648742  3.32129722  2.92762838
  1.82445552  0.22842908  1.230541    3.50858129]
Device (GPU) time: 1.2316 seconds
Iters. done: 135 [Current cost: -19.73026955505591]
Current parameters: [ 3.16872518  1.98964956  3.18478087  2.70080225  3.49232447  1.98361003
  0.48788928  2.5258551   1.64495615  3.70579904  0.14682075  1.97082878
  0.03511829  0.15887207  2.48369507  1.16952303  3.36569033 -0.01067552
  3.63765441  3.32232222  3.03984581  2.47172701  3.5670639   0.01918058
  2.59291353  2.6194754   0.44774693  1.30275872  1.87702174  3.0751602
  2.43386937  3.39608791  2.89347093  1.77565079 -0.29159503 -0.31674164
  1.84507822  3.07433189  3.36000844  1.9584129   1.8694253  -0.00663019
  3.72186192  2.33116085  3.0304651   3.15704302 -0.02277515 -0.60032244
 -0.20324242  3.55614422  0.49233445  1.08424878  1.76086332  1.6832553
  0.07423657  1.84333859  2.7486552   0.3415836   3.3257472   2.90840135
  1.8345478   0.20526782  1.24054478  3.50844139]
Device (GPU) time: 1.1679 seconds
Iters. done: 136 [Current cost: -19.759872589116974]
Current parameters: [ 2.85894294  1.98668667  3.07593736  3.02937584  3.46749656  2.69668438
 -0.14177052  2.77732664  1.56568415  3.67874462  0.16180562  2.00605219
  0.03734552  0.13368705  2.4715557   1.19107692  3.29954363  0.04551306
  3.6379367   3.29152062  3.05819626  2.56280429  3.55245879  0.00463956
  2.57947732  2.63572562  0.466646    1.31108692  1.89637562  3.02833839
  2.43742326  3.425514    2.86211889  1.77981937 -0.25384328 -0.30782429
  1.83791623  2.98874753  3.37641276  1.90761618  1.85754774  0.00950687
  3.73925196  2.34198554  2.96841853  3.18764769  0.00419868 -0.62064043
 -0.18595347  3.61187562  0.44289063  1.08591464  1.83688092  1.65935267
  0.04654782  1.82534187  2.74091822  0.33854959  3.32229253  2.92800755
  1.82902394  0.22400155  1.22683369  3.50345568]
Device (GPU) time: 1.0796 seconds
Iters. done: 137 [Current cost: -19.928188309906588]
Current parameters: [ 2.48942043  1.99388182  3.18513478  2.06982782  3.41203624  2.79777901
 -0.09793421  2.75546028  1.26846354  3.71141395  0.14392629  1.96727286
  0.0356906   0.17119766  2.48624329  1.16179536  3.37505847 -0.02110545
  3.63629234  3.32292455  3.04065086  2.44984624  3.56597366  0.02601025
  2.59628409  2.61466791  0.44524634  1.30425087  1.8741589   3.0865533
  2.4370769   3.38597266  2.90380223  1.77721879 -0.29607795 -0.31699338
  1.85064329  3.09785707  3.3634237   1.98231569  1.87294637 -0.00873215
  3.71786502  2.32883877  3.04674708  3.15060044 -0.0270193  -0.57504005
 -0.20154444  3.5441033   0.50324095  1.08395862  1.7498754   1.68978127
  0.08006116  1.85589429  2.7501097   0.34135466  3.32605248  2.90414686
  1.83379044  0.20320661  1.24496017  3.51162738]
Device (GPU) time: 1.2311 seconds
Iters. done: 138 [Current cost: -19.402399699917122]
Current parameters: [ 3.11708967  2.46562283  3.1544822   2.64215063  3.40143653  2.69723791
 -0.14224862  2.63605108  1.66181542  3.6787466   0.16179294  2.00292583
  0.08198862  0.12787885  2.47155504  1.19125017  3.23580416  0.10942133
  3.70198526  3.29183396  3.05438246  2.56295763  3.55268128  0.00443584
  2.57944703  2.63580152  0.46656823  1.31091329  1.89631221  3.02825181
  2.43721106  3.42572717  2.86191573  1.77968835 -0.25402614 -0.30791085
  1.83769763  2.9884442   3.37604517  1.90690214  1.85749188  0.00943869
  3.73927152  2.34198881  2.96824016  3.18765033  0.00412396 -0.62177065
 -0.18623873  3.61189702  0.44285961  1.08591153  1.83661807  1.65927034
  0.04654565  1.82486931  2.74092691  0.33859594  3.32231491  2.92801607
  1.82912662  0.22390204  1.22675036  3.50334047]
Device (GPU) time: 1.1880 seconds
Iters. done: 139 [Current cost: -19.93161377779282]
Current parameters: [ 3.17382648  1.73554983  3.1341537   2.69268532  3.43801588  2.78411912
 -0.10980175  2.57160354  1.69900532  3.70553539  0.14704756  1.94839112
  0.40553428  0.11635016  2.48358757  1.1685132   2.83381196  0.51993309
  4.16676798  3.3198516   3.01224709  2.47149809  3.56537668  0.02046772
  2.59300075  2.61909589  0.44846404  1.30404711  1.87764288  3.07533203
  2.43538281  3.39487224  2.89459899  1.77660347 -0.28997061 -0.31605537
  1.84653729  3.07565807  3.36272469  1.96292596  1.86970539 -0.00600544
  3.72188604  2.33123803  3.03113671  3.15730721 -0.02200473 -0.5926241
 -0.20109245  3.55650951  0.49209434  1.08428585  1.7633992   1.68360907
  0.07399599  1.84646959  2.74852311  0.34123218  3.32555921  2.90852292
  1.83378034  0.20613515  1.24099959  3.50919919]
Device (GPU) time: 1.2773 seconds
Iters. done: 140 [Current cost: -19.64361248404246]
Current parameters: [ 3.11049905  1.9869364   3.06609426  2.6387379   3.29497883  2.69225062
 -0.137941    2.73492034  1.75979337  3.67872873  0.16190716  1.90239042
  0.03779202  0.56706462  2.47156096  1.18968915  3.29762857  0.04607601
  3.63737594  3.28901084  2.93174059  2.56157607  3.55067668  0.00627132
  2.57971987  2.63511769  0.46726891  1.31247771  1.89688352  3.02903197
  2.43912302  3.42380649  2.86374623  1.78086886 -0.25237861 -0.30713097
  1.83966717  2.99117718  3.37935713  1.91333564  1.85799518  0.01005302
  3.73909532  2.34195941  2.96984723  3.18762658  0.00479719 -0.61158735
 -0.18366856  3.61170422  0.44313909  1.08593953  1.83898632  1.66001217
  0.04656513  1.82912703  2.74084859  0.33817832  3.32211334  2.92793928
  1.82820145  0.22479867  1.22750114  3.50437848]
Device (GPU) time: 1.0818 seconds
Iters. done: 141 [Current cost: -19.823968285749725]
Current parameters: [ 3.19846226e+00  1.97622036e+00  3.21445281e+00  2.70419551e+00
  3.37881319e+00  2.80017197e+00 -1.30000775e-01  2.66466351e+00
  1.78986001e+00  3.70403270e+00  1.47431564e-01  2.57099005e+00
  3.83539977e-02  3.89866163e-01  2.48285341e+00  1.17647997e+00
  3.36185855e+00 -2.15877111e-03  3.64684412e+00  3.33018553e+00
  3.77031034e+00  2.48275257e+00  3.57313868e+00  1.17308617e-02
  2.59104381e+00  2.62298333e+00  4.46556267e-01  1.29781031e+00
  1.87631758e+00  3.06924576e+00  2.42737370e+00  3.40484424e+00
  2.88490206e+00  1.77177364e+00 -2.94846746e-01 -3.18886228e-01
  1.83765518e+00  3.05891661e+00  3.34944943e+00  1.93231267e+00
  1.86684903e+00 -7.70341089e-03  3.72365852e+00  2.33199634e+00
  3.02060796e+00  3.15919606e+00 -2.33231254e-02 -6.37572605e-01
 -2.11128271e-01  3.56059176e+00  4.88006629e-01  1.08426278e+00
  1.75765981e+00  1.67902557e+00  7.22957484e-02  1.82712155e+00
  2.74840798e+00  3.42849744e-01  3.32622373e+00  2.90999756e+00
  1.83743373e+00  2.03375613e-01  1.23697265e+00  3.50444731e+00]
Device (GPU) time: 1.8738 seconds
Iters. done: 142 [Current cost: -19.558739703183445]
Current parameters: [ 3.17394789e+00  1.98423197e+00  3.17268554e+00  2.67159273e+00
  3.67351436e+00  2.74026392e+00 -1.79411005e-01  2.42943983e+00
  1.46289357e+00  3.67890079e+00  1.60807566e-01  1.98996907e+00
 -1.51446142e-01  2.97118697e-01  2.47150398e+00  1.20471730e+00
  3.27542228e+00  8.29244215e-02  3.68639296e+00  3.31618933e+00
  3.03857667e+00  2.57487651e+00  3.56997523e+00 -1.13991465e-02
  2.57709324e+00  2.64170098e+00  4.60523370e-01  1.29741684e+00
  1.89138337e+00  3.02152126e+00  2.42071625e+00  3.44229715e+00
  2.84612369e+00  1.76950391e+00 -2.68239560e-01 -3.14638924e-01
  1.82070621e+00  2.96486644e+00  3.34747248e+00  1.85139948e+00
  1.85314982e+00  4.13872149e-03  3.74079161e+00  2.34224243e+00
  2.95437570e+00  3.18785527e+00 -1.68410182e-03 -7.09623392e-01
 -2.08411930e-01  3.61356028e+00  4.40448452e-01  1.08566998e+00
  1.81618683e+00  1.65287040e+00  4.63776027e-02  1.78813740e+00
  2.74160258e+00  3.42198782e-01  3.32405383e+00  2.92867853e+00
  1.83710820e+00  2.16166626e-01  1.22027325e+00  3.49438541e+00]
Device (GPU) time: 1.2694 seconds
Iters. done: 143 [Current cost: -19.869095331206985]
Current parameters: [ 3.07634650e+00  1.98609053e+00  3.00891247e+00  2.62763044e+00
  3.17853605e+00  2.68006981e+00 -9.40019654e-02  2.78306530e+00
  1.83253339e+00  3.68691698e+00  1.58220368e-01  2.00898104e+00
 -8.08286787e-01 -2.53279565e-02  2.47534842e+00  1.17035296e+00
  3.09998330e+00  2.34417923e-01  3.83265783e+00  3.27553629e+00
  3.06935230e+00  2.52228415e+00  3.53887064e+00  2.56797666e-02
  2.58607782e+00  2.62455005e+00  4.67146534e-01  1.32263691e+00
  1.89556886e+00  3.04980018e+00  2.45357974e+00  3.39912001e+00
  2.88829251e+00  1.78918678e+00 -2.50606828e-01 -3.03534521e-01
  1.85789293e+00  3.03976918e+00  3.40124263e+00  1.98131097e+00
  1.86574758e+00  1.00791450e-02  3.73230549e+00  2.33838594e+00
  3.00203107e+00  3.17800615e+00  1.96428331e-03 -5.22500533e-01
 -1.68089041e-01  3.59296904e+00  4.60642618e-01  1.08565413e+00
  1.83483321e+00  1.67340885e+00  5.52525909e-02  1.86930172e+00
  2.74259480e+00  3.35716104e-01  3.32153802e+00  2.92127538e+00
  1.82237789e+00  2.26321091e-01  1.23783126e+00  3.51435713e+00]
Device (GPU) time: 1.2572 seconds
Iters. done: 144 [Current cost: -19.804779938621547]
Current parameters: [ 3.11635819  1.98668667  3.07593736  2.64177185  3.40781399  2.69668438
 -0.14177052  2.6288314   1.65449681  3.70323062 -0.16774331  2.29500336
  0.03734552  0.13368705  2.4470697   1.16659092  3.29954363  0.04551306
  3.6379367   3.29152062  2.82132915  2.56280429  3.55245879  0.00463956
  2.57947732  2.63572562  0.466646    1.31108692  1.89637562  3.02833839
  2.43742326  3.425514    2.86211889  1.77981937 -0.25384328 -0.30782429
  1.83791623  2.98874753  3.37641276  1.90761618  1.85754774  0.00950687
  3.73925196  2.34198554  2.96841853  3.18764769  0.00419868 -0.62064043
 -0.18595347  3.61187562  0.44289063  1.08591464  1.83688092  1.65935267
  0.04654782  1.82534187  2.74091822  0.33854959  3.32229253  2.92800755
  1.82902394  0.22400155  1.22683369  3.50345568]
Device (GPU) time: 1.0676 seconds
Iters. done: 145 [Current cost: -19.817905743752767]
Current parameters: [ 3.12524094e+00  1.98427707e+00  3.09103031e+00  2.65217543e+00
  3.40937228e+00  2.71546294e+00 -1.28500920e-01  2.61193290e+00
  1.66457851e+00  3.63027793e+00  9.08842799e-01  2.50511322e+00
  4.09837423e-02  1.18773670e-01  2.53066079e+00  1.23905423e+00
  3.31330173e+00  3.25500776e-02  3.63858114e+00  3.29634458e+00
  2.63588395e+00  2.53631171e+00  3.55390909e+00  1.08990291e-02
  2.58347240e+00  2.63044908e+00  4.62389642e-01  1.31078951e+00
  1.89183305e+00  3.04204581e+00  2.43886041e+00  3.41510147e+00
  2.87294158e+00  1.78017007e+00 -2.62033976e-01 -3.09267934e-01
  1.84233846e+00  3.01544565e+00  3.37611662e+00  1.92950969e+00
  1.86140883e+00  5.89274697e-03  3.73430364e+00  2.33900629e+00
  2.98730360e+00  3.17929905e+00 -2.28700493e-03 -6.02318351e-01
 -1.87422416e-01  3.59648471e+00  4.56681445e-01  1.08549703e+00
  1.81919490e+00  1.66678216e+00  5.40984973e-02  1.83558514e+00
  2.74292280e+00  3.38849373e-01  3.32297822e+00  2.92258179e+00
  1.82936256e+00  2.20036437e-01  1.23150422e+00  3.50611554e+00]
Device (GPU) time: 1.1993 seconds
Iters. done: 146 [Current cost: -19.841223468347053]
Current parameters: [ 3.10702328  1.98708456  3.06025512  2.63693809  3.40106771  2.68962043
 -0.13566925  2.62482946  1.64923244  3.39430929  0.10048786  2.0131492
  0.0385148   0.13745521  2.7559662   1.47223239  3.34102199  0.0539111
  3.68778542  3.28752199  3.06429572  2.56084746  3.54961949  0.00723932
  2.57986376  2.63475706  0.46763843  1.31330275  1.89718483  3.02944341
  2.44013136  3.42279356  2.86471161  1.78149144 -0.25150974 -0.30671968
  1.84070586  2.9926185   3.38110379  1.91672854  1.85826062  0.01037701
  3.7390024   2.3419439   2.97069477  3.18761405  0.00515224 -0.60621688
 -0.1823131   3.61160255  0.44328649  1.0859543   1.84023529  1.66040341
  0.04657541  1.83137247  2.74080728  0.33795808  3.32200704  2.92789879
  1.82771354  0.22527154  1.22789709  3.50492591]
Device (GPU) time: 1.3071 seconds
Iters. done: 147 [Current cost: -19.881137151169387]
Current parameters: [ 3.17180998e+00  1.97844695e+00  3.16958670e+00  2.68727801e+00
  3.43382389e+00  2.77352947e+00 -1.22823729e-01  2.59269441e+00
  1.70044411e+00  3.63068095e+00  1.52284212e-01  1.93766475e+00
  4.41451830e-02  7.85291187e-02  2.55056970e+00  1.26026560e+00
  2.63840143e+00 -5.26957703e-02  2.94611353e+00  3.31822179e+00
  3.03806040e+00  2.49239106e+00  3.56570414e+00  1.44640135e-02
  2.58980447e+00  2.62354618e+00  4.51168218e-01  1.30316427e+00
  1.88065371e+00  3.06447568e+00  2.43295021e+00  3.40405827e+00
  2.88516839e+00  1.77550492e+00 -2.84978422e-01 -3.15521664e-01
  1.84181994e+00  3.05365481e+00  3.36060497e+00  1.94191743e+00
  1.86644685e+00 -3.72299618e-03  3.72573057e+00  2.33349849e+00
  3.01580322e+00  3.16360013e+00 -1.76052318e-02 -6.13599798e-01
 -2.01805884e-01  3.56821603e+00  4.81529390e-01  1.08457999e+00
  1.77501980e+00  1.67749928e+00  6.83059664e-02  1.83575796e+00
  2.74707155e+00  3.41302173e-01  3.32518630e+00  2.91265606e+00
  1.83418010e+00  2.08481806e-01  1.23695752e+00  3.50646551e+00]
Device (GPU) time: 1.0925 seconds
Iters. done: 148 [Current cost: -19.95743309480856]
Current parameters: [ 3.10800436  1.98704274  3.06190328  2.6374461   3.40177673  2.69036283
 -0.13631048  2.62525005  1.64978571  3.88343956  0.16338994  2.01240332
  0.03839191  0.13705918  2.27148125  1.59666878  3.29361911  0.05046004
  3.64207128  3.28824624  3.06365468  2.56120189  3.51484248  0.03908243
  2.57982314  2.63485885  0.46753413  1.31306987  1.89709978  3.02932727
  2.43984674  3.42307947  2.86443912  1.78131571 -0.25175499 -0.30683578
  1.84041268  2.99221167  3.38061077  1.91577085  1.85818569  0.01028556
  3.73902863  2.34194828  2.97045555  3.18761758  0.00505203 -0.60773276
 -0.18269569  3.61163125  0.44324488  1.08595013  1.83988276  1.66029298
  0.04657251  1.83073867  2.74081894  0.33802024  3.32203704  2.92791022
  1.82785126  0.22513807  1.22778533  3.50477139]
Device (GPU) time: 1.2078 seconds
Iters. done: 149 [Current cost: -19.99409977539015]
Current parameters: [ 3.16400884e+00  1.98210144e+00  3.15620256e+00  2.67374521e+00
  3.43613731e+00  2.74790546e+00 -1.48925593e-01  2.62321883e+00
  1.68774815e+00  3.86015071e+00  1.60656767e-01  1.95842398e+00
  3.73515821e-02  1.00206423e-01  2.30739158e+00  1.51929677e+00
  3.35786096e+00  8.51180767e-03  3.63493231e+00  3.31984784e+00
  3.03405781e+00  2.54038081e+00  2.79991024e+00  7.03242774e-01
  2.58299138e+00  2.63287485e+00  4.57414859e-01  1.30205371e+00
  1.88750056e+00  3.04125867e+00  2.42864773e+00  3.42305027e+00
  2.86559756e+00  1.77372618e+00 -2.73263136e-01 -3.13956490e-01
  1.83257613e+00  3.00719600e+00  3.35770839e+00  1.89953966e+00
  1.85961765e+00  1.56132246e-03  3.73400419e+00  2.33840154e+00
  2.98327321e+00  3.17727987e+00 -7.68415218e-03 -6.53963885e-01
 -2.02026924e-01  3.59358705e+00  4.58687073e-01  1.08523447e+00
  1.80153040e+00  1.66458991e+00  5.59357793e-02  1.81465706e+00
  2.74387269e+00  3.41238147e-01  3.32427053e+00  2.92160911e+00
  1.83457069e+00  2.14052040e-01  1.22855173e+00  3.50105526e+00]
Device (GPU) time: 1.2863 seconds
Iters. done: 150 [Current cost: -20.1410903769111]
Current parameters: [ 3.15616873e+00  1.98243562e+00  3.14303150e+00  2.66968547e+00
  3.43047131e+00  2.74197265e+00 -1.43801313e-01  2.61985772e+00
  1.68332675e+00  3.85946994e+00  1.62143654e-01  1.96438455e+00
  3.83336235e-02  1.03371184e-01  2.30806281e+00  1.51871664e+00
  3.34802490e+00  1.28994335e-02  3.63479192e+00  3.64440489e+00
  3.03918057e+00  2.69921058e+00  2.79862194e+00  7.04422387e-01
  2.63163165e+00  2.63206138e+00  4.58248378e-01  1.30391472e+00
  1.88818019e+00  3.04218674e+00  2.76950684e+00  3.42076545e+00
  2.86777511e+00  1.77513050e+00 -2.71303263e-01 -3.13028763e-01
  1.83491906e+00  3.01044711e+00  3.36164824e+00  1.90719286e+00
  1.86021637e+00  2.29212879e-03  3.73379459e+00  2.33836656e+00
  2.98518497e+00  3.17725161e+00 -6.88328480e-03 -6.41849970e-01
 -1.98969486e-01  3.59335770e+00  4.59019545e-01  1.08526778e+00
  1.80434764e+00  1.66547239e+00  5.59589517e-02  1.81972198e+00
  2.74377953e+00  3.40741355e-01  3.32403075e+00  2.92151776e+00
  1.83347012e+00  2.15118667e-01  1.22944485e+00  3.50229006e+00]
Device (GPU) time: 1.2026 seconds
Iters. done: 151 [Current cost: -19.925056925639602]
Current parameters: [ 3.23224606  1.97660493  3.27105511  2.71647521  3.4792575   2.81490557
 -0.16921851  2.62608724  1.73269359  3.87726112  0.15570804  1.89499364
  0.03485807  0.05822724  2.30397883  1.5202752   3.43825081 -0.04037014
  3.62873281  2.72793186  2.99656064  2.21394626  2.81939229  0.69507256
  2.68618818  2.63205692  0.44593995  1.28816401  1.87677814  3.05198767
  3.11798241  3.42636962  2.86357962  1.76397785 -0.29792859 -0.32253124
  1.82120175  3.01761335  3.3287281   1.87187608  1.86019098 -0.00834955
  3.72922049  2.33485911  2.99345838  3.16684677 -0.02176275 -0.71856267
 -0.22609539  3.5756402   0.47384631  1.08446053  1.75854114  1.66765023
  0.065389    1.79093877  2.74710342  0.34522681  3.32688502  2.91535849
  1.84299219  0.2012559   1.22801918  3.49548006]
Device (GPU) time: 1.1520 seconds
Iters. done: 152 [Current cost: -20.08262313180542]
Current parameters: [ 3.14056546e+00  1.98310069e+00  3.11681869e+00  2.66160584e+00
  3.41919493e+00  2.73016528e+00 -1.33603057e-01  2.61316849e+00
  1.67452736e+00  3.85811506e+00  1.65102832e-01  1.97624719e+00
  4.02880662e-02  1.09669640e-01  2.30939869e+00  1.51756209e+00
  3.32844934e+00  2.16316145e-02  3.63451252e+00  3.30950782e+00
  3.04937579e+00  2.53532067e+00  2.79032645e+00  7.12018046e-01
  2.58433057e+00  2.34449827e+00  7.52898891e-01  1.30521967e+00
  1.86379561e+00  3.04283751e+00  2.43803244e+00  3.41621825e+00
  2.87210883e+00  1.77792536e+00 -2.67402756e-01 -3.11182416e-01
  1.83958191e+00  3.01691742e+00  3.36948928e+00  1.63260282e+00
  1.86140794e+00  3.74656755e-03  3.73337744e+00  2.33829696e+00
  2.98898971e+00  3.17719537e+00 -5.28941170e-03 -6.17741056e-01
 -1.92884624e-01  3.59290126e+00  4.59681224e-01  1.08533407e+00
  1.80995447e+00  1.66722869e+00  5.60050690e-02  1.82980210e+00
  2.74359411e+00  3.39752648e-01  3.32355355e+00  2.92133597e+00
  1.83127978e+00  2.17241450e-01  1.23122232e+00  3.50474755e+00]
Device (GPU) time: 1.2579 seconds
Iters. done: 153 [Current cost: -19.97824945401376]
Current parameters: [ 3.2649668   1.97595931  3.32596172  2.73127794  3.50469746  2.83521941
 -0.19764003  2.64775182  1.74927555  3.87686492  0.14718916  1.87346075
  0.02900731  0.04919697  2.30047429  1.52387459  3.48081228 -0.0555867
  3.63146678  3.36316929  2.97312891  2.53545651  2.83777966  0.67543803
  2.57932223  2.24415749  0.84696358  1.28347213  1.94824756  3.04453764
  2.37888748  3.44070038  2.8495901   1.75740074 -0.30390621 -0.32625834
  1.80881351  2.99283957  3.31074799  2.64973831  1.85601799 -0.010372
  3.73200788  2.33611849  2.97771566  3.17005564 -0.02304779 -0.78093963
 -0.23959144  3.58236965  0.46723352  1.08446162  1.75212906  1.66085831
  0.06249778  1.76390595  2.74679186  0.34739719  3.32773304  2.91777901
  1.84792042  0.19782103  1.22219596  3.48882962]
Device (GPU) time: 1.2057 seconds
Iters. done: 154 [Current cost: -19.937259717716646]
Current parameters: [ 3.15034259e+00  1.98268395e+00  3.13324385e+00  2.66666860e+00
  3.42626080e+00  2.73756387e+00 -1.39993366e-01  2.61736001e+00
  1.68004113e+00  3.80361240e+00  1.63248587e-01  1.96881397e+00
  3.90633967e-02  1.05722977e-01  2.25278771e+00  1.51870781e+00
  3.34071555e+00  1.61599596e-02  3.63468759e+00  3.31382015e+00
  3.04298738e+00  2.53743102e+00  2.79432340e+00  7.08358292e-01
  2.58377206e+00  2.63145687e+00  4.58867782e-01  8.62710436e-01
  1.88868524e+00  2.82216246e+00  2.43411852e+00  3.41906756e+00
  2.86939328e+00  1.77617408e+00 -2.69846845e-01 -3.12339352e-01
  1.83666013e+00  3.01286307e+00  3.36457602e+00  1.91288010e+00
  1.86066129e+00  2.83520452e-03  3.73363883e+00  2.33834057e+00
  2.98660563e+00  3.17723061e+00 -6.28814541e-03 -6.32847896e-01
 -1.96697448e-01  3.59318727e+00  4.59266610e-01  1.08529253e+00
  1.80644118e+00  1.66612818e+00  5.59761715e-02  1.82348582e+00
  2.74371029e+00  3.40372180e-01  3.32385256e+00  2.92144988e+00
  1.83265226e+00  2.15911297e-01  1.23010854e+00  3.50320767e+00]
Device (GPU) time: 1.1094 seconds
Iters. done: 155 [Current cost: -20.12738784919297]
Current parameters: [ 3.17566411e+00  1.97918851e+00  3.17598551e+00  2.68668510e+00
  3.43877740e+00  2.77106851e+00 -1.33850632e-01  2.60358212e+00
  1.70035531e+00  3.17297897e+00  1.65908177e-01  1.93877799e+00
  4.15434755e-02  8.20256751e-02  1.60470582e+00  1.52168841e+00
  3.36761074e+00 -7.99467789e-03  3.62821239e+00  3.32340215e+00
  3.03306073e+00  2.50779514e+00  2.80020410e+00  7.12000016e-01
  2.58508215e+00  2.63956868e+00  4.39060617e-01  1.43611918e+00
  1.87967619e+00  3.12459916e+00  2.41170314e+00  3.41098017e+00
  2.87817050e+00  1.77394851e+00 -2.83279097e-01 -3.15802648e-01
  1.83751186e+00  3.03850601e+00  3.35680934e+00  1.89833012e+00
  1.86412787e+00 -2.83960329e-03  3.72814655e+00  2.33486214e+00
  3.00547437e+00  3.16735190e+00 -1.55109294e-02 -6.33848261e-01
 -2.04198729e-01  3.57530922e+00  4.75047058e-01  1.08473304e+00
  1.78009944e+00  1.67330587e+00  6.49151629e-02  1.82614001e+00
  2.74627036e+00  3.41663726e-01  3.32511952e+00  2.91516708e+00
  1.83512625e+00  2.09186959e-01  1.23398404e+00  3.50404819e+00]
Device (GPU) time: 1.1961 seconds
Iters. done: 156 [Current cost: -20.187069952403537]
Current parameters: [ 3.17566411e+00  1.97918851e+00  3.17598551e+00  2.68668510e+00
  3.43877740e+00  2.77106851e+00 -1.33850632e-01  2.60358212e+00
  1.70035531e+00  3.17297897e+00  1.65908177e-01  1.93877799e+00
  4.15434755e-02  8.20256751e-02  1.60470582e+00  1.52168841e+00
  3.36761074e+00 -7.99467789e-03  3.62821239e+00  3.18591371e+00
  3.03306073e+00  2.78874276e+00  2.80020410e+00  7.12000016e-01
  2.58508215e+00  2.63956868e+00  4.39060617e-01  1.43611918e+00
  1.87967619e+00  3.12459916e+00  2.41170314e+00  3.41098017e+00
  2.87817050e+00  1.77394851e+00 -2.83279097e-01 -3.15802648e-01
  1.83751186e+00  3.33937887e+00  3.10853352e+00  1.89833012e+00
  1.86412787e+00 -2.83960329e-03  3.72814655e+00  2.33486214e+00
  3.00547437e+00  3.16735190e+00 -1.55109294e-02 -6.33848261e-01
 -2.04198729e-01  3.57530922e+00  4.75047058e-01  1.08473304e+00
  1.78009944e+00  1.67330587e+00  6.49151629e-02  1.82614001e+00
  2.74627036e+00  3.41663726e-01  3.32511952e+00  2.91516708e+00
  1.83512625e+00  2.09186959e-01  1.23398404e+00  3.50404819e+00]
Device (GPU) time: 1.2750 seconds
Iters. done: 157 [Current cost: -20.00079638909588]
Current parameters: [ 3.21072306e+00  1.96614434e+00  3.23585156e+00  2.73784528e+00
  3.43646938e+00  2.86616332e+00 -4.82867141e-02  2.50085715e+00
  1.74897205e+00  3.19002478e+00  1.94929034e-01  1.86056891e+00
  6.41693906e-02  3.45465107e-03  1.57635563e+00  1.50638931e+00
  3.38830210e+00 -7.53402977e-02  3.59571925e+00  2.97844111e+00
  3.04179152e+00  3.06857187e+00  2.79316426e+00  7.61594379e-01
  2.59625661e+00  2.66942389e+00  3.53518022e-01  1.41291985e+00
  1.84406406e+00  3.19182513e+00  2.33897215e+00  3.34726161e+00
  2.94401010e+00  1.77871134e+00 -3.25994593e-01 -3.22183511e-01
  1.86727913e+00  2.62067813e+00  3.83825230e+00  1.91271234e+00
  1.88726556e+00 -2.19518433e-02  3.69959303e+00  2.31785065e+00
  3.11663943e+00  3.11981884e+00 -5.08151593e-02 -5.05772601e-01
 -2.06525039e-01  3.48733152e+00  5.54128597e-01  1.08242381e+00
  1.68507580e+00  1.71729584e+00  1.07900324e-01  1.89437667e+00
  2.75748642e+00  3.42389196e-01  3.32854618e+00  2.88413161e+00
  1.83488229e+00  1.88740723e-01  1.26230523e+00  3.52160863e+00]
Device (GPU) time: 1.1046 seconds
Iters. done: 158 [Current cost: -19.565577842524622]
Current parameters: [ 3.17566411e+00  1.97918851e+00  3.17598551e+00  2.68668510e+00
  3.43877740e+00  2.77106851e+00 -1.33850632e-01  2.60358212e+00
  1.70035531e+00  3.17297897e+00  1.65908177e-01  1.93877799e+00
  4.15434755e-02  8.20256751e-02  1.60470582e+00  1.52168841e+00
  3.36761074e+00 -7.99467789e-03  3.62821239e+00  3.32340215e+00
  3.03306073e+00  2.50779514e+00  2.80020410e+00  7.12000016e-01
  2.58508215e+00  2.32527870e+00  1.32330448e-01  1.54279532e+00
  1.87967619e+00  2.91068653e+00  2.41170314e+00  3.41098017e+00
  2.87817050e+00  1.77394851e+00 -2.83279097e-01 -3.15802648e-01
  1.83751186e+00  3.03850601e+00  3.35680934e+00  1.89833012e+00
  1.86412787e+00 -2.83960329e-03  3.72814655e+00  2.33486214e+00
  3.00547437e+00  3.16735190e+00 -1.55109294e-02 -6.33848261e-01
 -2.04198729e-01  3.57530922e+00  4.75047058e-01  1.08473304e+00
  1.78009944e+00  1.67330587e+00  6.49151629e-02  1.82614001e+00
  2.74627036e+00  3.41663726e-01  3.32511952e+00  2.91516708e+00
  1.83512625e+00  2.09186959e-01  1.23398404e+00  3.50404819e+00]
Device (GPU) time: 1.1929 seconds
Iters. done: 159 [Current cost: -20.147294466205043]
Current parameters: [ 3.19026377  1.9737565   3.20091564  2.70798983  3.43781627  2.81066901
 -0.09821909  2.56080417  1.72060087  3.18007739  0.17799339  1.90620924
  0.05096563  0.0493062   1.5928999   1.51531738  3.37622728 -0.03603954
  3.61468121  3.32789577  3.03669651  2.43859408  2.79727249  0.73265269
  2.58973555  3.00429715  0.74725978  1.82338327  1.86484617  2.35665917
  2.38141564  3.38444573  2.9055882   1.7759319  -0.30106719 -0.31845984
  1.8499079   3.07295092  3.38529448  1.90431934  1.87376314 -0.01079855
  3.71625596  2.32777801  3.05176703  3.14755762 -0.03021273 -0.58051348
 -0.20516748  3.5386725   0.50797913  1.0837714   1.74052857  1.69162469
  0.08281555  1.85455593  2.75094108  0.34196583  3.32654649  2.90224292
  1.83502466  0.2006725   1.24577789  3.51136091]
Device (GPU) time: 1.1685 seconds
Iters. done: 160 [Current cost: -20.15682150182377]
Current parameters: [ 3.17566411e+00  1.97918851e+00  3.17598551e+00  2.68668510e+00
  3.43877740e+00  2.77106851e+00 -1.33850632e-01  2.60358212e+00
  1.70035531e+00  3.17297897e+00  1.65908177e-01  1.93877799e+00
  4.15434755e-02  8.20256751e-02  1.60470582e+00  1.52168841e+00
  3.22954580e+00 -3.12189164e-01  3.79434193e+00  3.32340215e+00
  3.03306073e+00  2.50779514e+00  2.80020410e+00  7.12000016e-01
  2.58508215e+00  2.63956868e+00  4.39060617e-01  1.43611918e+00
  2.21124486e+00  3.12459916e+00  2.41170314e+00  3.41098017e+00
  2.87817050e+00  1.77394851e+00 -2.83279097e-01 -3.15802648e-01
  1.83751186e+00  3.03850601e+00  3.35680934e+00  1.86888563e+00
  1.86412787e+00 -2.83960329e-03  3.72814655e+00  2.33486214e+00
  3.00547437e+00  3.16735190e+00 -1.55109294e-02 -6.33848261e-01
 -2.04198729e-01  3.57530922e+00  4.75047058e-01  1.08473304e+00
  1.78009944e+00  1.67330587e+00  6.49151629e-02  1.82614001e+00
  2.74627036e+00  3.41663726e-01  3.32511952e+00  2.91516708e+00
  1.83512625e+00  2.09186959e-01  1.23398404e+00  3.50404819e+00]
Device (GPU) time: 1.1635 seconds
Iters. done: 161 [Current cost: -20.177083056608488]
Current parameters: [ 3.18480011  1.97578934  3.19158598  2.70001691  3.43817596  2.79584922
 -0.11155357  2.57681306  1.71302432  3.17742093  0.17347071  1.91839752
  0.04743955  0.06155089  1.59731806  1.51770163  3.62123839  0.52138628
  3.32105019  3.32621411  3.03533588  2.46449136  2.79836959  0.72492379
  2.5879941   2.65661319  0.42581082  1.43650449  2.61760646  3.12922212
  2.3927502   3.39437578  2.89532761  1.77518965 -0.29441031 -0.31746543
  1.8452689   3.06006052  3.37463442  1.835723    1.87015731 -0.00782005
  3.7207058   2.33042912  3.03444282  3.15496528 -0.02471084 -0.60047308
 -0.20480494  3.55238315  0.49565488  1.08413128  1.75533727  1.6847692
  0.07611665  1.84392177  2.74919315  0.34185278  3.32601247  2.90707956
  1.83506268  0.20385888  1.24136425  3.50862425]
Device (GPU) time: 1.2468 seconds
Iters. done: 162 [Current cost: -20.048775379438876]
Current parameters: [ 3.17566411e+00  1.97918851e+00  3.17598551e+00  2.68668510e+00
  3.43877740e+00  2.77106851e+00 -1.33850632e-01  2.60358212e+00
  1.70035531e+00  3.17297897e+00  1.65908177e-01  1.93877799e+00
  4.15434755e-02  8.20256751e-02  1.60470582e+00  1.52168841e+00
  3.36761074e+00 -7.99467789e-03  3.62821239e+00  3.32340215e+00
  3.03306073e+00  2.50779514e+00  2.61216637e+00  5.06637246e-01
  2.99620994e+00  2.63956868e+00  4.39060617e-01  1.43611918e+00
  1.87967619e+00  3.12459916e+00  2.35303560e+00  3.41098017e+00
  2.87817050e+00  1.77394851e+00 -2.83279097e-01 -3.15802648e-01
  1.83751186e+00  3.03850601e+00  3.35680934e+00  1.89833012e+00
  1.86412787e+00 -2.83960329e-03  3.72814655e+00  2.33486214e+00
  3.00547437e+00  3.16735190e+00 -1.55109294e-02 -6.33848261e-01
 -2.04198729e-01  3.57530922e+00  4.75047058e-01  1.08473304e+00
  1.78009944e+00  1.67330587e+00  6.49151629e-02  1.82614001e+00
  2.74627036e+00  3.41663726e-01  3.32511952e+00  2.91516708e+00
  1.83512625e+00  2.09186959e-01  1.23398404e+00  3.50404819e+00]
Device (GPU) time: 1.0772 seconds
Iters. done: 163 [Current cost: -20.202333979775364]
Current parameters: [ 3.18278939  1.97653745  3.18815251  2.69708275  3.43830833  2.7903953
 -0.11646087  2.58270459  1.71023604  3.17644331  0.17180629  1.922883
  0.0461419   0.06605713  1.59894401  1.51857907  3.37299529 -0.0190835
  3.62018956  3.32559524  3.03483515  2.47402197  2.04716984 -0.09877379
  2.44615664  2.65286191  0.42872693  1.43641969  1.87468332  3.12820467
  2.41707012  3.39803019  2.89155155  1.77491649 -0.29196047 -0.31709948
  1.84356168  3.05531665  3.37071135  1.90105377  1.86883031 -0.00672392
  3.72234342  2.33140477  3.02806723  3.15769142 -0.02268606 -0.60781853
 -0.20467152  3.55742888  0.49111936  1.08426372  1.76078711  1.68224626
  0.07365134  1.84000823  2.74854988  0.34181117  3.32581594  2.90885952
  1.83507667  0.20503153  1.23973996  3.50761712]
Device (GPU) time: 1.1914 seconds
Iters. done: 164 [Current cost: -20.108083591470503]
Current parameters: [ 3.14875310e+00  1.98033557e+00  3.13077618e+00  2.67275015e+00
  3.41932899e+00  2.75070428e+00 -1.16261663e-01  2.59204517e+00
  1.68517897e+00  3.16477837e+00  1.71011883e-01  1.95923752e+00
  4.49143099e-02  9.28886434e-02  1.60110122e+00  1.51974188e+00
  3.33619981e+00  1.22458740e-02  3.62490147e+00  3.29897805e+00
  3.05064446e+00  2.52764103e+00  2.59700023e+00  5.12162031e-01
  2.99365372e+00  2.64075544e+00  4.48493860e-01  1.44703544e+00
  1.88854930e+00  3.11477298e+00  2.36439259e+00  3.17501642e+00
  2.88564487e+00  1.77876881e+00 -2.76551879e-01 -3.12618247e-01
  1.62309087e+00  2.78580723e+00  3.08655943e+00  1.91774594e+00
  1.86618297e+00 -3.31127540e-04  3.72742709e+00  2.33474210e+00
  3.01203642e+00  3.16725491e+00 -1.27619707e-02 -5.92267530e-01
 -1.93704144e-01  3.57452199e+00  4.76188258e-01  1.08484737e+00
  1.78976955e+00  1.67633496e+00  6.49947017e-02  1.84352524e+00
  2.74595056e+00  3.39958498e-01  3.32429648e+00  2.91485354e+00
  1.83134857e+00  2.12848131e-01  1.23704965e+00  3.50828662e+00]
Device (GPU) time: 1.1448 seconds
Iters. done: 165 [Current cost: -20.464759330112656]
Current parameters: [ 3.10799015e+00  1.98007317e+00  3.06246391e+00  2.65735749e+00
  3.38508312e+00  2.73173006e+00 -7.08359122e-02  2.55418035e+00
  1.66718552e+00  3.15345830e+00  1.84918909e-01  1.98130138e+00
  5.46983122e-02  9.81888652e-02  1.58991924e+00  1.51370525e+00
  3.28612257e+00  3.80233477e-02  3.61230428e+00  3.25834102e+00
  3.08275733e+00  2.53340533e+00  2.56725999e+00  5.28040642e-01
  2.99041079e+00  2.65414619e+00  4.56106640e-01  1.46628914e+00
  1.89973748e+00  3.10074418e+00  2.37166783e+00  3.69460160e+00
  2.91005282e+00  1.78798231e+00 -2.72240698e-01 -3.08181265e-01
  2.17300786e+00  2.36035558e+00  2.62808535e+00  1.95385591e+00
  1.87376581e+00  7.25080232e-04  3.72123093e+00  2.33158762e+00
  3.04270481e+00  3.15885569e+00 -1.40909161e-02 -4.97727748e-01
 -1.75843137e-01  3.55791852e+00  4.91867386e-01  1.08464648e+00
  1.79014504e+00  1.68922344e+00  7.25760691e-02  1.88559617e+00
  2.74733610e+00  3.37116493e-01  3.32345748e+00  2.90893404e+00
  1.82473200e+00  2.15679403e-01  1.24728863e+00  3.51870341e+00]
Device (GPU) time: 1.1640 seconds
Iters. done: 166 [Current cost: -20.09434580995132]
Current parameters: [ 3.11986986e+00  1.98156668e+00  3.08225362e+00  2.65779395e+00
  3.39845527e+00  2.72884763e+00 -9.73836564e-02  2.57966273e+00
  1.66889041e+00  3.15597677e+00  1.76489622e-01  1.98119645e+00
  4.85321815e-02  1.04547722e-01  1.59723246e+00  1.51765269e+00
  3.30248688e+00  3.39697882e-02  3.62134792e+00  3.27276398e+00
  3.06951685e+00  2.54894136e+00  2.58072262e+00  5.18091708e-01
  2.99091016e+00  2.64202918e+00  4.58618433e-01  1.45875173e+00
  1.89807269e+00  3.10422667e+00  2.37658190e+00  3.49265229e+00
  2.74864644e+00  1.78394238e+00 -3.99855575e-01 -3.09200473e-01
  1.30477507e+00  2.77408097e+00  3.11096896e+00  1.93858468e+00
  1.86838868e+00  2.36118598e-03  3.72665491e+00  2.33461326e+00
  3.01907938e+00  3.16715081e+00 -9.81155012e-03 -5.47639487e-01
 -1.82440447e-01  3.57367708e+00  4.77413093e-01  1.08497007e+00
  1.80014836e+00  1.67958604e+00  6.50800695e-02  1.86218457e+00
  2.74560733e+00  3.38128301e-01  3.32341313e+00  2.91451702e+00
  1.82729403e+00  2.16777619e-01  1.24033994e+00  3.51283567e+00]
Device (GPU) time: 1.0834 seconds
Iters. done: 167 [Current cost: -20.24014939152593]
Current parameters: [ 3.17269402  1.97745519  3.17115185  2.69046225  3.43217916  2.77986225
 -0.11444065  2.58334623  1.70332544  3.17309844  0.17221552  1.93273394
  0.04626622  0.07285092  1.59898643  1.51860153  3.36182069 -0.01030069
  3.62079551  3.31732025  3.04009627  2.48738891  2.6041985   0.51423149
  2.99651286  2.65048148  0.43389289  1.43985222  1.87856091  3.12431004
  2.34505623  3.42313222  3.57600468  1.77625875  0.32837643 -0.31581067
  1.3325414   2.79125063  3.06356689  1.90670434  1.86851179 -0.00511422
  3.72331811  2.33208428  3.02547665  3.1596664  -0.02031602 -0.59991127
 -0.20121341  3.56088976  0.48814726  1.08439778  1.76789334  1.68135955
  0.07186271  1.84269448  2.74797414  0.34123461  3.32540782  2.91006892
  1.83387751  0.20706657  1.2395262   3.50823299]
Device (GPU) time: 1.7678 seconds
Iters. done: 168 [Current cost: -20.202260740876326]
Current parameters: [ 3.16820090e+00  1.97950663e+00  3.16344765e+00  2.68282054e+00
  3.43338379e+00  2.76542092e+00 -1.28972699e-01  2.60038259e+00
  1.69614647e+00  3.17070471e+00  1.67323583e-01  1.94445201e+00
  4.24783060e-02  8.50382921e-02  1.60370616e+00  1.52114858e+00
  3.35889958e+00 -2.38138422e-03  3.62729417e+00  3.31662864e+00
  3.03793721e+00  2.51329898e+00  2.60796036e+00  5.08169430e-01
  2.99550103e+00  2.63989780e+00  4.41676730e-01  1.43914657e+00
  1.88213696e+00  3.12187407e+00  2.35618523e+00  3.17611810e+00
  2.87820970e+00  1.38574310e+00 -2.83243813e-01 -5.72259995e-01
  1.61697937e+00  2.79370281e+00  3.07012388e+00  1.90371469e+00
  1.86430587e+00 -2.62233414e-03  3.72482433e+00  2.33482885e+00
  3.00729421e+00  3.16732501e+00 -1.47485632e-02 -4.41841915e-01
 -2.01288276e-01  3.57509090e+00  4.75363546e-01  1.08476475e+00
  1.78278124e+00  1.67414592e+00  6.49372213e-02  1.83096144e+00
  2.74618167e+00  3.41190816e-01  3.32489126e+00  2.91508012e+00
  1.83407859e+00  2.10202309e-01  1.23483422e+00  3.50522363e+00]
Device (GPU) time: 1.1587 seconds
Iters. done: 169 [Current cost: -20.40620228603577]
Current parameters: [ 3.31392553e+00  1.96894820e+00  3.40862318e+00  2.77070178e+00
  3.52829314e+00  2.90150046e+00 -1.83389314e-01  2.61853565e+00
  1.78918390e+00  3.21750603e+00  1.53111994e-01  1.81425852e+00
  3.43937269e-02  1.96895728e-03  1.61078747e+00  1.52497650e+00
  3.52356137e+00 -1.22595941e-01  3.62874199e+00  3.44097196e+00
  2.95462826e+00  2.35301880e+00  2.67537517e+00  4.94576850e-01
  3.01071049e+00  2.65867111e+00  3.76083628e-01  1.38594351e+00
  1.82919304e+00  3.17694233e+00  2.27310719e+00  3.11901081e+00
  2.83976912e+00  2.05480884e+00 -3.56222159e-01 -1.33845753e-01
  1.56811531e+00  2.84287049e+00  2.94052010e+00  1.81314111e+00
  1.86138103e+00 -2.40154445e-02  3.70557001e+00  2.32901731e+00
  3.01681776e+00  3.14991239e+00 -4.15740783e-02  9.80480250e-02
 -2.53846761e-01  3.54585507e+00  4.99507824e-01  1.08333259e+00
  1.69939402e+00  1.67578525e+00  8.07240873e-02  1.77102665e+00
  2.75197803e+00  3.49861637e-01  3.33023419e+00  2.90494322e+00
  1.85259080e+00  1.84476584e-01  1.23039632e+00  3.49095985e+00]
Device (GPU) time: 1.1644 seconds
Iters. done: 170 [Current cost: -20.185491895054817]
Current parameters: [ 3.14235141  1.98060843  3.12002163  2.66943525  3.41470254  2.74585997
 -0.11207754  2.58930073  1.68156877  3.16282758  0.17222597  1.9641045
  0.04571618  0.09547276  1.60024375  1.51927883  3.32872767  0.01706077
  3.62411386  3.29316796  3.05482734  2.53236204  2.59339246  0.51347629
  2.99304564  2.64103776  0.45073787  1.44963224  1.89066007  3.11243549
  2.36709423  3.17465378  2.82077028  1.78077958 -0.1995499  -0.31128989
  1.62510261  2.78320822  3.09196956  1.92236464  1.55624918 -0.37863935
  3.72725595  2.33471354  3.01359742  3.16723184 -0.01210804 -0.58237617
 -0.19120766  3.57433473  0.47645973  1.08487456  1.79206991  1.67705553
  0.06501362  1.84766089  2.74587449  0.33955285  3.3241007   2.91477895
  1.83044992  0.21371906  1.23777891  3.50929487]
Device (GPU) time: 1.0529 seconds
Iters. done: 171 [Current cost: -20.42979939106055]
Current parameters: [ 3.14637988e+00  1.97602303e+00  3.12715940e+00  2.68413433e+00
  3.40704956e+00  2.77511003e+00 -7.32562077e-02  2.54602843e+00
  1.69486370e+00  3.16648648e+00  1.85092968e-01  1.94134039e+00
  5.55360862e-02  6.92292914e-02  1.58815496e+00  1.51275469e+00
  3.32791641e+00  3.25737463e-03  3.60787598e+00  3.28878831e+00
  3.06428555e+00  2.47576821e+00  2.58072668e+00  5.29223854e-01
  2.99481663e+00  2.66644600e+00  4.34591788e-01  1.45399780e+00
  1.88436122e+00  3.11579389e+00  2.34348414e+00  3.10851801e+00
  2.23857989e+00  1.78300971e+00  4.40503712e-01 -3.13457407e-01
  1.62071978e+00  2.77469575e+00  3.08201586e+00  1.93424552e+00
  2.00502125e+00  1.51040071e-01  3.71757273e+00  2.32817092e+00
  3.05836304e+00  3.14903360e+00 -2.46422768e-02 -6.04424018e-01
 -1.88442942e-01  3.54044053e+00  5.07077555e-01  1.08403191e+00
  1.75912388e+00  1.69492060e+00  8.14678239e-02  1.87978979e+00
  2.75004930e+00  3.39236410e-01  3.32512363e+00  2.90280978e+00
  1.82904149e+00  2.07180303e-01  1.24966898e+00  3.51748109e+00]
Device (GPU) time: 1.2615 seconds
Iters. done: 172 [Current cost: -19.89965744128057]
Current parameters: [ 3.1487531   1.98033557  3.13077618  2.67275015  3.41932899  2.75070428
 -0.11626166  2.59204517  1.68517897  3.16477837  0.17101188  1.95923752
  0.04491431  0.09288864  1.60110122  1.51974188  3.33619981  0.01224587
  3.62490147  3.29897805  3.05064446  2.52764103  2.59700023  0.51216203
  2.99365372  2.64075544  0.44849386  1.44703544  1.8885493   3.11477298
  2.36439259  3.17501642  2.88564487  1.77876881 -0.27655188 -0.31261825
  1.62309087  2.78580723  3.08655943  1.91774594  2.22826292 -0.2969697
  3.72742709  2.3347421   2.84756784  3.16725491 -0.01276197 -0.59226753
 -0.19370414  3.57452199  0.47618826  1.08484737  1.78976955  1.67633496
  0.0649947   1.90560389  2.74595056  0.3399585   3.32429648  2.91485354
  1.83134857  0.21284813  1.23704965  3.50828662]
Device (GPU) time: 1.2001 seconds
Iters. done: 173 [Current cost: -20.368216050723834]
Current parameters: [ 3.1432004   1.97574911  3.12185235  2.68365802  3.40377175  2.77513469
 -0.06733252  2.54049091  1.69409322  3.16574314  0.18696047  1.94193
  0.05689212  0.06822905  1.58655759  1.51189245  3.32369381  0.00464933
  3.60593248  3.28515719  3.06748463  2.47313852  2.57754926  0.53141417
  2.99464341  2.66895974  0.43433948  1.45584411  1.88494846  3.11480804
  2.34279342  3.10218152  2.91682243  1.78433265 -0.31096658 -0.31292119
  1.62142979  2.77246352  3.08409532  1.93791123  1.58465862  0.22776083
  3.71657946  2.32754813  2.17596356  3.1473326  -0.02544208 -0.60097923
 -0.18680082  3.53719233  0.51006855  1.08396883  1.75734437  1.69697783
  0.08300473  2.22002188  2.75039436  0.33898191  3.32510986  2.90165804
  1.82841205  0.20705712  1.25117675  3.51880013]
Device (GPU) time: 1.0784 seconds
Iters. done: 174 [Current cost: -19.78289686016783]
Current parameters: [ 3.14875310e+00  1.98033557e+00  3.13077618e+00  2.67275015e+00
  3.41932899e+00  2.75070428e+00 -1.16261663e-01  2.59204517e+00
  1.68517897e+00  3.16477837e+00  1.71011883e-01  1.95923752e+00
  4.49143099e-02  9.28886434e-02  1.60110122e+00  1.51974188e+00
  3.33619981e+00  1.22458740e-02  3.62490147e+00  3.29897805e+00
  3.05064446e+00  2.52764103e+00  2.59700023e+00  5.12162031e-01
  2.99365372e+00  2.64075544e+00  4.48493860e-01  1.44703544e+00
  1.88854930e+00  3.11477298e+00  2.36439259e+00  3.17501642e+00
  2.88564487e+00  2.04261156e+00 -2.76551879e-01 -7.12003107e-01
  1.62309087e+00  2.78580723e+00  3.08655943e+00  1.91774594e+00
  1.86618297e+00 -3.31127540e-04  3.87190024e+00  2.33474210e+00
  3.01203642e+00  3.16725491e+00 -1.27619707e-02 -5.89767759e-01
 -1.93704144e-01  3.57452199e+00  4.76188258e-01  1.08484737e+00
  1.78976955e+00  1.67633496e+00  6.49947017e-02  1.84352524e+00
  2.74595056e+00  3.39958498e-01  3.32429648e+00  2.91485354e+00
  1.83134857e+00  2.12848131e-01  1.23704965e+00  3.50828662e+00]
Device (GPU) time: 1.2424 seconds
Iters. done: 175 [Current cost: -20.39256633648985]
Current parameters: [ 3.14703086e+00  1.97891302e+00  3.12800834e+00  2.67613336e+00
  3.41450371e+00  2.75828168e+00 -1.01085667e-01  2.57605497e+00
  1.68794384e+00  3.16507761e+00  1.75958538e-01  1.95386937e+00
  4.86293786e-02  8.52401591e-02  1.59659033e+00  1.51730728e+00
  3.33232092e+00  9.88971039e-03  3.61901800e+00  3.29469133e+00
  3.05586765e+00  2.51073638e+00  2.59096727e+00  5.18133326e-01
  2.99396068e+00  2.64950336e+00  4.44103700e-01  1.44976756e+00
  1.88743245e+00  3.11478385e+00  2.35769334e+00  3.15242575e+00
  2.89531499e+00  1.61876820e+00 -2.87226034e-01 -6.79033658e-02
  1.62257567e+00  2.78166851e+00  3.08579516e+00  1.92400046e+00
  1.86667645e+00 -1.52646121e-03  4.68189116e+00  2.33251080e+00
  3.03550288e+00  3.16107575e+00 -1.66948679e-02 -5.78396584e-01
 -1.91562990e-01  3.56294372e+00  4.86696662e-01  1.08457488e+00
  1.77971247e+00  1.68273761e+00  7.05807409e-02  1.85356324e+00
  2.74732886e+00  3.39655596e-01  3.32454876e+00  2.91076079e+00
  1.83043777e+00  2.11051977e-01  1.24143135e+00  3.51154751e+00]
Device (GPU) time: 1.2209 seconds
Iters. done: 176 [Current cost: -20.491796258820404]
Current parameters: [ 3.13525759e+00  1.97941484e+00  3.10822978e+00  2.67003698e+00
  3.40599526e+00  2.74937257e+00 -9.33906939e-02  2.57100768e+00
  1.68130436e+00  3.16148994e+00  1.78191351e-01  1.96282018e+00
  5.01040801e-02  8.99925837e-02  1.59501336e+00  1.51645570e+00
  3.31857899e+00  1.87447207e-02  3.61756952e+00  3.28400607e+00
  3.06356034e+00  2.51941873e+00  2.58433225e+00  5.20550357e-01
  2.99284237e+00  2.65002256e+00  4.48230635e-01  1.45454330e+00
  1.89131434e+00  3.11048501e+00  2.36266189e+00  3.15175882e+00
  2.89551715e+00  1.62209469e+00 -2.78398506e-01 -6.48980635e-02
  1.62627544e+00  2.77688870e+00  3.09574487e+00  1.93249466e+00
  1.86630516e+00  2.03515971e-03  4.68375523e+00  2.33778417e+00
  3.03184736e+00  3.16109109e+00 -1.71295768e-02 -5.57077011e-01
 -6.52583792e-01  3.56259932e+00  4.87195924e-01  1.08462490e+00
  1.95798204e+00  1.73857921e+00  7.06155382e-02  1.86306299e+00
  2.74718895e+00  3.38909578e-01  3.32418869e+00  2.91062362e+00
  1.82878508e+00  2.12653698e-01  1.24277253e+00  3.51340178e+00]
Device (GPU) time: 1.3163 seconds
Iters. done: 177 [Current cost: -20.35309726057312]
Current parameters: [ 3.18540888  1.97014226  3.19308006  2.71639572  3.42516154  2.8296794
 -0.05915662  2.51976441  1.72740627  3.18070287  0.19071524  1.89284365
  0.06051225  0.02995334  1.58131651  1.50906563  3.36820373 -0.03639131
  3.59668922  3.31653246  3.05033606  2.39574999  2.58845095  0.537048
  2.99985044  2.68917168  0.40683274  1.44389854  1.86674328  3.13184821
  2.30607851  3.04731938  2.94063635  1.60021901 -0.37307078 -0.05963492
  1.60547672  2.78084486  3.0427744   1.92021582  1.87049943 -0.02132255
  4.67357284  2.31775008  3.13805039  3.13206467 -0.0484974  -0.67539391
  0.17871201  3.50908436  0.53484046  1.08307731  2.59567151  1.98389328
  0.09708553  1.80067882  2.75445631  0.34116324  3.32717695  2.89178334
  1.8326342   0.19614651  1.25702214  3.51976212]
Device (GPU) time: 1.0922 seconds
Iters. done: 178 [Current cost: -19.99121573879589]
Current parameters: [ 3.18137798  1.97744901  3.18571     2.69391885  3.43932615  2.78427299
 -0.12353486  2.59077982  1.70731374  3.17554422  0.16944457  1.92775643
  0.04432711  0.07137551  1.60119096  1.51979168  3.37241138 -0.01594375
  3.62324379  3.32586436  3.03342515  2.48540664  2.61032414  0.51108192
  2.99722325  2.64798867  0.43206384  1.43583489  1.87610751  3.12732522
  2.34319816  3.15437145  2.8947252   1.60906356 -0.31297932 -0.07667099
  1.61178203  2.79561304  3.05676804  1.89921962  1.86775963 -0.01191708
  4.67645296  2.33267273  3.20316321  3.15318109  0.20704896 -0.64059396
 -0.20571948  3.56394847  0.48524012  1.08442896  1.76737029  1.67887151
  0.07047922  2.24178685  2.74773702  0.34183201  3.32559922  2.91116097
  1.83525931  0.20637914  1.23751864  3.50613791]
Device (GPU) time: 1.1871 seconds
Iters. done: 179 [Current cost: -20.376072426185512]
Current parameters: [ 3.11735204e+00  1.97743115e+00  3.07837958e+00  2.66861502e+00
  3.38648026e+00  2.75212974e+00 -5.58883108e-02  2.53532583e+00
  1.67806690e+00  3.15754671e+00  1.90070500e-01  1.96417187e+00
  5.87724275e-02  8.18996353e-02  1.58475565e+00  1.51091886e+00
  3.29424810e+00  2.55070726e-02  3.60495235e+00  3.26275406e+00
  3.08278443e+00  2.49925083e+00  2.56494573e+00  5.34541645e-01
  2.99200559e+00  2.66673573e+00  4.45337376e-01  1.46554051e+00
  1.89412469e+00  3.10512172e+00  2.35658257e+00  3.10944247e+00
  2.91352666e+00  1.62418724e+00 -2.86944136e-01 -5.33725255e-02
  1.62996247e+00  2.76330360e+00  3.10680110e+00  1.95461620e+00
  1.86674634e+00  4.30034700e-03  4.68572712e+00  2.32830818e+00
  2.89604137e+00  3.11834401e+00  8.65584983e-01 -5.35240291e-01
 -1.78409489e-01  3.54090793e+00  5.07116748e-01  1.08418718e+00
  1.76034342e+00  1.69421162e+00  8.09162454e-02  1.43156114e+00
  2.74954460e+00  3.37419179e-01  3.32420103e+00  2.90293670e+00
  1.82504306e+00  2.11361352e-01  1.25249773e+00  3.52171149e+00]
Device (GPU) time: 1.1868 seconds
Iters. done: 180 [Current cost: -20.05285284327386]
Current parameters: [ 3.14703086e+00  1.97891302e+00  3.12800834e+00  2.67613336e+00
  3.41450371e+00  2.75828168e+00 -1.01085667e-01  2.57605497e+00
  1.68794384e+00  3.16507761e+00  1.75958538e-01  1.95386937e+00
  4.86293786e-02  8.52401591e-02  1.59659033e+00  1.51730728e+00
  3.33232092e+00  9.88971039e-03  3.61901800e+00  3.29469133e+00
  3.05586765e+00  2.51073638e+00  2.59096727e+00  5.18133326e-01
  2.99396068e+00  2.64950336e+00  4.44103700e-01  1.44976756e+00
  1.88743245e+00  3.11478385e+00  2.35769334e+00  3.15242575e+00
  2.89531499e+00  1.61876820e+00 -2.87226034e-01 -6.79033658e-02
  1.62257567e+00  2.78166851e+00  3.08579516e+00  1.92400046e+00
  1.86667645e+00 -1.52646121e-03  4.68189116e+00  2.33251080e+00
  3.03550288e+00  3.16107575e+00 -1.66948679e-02 -5.78396584e-01
 -1.91562990e-01  3.56294372e+00  1.48711815e-01  1.08457488e+00
  1.67298290e+00  2.02346266e+00  7.05807409e-02  1.85356324e+00
  2.74732886e+00  3.39655596e-01  3.32454876e+00  2.91076079e+00
  1.83043777e+00  2.11051977e-01  1.24143135e+00  3.60255016e+00]
Device (GPU) time: 1.0693 seconds
Iters. done: 181 [Current cost: -20.42650338146299]
Current parameters: [ 3.13498930e+00  1.97393956e+00  3.10823915e+00  2.68557750e+00
  3.39266873e+00  2.78174107e+00 -4.16829952e-02  2.51495349e+00
  1.69485599e+00  3.16443056e+00  1.95187086e-01  1.93853312e+00
  6.29722022e-02  5.94988033e-02  1.57927894e+00  1.50796382e+00
  3.31141212e+00  5.55389911e-03  3.59673488e+00  3.27377313e+00
  3.07876538e+00  2.45295726e+00  2.56561384e+00  5.41209517e-01
  2.99454273e+00  2.68184051e+00  4.30008723e-01  1.46211041e+00
  1.88522382e+00  3.11273337e+00  2.33553854e+00  3.06924582e+00
  2.93088031e+00  1.61624493e+00 -3.22083046e-01 -5.09377192e-02
  1.62248511e+00  2.76416471e+00  3.08783022e+00  1.95107055e+00
  1.86830583e+00 -4.17868959e-03  4.68207371e+00  2.32425782e+00
  3.09692440e+00  3.13961477e+00 -6.51929464e-02 -5.77738918e-01
 -1.77656362e-01  3.52031072e+00 -1.72966370e-01  1.08359979e+00
  1.94162220e+00  1.00575571e+00  9.10855357e-02  1.83441158e+00
  2.75231601e+00  3.38181881e-01  3.32529896e+00  2.89568314e+00
  1.82629359e+00  2.05243094e-01  1.25815424e+00  3.71246657e+00]
Device (GPU) time: 1.2763 seconds
Iters. done: 182 [Current cost: -20.39704150357449]
Current parameters: [ 3.14703086e+00  1.97891302e+00  3.12800834e+00  2.67613336e+00
  3.41450371e+00  2.75828168e+00 -1.01085667e-01  2.57605497e+00
  1.68794384e+00  3.16507761e+00  1.75958538e-01  1.95386937e+00
  4.86293786e-02  8.52401591e-02  1.59659033e+00  1.51730728e+00
  3.33232092e+00  9.88971039e-03  3.61901800e+00  3.29469133e+00
  3.05586765e+00  2.51073638e+00  2.59096727e+00  5.18133326e-01
  2.99396068e+00  2.64950336e+00  4.44103700e-01  1.44976756e+00
  1.88743245e+00  3.11478385e+00  2.35769334e+00  3.15242575e+00
  2.89531499e+00  1.61876820e+00 -2.87226034e-01 -6.79033658e-02
  1.62257567e+00  2.78166851e+00  3.08579516e+00  1.92400046e+00
  1.86667645e+00 -1.52646121e-03  4.68189116e+00  1.86053719e+00
  3.03550288e+00  3.32593306e+00 -1.08779771e-02 -5.78396584e-01
 -1.96961649e-01  3.56294372e+00  4.86696662e-01  1.08457488e+00
  1.77971247e+00  1.68273761e+00  7.05807409e-02  1.85356324e+00
  2.74732886e+00  3.39655596e-01  3.32454876e+00  2.91076079e+00
  1.83043777e+00  2.11051977e-01  1.24143135e+00  3.51154751e+00]
Device (GPU) time: 1.1990 seconds
Iters. done: 183 [Current cost: -20.361674663397913]
Current parameters: [ 3.14070254e+00  1.97629927e+00  3.11761886e+00  2.68109663e+00
  3.40302858e+00  2.77061051e+00 -6.98672375e-02  2.54394375e+00
  1.69157644e+00  3.16473756e+00  1.86063893e-01  1.94580957e+00
  5.61670939e-02  7.17120688e-02  1.58749251e+00  1.51239693e+00
  3.32133253e+00  7.61107182e-03  3.60730735e+00  3.28369800e+00
  3.06790131e+00  2.48037119e+00  2.57764305e+00  5.30260768e-01
  2.99426657e+00  2.66649780e+00  4.36696238e-01  1.45625421e+00
  1.88627173e+00  3.11370624e+00  2.34605012e+00  3.10871144e+00
  2.91400596e+00  1.61744213e+00 -3.05544759e-01 -5.89872544e-02
  1.62252808e+00  2.77246957e+00  3.08686466e+00  1.93822685e+00
  1.86753275e+00 -2.92031105e-03  4.68198710e+00  2.67361396e+00
  3.06778229e+00  4.09512174e+00 -8.82729941e-03 -5.78050955e-01
 -1.80303200e-01  3.54053841e+00  4.96632629e-01  1.08406243e+00
  1.75657961e+00  1.67244906e+00  8.13568133e-02  1.84349829e+00
  2.74994980e+00  3.38881101e-01  3.32494302e+00  2.90283689e+00
  1.82825984e+00  2.07999182e-01  1.25021989e+00  3.52111960e+00]
Device (GPU) time: 1.0750 seconds
Iters. done: 184 [Current cost: -20.264466569229846]
Current parameters: [ 3.14129138e+00  1.97915766e+00  3.11836627e+00  2.67316137e+00
  3.41035583e+00  2.75393848e+00 -9.73343606e-02  2.57359441e+00
  1.68470709e+00  3.16332861e+00  1.77047037e-01  1.95823290e+00
  4.93482970e-02  8.75569705e-02  1.59582156e+00  1.51689213e+00
  3.32562172e+00  1.42065362e-02  3.61831186e+00  3.28948226e+00
  3.05961784e+00  2.51496904e+00  2.58773269e+00  5.19311631e-01
  2.99341550e+00  2.64975647e+00  4.46115585e-01  1.45209574e+00
  1.88932488e+00  3.11268816e+00  2.36011551e+00  3.15210062e+00
  2.89541354e+00  1.62038987e+00 -2.82922606e-01 -6.64382782e-02
  1.62437931e+00  2.77933835e+00  3.09064565e+00  1.92814139e+00
  1.86649545e+00  2.09832303e-04  4.68279990e+00  2.33316862e+00
  3.03338388e+00  3.16300377e+00 -1.41986093e-02 -5.68003272e-01
 -1.87507621e-01  3.71465322e+00  4.68546925e-01  1.08459926e+00
  1.78728812e+00  1.68206220e+00  7.05977046e-02  1.85730171e+00
  2.74726066e+00  3.39291911e-01  3.32437323e+00  2.57652818e+00
  2.16379781e+00  2.11832817e-01  1.24208518e+00  3.45555286e+00]
Device (GPU) time: 1.1718 seconds
Iters. done: 185 [Current cost: -20.490332643050934]
Current parameters: [ 3.12909747e+00  1.97842152e+00  3.09798635e+00  2.67043612e+00
  3.39853737e+00  2.75216653e+00 -7.75689247e-02  2.55556256e+00
  1.68096693e+00  3.16030457e+00  1.83238229e-01  1.96189762e+00
  5.38134529e-02  8.54745136e-02  1.59059493e+00  1.51407081e+00
  3.30982002e+00  2.03124189e-02  3.61205022e+00  3.27612867e+00
  3.07102562e+00  2.50870357e+00  2.57661066e+00  5.26531203e-01
  2.99265227e+00  2.65757450e+00  4.46197530e-01  1.45874928e+00
  1.89193112e+00  3.10877279e+00  2.35902726e+00  3.13252648e+00
  2.90371635e+00  1.62247888e+00 -2.83824923e-01 -6.01458133e-02
  1.62732438e+00  2.77150023e+00  3.09908733e+00  1.94114671e+00
  1.86657077e+00  2.45780636e-03  4.68433595e+00  2.33836809e+00
  3.04395863e+00  3.15991004e+00 -2.12426029e-02 -5.50762594e-01
 -1.77587338e-01  3.51655204e+00  2.24964055e-01  1.08441616e+00
  1.78966968e+00  1.67647048e+00  7.53190563e-02  1.85906532e+00
  2.74829004e+00  3.38356564e-01  3.32425631e+00  2.98675745e+00
  1.74773397e+00  2.11787157e-01  1.24698808e+00  2.55774776e+00]
Device (GPU) time: 1.1693 seconds
Iters. done: 186 [Current cost: -20.5611139043248]
Current parameters: [ 3.12909747e+00  1.97842152e+00  3.09798635e+00  2.67043612e+00
  3.39853737e+00  2.75216653e+00 -7.75689247e-02  2.55556256e+00
  1.68096693e+00  3.16030457e+00  1.83238229e-01  1.96189762e+00
  5.38134529e-02  8.54745136e-02  1.59059493e+00  1.51407081e+00
  3.30982002e+00  2.03124189e-02  3.61205022e+00  3.27612867e+00
  3.07102562e+00  2.50870357e+00  2.57661066e+00  5.26531203e-01
  2.99265227e+00  2.65757450e+00  4.46197530e-01  1.45874928e+00
  1.89193112e+00  3.10877279e+00  2.35902726e+00  3.13252648e+00
  2.90371635e+00  1.62247888e+00 -2.83824923e-01 -6.01458133e-02
  1.62732438e+00  2.77150023e+00  3.09908733e+00  1.94114671e+00
  1.86657077e+00  2.45780636e-03  4.68433595e+00  2.33836809e+00
  3.04395863e+00  3.15991004e+00 -2.12426029e-02 -5.50762594e-01
 -1.77587338e-01  3.53314376e+00  2.24964055e-01  5.88088311e-01
  1.78966968e+00  1.67647048e+00  7.53190563e-02  1.85906532e+00
  2.78924700e+00  2.97399603e-01  3.32425631e+00  2.99052790e+00
  1.74396352e+00  2.11787157e-01  1.24698808e+00  2.55774776e+00]
Device (GPU) time: 1.2165 seconds
Iters. done: 187 [Current cost: -20.47276343301632]
Current parameters: [ 3.11724793e+00  1.97375669e+00  3.07851318e+00  2.67907436e+00
  3.37759944e+00  2.77389055e+00 -2.12672323e-02  2.49777333e+00
  1.68719616e+00  3.15954152e+00  2.01451965e-01  1.94782950e+00
  6.73911599e-02  6.14226069e-02  1.57421568e+00  1.50523044e+00
  3.28953109e+00  1.66054695e-02  3.59099182e+00  3.25596154e+00
  3.09293006e+00  2.45463174e+00  2.55243752e+00  5.48378293e-01
  2.99315291e+00  2.68806669e+00  4.33092804e-01  1.47058359e+00
  1.89001594e+00  3.10665695e+00  2.33836406e+00  3.05412084e+00
  2.93723677e+00  1.62024349e+00 -3.16291956e-01 -4.40312985e-02
  1.62739720e+00  2.75480278e+00  3.10143019e+00  1.96701687e+00
  1.86809020e+00  1.10960983e-04  4.68458764e+00  2.35537684e+00
  3.10164788e+00  3.13429279e+00 -6.69178655e-02 -5.49231584e-01
 -1.63845245e-01  4.44931447e+00  2.35170509e-01  1.13584917e+00
  1.74885811e+00  1.65796451e+00  9.46413932e-02  1.84134728e+00
  2.74866336e+00  3.41255944e-01  3.32494779e+00  3.19064170e+00
  1.52566125e+00  2.06382145e-01  1.26280272e+00  2.54765401e+00]
Device (GPU) time: 1.1902 seconds
Iters. done: 188 [Current cost: -20.34010270739782]
Current parameters: [ 3.12649577e+00  1.97853242e+00  3.09361561e+00  2.66908892e+00
  3.39665714e+00  2.75019776e+00 -7.58684607e-02  2.55444720e+00
  1.67949971e+00  3.15951175e+00  1.83731644e-01  1.96387561e+00
  5.41393379e-02  8.65247222e-02  1.59024644e+00  1.51388262e+00
  3.30678328e+00  2.22692322e-02  3.61173013e+00  3.27376740e+00
  3.07272558e+00  2.51062223e+00  2.57514443e+00  5.27065327e-01
  2.99240514e+00  2.65768923e+00  4.47109516e-01  1.45980464e+00
  1.89278895e+00  3.10782282e+00  2.36012522e+00  3.13237910e+00
  2.90376102e+00  1.62321398e+00 -2.81874183e-01 -5.94816904e-02
  1.62814197e+00  2.77044397e+00  3.10128605e+00  1.94302379e+00
  1.86648873e+00  3.24486668e-03  4.68474788e+00  2.33866628e+00
  3.04299809e+00  3.16078401e+00 -2.01110511e-02 -5.46051315e-01
 -1.75749043e-01  3.51806573e+00  2.23677579e-01  1.08448750e+00
  1.79310372e+00  1.67616432e+00 -7.07502450e-02  1.86075996e+00
  3.08638509e+00  6.76307924e-01  3.32417674e+00  2.98714434e+00
  1.74695155e+00  2.12141111e-01  1.24728446e+00  2.55814358e+00]
Device (GPU) time: 1.0399 seconds
Iters. done: 189 [Current cost: -20.544587171784357]
Current parameters: [ 3.12449373e+00  1.97605058e+00  3.09046755e+00  2.67538849e+00
  3.38906566e+00  2.76392265e+00 -5.04484931e-02  2.52741555e+00
  1.68478213e+00  3.16031581e+00  1.92039651e-01  1.95393859e+00
  6.03952454e-02  7.30144758e-02  1.58263312e+00  1.50977363e+00
  3.30123969e+00  1.75087569e-02  3.60175096e+00  3.26727643e+00
  3.08106597e+00  2.48090946e+00  2.56532875e+00  5.37116775e-01
  2.99302248e+00  2.67265927e+00  4.39241453e-01  1.46410640e+00
  1.89055798e+00  3.10818962e+00  2.34822642e+00  3.09366583e+00
  2.92033929e+00  1.62100713e+00 -3.00906729e-01 -5.24707860e-02
  1.62695821e+00  2.76372871e+00  3.09916872e+00  1.95306912e+00
  1.86736564e+00  9.05147149e-04  4.68425822e+00  2.34666723e+00
  3.07307753e+00  3.14675944e+00 -4.44799825e-02 -5.52320746e-01
 -1.71668165e-01  3.50674753e+00  2.30665248e-01  1.09259984e+00
  1.76771438e+00  1.66743180e+00 -8.76236631e-01  1.84943330e+00
  2.54152616e+00  1.31755854e-01  3.32463883e+00  2.98049373e+00
  1.74516065e+00  2.08929061e-01  1.25469516e+00  2.55254082e+00]
Device (GPU) time: 1.2015 seconds
Iters. done: 190 [Current cost: -20.1384688735447]
Current parameters: [ 3.13268830e+00  1.98038990e+00  3.09126998e+00  2.67258680e+00
  3.40145569e+00  2.75545863e+00 -7.93829278e-02  2.55583961e+00
  1.68236977e+00  3.16148013e+00  1.82525719e-01  1.95929768e+00
  5.34219870e-02  8.45468264e-02  1.59111421e+00  1.51406124e+00
  3.31393615e+00  1.75201241e-02  3.61240925e+00  3.27911640e+00
  3.06891411e+00  2.50559450e+00  2.57841925e+00  5.26077262e-01
  2.99307032e+00  2.65727712e+00  4.44971348e-01  1.45747003e+00
  1.89076147e+00  3.11032999e+00  2.35774908e+00  3.13238956e+00
  2.90398927e+00  1.62160467e+00 -2.86420149e-01 -6.09887535e-02
  1.62647379e+00  2.77357750e+00  3.09643193e+00  1.93954828e+00
  1.86678608e+00  1.40137574e-03  4.68369077e+00  2.33791925e+00
  3.04568484e+00  3.15860608e+00 -2.28003574e-02 -5.55880183e-01
 -1.79844318e-01  3.51426552e+00  2.26928796e-01  1.14225569e+00
  1.78500248e+00  1.67706326e+00  7.59340104e-02  1.85733478e+00
  3.09952910e+00 -1.23917702e-02  3.32439033e+00  2.98629985e+00
  1.74885779e+00  2.11190960e-01  1.24648886e+00  2.55735163e+00]
Device (GPU) time: 1.1693 seconds
Iters. done: 191 [Current cost: -20.50245229518492]
Current parameters: [ 3.23828523  2.12098798  2.34842018  2.77158679  3.48162319  2.92524732
 -0.03339473  2.42687059  1.71731964  3.20402103  0.1853804   1.852049
  0.06346235  0.03418094  1.58471862  1.48966724  3.42158769 -0.08839725
  3.58853968  3.34052862  3.03918826  2.29545633  2.59482734  0.55544917
  3.01122274  2.6897986   0.38311306  1.43851924  1.84780547  3.17014494
  2.2898851   2.99130683  2.97884008  1.5931111  -0.42373237 -0.06199756
  1.6076073   2.84246537  3.02249936  1.96233236  1.88047197 -0.03773247
  4.65887544  2.34778236  3.21139006  3.06944028 -0.14852574 -0.67845959
 -0.22575463  3.39896325  0.31812196  1.10172289  1.56190658  1.67482412
  0.1811102   1.79242347  2.73766945  0.39326961  3.33102888  2.95406681
  1.7800164   0.17799049  1.25073784  2.53338975]
Device (GPU) time: 1.1725 seconds
Iters. done: 192 [Current cost: -20.167410735658102]
Current parameters: [ 3.11001345e+00  1.97862092e+00  3.10120053e+00  2.65187822e+00
  3.39995655e+00  2.75445456e+00 -7.94077423e-02  2.56288157e+00
  1.66847930e+00  3.16125137e+00  1.82711235e-01  1.96062003e+00
  5.37231350e-02  8.62710018e-02  1.59101942e+00  1.51335542e+00
  3.31218706e+00  1.83312927e-02  3.61205593e+00  3.27727587e+00
  3.07032825e+00  2.50555182e+00  2.57717108e+00  5.26994499e-01
  2.99311553e+00  2.65702296e+00  4.45519127e-01  1.45841931e+00
  1.89124000e+00  3.11039135e+00  2.35885570e+00  3.13154461e+00
  2.90476782e+00  1.62230389e+00 -2.85186188e-01 -6.04770116e-02
  1.62752624e+00  2.77442645e+00  3.09843167e+00  1.94276463e+00
  1.86697382e+00  1.87815221e-03  4.68373200e+00  2.33799017e+00
  3.04608932e+00  3.15884007e+00 -2.22027832e-02 -5.50303472e-01
 -1.78255609e-01  3.51460732e+00  2.26686698e-01  1.08435720e+00
  1.78695207e+00  1.67728827e+00  7.62871296e-02  1.85958964e+00
  2.74856262e+00  3.38473012e-01  3.80429247e+00  2.88998708e+00
  1.65186360e+00  2.11375226e-01  1.24664316e+00  2.55789651e+00]
Device (GPU) time: 1.1860 seconds
Iters. done: 193 [Current cost: -20.559535060812006]
Current parameters: [ 2.52824362  1.96316255  3.23803406  2.11771633  3.40055374  2.83695504
 -0.05032083  2.6985696   1.31278127  3.18314256  0.19528163  1.91292007
  0.07105848  0.07745173  1.57867836  1.48143793  3.33834226 -0.03391715
  3.58213096  3.2730009   3.08705562  2.35224022  2.55434335  0.57119184
  3.00545629  2.68478312  0.41198503  1.46911761  1.87267714  3.14790457
  2.32897932  2.99642672  2.97937116  1.61673267 -0.36064753 -0.04506311
  1.6354708   2.82642565  3.09071657  2.0274179   1.87960703 -0.01451282
  4.66916238  2.3522965   3.17996555  3.097419   -0.10765424 -0.52181504
 -0.17162322  3.44190336  0.28301621  1.10390613  1.66811959  1.67264991
  0.15280886  1.85417923  2.75125081  0.3607531   3.26255784  2.9776505
  1.76877041  0.19448409  1.2606269   2.54910053]
Device (GPU) time: 1.2549 seconds
Iters. done: 194 [Current cost: -20.222623837008676]
Current parameters: [ 3.13160219e+00  2.06901207e+00  3.11740841e+00  2.66991670e+00
  3.37591560e+00  2.75821674e+00 -8.21723265e-02  2.58755093e+00
  1.70972309e+00  3.15803501e+00  1.84387948e-01  2.15938868e+00
 -8.42701804e-02  1.83871952e-01  1.58956223e+00  1.51749984e+00
  3.50361508e+00 -1.72759791e-01  3.41555072e+00  3.27642875e+00
  3.30986053e+00  2.51782743e+00  2.57743822e+00  5.23412817e-01
  2.99123525e+00  2.65965240e+00  4.47074810e-01  1.45784383e+00
  1.89297997e+00  3.10401038e+00  2.35736043e+00  3.13699134e+00
  2.89918140e+00  1.62161669e+00 -2.82327584e-01 -6.01941598e-02
  1.62469209e+00  2.76145032e+00  3.09706668e+00  1.93023099e+00
  1.86504842e+00  3.19035300e-03  4.68598791e+00  2.33931377e+00
  3.03705781e+00  3.16252267e+00 -1.96542097e-02 -5.62959248e-01
 -1.78769886e-01  3.52146354e+00  2.20495085e-01  1.08452823e+00
  1.79366149e+00  1.67368574e+00  7.29574182e-02  1.85316226e+00
  2.74771632e+00  3.38529702e-01  3.32400950e+00  2.98809175e+00
  1.74781602e+00  2.10696807e-01  1.24607509e+00  2.55625804e+00]
Device (GPU) time: 1.2002 seconds
Iters. done: 195 [Current cost: -20.32908345628134]
Current parameters: [ 3.24883688  1.79722959  3.2696408   2.76444277  3.38868458  2.85375909
 -0.0716318   2.57290028  1.82522871  3.18701674  0.19130585  2.30603549
  0.31583627  0.23307193  1.58156071  1.48643925  3.00345723  0.31127227
  3.9422607   3.29198941  3.56706316  2.35021915  2.56756688  0.56295708
  3.00599504  2.68344335  0.40708491  1.45975152  1.8674762   3.15087185
  2.32109521  3.00727132  2.97259905  1.61079888 -0.37112206 -0.05116
  1.62723215  2.82669779  3.07276985  2.0023544   1.87877485 -0.01943877
  4.66756889  2.34965802  3.17665233  3.09523906 -0.11108402 -0.56680531
 -0.18707851  3.43649198  0.28776028  1.10240346  1.64961993  1.67387013
  0.15364788  1.83806377  2.75289272  0.36203211  3.33117281  2.96303876
  1.76112522  0.19158082  1.25666214  2.5456896 ]
Device (GPU) time: 1.0513 seconds
Iters. done: 196 [Current cost: -20.166571483337457]
Current parameters: [ 3.16341683e+00  1.97782879e+00  3.15697534e+00  2.69087552e+00
  3.51494901e+00  2.56022033e+00  6.22453613e-02  2.46875685e+00
  1.60378847e+00  3.16422043e+00  1.80619444e-01  1.95126258e+00
  4.08748026e-01  1.51262914e-01  1.59229188e+00  1.51774429e+00
  3.41305423e+00 -7.49499456e-02  3.53017136e+00  3.29267364e+00
  3.06154517e+00  2.50173837e+00  2.58732771e+00  5.20679039e-01
  2.99338216e+00  2.65821769e+00  4.40494279e-01  1.45082113e+00
  1.88672120e+00  3.11205202e+00  2.35027775e+00  3.13663398e+00
  2.90027099e+00  1.61679651e+00 -2.96286416e-01 -6.47742627e-02
  1.61984712e+00  2.77185813e+00  3.08247710e+00  1.92061030e+00
  1.86608564e+00 -2.48119019e-03  4.68262830e+00  2.33695894e+00
  3.04583210e+00  3.15566994e+00 -2.79732263e-02 -5.91794470e-01
 -1.91124180e-01  3.50947564e+00  2.30774448e-01  1.08405905e+00
  1.76867050e+00  1.67666293e+00  7.91638491e-02  1.84325777e+00
  2.74972560e+00  3.40588013e-01  3.32588763e+00  2.98498245e+00
  1.75318330e+00  2.08201892e-01  1.24398602e+00  2.55397884e+00]
Device (GPU) time: 1.1802 seconds
Iters. done: 197 [Current cost: -20.49898055151309]
Current parameters: [ 3.16931047  1.9711637   3.16902871  2.7126957   3.34035586  2.12074475
  0.43858003  2.57369733  1.77143899  3.18143046  0.18427929  1.90219322
 -0.40451546 -0.0123559   1.58890563  1.48600659  3.2349301   0.08195158
  3.70271247  3.27845466  3.04525602  2.39375668  2.5655439   0.55886552
  3.00458686  2.66383725  0.42392977  1.46493517  1.87673951  3.1471621
  2.3473508   3.04846274  2.9576867   1.62104026 -0.33197373 -0.05374654
  1.63891095  2.83654395  3.09729322  2.01890159  1.87864393 -0.01032755
  4.67003817  2.34148346  3.138799    3.11737328 -0.07283744 -0.50346037
 -0.17430347  3.45850701  0.27259929  1.09374505  1.70709706  1.68489761
  0.12438908  1.87363595  2.75234395  0.3497137   3.3283276   2.96989049
  1.75292605  0.20595425  1.25632161  2.55774403]
Device (GPU) time: 1.1756 seconds
Iters. done: 198 [Current cost: -20.444807334949342]
Current parameters: [ 3.12357029e+00  1.97880180e+00  3.08652952e+00  2.66758043e+00
  3.39479137e+00  2.74671828e+00 -7.28465891e-02  2.55293622e+00
  1.67761529e+00  3.14966239e+00  3.08546908e-01  2.05233879e+00
  5.49872727e-02  8.79376520e-02  1.59922922e+00  1.52165490e+00
  3.30225077e+00  2.46996606e-02  3.61137848e+00  3.26959787e+00
  3.00423726e+00  2.51088865e+00  2.57234169e+00  5.29024989e-01
  2.99245141e+00  2.65719457e+00  4.48388949e-01  1.46192523e+00
  1.89391788e+00  3.10777254e+00  2.36257295e+00  3.13063729e+00
  2.90534917e+00  1.62476819e+00 -2.79011124e-01 -5.83209953e-02
  1.63042818e+00  2.77197243e+00  3.10574878e+00  1.94989624e+00
  1.86685461e+00  4.35722561e-03  4.68490735e+00  2.33886508e+00
  3.04364217e+00  3.16141967e+00 -1.86901665e-02 -5.33867418e-01
 -1.72186772e-01  3.51903786e+00  2.22949570e-01  1.08454990e+00
  1.79769195e+00  1.67656461e+00  7.39497230e-02  1.86564766e+00
  2.74775997e+00  3.37467650e-01  3.32362923e+00  2.98737474e+00
  1.74558397e+00 -1.48113074e-01  9.45632005e-01  2.55932218e+00]
Device (GPU) time: 1.0739 seconds
Iters. done: 199 [Current cost: -20.55213973677467]
Current parameters: [ 3.14605242e+00  1.97376387e+00  3.12754025e+00  2.68577031e+00
  3.40388013e+00  2.77549290e+00 -7.35037138e-02  2.54232291e+00
  1.69480137e+00  3.11423202e+00  8.84367194e-01  2.41779198e+00
  5.58295733e-02  6.44184568e-02  1.63989930e+00  1.55850443e+00
  3.31683625e+00  7.96744683e-03  3.60682206e+00  3.27693471e+00
  2.65737519e+00  2.47086572e+00  2.57234482e+00  5.36616133e-01
  2.99579115e+00  2.66395106e+00  4.37576930e-01  1.46048090e+00
  1.88686903e+00  3.11848204e+00  2.35120441e+00  3.10071027e+00
  2.92137714e+00  1.62062852e+00 -3.03130345e-01 -5.70302028e-02
  1.62864630e+00  2.78486716e+00  3.09564041e+00  1.95996087e+00
  1.86965447e+00 -2.02869628e-03  4.68053814e+00  2.34147386e+00
  3.07641454e+00  3.14470294e+00 -4.22693649e-02 -5.47307419e-01
 -1.77407390e-01  3.49812417e+00  2.39350335e-01  1.08896331e+00
  1.75893742e+00  1.67570370e+00  9.40074048e-02  1.85667253e+00
  2.74914494e+00  3.43828176e-01  3.32565944e+00  2.98123319e+00
  1.75003123e+00  4.65140270e-01  1.46574613e+00  2.55542032e+00]
Device (GPU) time: 1.2462 seconds
Iters. done: 200 [Current cost: -20.429186034347527]
Current parameters: [ 3.15985956  1.98411133  3.028705    2.62186645  3.54285552  2.73791365
 -0.05414577  2.67760979  1.68088001  3.15295688  0.18794398  1.98254376
  0.05747149  0.09958389  1.58738298  1.51032047  3.27898813  0.03920704
  3.60828009  3.25067521  3.08962471  2.52464917  2.56048111  0.5338313
  2.9907207   2.65775324  0.45552615  1.47051564  1.90059272  3.10100161
  2.37163516  3.12868962  2.90648811  1.63079166 -0.26367926 -0.05300509
  1.63741609  2.76526375  3.12366905  1.96677966  1.86646137  0.01052099
  4.6879146   2.34108512  3.03715549  3.16795384 -0.00992084 -0.49411264
 -0.15729149  3.53028818  0.21343878  1.08503259  1.82444799  1.67459795
  0.06802938  1.88020884  2.74574242  0.33499862  3.44295497  3.29190689
  2.04098708  0.21794396  1.25214337  2.56274239]
Device (GPU) time: 1.1547 seconds
Iters. done: 201 [Current cost: -20.42742833806975]
Current parameters: [ 2.98503336  1.95505884  3.32341546  2.84473393  2.82577575  2.79649385
 -0.14321401  2.06876485  1.66936138  3.17945666  0.17264119  1.8933686
  0.04421587  0.03336568  1.59554141  1.52521313  3.39107687 -0.03146536
  3.61848281  3.34430786  3.01486875  2.45924979  2.61798742  0.50804057
  2.99721134  2.66464355  0.41780943  1.42719088  1.86779034  3.12695444
  2.31804619  3.13085915  2.89936614  1.59790535 -0.34624597 -0.0771552
  1.59692513  2.77867297  3.02858748  1.86607181  1.86610454 -0.02030091
  4.67543486  2.33475614  3.06985118  3.13388362 -0.06128122 -0.71935505
 -0.23308833  3.477529    0.25643869  1.08578142  1.68595617  1.67608966
  0.10193384  1.7915239   2.75453868  0.35088341  3.45703791  3.2879024
  2.08289758  0.18971099  1.23257273  2.54054308]
Device (GPU) time: 1.1447 seconds
Iters. done: 202 [Current cost: -20.481668828655156]
Current parameters: [ 3.14282945e+00  1.98030799e+00  3.13374780e+00  2.69889207e+00
  3.41557829e+00  2.77986557e+00 -8.06064749e-02  2.51029276e+00
  1.70111623e+00  3.13178541e+00  1.66720948e-01  1.93853679e+00
  5.46907898e-02  8.38584707e-02  1.63442219e+00  1.54938319e+00
  2.97662902e+00 -2.52748368e-02  3.27023296e+00  3.28282533e+00
  3.05437907e+00  2.47061629e+00  2.57853431e+00  5.35647267e-01
  2.99840083e+00  2.64995693e+00  4.40149927e-01  1.45844428e+00
  1.88546315e+00  3.12848444e+00  2.36123590e+00  3.11744993e+00
  2.91937391e+00  1.62307324e+00 -2.95439389e-01 -6.21549331e-02
  1.63381694e+00  2.80998702e+00  3.09891973e+00  1.97303266e+00
  1.87214513e+00 -2.67578706e-03  4.67722830e+00  2.33409471e+00
  3.07115719e+00  3.14793948e+00 -3.04883367e-02 -5.23705784e-01
 -1.79493838e-01  3.49447248e+00  2.44756432e-01  1.08381964e+00
  1.76449852e+00  1.68717904e+00  8.61453206e-02  1.87408053e+00
  2.75115776e+00  3.38753941e-01  3.32522367e+00  2.97897306e+00
  1.74814764e+00  2.11810933e-01  1.24700799e+00  2.56164150e+00]
Device (GPU) time: 1.0821 seconds
Iters. done: 203 [Current cost: -20.611668339519227]
Current parameters: [ 3.40170517  1.92701726  3.36595793  2.66888254  3.38165076  2.74599336
 -0.21071747  3.02101903  1.71370331  3.11441192  0.1773218   1.78925935
  0.04018736 -0.13761737  1.61545564  1.62337395  2.94288213 -0.04930886
  3.18610409  3.36978825  2.9365588   2.48635576  2.62890247  0.47992802
  2.98256227  2.72829785  0.39695485  1.40829461  1.86380452  3.07546629
  2.24865006  3.10277976  2.87465626  1.56892187 -0.40152041 -0.07130232
  1.54413618  2.63712681  2.96059277  1.70689628  1.84801483 -0.02790759
  4.69113227  2.36274761  3.06003266  3.12326361 -0.11534201 -0.98027078
 -0.26866567  3.49588838  0.23032604  1.10429543  1.62737048  1.62049959
  0.12974596  1.65438856  2.74823381  0.37659257  3.32524539  2.95827341
  1.76559425  0.15587813  1.22861235  2.49981146]
Device (GPU) time: 1.1780 seconds
Iters. done: 204 [Current cost: -19.54755171937628]
Current parameters: [ 3.13839768e+00  1.98492977e+00  3.10511619e+00  2.70099390e+00
  3.41732452e+00  2.62203084e+00 -2.88940348e-01  2.49008906e+00
  1.69052710e+00  3.11105342e+00  4.45412065e-01  1.69930653e+00
  5.60179764e-02  9.28944146e-02  1.65512259e+00  1.56594293e+00
  2.97093664e+00 -2.36015178e-02  3.26856617e+00  3.27536521e+00
  3.26040781e+00  2.46696550e+00  2.57323712e+00  5.40497568e-01
  2.99912181e+00  2.64814991e+00  4.42001485e-01  1.46257828e+00
  1.88697287e+00  3.13054603e+00  2.36628831e+00  3.11237450e+00
  2.92421106e+00  1.62619276e+00 -2.91085777e-01 -6.00941042e-02
  1.63902147e+00  2.81720896e+00  3.10767162e+00  1.99003328e+00
  1.87347512e+00 -1.05239233e-03  4.67676269e+00  2.33401702e+00
  3.07540391e+00  3.14787670e+00 -2.87093101e-02 -4.96796239e-01
 -1.72702123e-01  3.49396302e+00  2.45494976e-01  1.08389363e+00
  1.77075666e+00  1.68913936e+00  8.61967952e-02  1.88533162e+00
  2.75095080e+00  3.37650379e-01  3.32469103e+00  2.97877015e+00
  1.74570286e+00  2.14180311e-01  1.24899194e+00  2.56438446e+00]
Device (GPU) time: 1.1862 seconds
Iters. done: 205 [Current cost: -20.60719643540427]
Current parameters: [ 3.11524667e+00  1.98208792e+00  3.03402599e+00  2.70483031e+00
  3.41552396e+00  2.30228082e+00 -7.17192812e-01  2.40185095e+00
  1.67369530e+00  3.15318232e+00 -1.82728720e-01  2.23921166e+00
  6.67738729e-02  7.42914860e-02  1.58021470e+00  1.49569169e+00
  2.94627617e+00 -9.81521807e-04  3.27488887e+00  3.21572046e+00
  2.80947515e+00  2.42915849e+00  2.52298276e+00  5.76021712e-01
  2.99734703e+00  2.68024413e+00  4.41513546e-01  1.49314714e+00
  1.89740726e+00  3.11860658e+00  2.36360855e+00  3.02089353e+00
  2.96605794e+00  1.63652906e+00 -2.96443371e-01 -3.21756989e-02
  1.65518871e+00  2.79405371e+00  3.14761487e+00  2.06030101e+00
  1.87554860e+00  8.15459280e-03  4.68170333e+00  2.35590444e+00
  3.12981777e+00  3.13137838e+00 -6.13973918e-02 -4.05871291e-01
 -1.27270551e-01  3.49292265e+00  2.41042763e-01  1.10098460e+00
  1.77726532e+00  1.66764236e+00  1.17334441e-01  1.90021882e+00
  2.74443475e+00  3.48130386e-01  3.31555160e+00  2.96177531e+00
  1.71820316e+00  2.10814141e-01  1.26795936e+00  2.56161110e+00]
Device (GPU) time: 1.1625 seconds
Iters. done: 206 [Current cost: -20.521390361177172]
Current parameters: [ 3.09209456e+00  1.98247051e+00  3.04851541e+00  2.67262073e+00
  3.13279035e+00  2.74147324e+00 -4.74462830e-02  2.73466452e+00
  1.91862670e+00  3.13164782e+00  1.67600206e-01  1.89292402e+00
  2.10359541e-01  1.95364095e-01  1.63446775e+00  1.53736640e+00
  2.99539872e+00 -5.57526513e-02  3.23002490e+00  3.26109290e+00
  2.99873662e+00  2.45998101e+00  2.56310282e+00  5.49776907e-01
  3.00050113e+00  2.64469281e+00  4.45543787e-01  1.47048723e+00
  1.88986118e+00  3.13449014e+00  2.37595430e+00  3.10266445e+00
  2.93346523e+00  1.63216087e+00 -2.82756676e-01 -5.61514355e-02
  1.64897848e+00  2.83102559e+00  3.12441529e+00  2.02255797e+00
  1.87601958e+00  2.05340057e-03  4.67587192e+00  2.33386840e+00
  3.08352852e+00  3.14775661e+00 -2.53057706e-02 -4.45314323e-01
 -1.59708572e-01  3.49298834e+00  2.46907918e-01  1.08403518e+00
  1.78272942e+00  1.69288974e+00  8.62952736e-02  1.90685661e+00
  2.75055485e+00  3.35539104e-01  3.32367202e+00  2.97838195e+00
  1.74102564e+00  2.18713280e-01  1.25278755e+00  2.56963214e+00]
Device (GPU) time: 1.1585 seconds
Iters. done: 207 [Current cost: -20.650490455422144]
Current parameters: [ 3.13906268e+00  1.97198488e+00  3.13492792e+00  2.70136532e+00
  3.24412958e+00  2.78762136e+00 -8.33534600e-02  2.65394604e+00
  1.87925277e+00  3.12926735e+00  1.61160440e-01  1.69114264e+00
  5.89284593e-05  1.08623320e+00  1.61554599e+00  1.54042295e+00
  2.95608855e+00  5.98070574e-04  3.29098399e+00  3.25617699e+00
  2.75256067e+00  2.45193641e+00  2.55444169e+00  5.50843560e-01
  2.99604357e+00  2.67395334e+00  4.36759013e-01  1.47158675e+00
  1.88978561e+00  3.11725260e+00  2.35110084e+00  3.06601566e+00
  2.93872887e+00  1.62466090e+00 -3.06167240e-01 -4.73072979e-02
  1.63576076e+00  2.78285607e+00  3.11053475e+00  1.99080408e+00
  1.87129537e+00  6.55014252e-04  4.68123329e+00  2.34854410e+00
  3.09971397e+00  3.13724908e+00 -5.48268557e-02 -5.08857275e-01
 -1.61036040e-01  3.49463696e+00  2.40618219e-01  1.09487919e+00
  1.75837497e+00  1.66986188e+00  1.06432686e-01  1.86515580e+00
  2.74723778e+00  3.47441574e-01  3.32012754e+00  2.96819029e+00
  1.73421091e+00  2.05677804e-01  1.25612669e+00  2.55527648e+00]
Device (GPU) time: 1.1223 seconds
Iters. done: 208 [Current cost: -20.457762629814468]
Current parameters: [ 3.08579964e+00  1.98273883e+00  3.03794021e+00  2.66936112e+00
  3.12824105e+00  2.73670971e+00 -4.33319385e-02  2.73196584e+00
  1.91507671e+00  2.93984110e+00  1.26251057e-01  1.89770983e+00
  2.11148034e-01  1.97905119e-01  1.82625773e+00  1.72696137e+00
  3.02336933e+00 -5.00894971e-02  3.26364000e+00  3.25839646e+00
  3.00284974e+00  2.45866144e+00  2.56118817e+00  5.51530039e-01
  3.00076173e+00  2.64403967e+00  4.46213029e-01  1.47198146e+00
  1.89040686e+00  3.13523530e+00  2.37778048e+00  3.10082995e+00
  2.93521361e+00  1.63328842e+00 -2.81183071e-01 -5.54065526e-02
  1.65085964e+00  2.83363594e+00  3.12757865e+00  2.02870281e+00
  1.87650030e+00  2.64017363e-03  4.67570363e+00  2.33384032e+00
  3.08506349e+00  3.14773392e+00 -2.46627447e-02 -4.35587917e-01
 -1.57253719e-01  3.49280420e+00  2.47174863e-01  1.08406192e+00
  1.78499142e+00  1.69359829e+00  8.63138790e-02  1.91092329e+00
  2.75048005e+00  3.35140224e-01  3.32347950e+00  2.97830861e+00
  1.74014198e+00 -1.74599056e-02  1.53658175e+00  2.57062358e+00]
Device (GPU) time: 1.1652 seconds
Iters. done: 209 [Current cost: -20.58996006655707]
Current parameters: [ 3.07240202  1.97750576  3.02056952  2.66545014  3.11994499  2.73382767
 -0.038139    2.70878678  1.91402612  2.7087661   0.07306272  1.894188
  0.2138573   0.19747615  2.04266979  1.94674981  3.05074175 -0.03435792
  3.30865788  3.23552989  2.99647349  2.44361328  2.54141395  0.56494015
  2.99959694  2.65933417  0.44504351  1.48354139  1.89430208  3.12883188
  2.37398564  3.06248763  2.95146071  1.6363128  -0.28581764 -0.04396809
  1.65542311  2.81956125  3.14096271  2.05142378  1.87674526  0.00592758
  4.67815436  2.34367765  3.10723921  3.14038105 -0.0402087  -0.4087102
 -0.14040603  3.4926002   0.24480255  1.09167431  1.7846902   1.68296866
  0.10022552  1.91180779  2.74766959  0.34039824  3.31966203  2.97080547
  1.72908817  0.65576922  0.73678323  2.56797315]
Device (GPU) time: 1.1600 seconds
Iters. done: 210 [Current cost: -20.663597593994734]
Current parameters: [ 2.89790295  1.62448681  2.96267492  2.92711173  3.16497893  2.73341967
 -0.0377866   2.80381755  1.84861251  2.70876464  0.07307206  1.8964924
  0.18095133  0.20175731  2.04267027  1.9466221   3.09772345 -0.08146405
  3.26144834  3.23529894  2.9992846   2.44350026  2.54124995  0.56509031
  2.99961926  2.65927823  0.44510083  1.48366938  1.89434882  3.1288957
  2.37414206  3.0623305   2.95161046  1.63640938 -0.28568286 -0.04390429
  1.65558423  2.81978483  3.14123365  2.05195009  1.87678644  0.00597783
  4.67813995  2.34367524  3.10737069  3.14037911 -0.04015362 -0.40787712
 -0.14019576  3.49258443  0.24482542  1.0916766   1.78488394  1.68302934
  0.10022712  1.9121561   2.74766319  0.34036408  3.31964554  2.97079919
  1.72901248  0.65584257  0.73684465  2.56805807]
Device (GPU) time: 1.2046 seconds
Iters. done: 211 [Current cost: -20.673651119991863]
Current parameters: [ 2.5157756   2.26997929  3.06661366  3.50017987  3.24311621  2.73544434
 -0.0382583   3.02350161  1.72878429  2.70579866  0.07082133  1.88794897
  0.2422071   0.19228822  2.03872144  1.94571848  3.00891461  0.00931452
  3.35077667  3.22641485  2.98883502  2.43733041  2.53327079  0.57017827
  2.99888386  2.66696667  0.44407272  1.48806747  1.8958008   3.12534146
  2.37105154  3.04552395  2.95804183  1.63703644 -0.28899047 -0.03903094
  1.65640258  2.81128135  3.14530691  2.05831425  1.87656044  0.00711352
  4.67941715  2.34834175  3.11675406  3.1369222  -0.04795364 -0.40209537
 -0.13398289  3.49261896  0.24351514  1.09525322  1.78313382  1.67750492
  0.10678489  1.90968324  2.74638887  0.34313117  3.31797926  2.9673073
  1.72441946  0.65847011  0.73446234  2.56610144]
Device (GPU) time: 1.0561 seconds
Iters. done: 212 [Current cost: -20.46245860166636]
Current parameters: [ 2.68426382e+00  1.61830694e+00  3.00154688e+00  2.87660396e+00
  3.35377291e+00  2.72050914e+00 -6.39723007e-02  2.71272584e+00
  2.22195998e+00  2.69872369e+00  7.21274069e-02  1.88222334e+00
  1.77091809e-01  1.75666906e-01  2.05257214e+00  1.93829210e+00
  3.11434858e+00 -8.65104918e-02  3.26602457e+00  3.25686368e+00
  2.98199176e+00  2.45405349e+00  2.55831689e+00  5.49463194e-01
  2.99753371e+00  2.66450539e+00  4.39744837e-01  1.47171097e+00
  1.88998167e+00  3.12293216e+00  2.35952698e+00  3.07701219e+00
  2.93761807e+00  1.62738554e+00 -2.98276533e-01 -4.98656436e-02
  1.64052914e+00  2.79889396e+00  3.11591707e+00  2.00277246e+00
  1.87293919e+00  1.28184685e-03  4.67948681e+00  2.34389997e+00
  3.09508621e+00  3.14056069e+00 -4.52998039e-02 -4.85718255e-01
 -1.59842133e-01  3.49405814e+00  2.42689036e-01  1.09146258e+00
  1.76678102e+00  1.67735874e+00  1.00078217e-01  1.87961012e+00
  2.74826186e+00  3.43556348e-01  3.32118630e+00  2.97138615e+00
  1.73608448e+00  6.48988677e-01  7.31105662e-01  2.56012352e+00]
Device (GPU) time: 1.7406 seconds
Iters. done: 213 [Current cost: -20.608827064140833]
Current parameters: [ 2.93532991  1.62275841  2.98569988  2.94070605  3.15715321  2.74796363
 -0.04597245  2.81602825  1.82062124  2.29844624  0.0690083   1.88332517
  0.17957623  0.19696129  2.44069215  1.13451324  3.10683041 -0.089026
  3.25380669  3.23554437  2.98778395  2.44281546  2.61120033  0.5000614
  2.99883273  2.66383154  0.44346102  1.48296487  1.89402343  3.12600555
  2.36954154  3.05815676  2.95135383  1.63468874 -0.28993179 -0.04307129
  1.65261295  2.811404    3.13742854  2.04387476  1.87583494  0.00543993
  4.67900228  2.34578629  3.10879611  3.13889231 -0.04473829 -0.422555
 -0.14180054  3.49292592  0.2437737   1.0932091   1.7801034   1.67933376
  0.10309088  1.90385903  2.74723282  0.34229305  3.31925059  2.96938668
  1.72854917  0.65548596  0.73452188  2.5654373 ]
Device (GPU) time: 1.2749 seconds
Iters. done: 214 [Current cost: -20.662050432931565]
Current parameters: [ 2.94911333e+00  1.62074020e+00  3.04883725e+00  2.95809826e+00
  3.19824525e+00  2.78145540e+00 -5.65697744e-02  2.80982796e+00
  1.88139798e+00  2.70387034e+00  6.81895896e-02  1.85057844e+00
  1.78194898e-01  1.72363365e-01  2.05549085e+00  1.91611473e+00
  3.15846010e+00 -1.16606559e-01  3.25754506e+00  3.26451954e+00
  2.97010738e+00  2.43558335e+00  2.25815318e+00  8.30146392e-01
  3.00006160e+00  2.54661754e+00  5.53097853e-01  1.47395217e+00
  1.90747702e+00  3.13471858e+00  2.35679139e+00  3.06724378e+00
  2.94762009e+00  1.62873172e+00 -3.03081405e-01 -5.02663059e-02
  1.64572961e+00  2.82194257e+00  3.11870820e+00  2.25602914e+00
  1.87637099e+00 -9.40963985e-04  4.67551603e+00  2.34157917e+00
  3.11109249e+00  3.13411067e+00 -4.96799972e-02 -4.62327455e-01
 -1.58630261e-01  3.48203157e+00  2.53562586e-01  1.09116655e+00
  1.75532187e+00  1.68375561e+00  1.05909913e-01  1.89137862e+00
  2.74973397e+00  3.43406483e-01  3.32153052e+00  2.96713838e+00
  1.73550184e+00  6.46752951e-01  7.35386322e-01  2.56311782e+00]
Device (GPU) time: 1.2799 seconds
Iters. done: 215 [Current cost: -20.59040813657043]
Current parameters: [ 2.94318468e+00  1.61382549e+00  3.03737020e+00  2.95151719e+00
  3.19398810e+00  2.77294435e+00 -6.88827260e-02  2.80350258e+00
  1.87435464e+00  2.72813456e+00  5.86026692e-02  1.85002896e+00
  1.76611634e-01  1.79053543e-01  2.00751557e+00  1.99143358e+00
  3.15302180e+00 -9.85667787e-02  3.26866813e+00  3.24141567e+00
  2.95552059e+00  2.44267352e+00  2.97781945e+00  1.60046034e-01
  2.99365154e+00  2.35465199e+00  7.73407216e-01  1.48619687e+00
  1.95308731e+00  3.11649824e+00  2.33755527e+00  3.03641581e+00
  2.95386960e+00  1.62973221e+00 -3.04653154e-01 -3.78583973e-02
  1.64385243e+00  2.78064118e+00  3.12793359e+00  2.68891088e+00
  1.87272866e+00  4.45464839e-03  4.68241839e+00  2.35484010e+00
  3.11795222e+00  3.13258411e+00 -6.29422864e-02 -4.64838508e-01
 -1.43358555e-01  3.49423048e+00  2.39621863e-01  1.09985684e+00
  1.76473395e+00  1.66487756e+00  1.15317755e-01  1.87686059e+00
  2.74519135e+00  3.49711746e-01  3.31712666e+00  2.96324316e+00
  1.72464102e+00  6.55868469e-01  7.26023964e-01  2.55628384e+00]
Device (GPU) time: 1.0686 seconds
Iters. done: 216 [Current cost: -19.96519995885767]
Current parameters: [ 2.93266820e+00  1.62172624e+00  3.02118624e+00  2.94876802e+00
  3.18704281e+00  2.76731859e+00 -4.84988237e-02  2.80568433e+00
  1.87141184e+00  2.71731013e+00  7.04279986e-02  1.86435363e+00
  1.79587929e-01  1.80591690e-01  2.04089423e+00  1.94718314e+00
  3.13876037e+00 -1.06203938e-01  3.25840387e+00  2.89942444e+00
  2.98007176e+00  2.26096538e+00  2.55104854e+00  5.60895567e-01
  3.04410553e+00  2.65898286e+00  4.39319478e-01  1.47655745e+00
  1.88895986e+00  3.13407292e+00  2.66916863e+00  3.06427617e+00
  2.95032218e+00  1.63140481e+00 -2.98132433e-01 -4.82652410e-02
  1.64965071e+00  2.82449741e+00  3.12638729e+00  2.03725775e+00
  1.87698966e+00  9.83028643e-04  4.67580429e+00  2.34192957e+00
  3.11214764e+00  3.13522777e+00 -4.72171168e-02 -4.41416093e-01
 -1.52497138e-01  3.48374735e+00  2.52271317e-01  1.09128973e+00
  1.76326571e+00  1.68442347e+00  1.04894967e-01  1.89975931e+00
  2.74927198e+00  3.42401357e-01  3.32096946e+00  2.96772290e+00
  1.73332082e+00  6.49377209e-01  7.36462076e-01  2.56513817e+00]
Device (GPU) time: 1.1770 seconds
Iters. done: 217 [Current cost: -20.843924479376764]
Current parameters: [ 2.91753017  1.60738465  2.99347868  2.94354723  3.16902755  2.76678018
 -0.03779034  2.76252072  1.86410461  2.7049557   0.06453644  1.85410778
  0.18454568  0.17730973  2.02768216  1.93896811  3.11566853 -0.08544036
  3.2670554   3.41811978  2.96717518  2.50336497  2.52885279  0.57365194
  3.15705361  2.70546165  0.41711169  1.4974813   1.89199575  3.1240361
  3.46481785  2.99205102  2.98170856  1.63685784 -0.30821164 -0.02743058
  1.65842607  2.80194431  3.15056735  2.04316111  1.87793261  0.00642896
  4.67963609  2.35970769  3.15574964  3.12037398 -0.07708321 -0.39064089
 -0.12195232  3.48111245  0.2498828   1.1053192   1.75967633  1.66571981
  0.13177604  1.90220122  2.74437916  0.35225316  3.31403652  2.95303467
  1.7130586   0.66132327  0.72968868  2.56045042]
Device (GPU) time: 1.1690 seconds
Iters. done: 218 [Current cost: -20.61942153342648]
Current parameters: [ 2.94432058e+00  1.62122957e+00  3.04076174e+00  2.95480182e+00
  3.19546391e+00  2.77613624e+00 -5.61147934e-02  2.81067979e+00
  1.87798315e+00  2.77347865e+00  6.82181097e-02  1.85549472e+00
  1.78128368e-01  1.75888058e-01  2.09547411e+00  1.94762457e+00
  3.15337923e+00 -1.12725055e-01  3.25861253e+00  2.90456389e+00
  2.97245805e+00  2.26348049e+00  2.55581211e+00  5.56533874e-01
  3.04343990e+00  2.63621536e+00  4.62648119e-01  1.91461898e+00
  1.88579169e+00  3.35252994e+00  2.66450402e+00  3.06767199e+00
  2.94708580e+00  1.62931764e+00 -3.01045297e-01 -4.96440767e-02
  1.64616853e+00  2.81966544e+00  3.12053167e+00  2.00158155e+00
  1.87609981e+00 -1.03133639e-04  4.67611582e+00  2.34198154e+00
  3.10930630e+00  3.13526977e+00 -4.84074075e-02 -4.59420421e-01
 -1.57041261e-01  3.48408821e+00  2.51777181e-01  1.09124023e+00
  1.75907858e+00  1.68311189e+00  1.04860527e-01  1.89223156e+00
  2.74941045e+00  3.43139715e-01  3.32132583e+00  2.96785866e+00
  1.73495654e+00  6.47791932e-01  7.35134673e-01  2.56330294e+00]
Device (GPU) time: 1.0935 seconds
Iters. done: 219 [Current cost: -20.637871942665694]
Current parameters: [ 2.8745834   1.61307868  2.92184538  2.91982102  3.14039619  2.7298893
 -0.01275921  2.75591061  1.83883621  2.69014865  0.07382752  1.89327942
  0.18848912  0.19856686  2.02203554  1.93804691  3.06337335 -0.06307416
  3.26503529  2.85429474  2.99982072  2.23446451  2.51320357  0.58864691
  3.04792786  2.11387041  1.01868652  1.39937008  1.84396945  3.07790576
  2.70307005  2.9975854   2.98519666  1.64360951 -0.29329165 -0.02681436
  1.66919457  2.82207102  3.16759022  1.49817003  1.88058582  0.00988919
  4.67825495  2.3557267   3.15360003  3.12498521 -0.06440126 -0.33556925
 -0.11135603  3.48271141  0.25031075  1.10224051  1.77941573  1.67414492
  0.1243971   1.92930536  2.74470523  0.34700261  3.31419842  2.95680673
  1.71147433  0.66522843  0.73575234  2.56828915]
Device (GPU) time: 1.1961 seconds
Iters. done: 220 [Current cost: -20.165590891634046]
Current parameters: [ 2.93212730e+00  1.62192770e+00  3.02026259e+00  2.94797808e+00
  3.18707895e+00  2.76585014e+00 -4.98209867e-02  2.80727144e+00
  1.87066122e+00  2.71694054e+00  6.99795796e-02  1.86556124e+00
  1.79238337e-01  1.81805129e-01  2.04122497e+00  1.94742033e+00
  3.01836666e+00 -3.69721587e-01  3.40338848e+00  2.86097768e+00
  2.97993646e+00  2.34175564e+00  2.55115756e+00  5.60129221e-01
  3.04393288e+00  2.65720439e+00  4.39355130e-01  1.47542794e+00
  1.52725997e+00  3.13607154e+00  2.67029186e+00  3.06526065e+00
  2.94930495e+00  1.63133112e+00 -2.97472761e-01 -4.81667528e-02
  1.64919069e+00  2.76812911e+00  3.17079003e+00  2.06920404e+00
  1.87663220e+00  1.27819849e-03  4.67624539e+00  2.34219235e+00
  3.11043029e+00  3.13596203e+00 -4.66718310e-02 -4.43395539e-01
 -1.52461462e-01  3.48510638e+00  2.51049695e-01  1.09132540e+00
  1.76473332e+00  1.68374387e+00  1.04230962e-01  1.89870481e+00
  2.74909873e+00  3.42390193e-01  3.32091655e+00  2.96820232e+00
  1.73332468e+00  6.49692957e-01  7.36024515e-01  2.56486680e+00]
Device (GPU) time: 1.1735 seconds
Iters. done: 221 [Current cost: -20.611453147739645]
Current parameters: [ 2.95179864  1.58945408  3.0510016   2.9921093   3.1660085   2.8589439
  0.03794872  2.65621999  1.9099351   2.73509649  0.08665756  1.77277979
  0.20585021  0.10159887  2.01517746  1.92235857  3.20559386  0.01064651
  3.15767456  2.5311442   2.96410172  2.76163602  2.51260075  0.62437922
  3.05645891  2.77467033  0.30844941  1.4357991   2.07146118  3.15385754
  2.62536449  2.90797127  3.05131776  1.64178388 -0.35299209 -0.02580285
  1.68618895  2.46251289  3.54871423  2.04437637  1.89850523 -0.00942056
  4.65567432  2.35159287  3.27145966  3.07154574 -0.12188006 -0.26820425
 -0.11512877  3.40098071  0.31984807  1.10886917  1.669396    1.69683671
  0.18136968  1.95904334  2.75261903  0.35744446  3.31459288  2.91921874
  1.7058825   0.64652181  0.75148722  2.57300706]
Device (GPU) time: 1.1771 seconds
Iters. done: 222 [Current cost: -19.902371303905614]
Current parameters: [ 2.93812729  1.62015162  3.03046981  2.95542968  3.18777611  2.7794159
 -0.03946319  2.79434319  1.87784191  2.37445786  0.07353701  1.8542133
  0.18204317  0.17090346  1.68989705  1.9481397   3.14302845 -0.1145275
  3.25450239  2.9003645   2.98018071  2.24384703  2.55096555  0.56632301
  3.04549026  2.66234407  0.42906495  1.54306028  1.88506499  3.17700281
  2.66013994  3.05765359  2.95726793  1.63117441 -0.3045282  -0.04952439
  1.65202996  2.84076133  3.12620511  2.03736436  1.87059485  0.00551843
  4.67258677  2.33995925  3.09655695  3.12971008 -0.05146053 -0.4323148
 -0.15330782  3.4735661   0.26140073  1.09101554  1.75172733  1.68937852
  0.10988515  1.91742449  2.7505916   0.34257345  3.32140997  2.96413316
  1.733487    0.64681311  0.73959475  2.5669602 ]
Device (GPU) time: 1.1223 seconds
Iters. done: 223 [Current cost: -20.806442630565492]
Current parameters: [ 2.90071232  1.59983656  2.96438891  2.9410493   3.14955781  2.76932714
 -0.00975871  2.72131959  1.85958989  2.76237964  0.06941941  1.84954493
  0.19213373  0.17012268  2.08092092  1.93143035  3.09697435 -0.06094386
  3.25618087  2.88543747  2.97316534  2.11544279  2.51246333  0.60269972
  3.0547834   2.74293929  0.36789636  1.43901673  1.9132953   3.11730206
  2.68930701  2.95831587  2.9996994   1.62584409 -0.34953804 -0.02871169
  1.65047841  2.85416041  3.09776315  2.06885056  1.59961752  0.22472066
  4.67847189  2.3647177   2.30605449  3.10657499 -0.09384455 -0.4396496
 -0.10298051  3.4659803   0.26167764  1.11110427  1.74913132  1.66615166
  0.15007226  2.25960798  2.74380019  0.35563778  3.3110833   2.94171915
  1.70205104  0.66548001  0.73289647  2.5635882 ]
Device (GPU) time: 1.1616 seconds
Iters. done: 224 [Current cost: -20.377162002138405]
Current parameters: [ 2.92517169  1.62429405  3.0084039   2.93846127  3.18700648  2.74829901
 -0.06471546  2.82539265  1.86156919  2.71378724  0.06490625  1.88008863
  0.17526775  0.19615752  2.04632286  1.95011265  3.13400873 -0.09245592
  3.26457357  2.90102476  2.97881128  2.28500008  2.55228272  0.55164435
  3.04210484  2.48000106  0.28717293  1.2829185   1.89629599  3.51863865
  2.68357597  3.07691097  2.91348445  1.63008552 -0.26416252 -0.04728222
  1.64338971  2.79804068  3.12063706  2.03492673  1.87695561  0.01015943
  4.68140664  2.34523802  3.09067217  3.14447811 -0.04027618 -0.46889784
 -0.15178226  3.50085338  0.23690585  1.0917421   1.78200441  1.67593605
  0.09652949  1.88691049  2.74708069  0.34221756  3.32028188  2.97375642
  1.73327398  0.65344868  0.73102563  2.56182569]
Device (GPU) time: 1.1502 seconds
Iters. done: 225 [Current cost: -20.606613473682412]
Current parameters: [ 2.91106638  1.60208863  2.98238561  2.94813956  3.15673717  2.77946928
 -0.00901832  2.72599819  1.86718788  2.71852132  0.07204126  1.84311383
  0.19203653  0.16357308  2.03292862  1.93295851  3.10802454 -0.07575602
  3.25342559  2.88834001  2.97398706  2.12609947  2.51824781  0.59935025
  3.05345152  2.77540225  0.41312599  1.49975943  1.90583653  3.0312985
  2.67839745  2.97205073  2.3280697   1.62668518  0.39663121 -0.03287164
  1.65155537  2.86025785  3.10049564  2.0636951   2.00779597  0.155368
  4.67541431  2.35936226  3.19181438  3.10669905 -0.08979014 -0.43477992
 -0.11198934  3.4604805   0.26766684  1.10763338  1.74167751  1.67317201
  0.14680891  1.92548173  2.74579443  0.35365346  3.31308369  2.94300997
  1.70738949  0.66064128  0.73600235  2.56525334]
Device (GPU) time: 1.0838 seconds
Iters. done: 226 [Current cost: -20.42564756853716]
Current parameters: [ 2.92421902e+00  1.62296916e+00  3.00691796e+00  2.94187016e+00
  3.18304962e+00  2.75568429e+00 -5.12677577e-02  2.81106244e+00
  1.86444223e+00  2.71424912e+00  6.93040535e-02  1.87471774e+00
  1.78581251e-01  1.88926031e-01  2.04228832e+00  1.94793517e+00
  3.13009221e+00 -9.74934820e-02  3.26060158e+00  2.89505591e+00
  2.98317427e+00  2.27446281e+00  2.82033705e+00  8.55352515e-01
  3.31005129e+00  2.65506422e+00  4.46034472e-01  1.47850437e+00
  1.89252105e+00  3.13117263e+00  2.63901223e+00  3.13719291e+00
  2.94689233e+00  1.63207422e+00 -2.93425303e-01 -4.70948216e-02
  1.71709814e+00  2.76029453e+00  3.06627589e+00  2.04041550e+00
  1.87566179e+00  2.98162849e-03  4.67783247e+00  2.34320406e+00
  3.10505785e+00  3.13884005e+00 -4.39293613e-02 -4.42290653e-01
 -1.50069368e-01  3.49030295e+00  2.46471565e-01  1.09149074e+00
  1.77260182e+00  1.68171061e+00  1.01626547e-01  1.89827106e+00
  2.74834615e+00  3.41980319e-01  3.32053110e+00  2.97002781e+00
  1.73252956e+00  6.51724899e-01  7.34954656e-01  2.56470466e+00]
Device (GPU) time: 1.1913 seconds
Iters. done: 227 [Current cost: -20.602015431553244]
Current parameters: [ 2.88564732  1.61085881  2.94052952  2.92998441  3.14460975  2.74754975
 -0.00552548  2.74445173  1.84893621  2.70778464  0.07635948  1.87769478
  0.19074585  0.18538634  2.03258626  1.9362682   3.0809951  -0.06024615
  3.25264003  2.86393577  2.99648868  2.20162726  2.35203792  0.41545111
  2.88927644  2.71749006  0.42001704  1.48568046  1.9114519   3.0927407
  2.71378919  3.52182942  2.99799934  1.64324803 -0.30649871 -0.02808184
  2.19017218  2.44625182  2.67055703  2.0767034   1.8821153   0.00564847
  4.67466714  2.35373791  3.16718646  3.11846818 -0.07019707 -0.32722338
 -0.1138147   3.47114561  0.26053417  1.10210077  1.7643315   1.6790015
  0.13048048  1.93424946  2.74620978  0.34765538  3.31476011  2.9525433
  1.71208582  0.66177258  0.73867891  2.56952328]
Device (GPU) time: 1.2295 seconds
Iters. done: 228 [Current cost: -20.40442748321388]
Current parameters: [ 2.97706874  1.61913097  3.09583614  2.97376757  3.21744876  2.80508935
 -0.07091861  2.81755444  1.8982064   2.73122743  0.06417769  1.82746059
  0.17567023  0.15874932  2.04483079  1.94930957  3.18963497 -0.14147403
  3.26128955  2.93709499  2.95298533  2.22243712  2.57384409  0.55458411
  3.04821394  2.66044087  0.42076776  1.45972516  1.8737029   3.15013803
  2.64698934  2.96005994  2.67449811  1.71890702 -0.55258889  0.00896103
  1.74020865  2.84719433  3.08943324  2.0075625   1.87455336 -0.00487199
  4.67028681  2.34108306  3.10860481  3.13248799 -0.05368279 -0.21515048
 -0.16912185  3.47963084  0.25529057  1.09096966  1.74229583  1.68234241
  0.10738544  1.87660526  2.7504567   0.34512379  3.32247064  2.96632703
  1.73923934  0.6423828   0.73337029  2.55954959]
Device (GPU) time: 1.0644 seconds
Iters. done: 229 [Current cost: -20.647359752899465]
Current parameters: [ 3.05909107  1.60083117  3.23192386  3.02499805  3.26531698  2.88992173
 -0.10224289  2.79866799  1.95123371  2.76191907  0.04841609  1.73668379
  0.17333159  0.10497335  2.05087575  1.94566695  3.28096106 -0.19437802
  3.26783825  3.0156258   2.8866817   2.05292103  2.58761261  0.54533438
  3.04760982  2.72219158  0.34942912  1.41739126  1.85331391  3.15391887
  2.61235709  3.17488778  3.39723458  1.82838248  0.03421552  0.09376206
  1.39837123  2.9243445   3.00138746  1.95755352  1.87133463 -0.0144968
  4.66393212  2.35291791  3.14550419  3.1109444  -0.09458664  0.07606209
 -0.1782907   3.46247438  0.26533103  1.10184185  1.68887248  1.66563186
  0.13811427  1.83568779  2.74965044  0.35904267  3.32005032  2.94891287
  1.73459298  0.63634976  0.72337319  2.54532855]
Device (GPU) time: 1.1604 seconds
Iters. done: 230 [Current cost: -20.78844931754404]
Current parameters: [ 2.93266820e+00  1.62172624e+00  3.02118624e+00  2.94876802e+00
  3.18704281e+00  2.76731859e+00 -4.84988237e-02  2.80568433e+00
  1.87141184e+00  2.71731013e+00  7.04279986e-02  1.86435363e+00
  1.79587929e-01  1.80591690e-01  2.04089423e+00  1.94718314e+00
  3.13876037e+00 -1.06203938e-01  3.25840387e+00  2.87071343e+00
  2.98007176e+00  2.31963423e+00  2.55104854e+00  5.60895567e-01
  3.04410553e+00  2.96634371e+00  7.39287181e-01  1.37223319e+00
  1.88895986e+00  3.34326943e+00  2.66916863e+00  3.06427617e+00
  2.95032218e+00  1.63140481e+00 -2.98132433e-01 -4.82652410e-02
  1.64965071e+00  2.88732716e+00  3.07454112e+00  2.03725775e+00
  1.87698966e+00  9.83028643e-04  4.67580429e+00  2.34192957e+00
  3.11214764e+00  3.13522777e+00 -4.72171168e-02 -4.41416093e-01
 -1.52497138e-01  3.48374735e+00  2.52271317e-01  1.09128973e+00
  1.76326571e+00  1.68442347e+00  1.04894967e-01  1.89975931e+00
  2.74927198e+00  3.42401357e-01  3.32096946e+00  2.96772290e+00
  1.73332082e+00  6.49377209e-01  7.36462076e-01  2.56513817e+00]
Device (GPU) time: 1.1669 seconds
Iters. done: 231 [Current cost: -20.746251330956664]
Current parameters: [ 2.91986055  1.61248242  2.9978705   2.94028962  3.17571215  2.75785446
 -0.05197361  2.78650817  1.86179061  2.71661506  0.06226437  1.86387282
  0.18036217  0.18618865  2.04442961  1.94294903  3.12444753 -0.07976514
  3.26603888  2.63171054  2.96790823  2.75770386  2.52565904  0.55682332
  3.035949    2.56034741  0.2827429   1.51587759  1.90205969  3.01092056
  2.69106438  3.016817    2.9889627   1.62764614 -0.29021114 -0.03687423
  1.63589438  3.43181631  2.62607145  2.04343072  1.87387727  0.00593974
  4.68233445  2.35707832  3.13091799  3.12967522 -0.06556571 -0.44222257
 -0.13052885  3.49196157  0.24132023  1.1019496   1.7706312   1.66522789
  0.11989132  1.89224134  2.74438493  0.34977971  3.31550897  2.96041942
  1.71866394  0.66025139  0.72790976  2.55926121]
Device (GPU) time: 1.1601 seconds
Iters. done: 232 [Current cost: -19.734693494506644]
Current parameters: [ 2.93375380e+00  1.62167996e+00  3.02301001e+00  2.94933017e+00
  3.18782737e+00  2.76814009e+00 -4.92083729e-02  2.80614974e+00
  1.87202406e+00  2.71764094e+00  7.02221121e-02  1.86352828e+00
  1.79451948e-01  1.80153472e-01  2.04103965e+00  1.94726166e+00
  3.27786758e+00  1.96678594e-01  3.09267846e+00  2.90040973e+00
  2.97936242e+00  2.26016478e+00  2.54407480e+00  5.52388242e-01
  3.06079379e+00  2.65893499e+00  4.38938935e-01  1.47611708e+00
  1.55757327e+00  3.13446931e+00  2.66634380e+00  3.07379509e+00
  2.95002066e+00  1.63121036e+00 -2.98403812e-01 -4.83937016e-02
  1.65830058e+00  2.83469142e+00  3.13728933e+00  2.06587105e+00
  1.87690676e+00  8.81835285e-04  4.67583332e+00  2.34193441e+00
  3.11188293e+00  3.13523168e+00 -4.73280114e-02 -4.43093483e-01
 -1.52920495e-01  3.48377911e+00  2.52225280e-01  1.09128512e+00
  1.76287561e+00  1.68430128e+00  1.04891759e-01  1.89905798e+00
  2.74928488e+00  3.42470147e-01  3.32100266e+00  2.96773555e+00
  1.73347321e+00  6.49229515e-01  7.36338407e-01  2.56496719e+00]
Device (GPU) time: 1.1845 seconds
Iters. done: 233 [Current cost: -20.755086262230062]
Current parameters: [ 2.95978304e+00  1.61194188e+00  3.06515196e+00  2.96118112e+00
  3.20480993e+00  2.78803778e+00 -7.66618626e-02  2.80524640e+00
  1.88458917e+00  2.72840019e+00  5.59493614e-02  1.83473303e+00
  1.75459982e-01  1.70022792e-01  2.04915424e+00  1.94622902e+00
  3.15228830e+00 -1.52946463e-01  3.29233751e+00  2.94825530e+00
  2.94425798e+00  2.15973686e+00  2.28197353e+00  2.56358703e-01
  3.62726522e+00  2.69235281e+00  4.06917736e-01  1.45422665e+00
  1.93270885e+00  3.12258563e+00  2.58853875e+00  3.35917856e+00
  2.97371339e+00  1.62121312e+00 -3.00750743e-01 -4.27695747e-02
  1.94351596e+00  3.17344763e+00  3.52240892e+00  2.01100698e+00
  1.87131368e+00  1.77212047e-03  4.68258664e+00  2.35545290e+00
  3.11932733e+00  3.13047220e+00 -6.73123726e-02 -5.01464804e-01
 -1.48110735e-01  3.49211073e+00  2.40990537e-01  1.10052213e+00
  1.75595785e+00  1.66318192e+00  1.17999168e-01  1.86832338e+00
  2.74542092e+00  3.51338042e-01  3.31733112e+00  2.96173309e+00
  1.72579328e+00  6.53736963e-01  7.24549313e-01  2.55390979e+00]
Device (GPU) time: 1.0560 seconds
Iters. done: 234 [Current cost: -20.526940183878306]
Current parameters: [ 2.95354083  1.60862008  3.04206712  2.96136694  3.18127122  2.81768084
 -0.10380102  2.82639985  1.88856902  2.72655626  0.02201775  1.7869882
  0.15083888  0.14785546  2.03388948  1.94265826  3.17329344 -0.07234531
  3.34757431  2.91009607  2.94404224  2.27651552  2.67244577  0.67380464
  2.79834967  2.65571911  0.44018517  1.47033067  1.8881728   3.13127889
  2.70264919  3.21880404  2.93674597  1.62983919 -0.28588159 -0.04660337
  1.78183277  2.96198253  3.29160108  2.01386795  1.87162543  0.00644105
  4.6836883   2.34669218  3.08570794  3.14863766 -0.03604639 -0.46630769
 -0.14733446  3.46510985  0.22020244  1.16010628  1.79430721  1.67327473
  0.15435214  1.88707924  2.63968579  0.35745579  3.22220253  2.92347187
  1.69150449  0.69744684  0.77304635  2.52418232]
Device (GPU) time: 1.1717 seconds
Iters. done: 235 [Current cost: -20.61837945128655]
Current parameters: [ 2.91196848  1.6452239   3.03094126  2.92846747  3.23864931  2.63519426
  0.08328667  2.73088059  1.83694362  2.70737051  0.20444439  2.06853724
  0.26897381  0.2719735   2.08129197  1.95977588  3.07529645 -0.23962337
  2.98795938  2.96109529  3.03010409  1.99557646  2.64847164  0.71798136
  2.74165993  2.74271746  0.36929203  1.45282497  1.90683895  3.11539233
  2.72692611  3.10295383  3.04938     1.61620419 -0.34301708 -0.0409276
  1.76874638  3.03240466  3.33673685  2.07319848  1.88350811 -0.01493766
  4.66360226  2.35508708  3.21927735  3.07954364 -0.12762956 -0.47365295
 -0.15699257  3.56463553  0.33665006  0.87861812  1.64564582  1.67709641
 -0.03393177  1.88025231  3.1114054   0.31029459  3.64681088  3.10428272
  1.85717371  0.49747535  0.58794396  2.68070386]
Device (GPU) time: 1.2183 seconds
Iters. done: 236 [Current cost: -20.731693486427655]
Current parameters: [ 2.90765513  1.6233221   2.97862132  2.93321403  3.17050935  2.74399912
 -0.04226353  2.80484     1.85515753  2.70926981  0.07083603  1.88550581
  0.17968455  0.19508275  2.03988578  1.94661333  3.11106188 -0.08349021
  3.2617014   2.87814625  2.99312935  2.29173961  2.54002886  0.56237024
  3.0413343   2.65461175  0.45146428  1.48551181  1.89845593  3.12419943
  2.68458896  3.33166319  2.83510623  1.62736102 -0.38696849 -0.02892513
  1.39755114  2.81599541  3.14918762  2.05191125  1.87653003  0.0079868
  4.73590368  2.43243408  3.07871361  3.0488976  -0.14721711 -0.39808116
 -0.04738213  3.45636813  0.3835448   1.09383383  1.71040515  1.61737167
  0.10312227  1.84732845  2.74449588  0.34138811  3.31674899  3.04152984
  1.65573057  0.65571636  0.73798653  2.60333291]
Device (GPU) time: 1.1477 seconds
Iters. done: 237 [Current cost: -20.580628575541517]
Current parameters: [ 2.87804396e+00  1.60514270e+00  2.93038701e+00  2.92388552e+00
  3.14334371e+00  2.73174870e+00  1.38782226e-03  2.72303272e+00
  1.84078623e+00  2.70781346e+00  8.13411191e-02  1.89207080e+00
  1.99205466e-01  1.95990769e-01  2.03961931e+00  1.93417124e+00
  3.06319751e+00 -6.72572869e-02  3.24116250e+00  2.90366959e+00
  2.98818395e+00  2.07034174e+00  2.47203194e+00  5.67259549e-01
  3.03230409e+00  2.75797280e+00  3.93782743e-01  1.47541719e+00
  1.93591469e+00  3.06892887e+00  2.70937284e+00  3.29534351e+00
  2.88947095e+00  1.65312785e+00 -4.56288392e-01 -7.01266434e-02
  1.24896131e+00  2.78771226e+00  3.17191897e+00  2.08066266e+00
  1.88050353e+00 -1.41530296e-03  4.51015272e+00  2.10833211e+00
  3.27698810e+00  3.37160060e+00  2.13444054e-01 -4.14327937e-01
 -3.76592672e-01  3.58132878e+00 -1.40708173e-01  1.09123009e+00
  1.96001568e+00  1.85339778e+00  1.30304916e-01  2.10199003e+00
  2.77568785e+00  3.51052610e-01  3.34045374e+00  2.74666457e+00
  1.92438556e+00  6.55942786e-01  7.17657578e-01  2.46615931e+00]
Device (GPU) time: 1.0709 seconds
Iters. done: 238 [Current cost: -20.431586824409578]
Current parameters: [ 2.93380201  1.6208072   3.04487049  2.9615349   3.25367549  2.85354586
  0.03161831  2.72597539  1.82979184  2.71631142  0.01710845  1.90468729
  0.14094177  0.16027918  2.04900368  1.95195473  3.06095252 -0.10185347
  3.2074306   2.90640514  2.95804727  2.25638136  2.55630289  0.55966273
  3.04569327  2.65328492  0.4384005   1.47371686  1.88662429  3.14011843
  2.67088624  3.07063888  2.94990762  1.6306765  -0.29938306 -0.04883366
  1.6501496   2.83686998  3.12334085  2.03919199  2.20592141 -0.26832651
  4.67556594  2.3416109   2.96332276  3.13537673 -0.04679869 -0.44158466
 -0.15207641  3.47825106  0.25087411  1.09968939  1.76390067  1.68493658
  0.11259939  1.95777699  2.73617556  0.34425847  3.30890825  2.96088304
  1.72831882  0.65644813  0.73986474  2.56069689]
Device (GPU) time: 1.2201 seconds
Iters. done: 239 [Current cost: -20.779297055870728]
Current parameters: [ 2.91270906  1.61593913  2.89325343  2.88353022  2.88838725  2.37961055
 -0.39305678  3.12461035  2.03923136  2.72060331  0.29672285  1.69689606
  0.35097929  0.27774365  2.01134214  1.92213831  3.45271371 -0.10846231
  3.48104259  2.89006482  3.06313986  2.17464276  2.49621064  0.56033943
  3.03121626  2.73276491  0.41560133  1.47906193  1.9233507   3.07427435
  2.68641553  2.96920525  3.00459182  1.63020826 -0.28246648 -0.0337093
  1.64070919  2.75897371  3.15465832  2.03651544  2.17572811 -0.24241063
  4.67945848  2.3546024   3.00083719  3.13235406 -0.06572468 -0.44381078
 -0.13637841  3.52192969  0.2395071   1.05894767  1.76882431  1.66494523
  0.0836509   1.93986535  2.81436313  0.34159878  3.37948274  2.98872829
  1.74827293  0.62524509  0.70635335  2.57943894]
Device (GPU) time: 1.1613 seconds
Iters. done: 240 [Current cost: -20.21396837409961]
Current parameters: [ 2.91767641e+00  1.62242486e+00  3.00353216e+00  2.94502345e+00
  3.12945192e+00  2.78382359e+00 -1.27266928e-02  2.84281494e+00
  1.91772864e+00  2.79526468e+00  6.95741020e-02  1.87753072e+00
  2.20795602e-01  1.44616464e-01  1.96775499e+00  1.86847878e+00
  3.10701262e+00 -1.17807320e-01  3.21446526e+00  2.89853238e+00
  2.97186729e+00  2.25587390e+00  2.55073152e+00  5.63517748e-01
  3.04568190e+00  2.65351816e+00  4.40295915e-01  1.47771232e+00
  1.88861459e+00  3.13960425e+00  2.67439432e+00  3.06552505e+00
  2.95333430e+00  1.87685607e+00 -2.95238052e-01 -4.15649268e-01
  1.65394097e+00  2.83826025e+00  3.13104593e+00  2.05115077e+00
  1.87917123e+00  1.49548845e-03  4.80880672e+00  2.34168334e+00
  3.11449270e+00  3.13584807e+00 -4.50032402e-02 -4.18778144e-01
 -1.46779927e-01  3.48240403e+00  2.51451167e-01  1.09401997e+00
  1.76978983e+00  1.68605419e+00  1.07005073e-01  1.90969326e+00
  2.74487262e+00  3.42037420e-01  3.31668370e+00  2.96547254e+00
  1.72983941e+00  6.87519274e-01  6.98725559e-01  2.56584119e+00]
Device (GPU) time: 1.1497 seconds
Iters. done: 241 [Current cost: -20.70884906726667]
Current parameters: [ 2.99288047  1.6105888   3.08849464  2.96028712  3.46263612  2.68621179
 -0.20957904  2.59823552  1.63490143  2.34235706  0.06512585  1.81116893
 -0.01914146  0.35823476  2.39708119  2.32188273  3.26456741 -0.03701047
  3.46519871  2.92088399  3.00736587  2.20134791  2.52789123  0.54354171
  3.03198174  2.72322929  0.41273893  1.4629994   1.90946733  3.08173279
  2.66370649  3.00584236  2.97711805  1.81610281 -0.30408934 -0.34365863
  1.62378353  2.75040289  3.11557031  1.97681457  1.85646867  0.00842896
  4.7876128   2.35196304  3.12671554  3.13051388 -0.07093227 -0.539571
 -0.16576534  3.50091388  0.24124937  1.08227295  1.73856914  1.66307539
  0.10514239  1.84733085  2.77555414  0.35004575  3.34517017  2.97100049
  1.74420367  0.47223991  0.90579614  2.55740271]
Device (GPU) time: 1.1756 seconds
Iters. done: 242 [Current cost: -20.5419255220194]
Current parameters: [ 2.95420107e+00  1.48901804e+00  2.96843791e+00  2.98421431e+00
  3.13861065e+00  2.75739393e+00 -4.16315372e-02  2.84300938e+00
  1.75711750e+00  2.75038836e+00  6.88706505e-02  1.88223453e+00
  1.66928349e-01  1.98129150e-01  2.01324225e+00  2.00811904e+00
  3.13674635e+00 -1.16032703e-01  3.24442434e+00  2.98918027e+00
  2.99031287e+00  2.29227783e+00  2.59439905e+00  5.24541108e-01
  3.03512131e+00  2.70740725e+00  3.85415952e-01  1.47748845e+00
  1.87822324e+00  3.14064856e+00  2.59456925e+00  3.05792842e+00
  2.95103481e+00  1.31527039e+00 -2.93577721e-01 -2.56133568e-01
  1.65355898e+00  2.83899902e+00  3.12955306e+00  1.94840457e+00
  1.87715682e+00  2.95908410e-03  4.67565245e+00  2.34411088e+00
  3.11155522e+00  3.13831742e+00 -4.28729264e-02 -2.71242220e-01
 -1.42421939e-01  3.48961722e+00  2.47705772e-01  1.09252835e+00
  1.77892645e+00  1.68266362e+00  1.02174597e-01  1.90694049e+00
  2.74657332e+00  3.41103965e-01  3.31862326e+00  2.97004149e+00
  1.72886276e+00  6.55210456e-01  7.36798992e-01  2.56710196e+00]
Device (GPU) time: 1.1733 seconds
Iters. done: 243 [Current cost: -20.672391743505585]
Current parameters: [ 2.93195047  1.99698804  3.27755446  2.87825722  3.37429414  2.84655925
 -0.10635291  2.71203678  2.23208412  2.64353679  0.05692943  1.76685544
  0.20771107  0.10475326  2.13126132  1.77359575  3.20894376 -0.12185153
  3.30410808  2.71175268  2.89950669  2.07506286  2.45105936  0.64915651
  3.07400084  2.53696194  0.55897871  1.44200101  1.90769884  3.1260541
  2.86614712  3.05804083  2.94468515  1.16393569 -0.33028482 -0.34537315
  1.61425811  2.80616337  3.06618761  2.24785949  1.86454584 -0.00734127
  4.66619438  2.34073634  3.11131139  3.12564044 -0.0737232  -0.40736721
 -0.20024843  3.47460386  0.25443287  1.08968983  1.69742459  1.67455406
  0.11818392  1.83277781  2.76058063  0.35363075  3.33170285  2.957724
  1.75248914  0.62716013  0.72075845  2.5464322 ]
Device (GPU) time: 1.1089 seconds
Iters. done: 244 [Current cost: -20.675778635998785]
Current parameters: [ 2.92432162  1.62263626  3.00728501  2.94296942  3.18241714  2.75871475
 -0.04778706  2.80751912  1.86547808  2.71466817  0.06962985  1.87307233
  0.1791586   0.18648349  2.0406288   1.94691179  3.12680277 -0.10354213
  3.26221893  2.90838239  2.98359371  2.24221689  2.54840763  0.56065884
  3.04363388  2.65668101  0.44479133  1.47927236  1.88497797  3.13074083
  2.675467    3.06684752  2.88331153  1.63256296 -0.2211644  -0.04712434
  1.65019605  2.83702593  3.11449844  2.04210841  1.56752467 -0.37595894
  4.67739226  2.34316571  3.11003217  3.13713625 -0.04526177 -0.43869294
 -0.14925247  3.48744739  0.24921125  1.09192746  1.77012198  1.68269917
  0.10322614  1.89980446  2.74786267  0.34204652  3.31988288  2.96914695
  1.73173232  0.65184845  0.73587948  2.56524894]
Device (GPU) time: 1.1587 seconds
Iters. done: 245 [Current cost: -20.66335775613549]
Current parameters: [ 2.95123097  1.60245298  3.06520546  2.99224166  3.18683127  2.8601688
  0.06511122  2.62082759  1.91309749  2.73472402  0.09920018  1.78941901
  0.21262301  0.10425406  2.03603127  1.92292862  3.18825457 -0.02055786
  3.13152773  2.55794392  2.96652179  2.65165323  2.46452643  0.59299633
  3.0312035   2.80685438  0.31296439  1.45469153  2.08733823  3.09878541
  2.63291077  2.86895989  3.10114891  1.65690426 -0.28023359  0.02157732
  1.67399078  2.42441596  3.58842229  2.05658476  1.84598374 -0.0055023
  4.62736725  2.3304687   3.26504276  3.08224739 -0.1108802  -0.2818385
 -0.13919088  3.41013354  0.30170449  1.08549944  1.66253345  1.71471031
  0.17202947  1.9912726   2.79488588  0.35502187  3.35183898  2.9120381
  1.73742146  0.62486977  0.73927662  2.57732335]
Device (GPU) time: 1.1584 seconds
Iters. done: 246 [Current cost: -20.003939829901505]
Current parameters: [ 2.9438837   1.61707093  3.04349996  2.96278247  3.19215913  2.79927622
 -0.02570364  2.76716577  1.88555472  2.72448522  0.07140187  1.84118365
  0.18468004  0.15729929  2.03627213  1.93946119  3.14186286 -0.12022799
  3.24760055  2.91717354  2.97043455  2.1666417   2.53753212  0.56740801
  3.04478233  2.69337483  0.41360028  1.46973083  1.88854846  3.12913911
  2.65781172  2.99330932  2.99131381  1.62167403 -0.33404391 -0.0280463
  1.63915466  2.82152337  3.11103832  2.04016515  1.88032089  0.00489527
  4.68425944  2.37098276  3.15993112  3.0902397  -0.1048213  -0.49009726
  0.05146246  3.45361636  0.31376558  1.09348443  2.14889985  1.80193817
  0.12212814  1.84810161  2.75352259  0.34617761  3.32266485  2.98078172
  1.70551991  0.64676017  0.73724353  2.57899816]
Device (GPU) time: 1.2292 seconds
Iters. done: 247 [Current cost: -20.693741098161556]
Current parameters: [ 2.93149078e+00  1.62216836e+00  3.01921236e+00  2.94714990e+00
  3.18706360e+00  2.76417145e+00 -5.09050978e-02  2.80872171e+00
  1.86987651e+00  2.71672671e+00  6.97802149e-02  1.86699005e+00
  1.79034859e-01  1.83117598e-01  2.04177993e+00  1.94767490e+00
  3.13784486e+00 -1.04647725e-01  3.25931103e+00  2.89900967e+00
  2.97999216e+00  2.26594596e+00  2.55156196e+00  5.59852824e-01
  3.04389385e+00  2.65703713e+00  4.40862873e-01  1.47655831e+00
  1.88971987e+00  3.13352497e+00  2.67136050e+00  3.06935481e+00
  2.94814645e+00  1.63309187e+00 -2.94535388e-01 -5.03406787e-02
  1.65026170e+00  2.82485668e+00  3.12787036e+00  2.03697162e+00
  1.87683323e+00  1.72026467e-03  4.67013717e+00  2.25477438e+00
  3.09614898e+00  2.92117017e+00  3.75177329e-02 -4.38082350e-01
 -1.64161084e-01  3.49011895e+00  2.35346148e-01  1.09110328e+00
  1.76986143e+00  1.68972373e+00  1.03418058e-01  1.87179526e+00
  2.74934189e+00  3.42320521e-01  3.32123252e+00  2.96077375e+00
  1.74152400e+00  6.49808425e-01  7.35492910e-01  2.56051663e+00]
Device (GPU) time: 1.0769 seconds
Iters. done: 248 [Current cost: -20.7819413908421]
Current parameters: [ 2.9109182   1.62017816  2.98774591  2.94091276  3.17209383  2.76420708
 -0.02030225  2.77104481  1.86271849  2.7134296   0.07250395  1.87362351
  0.18472391  0.18002105  2.03649527  1.93986392  3.10582893 -0.09115776
  3.25037478  2.88955662  2.98780255  2.21455433  2.52524615  0.56792738
  3.04118231  2.68397235  0.43153247  1.48117355  1.90096685  3.11693275
  2.67969671  3.01855709  2.97963853  1.63152274 -0.29548369 -0.02254611
  1.65099728  2.81201969  3.14153132  2.05817921  1.87854141  0.01621403
  4.69841083  2.45354353  3.04747925  3.26190587  0.32117643 -0.42269585
 -0.0995269   3.46107876  0.32094852  1.09412685  1.72896863  1.65375302
  0.11580288  1.6693467   2.75091657  0.34417785  3.32076698  2.99447392
  1.69213817  0.6536442   0.73680258  2.58575394]
Device (GPU) time: 1.2092 seconds
Iters. done: 249 [Current cost: -20.80062037123016]
Current parameters: [ 2.93511118e+00  1.62301629e+00  3.02522940e+00  2.94621773e+00
  3.19204488e+00  2.76099750e+00 -6.24253975e-02  2.82025924e+00
  1.86947030e+00  2.71727338e+00  6.61724545e-02  1.86870711e+00
  1.76347892e-01  1.87176732e-01  2.04509245e+00  1.94946990e+00
  3.14330679e+00 -1.05071104e-01  3.26333358e+00  2.90408959e+00
  2.97499643e+00  2.27511933e+00  2.55691729e+00  5.55441997e-01
  3.04393451e+00  2.65120829e+00  4.42848352e-01  1.47375608e+00
  1.88961914e+00  3.13444374e+00  2.67467926e+00  3.08424590e+00
  2.94179466e+00  1.63356470e+00 -2.89449296e-01 -5.44148886e-02
  1.64981339e+00  2.82859812e+00  3.12624989e+00  2.03109279e+00
  1.87659283e+00  1.73971254e-03  4.66719924e+00  2.32611967e+00
  3.10150872e+00  3.14667255e+00 -2.91737180e-02 -4.40927191e-01
 -1.95727459e-01  3.49968561e+00  3.97567357e-01  1.09113950e+00
  1.73596798e+00  1.86360880e+00  9.96589459e-02  1.91593345e+00
  2.74867889e+00  3.42650503e-01  3.32133341e+00  2.95943805e+00
  1.74668477e+00  6.50542327e-01  7.32272879e-01  2.50830912e+00]
Device (GPU) time: 1.1874 seconds
Iters. done: 250 [Current cost: -20.667751312953644]
Current parameters: [ 2.91439485  1.62160499  2.99124804  2.93993472  3.17429908  2.7579201
 -0.03452766  2.79172558  1.86178104  2.71274457  0.07123469  1.87550808
  0.18142214  0.18530753  2.03821129  1.94404072  3.11507502 -0.09118652
  3.25699086  2.88625946  2.9886616   2.25743199  2.53704466  0.56457896
  3.04196455  2.66627891  0.44161209  1.48236327  1.89691032  3.12413003
  2.67852501  3.0524262   2.95840382  1.6279884  -0.28679078 -0.02712593
  1.65378977  2.81610349  3.14127015  2.05126198  1.87700957  0.00966255
  4.72664677  2.44660508  3.08104901  3.10125437 -0.10034989 -0.4132781
 -0.5599901   3.45235227  0.30280761  1.09403301  1.95007752  1.62431509
  0.10895143  1.82573707  2.74670841  0.34263817  3.31800991  3.03026214
  1.66279542  0.65392203  0.73817489  2.61977273]
Device (GPU) time: 1.1347 seconds
Iters. done: 251 [Current cost: -20.674466938627546]
Current parameters: [ 2.93468811e+00  1.62144340e+00  3.02474256e+00  2.95081806e+00
  3.18776873e+00  2.77029431e+00 -4.59704062e-02  2.80274763e+00
  1.87346803e+00  2.71799948e+00  7.19962026e-02  1.86190729e+00
  1.80651446e-01  1.78142957e-01  2.04029306e+00  1.94691342e+00
  3.14075033e+00 -1.09335975e-01  3.25618836e+00  2.90066292e+00
  2.98018061e+00  2.25451408e+00  2.55092973e+00  5.61961551e-01
  3.04445210e+00  2.66112062e+00  4.37251040e-01  1.47622734e+00
  1.88779671e+00  3.13509086e+00  2.66634717e+00  3.05847157e+00
  2.95286138e+00  1.59433694e+00 -3.02886309e-01  6.74433399e-03
  1.64873529e+00  2.82461230e+00  3.12401791e+00  2.03716238e+00
  1.87722129e+00 -1.25488305e-04  4.89194641e+00  2.39015135e+00
  3.13489588e+00  3.11608944e+00 -2.60261727e-02 -4.42899861e-01
 -1.52154756e-01  3.49569672e+00  2.12000754e-01  1.09019601e+00
  1.74953176e+00  1.71987317e+00  1.05550892e-01  1.94202571e+00
  2.75126323e+00  3.42278181e-01  3.32257190e+00  2.93552423e+00
  1.76595812e+00  6.47802152e-01  7.36755870e-01  2.54528750e+00]
Device (GPU) time: 1.0760 seconds
Iters. done: 252 [Current cost: -20.82487404322158]
Current parameters: [ 2.92506466e+00  1.62123902e+00  3.00927598e+00  2.94509445e+00
  3.18245110e+00  2.76543138e+00 -4.25768264e-02  2.79712014e+00
  1.86750218e+00  2.71599520e+00  6.86501886e-02  1.86792703e+00
  1.79795766e-01  1.81631378e-01  2.04008147e+00  1.94487540e+00
  3.12747437e+00 -9.88767930e-02  3.25870641e+00  2.89661065e+00
  2.98101099e+00  2.24936142e+00  2.54314558e+00  5.61847211e-01
  3.04289560e+00  2.66569110e+00  4.37879402e-01  1.47765257e+00
  1.89375351e+00  3.12762849e+00  2.67490743e+00  3.05396922e+00
  2.95817480e+00  1.60598106e+00 -2.93936343e-01 -8.58036842e-04
  1.65035862e+00  2.82070134e+00  3.13238345e+00  2.04318849e+00
  1.87736576e+00  6.93700085e-03  4.83961161e+00  1.93645687e+00
  3.08390300e+00  3.27839076e+00 -9.22923039e-02 -4.30723191e-01
 -1.53397175e-01  3.45385668e+00  3.38835637e-01  1.09407150e+00
  1.78026272e+00  1.61059997e+00  1.08643073e-01  1.81870056e+00
  2.74681907e+00  3.43440277e-01  3.31838536e+00  3.03038884e+00
  1.66448912e+00  6.52711320e-01  7.36384141e-01  2.60742833e+00]
Device (GPU) time: 1.2080 seconds
Iters. done: 253 [Current cost: -20.601841136554192]
Current parameters: [ 2.93852036e+00  1.62169720e+00  3.03122531e+00  2.95185091e+00
  3.19139359e+00  2.77086994e+00 -5.13039332e-02  2.80766541e+00
  1.87481913e+00  2.71891869e+00  7.07125487e-02  1.86083808e+00
  1.79661768e-01  1.78630840e-01  2.04183178e+00  1.94777378e+00
  3.14567807e+00 -1.11816611e-01  3.25730612e+00  2.90477172e+00
  2.97701824e+00  2.25535618e+00  2.55417916e+00  5.60012134e-01
  3.04473542e+00  2.65912481e+00  4.36917220e-01  1.47422653e+00
  1.88685291e+00  3.13641860e+00  2.66626043e+00  3.06334908e+00
  2.95081825e+00  1.62962773e+00 -3.03329886e-01 -4.96120796e-02
  1.64774844e+00  2.82698962e+00  3.12119659e+00  2.03338248e+00
  1.87724159e+00 -9.54129412e-04  4.67478586e+00  2.34235070e+00
  3.14944850e+00  3.13348939e+00  1.67949184e-03 -4.52424051e-01
 -1.54452363e-01  3.50632093e+00  3.79295585e-01  1.08968709e+00
  1.80575741e+00  1.54213333e+00  1.03944099e-01  1.98558145e+00
  2.75188943e+00  3.42452197e-01  3.32342089e+00  2.91945632e+00
  1.78434192e+00  6.47284552e-01  7.35137740e-01  2.48104168e+00]
Device (GPU) time: 1.2692 seconds
Iters. done: 254 [Current cost: -20.705008682031895]
Current parameters: [ 2.96088501e+00  1.61932756e+00  3.06909228e+00  2.96266917e+00
  3.20897471e+00  2.79358050e+00 -7.12363693e-02  2.81590921e+00
  1.88673266e+00  2.72736341e+00  5.68456506e-02  1.83938138e+00
  1.72458848e-01  1.67541897e-01  2.04544521e+00  1.94719327e+00
  3.16898415e+00 -1.21778846e-01  3.26898194e+00  2.93042066e+00
  2.95406402e+00  2.22648296e+00  2.56408280e+00  5.52416530e-01
  3.04592161e+00  2.66258572e+00  4.26408577e-01  1.46219356e+00
  1.88318513e+00  3.13933277e+00  2.66292395e+00  3.06182156e+00
  2.95562063e+00  1.62438034e+00 -3.16607602e-01 -5.26137961e-02
  1.63914263e+00  2.83554175e+00  3.10308898e+00  2.01553491e+00
  1.87833897e+00 -2.40346487e-03  4.66612019e+00  2.34444715e+00
  3.23254133e+00  3.12983595e+00  1.08119462e-01 -4.97460318e-01
 -1.64783933e-01  3.39681328e+00  2.67047097e-01  1.09837163e+00
  1.73481656e+00  1.70881709e+00  1.10382911e-01  2.17040116e+00
  2.74027027e+00  3.46833901e-01  3.31340971e+00  3.16197290e+00
  1.53380307e+00  6.51882945e-01  7.32838695e-01  2.75150389e+00]
Device (GPU) time: 1.1675 seconds
Iters. done: 255 [Current cost: -20.6973710002254]
Current parameters: [ 2.93585916e+00  1.62007977e+00  3.02521904e+00  2.95034834e+00
  3.18834519e+00  2.77592626e+00 -5.62693216e-02  2.80949806e+00
  1.87275566e+00  2.71945769e+00  6.11426729e-02  1.85550816e+00
  1.74216877e-01  1.76203070e-01  2.04006717e+00  1.94619412e+00
  3.14180939e+00 -1.01042551e-01  3.27013367e+00  2.90192014e+00
  2.97328779e+00  2.26580005e+00  2.55360899e+00  5.58544721e-01
  3.04396198e+00  2.65680886e+00  4.40146834e-01  1.47511315e+00
  1.88894365e+00  3.13393477e+00  2.67017996e+00  3.07115227e+00
  2.94703045e+00  1.63119749e+00 -2.96062998e-01 -4.97896935e-02
  1.64898879e+00  2.82483108e+00  3.12512795e+00  2.03303591e+00
  1.87669111e+00  9.83494135e-04  4.67586053e+00  2.34060278e+00
  3.10698235e+00  3.13729742e+00 -4.37914305e-02 -4.44912533e-01
 -1.54414509e-01  3.52408676e+00  3.04516284e-01  1.10138421e+00
  1.76579891e+00  1.68562060e+00  8.67725234e-02  1.89974219e+00
  2.72773881e+00  3.39416601e-01  3.30647202e+00  2.87005601e+00
  1.81918535e+00  6.57154457e-01  7.40588331e-01  2.76316651e+00]
Device (GPU) time: 1.1335 seconds
Iters. done: 256 [Current cost: -20.70729889158654]
Current parameters: [ 2.92528518  1.61707712  3.00916066  2.94856975  3.17991444  2.78534275
 -0.03868825  2.78221984  1.87024885  2.71954536  0.05627143  1.85154756
  0.17479981  0.16870408  2.03564139  1.93925606  3.12225048 -0.08963403
  3.27111995  2.8998068   2.97227297  2.22227948  2.5357306   0.56283836
  3.04201763  2.67787986  0.43120611  1.47616726  1.89688897  3.12153544
  2.67591532  3.03314828  2.971311    1.63382851 -0.29896549 -0.03672723
  1.64770811  2.81608394  3.1318902   2.04475104  1.87807579  0.01180203
  4.66653964  2.35314229  3.12709942  3.13230406 -0.06202944 -0.44323847
 -0.14432129  3.45577379  0.22187059  1.11040493  1.74503725  1.67902869
 -0.35292394  1.89258895  2.62010823  0.2455934   3.29635269  2.96797183
  1.70068501  0.66504589  0.74400069  2.5175963 ]
Device (GPU) time: 1.0522 seconds
Iters. done: 257 [Current cost: -20.650031901201018]
Current parameters: [ 2.93503558e+00  1.56776818e+00  3.18248613e+00  2.94801982e+00
  3.17027313e+00  2.75403092e+00 -5.55962557e-02  2.83171595e+00
  1.89075197e+00  2.71404974e+00  7.12115756e-02  1.94574382e+00
  2.19261710e-01  2.16477156e-01  2.04039217e+00  1.94693746e+00
  3.07108952e+00 -4.14373812e-02  3.31476059e+00  2.89077753e+00
  3.07406876e+00  2.27248484e+00  2.54641104e+00  5.61739911e-01
  3.04302045e+00  2.65759506e+00  4.43969620e-01  1.48023739e+00
  1.89268973e+00  3.13016130e+00  2.67503712e+00  3.06858477e+00
  2.94837089e+00  1.63461626e+00 -2.87914807e-01 -4.64816295e-02
  1.65304290e+00  2.82098087e+00  3.13543876e+00  2.04338870e+00
  1.87653237e+00  4.43898341e-03  4.67753673e+00  2.34213506e+00
  3.10444937e+00  3.14051731e+00 -3.96135372e-02 -4.21901364e-01
 -1.45655352e-01  3.48987248e+00  2.46186303e-01  1.09234624e+00
  1.78025383e+00  1.68425491e+00  9.93150985e-02  1.90789521e+00
  2.75083700e+00  3.37119285e-01  3.32082441e+00  2.96907996e+00
  1.73001269e+00  6.52116498e-01  7.37475255e-01  2.56740715e+00]
Device (GPU) time: 1.1653 seconds
Iters. done: 258 [Current cost: -20.759487585407157]
Current parameters: [ 3.00851774  1.60481279  2.81770368  3.01570801  3.20713318  2.88387407
 -0.0403506   2.75738317  1.93338368  2.74547175  0.04310198  1.93627323
  0.25373963  0.20699438  2.03262378  1.92095564  3.0628295  -0.02138999
  3.3892115   2.93311497  3.13044623  2.10633049  2.54242877  0.57776889
  3.05177075  2.69267203  0.39933736  1.46577629  1.87700781  3.15276097
  2.64879907  2.96177862  3.01374391  1.62153052 -0.36401152 -0.03638961
  1.6403775   2.86032029  3.09833765  2.06500497  1.8864407  -0.00500704
  4.64999547  2.35767874  3.21169923  3.08847063 -0.12331072 -0.49285618
 -0.16574147  3.40890124  0.27570444  1.12176584  1.63137805  1.68191627
  0.18558391  1.86681183  2.70819757  0.36969494  3.28171718  2.92540191
  1.72495062  0.65955062  0.75006349  2.5478536 ]
Device (GPU) time: 1.2296 seconds
Iters. done: 259 [Current cost: -20.85652234566704]
Current parameters: [ 2.94028242  1.60494155  2.83927354  2.9485612   3.21231528  2.88510909
 -0.04785477  2.78668965  1.88848148  2.74754357  0.04398129  1.93639769
  0.25418455  0.21302508  2.03562043  1.9198289   3.07113335 -0.03012731
  3.38517264  2.93713665  3.12838046  2.09883218  2.5449576   0.57850298
  3.05323538  2.68940318  0.39796697  1.46446736  1.87504892  3.15802967
  2.64957212  2.96207753  3.0157569   1.62129813 -0.36642877 -0.03804095
  1.64134636  2.87068258  3.09676828  2.06994448  1.8877105  -0.00659152
  4.6480749   2.35569846  3.21589197  3.08634452 -0.12403004 -0.48971884
 -0.16801605  3.19827633  0.28062958  1.10969481  1.62526202  1.68545933
  0.18929366  1.87002055  2.71738976  0.37036132  3.28061854  2.88300113
  1.77825965  0.65545205  0.74600695  2.54897254]
Device (GPU) time: 1.1408 seconds
Iters. done: 260 [Current cost: -20.862568744053117]
Current parameters: [ 2.67704566e+00  1.59195907e+00  2.88511356e+00  2.71315641e+00
  3.20503928e+00  2.95000623e+00 -3.13498671e-02  2.82641493e+00
  1.73066135e+00  2.76157654e+00  2.62206759e-02  1.89312008e+00
  2.52154633e-01  1.92236987e-01  2.02275897e+00  1.89644675e+00
  3.06810073e+00 -2.98234688e-02  3.39826489e+00  2.93512805e+00
  3.12430311e+00  2.00204220e+00  2.52218918e+00  5.98960526e-01
  3.05664914e+00  2.71708441e+00  3.77144936e-01  1.46889910e+00
  1.87395690e+00  3.16319358e+00  2.64260378e+00  2.87868615e+00
  3.06486565e+00  1.62106032e+00 -3.98831499e-01 -2.17220957e-02
  1.64318497e+00  2.88520680e+00  3.09844672e+00  2.11223861e+00
  1.89392107e+00 -4.38175717e-03  4.63431180e+00  2.37123718e+00
  3.28494915e+00  3.05800687e+00 -1.72500149e-01 -4.78577468e-01
 -1.58034141e-01  3.38473983e+00  2.88084550e-01  1.14822503e+00
  1.56031247e+00  1.67880482e+00  2.41180527e-01  1.86186140e+00
  2.67760342e+00  3.82045900e-01  3.21249877e+00  2.90698605e+00
  1.71264581e+00  6.72179081e-01  7.66233236e-01  2.53979759e+00]
Device (GPU) time: 1.0473 seconds
Iters. done: 261 [Current cost: -20.81203099241927]
Current parameters: [ 2.94088561  1.60736251  2.83760582  2.94495251  3.21261055  2.86897616
 -0.04490675  2.79624705  1.88491289  2.75728848 -0.1245076   1.82696357
  0.2567483   0.21865995  2.02487147  1.91144886  3.06738434 -0.03469821
  3.37128265  2.93836876  3.23142772  2.10672039  2.54667335  0.57561316
  3.05240501  2.68906095  0.39910636  1.46333413  1.87572676  3.15543181
  2.64963131  2.96856408  3.01148209  1.62090156 -0.36398613 -0.03889024
  1.63981995  2.86579356  3.09544887  2.06236502  1.88676535 -0.00607147
  4.64899846  2.35538058  3.20907378  3.0891044  -0.12085608 -0.49687068
 -0.16941986  3.2023899   0.27758903  1.09788673  1.62951842  1.68480055
  0.18212788  1.86749663  2.73644221  0.36863965  3.29759727  2.89185936
  1.78592013  0.58228557  0.68411625  2.54861805]
Device (GPU) time: 1.7224 seconds
Iters. done: 262 [Current cost: -20.87663517191365]
Current parameters: [ 3.07077226  1.58987871  2.94921959  2.9395933   3.23330788  2.90738204
 -0.05476749  2.98645047  1.87271025  2.76207002 -0.14688126  1.8147434
  0.2349089   0.09968666  2.00986326  1.92813745  2.9882891  -0.05179071
  3.2584593   2.99871548  3.12747174  2.04688115  2.54918449  0.53778768
  3.0394637   2.75333783  0.36549766  1.42842972  1.88712371  3.10017238
  2.6293736   2.93671891  3.02225352  1.60282186 -0.39426722 -0.02514605
  1.59162303  2.77726876  3.04083711  1.93682278  1.87751853  0.0119165
  4.62954477  2.38569162  3.20264806  3.08753364 -0.1678011  -0.72223204
 -0.20199174  3.19267065  0.21309201  1.10511825  1.54167064  1.65372458
  0.22285074  1.75684204  2.74288417  0.3905588   3.30091954  2.88385209
  1.7923265   0.5839455   0.65472352  2.50921612]
Device (GPU) time: 1.1723 seconds
Iters. done: 263 [Current cost: -20.69373071741463]
Current parameters: [ 2.93121624e+00  1.61757060e+00  2.82223910e+00  2.93475573e+00
  3.22566747e+00  3.01752721e+00 -1.70521250e-01  2.79337716e+00
  1.86497638e+00  2.75039806e+00 -1.21058721e-01  1.85954992e+00
  3.61799016e-01  2.53827074e-01  2.02685548e+00  1.92005728e+00
  3.10041601e+00 -6.95046972e-02  3.32514624e+00  2.93761378e+00
  3.25865217e+00  2.13468158e+00  2.54920782e+00  5.67816083e-01
  3.04946999e+00  2.68770828e+00  4.04521714e-01  1.46191370e+00
  1.87946959e+00  3.14596446e+00  2.65240488e+00  2.98873887e+00
  2.99842752e+00  1.62126112e+00 -3.52302000e-01 -4.03478879e-02
  1.63699622e+00  2.84968910e+00  3.09596215e+00  2.04347139e+00
  1.88380679e+00 -2.92414937e-03  4.65252283e+00  2.35472515e+00
  3.18609843e+00  3.09942239e+00 -1.08426430e-01 -5.08354596e-01
 -1.70095205e-01  3.21683033e+00  2.65915469e-01  1.08913876e+00
  1.64964745e+00  1.68261168e+00  1.67397801e-01  1.86385679e+00
  2.74874105e+00  3.66000808e-01  3.30973848e+00  2.90195273e+00
  1.79048711e+00  5.75694945e-01  6.75986189e-01  2.54856908e+00]
Device (GPU) time: 1.2230 seconds
Iters. done: 264 [Current cost: -20.739632776920935]
Current parameters: [ 2.94691971  1.69238397  2.85480654  2.94880936  3.17739463  2.84894914
 -0.00709973  2.82646424  1.92414766  2.76449651 -0.15062721  2.00802087
  0.03874094  0.28874043  2.01657027  1.9016216   3.24935605 -0.1926779
  3.22664606  2.9447508   3.44764323  2.08452432  2.53782195  0.57030482
  3.04930084  2.7031395   0.39375986  1.45909358  1.88441268  3.14028756
  2.65900618  2.95712558  3.02226077  1.62275651 -0.357993   -0.03108422
  1.63541239  2.85416858  3.09769918  2.05531654  1.88648344  0.00545105
  4.64049744  2.36361509  3.20745236  3.09298758 -0.12564029 -0.51083799
 -0.16606658  3.19881626  0.25330671  1.15198173  1.62055737  1.68145254
  0.20785547  1.85867294  2.65164948  0.37893155  3.22369017  2.85639577
  1.74966279  0.62962486  0.71081237  2.54281378]
Device (GPU) time: 1.0531 seconds
Iters. done: 265 [Current cost: -20.799734246551917]
Current parameters: [ 2.97849733e+00  1.61262814e+00  2.78776242e+00  2.90415753e+00
  3.35595700e+00  2.85505438e+00 -2.59217915e-02  2.91306870e+00
  1.88916917e+00  2.75954731e+00 -1.16850172e-01  1.83123386e+00
  2.60988391e-01  2.91749846e-01  2.01597063e+00  1.90188087e+00
  3.03765572e+00 -2.35977093e-02  3.35870957e+00  2.92134180e+00
  3.22589314e+00  2.11694066e+00  2.53590545e+00  5.80685354e-01
  3.05124553e+00  2.68873331e+00  4.05402434e-01  1.47126482e+00
  1.88146980e+00  3.15070202e+00  2.65845698e+00  2.96612116e+00
  3.01355923e+00  1.62660877e+00 -3.50316529e-01 -3.41974799e-02
  1.64689033e+00  2.86275420e+00  3.11220243e+00  2.08056201e+00
  1.88683669e+00 -6.95770443e-04  4.65123780e+00  2.35698339e+00
  3.20475718e+00  3.09445217e+00 -1.13040105e-01 -4.57455203e-01
 -1.55727998e-01  3.21177339e+00  2.70204843e-01  1.08514196e+00
  1.65285498e+00  1.68396761e+00  1.72796450e-01  1.88248723e+00
  2.75662388e+00  3.64688198e-01  3.28384386e+00  2.82581829e+00
  1.71171963e+00  5.79670234e-01  6.74649832e-01  2.55221439e+00]
Device (GPU) time: 1.1507 seconds
Iters. done: 266 [Current cost: -20.800593172571688]
Current parameters: [ 2.9394818   1.60071465  2.90195665  2.98046276  3.1423663   2.91792475
 -0.03589261  2.73087211  1.90455061  2.82904506 -0.1337276   1.7285904
  0.17307959  0.6269648   1.94955867  1.843709    3.03501858 -0.02419792
  3.36369997  2.94849087  3.09166354  2.08619535  2.54595209  0.57231232
  3.05073663  2.70492684  0.38981636  1.45797816  1.87521339  3.14769812
  2.6390745   2.94999215  3.01796925  1.61574293 -0.37918758 -0.03528574
  1.63002702  2.84844402  3.08206975  2.04115088  1.88536705 -0.00572037
  4.64603083  2.36279207  3.21974118  3.08245369 -0.13905464 -0.54457163
 -0.17611527  3.195201    0.27211537  1.11057198  1.60196906  1.67621587
  0.20052074  1.84178221  2.71976447  0.37549538  3.29927546  2.92509012
  1.82498703  0.6157485   0.65290753  2.53944286]
Device (GPU) time: 1.2001 seconds
Iters. done: 267 [Current cost: -20.9018255256636]
Current parameters: [ 2.93397436  1.60007033  2.89946467  2.99219206  3.14019976  2.82785515
 -0.16641292  2.67620737  1.88959653  2.8461056  -0.23737081  1.81612075
  0.17077693  0.61690345  1.92797733  1.82261522  3.00146449 -0.02514885
  3.33420444  2.93939515  3.015695    2.07224742  2.53720826  0.57996319
  3.05110025  2.7114401   0.38785198  1.46308655  1.87575266  3.14780197
  2.63683677  2.92882892  3.02823635  1.6169018  -0.38427117 -0.03024369
  1.63272615  2.84738934  3.08743249  2.05582528  1.88631308 -0.00525734
  4.64602319  2.36693577  3.23516908  3.07659927 -0.14877529 -0.5301679
 -0.16905098  3.19132848  0.27444314  1.1089529   1.59628809  1.67257595
  0.20870195  1.84331009  2.72426232  0.3764406   3.28346125  2.88004311
  1.77990915  0.61762431  0.64899528  2.53842627]
Device (GPU) time: 1.0657 seconds
Iters. done: 268 [Current cost: -20.80171518506569]
Current parameters: [ 2.96548668  1.60662999  2.82721559  2.93943009  3.26941949  2.88785853
 -0.08816044  2.82349686  1.90215579  2.84136869 -0.21626319  1.80141213
  0.11532756  0.61967912  1.92344455  1.81620615  2.99886822  0.01181185
  3.38233788  2.92125017  3.06952315  2.08504485  2.52023199  0.58022106
  3.04706814  2.71578066  0.39591702  1.4702092   1.8895199   3.13090326
  2.65672791  2.93074397  3.03114812  1.62606889 -0.35655033 -0.02122344
  1.63933785  2.8346419   3.11161631  2.07030379  1.8854547   0.00950082
  4.64510118  2.3720465   3.21792331  3.09076996 -0.13375932 -0.48652421
 -0.14976618  3.20501634  0.24715741  1.17382472  1.63156377  1.67076367
  0.22154184  1.85978064  2.61651681  0.38214583  3.33935933  3.21277634
  2.10013068  0.67904083  0.6918256   2.5410312 ]
Device (GPU) time: 1.2664 seconds
Iters. done: 269 [Current cost: -20.799214752183982]
Current parameters: [ 2.92431378e+00  1.60114486e+00  2.87654523e+00  2.97170318e+00
  3.09243162e+00  2.99578243e+00 -9.61317139e-02  2.76736020e+00
  1.93776543e+00  2.82472489e+00 -1.26021912e-01  1.73212043e+00
  2.69983283e-02  6.00635769e-01  1.95181767e+00  1.84476458e+00
  2.98604020e+00  1.43702668e-02  3.39115427e+00  2.94132031e+00
  3.09531757e+00  2.08814892e+00  2.54123000e+00  5.75191821e-01
  3.05057962e+00  2.70443950e+00  3.92166508e-01  1.46149998e+00
  1.87733936e+00  3.14681222e+00  2.64301326e+00  2.94767809e+00
  3.01997685e+00  1.61828380e+00 -3.74008566e-01 -3.32769288e-02
  1.63353833e+00  2.84939225e+00  3.08944743e+00  2.05121968e+00
  1.88574555e+00 -3.67630495e-03  4.64658333e+00  2.36330513e+00
  3.21973623e+00  3.08397348e+00 -1.36361986e-01 -5.25551402e-01
 -1.70146427e-01  3.20219061e+00  2.70115039e-01  9.77964714e-01
  1.61054269e+00  1.67642946e+00  1.94606277e-01  1.84923128e+00
  2.75179613e+00  3.63015727e-01  3.31353480e+00  2.92368530e+00
  1.81856969e+00  6.05386079e-01  6.45648421e-01  2.54122422e+00]
Device (GPU) time: 1.1376 seconds
Iters. done: 270 [Current cost: -20.83438827347522]
Current parameters: [ 2.96083086e+00  1.60018361e+00  2.93211141e+00  2.99186755e+00
  3.20086182e+00  2.85323751e+00  4.65049887e-02  2.68785333e+00
  1.86403682e+00  2.85030069e+00 -1.85247895e-01  1.72883231e+00
  3.06301514e-01  6.45235851e-01  1.92933340e+00  1.82530510e+00
  3.12562799e+00 -5.55458847e-02  3.37981449e+00  2.96052153e+00
  3.09058762e+00  2.08002035e+00  2.54886055e+00  5.64541706e-01
  3.04893898e+00  2.71156635e+00  3.85508612e-01  1.45119593e+00
  1.87695576e+00  3.14016744e+00  2.63832445e+00  2.95220306e+00
  3.01718327e+00  1.61320599e+00 -3.81100531e-01 -3.48245024e-02
  1.62277740e+00  2.83834361e+00  3.07329553e+00  2.02048723e+00
  1.88407131e+00 -2.78510234e-03  4.64243594e+00  2.36563172e+00
  3.21420814e+00  3.08426880e+00 -1.42212157e-01 -5.78687080e-01
 -1.82715097e-01  3.20666693e+00  2.61722759e-01  7.26401719e-01
  1.59093759e+00  1.67384646e+00  2.39412971e-01  1.82703569e+00
  2.58196181e+00  3.50760479e-01  3.18391433e+00  2.95435259e+00
  1.85067683e+00  7.08958220e-01  7.16346259e-01  2.53446843e+00]
Device (GPU) time: 1.1490 seconds
Iters. done: 271 [Current cost: -20.99103158409942]
Current parameters: [ 2.95915201e+00  1.60086093e+00  2.93088676e+00  2.99171822e+00
  3.19623210e+00  2.84832646e+00  3.75857088e-02  2.69018345e+00
  1.86913798e+00  2.84133136e+00 -1.62325128e-01  1.72453202e+00
  3.10061378e-01  6.47971694e-01  1.93994560e+00  1.83445828e+00
  3.10586861e+00 -6.00575341e-02  3.35718202e+00  2.96087730e+00
  3.08857847e+00  2.07553822e+00  2.54877892e+00  5.65813789e-01
  3.04960570e+00  2.71071538e+00  3.84896115e-01  1.45137539e+00
  1.87630703e+00  3.14242640e+00  2.63874819e+00  2.95013573e+00
  3.01920177e+00  1.61340682e+00 -3.82257525e-01 -3.49163318e-02
  1.62372696e+00  2.84286955e+00  3.07367646e+00  2.02482330e+00
  1.88474858e+00 -3.28273688e-03  4.64163274e+00  2.36519627e+00
  3.21752610e+00  3.08288932e+00 -1.43254237e-01 -5.74492076e-01
 -1.82588011e-01  3.20417075e+00  2.63959069e-01  7.35396743e-01
  1.58835429e+00  1.67507202e+00  3.04682357e-01  1.82915568e+00
  2.48769943e+00  1.46882356e-01  3.23637330e+00  2.94301880e+00
  1.84015926e+00  6.67157118e-01  6.86319368e-01  2.53499781e+00]
Device (GPU) time: 1.0692 seconds
Iters. done: 272 [Current cost: -20.91800074209769]
Current parameters: [ 2.97450756e+00  1.60135169e+00  2.93226130e+00  2.99770675e+00
  3.22109591e+00  2.87416627e+00  7.65399848e-02  2.67896537e+00
  1.85155277e+00  2.88001138e+00 -2.57810135e-01  1.73454154e+00
  2.94010325e-01  6.33715803e-01  1.89884153e+00  1.79704058e+00
  3.19796938e+00 -4.81852179e-02  3.45015658e+00  2.96865383e+00
  3.09227126e+00  2.07961081e+00  2.55082868e+00  5.57857618e-01
  3.04702505e+00  2.71711309e+00  3.83039222e-01  1.44624728e+00
  1.87892943e+00  3.13261091e+00  2.63766058e+00  2.95561919e+00
  3.01490358e+00  1.61131824e+00 -3.81142643e-01 -3.43126209e-02
  1.61682690e+00  2.82704037e+00  3.06694530e+00  2.00206349e+00
  1.88254603e+00 -7.25002350e-05  4.64053341e+00  2.36810272e+00
  3.20715285e+00  3.08693618e+00 -1.43393228e-01 -6.06306412e-01
 -1.87345006e-01  3.20842408e+00  2.52002999e-01  7.72678869e-01
  1.58566235e+00  1.67107197e+00  2.29035382e-01  1.81481028e+00
  2.89869981e+00  8.68212268e-02  3.02017766e+00  2.99059568e+00
  1.88749970e+00  8.40314840e-01  8.08141874e-01  2.53047099e+00]
Device (GPU) time: 1.1928 seconds
Iters. done: 273 [Current cost: -20.94732118572062]
Current parameters: [ 2.96566517e+00  1.60050623e+00  2.92626676e+00  2.99887736e+00
  3.19475781e+00  2.84603472e+00  4.24084474e-02  2.68524385e+00
  1.87223148e+00  2.83999711e+00 -1.37060664e-01  1.74877252e+00
  3.09677454e-01  6.48035282e-01  1.93919982e+00  1.83443774e+00
  3.10598444e+00 -5.60586949e-02  3.36207023e+00  2.95754238e+00
  3.07418066e+00  2.07956517e+00  2.54680183e+00  5.66142196e-01
  3.04905735e+00  2.71114798e+00  3.86330817e-01  1.45275903e+00
  1.87768166e+00  3.14041419e+00  2.64010587e+00  2.95057559e+00
  3.01862851e+00  1.61434442e+00 -3.79238193e-01 -3.39788973e-02
  1.62453973e+00  2.83998988e+00  3.07655243e+00  2.02600996e+00
  1.88442205e+00 -2.05260689e-03  4.64244917e+00  2.36574428e+00
  3.21517519e+00  3.08451322e+00 -1.41390414e-01 -5.69403008e-01
 -1.80120378e-01  3.20702245e+00  2.61497914e-01  7.26471281e-01
  1.59384622e+00  1.67426201e+00  2.39216509e-01  1.83078859e+00
  2.58180528e+00  3.50365932e-01  3.00360160e+00  2.99041291e+00
  1.88570195e+00  5.90871734e-01  6.21299410e-01  2.53536717e+00]
Device (GPU) time: 1.1521 seconds
Iters. done: 274 [Current cost: -20.86089919975072]
Current parameters: [ 2.96110105e+00  1.59731290e+00  2.93967462e+00  2.97387980e+00
  3.25663433e+00  2.91088340e+00  1.35636503e-01  2.67326646e+00
  1.79884646e+00  2.93091551e+00 -2.27005912e-01  1.89707264e+00
  2.68021998e-01  6.15966307e-01  1.83896149e+00  1.74412457e+00
  3.33843115e+00 -1.91131176e-02  3.60964097e+00  2.96500849e+00
  2.99568646e+00  2.10624183e+00  2.55161857e+00  5.52132865e-01
  3.04381118e+00  2.72003664e+00  3.87201209e-01  1.44628255e+00
  1.88163866e+00  3.12220898e+00  2.63473205e+00  2.96745186e+00
  3.00322136e+00  1.61034746e+00 -3.75108100e-01 -3.44297269e-02
  1.61272813e+00  2.80430312e+00  3.06560558e+00  1.98111937e+00
  1.87901557e+00  1.48320847e-03  4.64589805e+00  2.36958040e+00
  3.18981181e+00  3.09395812e+00 -1.37066600e-01 -6.24606167e-01
 -1.87603027e-01  3.22218359e+00  2.42696351e-01  7.25389371e-01
  1.60148910e+00  1.66488677e+00  2.32036122e-01  1.80542993e+00
  2.58183761e+00  3.52779660e-01  3.29757981e+00  2.93876031e+00
  1.83115213e+00  5.72712495e-01  5.50123188e-01  2.52852424e+00]
Device (GPU) time: 1.0514 seconds
Iters. done: 275 [Current cost: -20.738331668479123]
Current parameters: [ 2.94419358e+00  1.59916394e+00  2.91084483e+00  2.98215151e+00
  3.11398723e+00  2.88726917e+00  1.20184921e-01  2.75843689e+00
  1.93099420e+00  2.78304587e+00 -2.84237746e-01  1.78781202e+00
  3.52799020e-01  6.76552845e-01  1.99554065e+00  1.88872831e+00
  3.14319237e+00 -6.23536571e-02  3.38148950e+00  2.95385840e+00
  3.01325789e+00  2.07649003e+00  2.54388211e+00  5.68772035e-01
  3.04934713e+00  2.71140806e+00  3.86684092e-01  1.45481062e+00
  1.87825302e+00  3.14111982e+00  2.64148985e+00  2.94607779e+00
  3.02160290e+00  1.61553545e+00 -3.78468284e-01 -3.26259734e-02
  1.62663010e+00  2.84226382e+00  3.08017320e+00  2.03361813e+00
  1.88499148e+00 -1.45312638e-03  4.64229104e+00  2.36626634e+00
  3.21864112e+00  3.08371241e+00 -1.42090449e-01 -5.58537631e-01
 -1.76926365e-01  3.20630675e+00  2.62058466e-01  7.26983855e-01
  1.59516579e+00  1.67443478e+00  2.40419968e-01  1.83473692e+00
  2.58162491e+00  3.50378560e-01  3.18328593e+00  2.95369055e+00
  1.84824447e+00  6.86851255e-01  7.46311086e-01  2.53614569e+00]
Device (GPU) time: 1.1639 seconds
Iters. done: 276 [Current cost: -20.83579491260731]
Current parameters: [ 2.96559662e+00  1.60295935e+00  2.93786988e+00  2.99329357e+00
  3.19713921e+00  2.85621886e+00  5.36602156e-02  2.70190928e+00
  1.86985583e+00  2.94762755e+00 -1.68863329e-01  1.73324630e+00
  3.09177809e-01  6.47816777e-01  1.83891795e+00  1.73226467e+00
  3.11459589e+00 -6.36045354e-02  3.35804841e+00  2.97155338e+00
  3.08802141e+00  2.08170873e+00  2.55578570e+00  5.58082375e-01
  3.04909966e+00  2.70669985e+00  3.85175659e-01  1.44553251e+00
  1.87683657e+00  3.14094731e+00  2.64253043e+00  2.96701150e+00
  3.01253212e+00  1.61255031e+00 -3.77482145e-01 -3.84718009e-02
  1.62060681e+00  2.84436299e+00  3.06858523e+00  2.01132829e+00
  1.88417702e+00 -2.05081617e-03  4.63951109e+00  2.36249737e+00
  3.20461269e+00  3.08819227e+00 -1.35806752e-01 -5.89910667e-01
 -1.89114862e-01  3.20602397e+00  2.58746878e-01  7.22091433e-01
  1.58972660e+00  1.67862347e+00  2.34284135e-01  1.82668002e+00
  2.58470517e+00  3.49840517e-01  3.18758088e+00  2.95836400e+00
  1.85587821e+00  4.07748927e-01  1.07752033e+00  2.53503850e+00]
Device (GPU) time: 1.1998 seconds
Iters. done: 277 [Current cost: -20.954887839186853]
Current parameters: [ 3.05611328e+00  1.46028949e+00  2.92251523e+00  2.84862145e+00
  3.19229807e+00  2.85839981e+00  4.21429894e-02  2.62921605e+00
  1.91326108e+00  2.84832780e+00 -1.86108746e-01  1.72373725e+00
  2.92490339e-01  6.42648243e-01  1.93227904e+00  1.81969092e+00
  3.15339202e+00 -7.89609414e-02  3.36091456e+00  2.95214655e+00
  3.08717046e+00  2.07449407e+00  2.57201605e+00  5.43894845e-01
  3.05032999e+00  2.68402643e+00  4.12752060e-01  1.44919519e+00
  1.88089486e+00  3.14029660e+00  2.64650882e+00  2.95515326e+00
  3.01505857e+00  1.61171441e+00 -3.83369553e-01 -3.61969390e-02
  1.62051008e+00  2.83694367e+00  3.06888794e+00  2.06943211e+00
  1.88366753e+00 -3.81909829e-03  4.64230436e+00  2.36519741e+00
  3.21259760e+00  3.08408043e+00 -1.42878221e-01 -5.90757265e-01
 -1.86405391e-01  3.20607811e+00  2.62202825e-01  7.26106155e-01
  1.58715833e+00  1.67369056e+00  2.39357208e-01  1.82245356e+00
  2.58225178e+00  3.51111749e-01  3.18431293e+00  2.95438946e+00
  1.85215201e+00  7.07454776e-01  7.15821738e-01  2.53345026e+00]
Device (GPU) time: 1.0433 seconds
Iters. done: 278 [Current cost: -20.85706505748212]
Current parameters: [ 2.92194654  1.64387291  2.94583553  3.12664626  3.20430698  2.84580447
  0.06946698  2.71307815  1.78277228  2.87832135 -0.17219902  1.69209249
  0.30738951  0.6396238   1.89650327  1.87520516  3.1237369  -0.05227929
  3.37013884  3.01873042  3.09742788  2.05366113  2.76337752  0.34029902
  3.03568692  2.60936998  0.51188833  1.44802167  1.91984679  3.10995387
  2.60739004  2.91612074  3.04562116  1.61853357 -0.37005171 -0.01544433
  1.61667884  2.81470647  3.08354847  2.29158906  1.88419663  0.02151084
  4.62539827  2.38482228  3.21981091  3.08929447 -0.15649621 -0.59182603
 -0.16977388  3.20232598  0.21326482  0.72033223  1.57254831  1.66511739
  0.25645896  1.81277936  2.59649559  0.37003613  3.20371229  2.95910129
  1.85081996  0.73027846  0.72345019  2.52279767]
Device (GPU) time: 1.1373 seconds
Iters. done: 279 [Current cost: -20.878873636505613]
Current parameters: [ 2.95467781e+00  1.62125863e+00  2.94111686e+00  2.97280987e+00
  3.21474210e+00  2.85387844e+00  4.50505518e-02  2.67414562e+00
  1.90061418e+00  2.94938364e+00 -1.84803138e-01  1.72632030e+00
  3.08139070e-01  6.41541926e-01  1.83410005e+00  2.01990190e+00
  3.12771312e+00 -5.47569283e-02  3.38442880e+00  2.94203485e+00
  3.08920216e+00  2.07115510e+00  2.51633998e+00  5.95257430e-01
  3.05173936e+00  2.70353026e+00  3.91217787e-01  1.44978279e+00
  1.87724362e+00  3.14088582e+00  2.65525171e+00  2.95434647e+00
  3.01619165e+00  1.61224828e+00 -3.82943393e-01 -3.60541312e-02
  1.62156893e+00  2.84170717e+00  3.06871053e+00  2.03106790e+00
  1.88410684e+00 -3.77857731e-03  4.64203222e+00  2.36492868e+00
  3.21393577e+00  3.08396304e+00 -1.42428447e-01 -5.85379802e-01
 -1.85359867e-01  3.20555080e+00  2.62776740e-01  7.25977846e-01
  1.58794192e+00  1.67447854e+00  2.39336650e-01  1.82487854e+00
  2.58231410e+00  3.50805212e-01  3.18428997e+00  2.95432743e+00
  1.85185671e+00  7.07706769e-01  7.16422549e-01  2.53412647e+00]
Device (GPU) time: 1.1986 seconds
Iters. done: 280 [Current cost: -20.879009517196916]
Current parameters: [ 2.94729632  1.62476088  2.92305187  3.01941204  3.2075076   2.82124877
  0.08263648  2.65823572  1.83431403  2.83795177 -0.16184087  1.69470352
  0.30350839  0.64505964  1.94561059  1.78964371  3.10894814 -0.052923
  3.35967723  2.83112114  3.1147769   2.27960271  2.53331336  0.55207765
  3.04272907  2.69118208  0.28579858  1.46243105  1.90095446  3.06482853
  2.64329168  2.89814721  3.06910474  1.61327946 -0.40171621 -0.01643544
  1.60802963  3.13899099  2.84316612  2.0274164   1.89352409  0.01397236
  4.61757192  2.38885989  3.25635448  3.09753484 -0.15178881 -0.61669295
 -0.16814402  3.20388441  0.18975929  0.71362342  1.57287262  1.66640954
  0.25484405  1.79282106  2.6039622   0.37510478  3.21420878  2.96649188
  1.85514814  0.73876359  0.72898963  2.52013028]
Device (GPU) time: 1.1379 seconds
Iters. done: 281 [Current cost: -20.698159363884155]
Current parameters: [ 2.97494618  1.59745693  2.95597544  3.00367582  3.20734057  2.87404313
  0.05170971  2.67774173  1.87584941  2.85868393 -0.18419471  1.71075569
  0.30785276  0.63041617  1.92909846  1.82346486  3.14760266 -0.05188324
  3.36659537  2.92227522  3.08458073  2.15088819  2.55129903  0.56744683
  3.04980973  2.83575223  0.255378    1.461614    1.90553605  3.15542983
  2.62515     2.94325124  3.02268089  1.6121817  -0.38773632 -0.03569115
  1.62392825  2.78093479  3.12903195  2.12854577  1.87857098 -0.01510635
  4.63938715  2.36446042  3.22787359  3.07733782 -0.14900169 -0.57619499
 -0.18550381  3.19507015  0.27218456  0.72695574  1.57482935  1.67755698
  0.24595256  1.82872544  2.58245838  0.35180182  3.18363567  2.95023254
  1.85073859  0.70586233  0.71885623  2.53501327]
Device (GPU) time: 1.1721 seconds
Iters. done: 282 [Current cost: -20.92433305170595]
Current parameters: [ 2.93799207e+00  1.61754221e+00  2.91406101e+00  3.03725094e+00
  3.19213348e+00  2.85024095e+00  1.41937112e-01  2.57724318e+00
  1.84501829e+00  2.84529618e+00 -1.46987115e-01  1.65641066e+00
  3.16493300e-01  6.11387944e-01  1.93086005e+00  1.77612101e+00
  3.10982683e+00 -1.25225901e-02  3.31784387e+00  2.83518437e+00
  3.12342935e+00  2.17415054e+00  2.49601107e+00  5.80242866e-01
  3.04054436e+00  2.61871310e+00  5.05538969e-01  1.41877887e+00
  1.94535872e+00  3.10175955e+00  2.62624179e+00  2.83793472e+00
  3.10350820e+00  1.62965443e+00 -3.71454462e-01  4.54844072e-03
  1.63322410e+00  2.67660636e+00  3.26612248e+00  1.84799072e+00
  1.87458271e+00  9.47841085e-03  4.60210118e+00  2.39671619e+00
  3.28587191e+00  3.06999848e+00 -1.85164766e-01 -5.02340714e-01
 -1.44060139e-01  3.16136668e+00  2.11746929e-01  7.18989606e-01
  1.52890466e+00  1.67480677e+00  2.92073243e-01  1.84375940e+00
  2.60797335e+00  3.84917140e-01  3.21539591e+00  2.94768409e+00
  1.84147979e+00  7.45106611e-01  7.42208444e-01  2.52427825e+00]
Device (GPU) time: 1.0928 seconds
Iters. done: 283 [Current cost: -20.688321610318436]
Current parameters: [ 2.96474541  1.603393    2.9227515   2.983669    3.16100533  2.79440814
 -0.01603252  2.75607593  1.89052702  2.84232278 -0.15216369  1.70431804
  0.32869454  0.66173794  1.91671332  1.82481357  3.18478367 -0.05787988
  3.41540808  2.95520022  3.10457904  2.09827642  2.55354262  0.55767167
  3.04732741  2.70413156  0.39672686  1.45160924  1.88104581  3.136491
  2.63715156  2.95852823  3.01251582  1.61343935 -0.37598817 -0.03672112
  1.62201315  2.82174105  3.08194497  2.01269363  1.98360768 -0.08473233
  4.64464806  2.36557624  3.34779712  3.08782003 -0.13737171 -0.58078552
 -0.18710139  3.2143352   0.26090764  0.72022019  1.59475475  1.67259798
  0.22841161  1.76222736  2.58804045  0.34823358  3.19042597  2.96366085
  1.85531826  0.70415978  0.71453677  2.53669899]
Device (GPU) time: 1.1806 seconds
Iters. done: 284 [Current cost: -20.831549334718527]
Current parameters: [ 2.93428079e+00  1.61364840e+00  2.86699844e+00  2.98878649e+00
  3.08964597e+00  2.69474838e+00 -4.06354581e-02  2.75874221e+00
  1.90702956e+00  2.85930496e+00 -8.68411470e-02  1.62974145e+00
  3.67331592e-01  6.71975245e-01  1.94077233e+00  1.78782945e+00
  3.21384667e+00 -5.36707825e-02  3.45662254e+00  2.97415760e+00
  3.13950926e+00  1.96652504e+00  2.50726081e+00  5.73757999e-01
  3.04358535e+00  2.77266191e+00  3.52589174e-01  1.44829404e+00
  1.88914269e+00  3.10696563e+00  2.64750883e+00  2.86689057e+00
  3.06958765e+00  1.61498513e+00 -3.92339794e-01 -9.14921458e-03
  1.61440295e+00  2.82413671e+00  3.06830380e+00  2.02389673e+00
  1.90832965e+00  2.71868040e-03  4.62779917e+00  2.39792538e+00
  2.90565704e+00  3.08081186e+00 -1.71854743e-01 -6.00734529e-01
 -1.48387864e-01  3.20484516e+00  2.14440757e-01  7.14747010e-01
  1.57006605e+00  1.65582045e+00  2.58730645e-01  1.94016225e+00
  2.61093579e+00  3.72908339e-01  3.21695966e+00  2.96640639e+00
  1.84423242e+00  7.30586772e-01  7.21601513e-01  2.52863812e+00]
Device (GPU) time: 1.2586 seconds
Iters. done: 285 [Current cost: -20.843953759598236]
Current parameters: [ 2.95674681  1.60165585  2.92477063  2.98889044  3.19846235  2.84767954
  0.04715685  2.69140377  1.86016954  2.84854675 -0.18445964  1.73494757
  0.30606078  0.6491063   1.92928719  1.82599671  3.12165746 -0.05134281
  3.37875722  2.95405538  3.09461925  2.09174139  2.52380241  0.53533625
  3.02347832  2.70263483  0.38743365  1.4474915   1.88004741  3.14744559
  2.64417999  3.04850271  3.13488826  1.61611809 -0.50465399 -0.03404046
  1.71694914  2.76639279  2.99795597  2.02227575  1.86199859 -0.02912455
  4.64228138  2.36458036  3.20982124  3.08637121 -0.13867283 -0.55976251
 -0.18309962  3.20852169  0.26050372  0.72538367  1.59493615  1.67495462
  0.23646895  1.82863727  2.5820528   0.34966881  3.18422958  2.95606556
  1.85155483  0.70912496  0.71685726  2.53525361]
Device (GPU) time: 1.1578 seconds
Iters. done: 286 [Current cost: -20.850099775689237]
Current parameters: [ 2.9292863   1.60797511  2.89312302  3.00415834  3.18945058  2.83883402
  0.10437585  2.61573413  1.84125057  2.84200915 -0.16948244  1.70598479
  0.3102798   0.63719236  1.93296261  1.79808543  3.07655977 -0.04648533
  3.36550208  2.96848794  3.10987426  1.97456595  2.46097374  0.52801934
  2.9984977   2.77318507  0.35732021  1.4649693   1.88366187  3.09915933
  2.6539211   3.06102122  2.83152493  1.62000117 -0.12330991 -0.01075246
  1.79867839  2.72650726  2.90719733  2.03952565  1.92978991  0.07887977
  4.62431045  2.38728675  3.26031425  3.07776087 -0.16787063 -0.55414301
 -0.15083933  3.18988361  0.22655072  0.72602315  1.56966036  1.66743021
  0.27066202  1.83716697  2.59423381  0.37077233  3.19891791  2.94874959
  1.84007198  0.73399936  0.72682196  2.52770025]
Device (GPU) time: 1.0467 seconds
Iters. done: 287 [Current cost: -20.928543665678568]
Current parameters: [ 2.94802652e+00  1.59986637e+00  2.91104593e+00  2.98601090e+00
  3.19122797e+00  2.84537775e+00  5.72281253e-02  2.67793766e+00
  1.85801753e+00  2.84676328e+00 -1.82269280e-01  1.73667709e+00
  3.08785936e-01  6.48687816e-01  1.92715469e+00  1.82364341e+00
  3.11332908e+00 -3.98477464e-02  3.37364204e+00  2.95196710e+00
  3.09838337e+00  2.07989066e+00  2.59688681e+00  6.31592187e-01
  2.92439215e+00  2.71638722e+00  3.87018286e-01  1.45648828e+00
  1.87188595e+00  3.13691563e+00  2.66055478e+00  2.92709465e+00
  3.00084516e+00  1.61854357e+00 -4.02660130e-01 -3.81524575e-02
  1.50685798e+00  2.76091869e+00  2.99760279e+00  2.03152238e+00
  1.88556101e+00 -2.95358295e-03  4.62090743e+00  2.33432194e+00
  3.23232367e+00  3.11472041e+00 -1.05630882e-01 -5.61147644e-01
 -2.10639629e-01  3.21641582e+00  2.14741116e-01  7.26614775e-01
  1.61793240e+00  1.69867295e+00  2.41346651e-01  1.85844831e+00
  2.58263590e+00  3.50403718e-01  3.18401122e+00  2.92706994e+00
  1.87429049e+00  7.10475799e-01  7.17661965e-01  2.52347564e+00]
Device (GPU) time: 1.7515 seconds
Iters. done: 288 [Current cost: -20.940764224796876]
Current parameters: [ 2.93853715  1.60880489  2.90914647  3.00397188  3.2007602   2.83544237
  0.08275068  2.63520384  1.84274087  2.84407649 -0.17610157  1.70693408
  0.30584429  0.64314138  1.93950172  1.80122045  3.0849329  -0.05962833
  3.37706611  2.99893305  3.09814564  1.95059312  2.45220666  0.50037976
  3.20825906  2.7642968   0.35619382  1.44604377  1.89137616  3.12865461
  2.62904138  3.12129356  2.98521688  1.62456511 -0.45048779 -0.02897484
  1.52727976  2.92887944  3.20600642  2.0266346   1.88138163  0.02305506
  4.56419318  2.29173714  3.27503177  3.18440484 -0.04878801 -0.59783845
 -0.26176754  3.24082334  0.06171286  0.72543206  1.65480898  1.73126695
  0.26436445  1.88506284  2.59507353  0.37179877  3.20083859  2.87270877
  1.92341681  0.7342999   0.71941999  2.48177548]
Device (GPU) time: 1.1654 seconds
Iters. done: 289 [Current cost: -20.855623725531203]
Current parameters: [ 2.97217683e+00  1.60153138e+00  2.94607143e+00  2.99470875e+00
  3.23876805e+00  2.84379558e+00  2.30908841e-02  2.67171735e+00
  1.83445749e+00  2.80557198e+00 -1.85670047e-01  1.72345370e+00
  2.79433062e-01  6.68131240e-01  1.97687653e+00  1.87453795e+00
  3.14606687e+00 -5.11362625e-02  3.40624003e+00  2.84889555e+00
  3.09649074e+00  2.02193437e+00  2.55399457e+00  5.60627402e-01
  3.02506768e+00  2.70913495e+00  3.86954898e-01  1.44624586e+00
  1.87565040e+00  3.14023560e+00  2.46990025e+00  2.96297557e+00
  3.00949165e+00  1.63656357e+00 -3.82205571e-01 -7.83222843e-02
  1.61757724e+00  2.83295566e+00  3.06704100e+00  2.01078825e+00
  1.88185535e+00 -3.29482092e-03  4.65704202e+00  2.36381696e+00
  3.20527849e+00  3.08657627e+00 -1.39102187e-01 -6.01833757e-01
 -1.89986651e-01  3.20888407e+00  2.61209852e-01  7.23601313e-01
  1.58909305e+00  1.67452335e+00  2.34462724e-01  1.81956388e+00
  2.58405374e+00  3.49816936e-01  3.18641980e+00  2.95772909e+00
  1.85497060e+00  6.85060367e-01  7.40038577e-01  2.53405729e+00]
Device (GPU) time: 1.2628 seconds
Iters. done: 290 [Current cost: -20.882829494238795]
Current parameters: [ 2.97761877e+00  1.60319001e+00  2.95513563e+00  3.00733979e+00
  3.31951562e+00  2.81515402e+00 -2.46859036e-03  2.57842878e+00
  1.75672464e+00  2.68813730e+00 -1.83969084e-01  1.68823495e+00
  2.20107921e-01  7.14136140e-01  2.07911500e+00  1.96742074e+00
  3.16473712e+00 -2.37253112e-02  3.46326857e+00  3.12193993e+00
  3.10725172e+00  2.10512723e+00  2.53316233e+00  5.64509378e-01
  3.07497589e+00  2.75233680e+00  3.68392388e-01  1.44931618e+00
  1.88382871e+00  3.11595151e+00  2.84209975e+00  2.89815360e+00
  3.03581393e+00  1.69746969e+00 -3.81912936e-01 -1.50303637e-01
  1.61049645e+00  2.80888612e+00  3.07723451e+00  1.99390000e+00
  1.87640982e+00  1.62782689e-02  4.68597473e+00  2.38778242e+00
  3.22427849e+00  3.07879243e+00 -1.67314232e-01 -6.16764115e-01
 -1.70888944e-01  3.20659865e+00  2.38482454e-01  7.24303778e-01
  1.56838162e+00  1.65504822e+00  2.53365427e-01  1.79476903e+00
  2.59319471e+00  3.65734471e-01  3.19788355e+00  2.96030781e+00
  1.84580055e+00  6.51728571e-01  7.94104836e-01  2.52542985e+00]
Device (GPU) time: 1.0532 seconds
Iters. done: 291 [Current cost: -20.868889673961338]
Current parameters: [ 2.96365685e+00  1.66907218e+00  2.97874415e+00  2.98136086e+00
  3.22789149e+00  2.88859304e+00  1.62709732e-02  2.68111939e+00
  1.93749541e+00  2.83778346e+00 -2.08189874e-01  1.67943811e+00
  2.98272192e-01  6.16692303e-01  1.94019344e+00  1.78962367e+00
  3.14851834e+00 -3.60186525e-02  3.42858577e+00  2.91133848e+00
  3.06804606e+00  2.08294241e+00  2.51048775e+00  5.51268210e-01
  3.10185576e+00  2.67615615e+00  4.19534231e-01  1.44672498e+00
  1.88362668e+00  3.13336365e+00  2.67034044e+00  2.94464922e+00
  3.00251334e+00  1.52268744e+00 -3.79522563e-01 -9.68309818e-02
  1.59288431e+00  2.80189005e+00  3.02814542e+00  2.05540655e+00
  1.88133327e+00 -2.41636924e-03  4.64322071e+00  2.36383675e+00
  3.19758289e+00  3.09028758e+00 -1.35540332e-01 -5.67997733e-01
 -1.90335962e-01  3.19202151e+00  2.50410639e-01  7.58609360e-01
  1.59594026e+00  1.67296842e+00  2.63234020e-01  1.81765153e+00
  2.52869127e+00  3.57728390e-01  3.13606298e+00  2.93196290e+00
  1.83485714e+00  7.28103609e-01  7.36168052e-01  2.51364538e+00]
Device (GPU) time: 1.3131 seconds
Iters. done: 292 [Current cost: -20.817123446306937]
Current parameters: [ 2.94980672e+00  1.72950853e+00  3.01676884e+00  2.97246004e+00
  3.28270419e+00  2.82404337e+00  9.10479142e-02  2.62521655e+00
  1.95804576e+00  2.82648991e+00 -1.34144782e-01  1.76580679e+00
  3.47359110e-01  6.52575762e-01  1.97231804e+00  1.76574760e+00
  3.11549298e+00 -1.20821827e-01  3.28647448e+00  2.94820436e+00
  3.09030600e+00  1.91615052e+00  2.57106398e+00  6.72159860e-01
  2.94001733e+00  2.70602131e+00  3.93005060e-01  1.43497175e+00
  1.86991357e+00  3.15570730e+00  2.71419249e+00  2.96089522e+00
  3.04575127e+00  1.46925214e+00 -4.09539857e-01 -1.13186682e-01
  1.66868715e+00  2.92315786e+00  3.14307584e+00  2.09529594e+00
  1.88236204e+00  4.97110206e-04  4.62934297e+00  2.37999916e+00
  3.24918419e+00  3.06135550e+00 -1.86035690e-01 -5.82699339e-01
 -1.92991628e-01  3.23138000e+00  2.78967706e-01  6.42250729e-01
  1.51786747e+00  1.66408945e+00  1.94783376e-01  1.78966640e+00
  2.72652975e+00  3.48977678e-01  3.31752584e+00  3.01006086e+00
  1.90200794e+00  6.55547218e-01  6.58532177e-01  2.56916682e+00]
Device (GPU) time: 1.1975 seconds
Iters. done: 293 [Current cost: -20.977265297830865]
Current parameters: [ 2.97335616e+00  1.62557411e+00  2.96764838e+00  2.97545101e+00
  3.22347666e+00  2.86824438e+00  3.63344814e-02  2.66978992e+00
  1.91213885e+00  2.86039497e+00 -1.89049277e-01  1.70982654e+00
  3.07864378e-01  6.32708257e-01  1.92902841e+00  1.83182988e+00
  3.13951389e+00 -6.72149401e-02  3.38895080e+00  2.95461626e+00
  3.07498259e+00  2.02800368e+00  2.63161643e+00  4.99140895e-01
  3.05641346e+00  2.74955716e+00  3.37898709e-01  1.44241212e+00
  1.86064193e+00  3.15097487e+00  2.65056125e+00  2.97520826e+00
  3.10484555e+00  1.65535865e+00 -3.13052274e-01 -4.26707884e-03
  1.57368136e+00  2.85502600e+00  3.04896647e+00  1.94876577e+00
  1.88261083e+00 -4.96823158e-03  4.64062911e+00  2.36834571e+00
  3.21889203e+00  3.08059278e+00 -1.50539436e-01 -4.66412554e-01
 -1.86353430e-01  3.20463360e+00  2.62371075e-01  7.28651234e-01
  1.57977846e+00  1.66921848e+00  2.45048975e-01  1.81463498e+00
  2.58167779e+00  3.53899534e-01  3.18350473e+00  2.95130740e+00
  1.85037070e+00  7.07409476e-01  7.13332780e-01  2.53055308e+00]
Device (GPU) time: 1.0558 seconds
Iters. done: 294 [Current cost: -21.028944899468204]
Current parameters: [ 3.04490199e+00  1.53838259e+00  3.05170287e+00  3.09474559e+00
  3.23161740e+00  2.92933899e+00  2.58760540e-02  2.71200842e+00
  1.84384595e+00  2.87148986e+00 -1.94292364e-01  1.64627509e+00
  2.96788582e-01  6.00316841e-01  1.93880408e+00  1.80495910e+00
  3.21482398e+00 -1.27429174e-01  3.37348573e+00  3.09270233e+00
  3.04194653e+00  1.99747529e+00  2.43693554e+00  6.89663739e-01
  3.05253583e+00  2.68547073e+00  3.87547249e-01  1.42437617e+00
  1.85949854e+00  3.16466887e+00  2.55377103e+00  2.99577998e+00
  3.23328628e+00  1.71384360e+00 -2.22055279e-01  4.28197152e-02
  1.50150880e+00  2.89099521e+00  3.00644485e+00  2.08287671e+00
  1.88103485e+00 -3.91868714e-03  4.63089049e+00  2.37571514e+00
  3.23043342e+00  3.07164154e+00 -1.70222733e-01 -3.34634167e-01
 -1.95703725e-01  3.19043037e+00  2.60699319e-01  7.29096955e-01
  1.54204957e+00  1.66405365e+00  2.59844072e-01  1.78797789e+00
  2.58557705e+00  3.63826172e-01  3.18861947e+00  2.94809354e+00
  1.85230441e+00  7.07293645e-01  7.12752022e-01  2.52204972e+00]
Device (GPU) time: 1.2730 seconds
Iters. done: 295 [Current cost: -20.99053415029731]
Current parameters: [ 2.84451085  1.48575279  2.96201215  3.06438596  3.29954495  2.86730287
  0.02766263  2.67977536  2.00041097  2.85816645 -0.18956862  1.70353471
  0.29374814  0.62464755  1.93183019  1.82933841  3.16654716 -0.08935079
  3.3716259   2.9304525   3.06915842  2.01452745  2.63755008  0.49414202
  3.05984132  2.75107265  0.33579291  1.43823727  1.85886357  3.1496858
  2.67306298  2.9797171   3.10059984  1.65224121 -0.31789969 -0.0064224
  1.56869989  2.84929022  3.04014717  1.93291998  1.88149413 -0.0068078
  4.64081424  2.36825336  3.21570151  3.08017816 -0.15269986 -0.49242876
 -0.19326836  3.20426526  0.26241745  0.72855292  1.57247217  1.66767201
  0.24542929  1.8039052   2.58200065  0.35502661  3.18407967  2.95120099
  1.85284895  0.70479954  0.71160465  2.52794651]
Device (GPU) time: 1.1727 seconds
Iters. done: 296 [Current cost: -21.0263945798346]
Current parameters: [ 2.86605583  1.71338804  2.95373531  2.87688256  3.30013426  2.82951946
  0.04531931  2.58890948  2.10744124  2.85026879 -0.18174424  1.71888235
  0.31390325  0.63117618  1.93531552  1.81738783  3.09807327 -0.03979781
  3.39535244  3.24347438  3.08832214  2.16605114  2.63035272  0.48676336
  3.01971559  2.75773846  0.33704009  1.43813511  1.86879925  3.13212413
  2.40996887  2.96621373  3.10480493  1.65820639 -0.3023533   0.00662361
  1.56912144  2.84615271  3.04813418  1.92760153  1.87971787  0.00791794
  4.63634711  2.37746057  3.20581362  3.08635071 -0.15109464 -0.49359099
 -0.18192871  3.20849563  0.24084233  0.72541544  1.5797618   1.66348417
  0.2448445   1.80147583  2.58489664  0.36009647  3.19011279  2.95992884
  1.85022959  0.71875242  0.71473881  2.52602986]
Device (GPU) time: 1.2401 seconds
Iters. done: 297 [Current cost: -20.927858829834868]
Current parameters: [ 2.96708088e+00  1.62654547e+00  2.95686507e+00  2.97129583e+00
  3.21930117e+00  2.86089455e+00  3.71365864e-02  2.67149512e+00
  1.90806755e+00  2.85787640e+00 -1.87979798e-01  1.71589318e+00
  3.08046138e-01  6.37217827e-01  1.92902889e+00  1.83228994e+00
  3.13369454e+00 -6.15170725e-02  3.38939789e+00  2.94803138e+00
  3.07941443e+00  2.04109701e+00  2.62889504e+00  4.98439475e-01
  3.05574705e+00  2.74639782e+00  3.42462600e-01  1.44474914e+00
  1.86378373e+00  3.14763755e+00  2.65398040e+00  3.07009538e+00
  3.06369858e+00  1.66300149e+00 -3.45475679e-01 -1.31122328e-02
  1.48499091e+00  2.85305774e+00  3.05455152e+00  1.95228580e+00
  1.88281604e+00 -3.47534263e-03  4.60306826e+00  2.54595801e+00
  3.21756227e+00  3.00088835e+00 -1.66896649e-01 -4.56142531e-01
 -1.47159741e-01  3.20507695e+00  2.77103717e-01  7.28386224e-01
  1.55846713e+00  1.67109233e+00  2.43290487e-01  1.82266350e+00
  2.58128085e+00  3.53177075e-01  3.18325976e+00  2.95526024e+00
  1.84720990e+00  7.08215338e-01  7.13936226e-01  2.52984551e+00]
Device (GPU) time: 1.0586 seconds
Iters. done: 298 [Current cost: -21.015100861691167]
Current parameters: [ 2.94353486  1.63487403  2.92176163  2.9825385   3.20844052  2.83924769
  0.07662599  2.6522152   1.87576413  2.85879252 -0.17811945  1.71054688
  0.30584771  0.63828468  1.92620469  1.80957754  3.09667817 -0.04770739
  3.37115367  2.95774292  3.10305165  2.01728928  2.61469936  0.48740755
  3.0535056   2.76058651  0.34082706  1.44349357  1.88176167  3.11858573
  2.67125034  3.13557136  3.03627871  1.64265106 -0.35880699  0.06486476
  1.38684088  2.86099391  3.07381714  1.9509907   1.88026092  0.02727944
  4.78784648  2.15786941  3.16808871  3.11997019 -0.26899638 -0.44738146
 -0.10149874  3.15555043  0.39053675  0.72538171  1.53092557  1.5655932
  0.25387605  1.71226989  2.58467902  0.3670645   3.19275336  3.06250904
  1.74343611  0.73678835  0.72370651  2.581764  ]
Device (GPU) time: 1.1731 seconds
Iters. done: 299 [Current cost: -20.857111219319474]
Current parameters: [ 2.97307344e+00  1.62509278e+00  2.96721480e+00  2.97671454e+00
  3.22209143e+00  2.87095933e+00  4.11531453e-02  2.66463856e+00
  1.91321160e+00  2.86058059e+00 -1.87471948e-01  1.70783920e+00
  3.09053894e-01  6.30070585e-01  1.92757891e+00  1.83104757e+00
  3.13817478e+00 -6.90720872e-02  3.38751817e+00  2.95251544e+00
  3.07651882e+00  2.02415105e+00  2.72546594e+00  6.05545550e-01
  3.15024714e+00  2.81206890e+00  3.94555482e-01  1.51220923e+00
  1.85927038e+00  3.01269659e+00  2.63485974e+00  2.99622996e+00
  3.11679307e+00  1.65606393e+00 -3.23528951e-01 -4.20813176e-03
  1.59953247e+00  2.84198887e+00  3.02997119e+00  1.95070345e+00
  1.88215804e+00 -7.54375825e-03  4.63933963e+00  2.36761109e+00
  3.22407480e+00  3.07855589e+00 -1.51865669e-01 -4.56909737e-01
 -1.85758520e-01  3.20082337e+00  2.65824707e-01  7.28560154e-01
  1.57635907e+00  1.67129800e+00  2.46890439e-01  1.81870000e+00
  2.58213575e+00  3.53817712e-01  3.18359666e+00  2.94996091e+00
  1.85011036e+00  7.06778282e-01  7.14745389e-01  2.53158361e+00]
Device (GPU) time: 1.1590 seconds
Iters. done: 300 [Current cost: -20.98550585562629]
Current parameters: [ 2.95481072  1.63692389  2.94059269  2.98256512  3.22039309  2.8354627
  0.05407394  2.67569097  1.87916243  2.86004819 -0.18203764  1.71278619
  0.30224977  0.64465218  1.93267147  1.81491035  3.11482546 -0.05175403
  3.37454516  2.97160391  3.09399966  2.02873015  2.82176494  0.69200265
  3.24799133  2.62586176  0.22633607  1.29527361  1.88199731  3.40695839
  2.64481793  3.01197585  3.08634952  1.66237712 -0.27072885  0.02106486
  1.60962365  2.80226033  3.00485424  1.93855943  1.88037183  0.02745645
  4.63676073  2.38170794  3.19147573  3.09373403 -0.15364685 -0.50750543
 -0.16975874  3.21233873  0.22213732  0.72213417  1.58423615  1.6547736
  0.24403569  1.79112327  2.58786904  0.36601883  3.19665869  2.97276756
  1.84497907  0.73320893  0.71724482  2.5245789 ]
Device (GPU) time: 1.0891 seconds
Iters. done: 301 [Current cost: -20.939382827264847]
Current parameters: [ 2.9656775   1.63034751  2.9598335   2.97065474  3.22556043  2.84966017
  0.05571984  2.66290855  1.9057205   2.85694823 -0.17183295  1.73801027
  0.31805952  0.64487843  1.93165728  1.83353626  3.08520428 -0.17111356
  3.40743005  2.93740076  3.087865    2.05055187  2.58808991  0.45835565
  3.14454504  2.75010918  0.33760046  1.4442534   1.73499241  3.15267339
  2.63893752  2.92009732  3.10936333  1.65589483 -0.31721892 -0.00482917
  1.52608648  2.78606266  3.0051376   1.96828205  1.88441138 -0.00682412
  4.63795344  2.3667281   3.22778223  3.07603616 -0.1543583  -0.45816916
 -0.18819368  3.211795    0.27345395  0.70396822  1.56914992  1.67298269
  0.22706964  1.81881819  2.62094345  0.34849323  3.2189297   2.96735419
  1.86537821  0.69026919  0.70005184  2.54515597]
Device (GPU) time: 1.1983 seconds
Iters. done: 302 [Current cost: -20.96518227071727]
Current parameters: [ 2.98079045  1.62484608  2.97401778  3.00322884  3.21901095  2.89255208
  0.02575267  2.67466489  1.90279509  2.87114819 -0.21324724  1.63876215
  0.28458011  0.60494526  1.92305581  1.80915496  3.06210542 -0.23368322
  3.53929429  2.95356339  3.06622208  2.07266158  2.72114049  0.57405095
  2.88242972  2.74810296  0.32695012  1.42172589  1.61148905  3.14372602
  2.68145079  3.06612074  3.10344003  1.6616383  -0.28789065  0.02093712
  1.66322226  2.92549406  3.20439448  1.94393344  1.87712823  0.02403959
  4.63755551  2.38225527  3.19056167  3.09521786 -0.15217375 -0.50774695
 -0.16809293  3.18325392  0.21228438  0.77216468  1.58857686  1.65382395
  0.2879061   1.79089758  2.509542    0.37751741  3.1249972   2.93493845
  1.81487898  0.76432158  0.74859122  2.49691136]
Device (GPU) time: 1.1657 seconds
Iters. done: 303 [Current cost: -20.97147547632307]
Current parameters: [ 2.96131427e+00  1.62634162e+00  2.94739721e+00  2.96848898e+00
  3.21538260e+00  2.85762270e+00  4.18171457e-02  2.66721956e+00
  1.90471292e+00  2.87474512e+00 -1.87550702e-01  1.72011643e+00
  3.08778007e-01  6.38987143e-01  1.94644116e+00  1.83121292e+00
  3.12615360e+00 -5.67053710e-02  3.38797882e+00  2.94276139e+00
  3.08215435e+00  2.04281063e+00  2.62501339e+00  4.99918949e-01
  3.05469738e+00  2.74117201e+00  3.52661753e-01  1.59968819e+00
  1.86506824e+00  3.22055795e+00  2.65697549e+00  3.01408407e+00
  3.20351748e+00  1.62298136e+00 -2.21999165e-01 -2.54465325e-02
  1.53971710e+00  2.84514697e+00  3.06031495e+00  1.94719627e+00
  1.88318514e+00 -3.22483760e-03  4.64273277e+00  2.36866990e+00
  3.21919315e+00  3.08159848e+00 -1.48611055e-01 -5.54485718e-01
 -1.81907160e-01  3.20624053e+00  2.61108217e-01  7.28749945e-01
  1.58591995e+00  1.66951871e+00  2.44136073e-01  1.82041374e+00
  2.58129696e+00  3.53169427e-01  3.18308462e+00  2.95185926e+00
  1.84879400e+00  7.09392824e-01  7.13993219e-01  2.53194155e+00]
Device (GPU) time: 1.0720 seconds
Iters. done: 304 [Current cost: -20.95127229322611]
Current parameters: [ 3.00809642  1.63075857  3.02932996  3.01614238  3.25111754  2.8937516
  0.04037867  2.67247951  1.91744168  2.91557398 -0.18679346  1.65897777
  0.30079112  0.60765179  1.97016061  1.81549281  3.17192344 -0.10160474
  3.37989134  3.00286431  3.06445623  1.9809938   2.65778352  0.49001811
  3.05303623  2.73595711  0.33072109  1.73359557  1.85230867  3.31489114
  2.63780497  2.88821028  2.91040258  1.72410104 -0.48459506  0.05833229
  1.63660977  2.88305085  3.02864892  1.89091536  1.87874748  0.01310082
  4.62878906  2.37742213  3.20587539  3.08321497 -0.1649614  -0.33659161
 -0.18814755  3.19302363  0.23898801  0.72524123  1.54920539  1.66001643
  0.25568864  1.77916386  2.5850971   0.36872049  3.19299503  2.96278463
  1.84940444  0.72323048  0.71992235  2.5200677 ]
Device (GPU) time: 1.2542 seconds
Iters. done: 305 [Current cost: -20.969271536209494]
Current parameters: [ 2.97465377e+00  1.62317151e+00  2.96948870e+00  2.97783815e+00
  3.22301168e+00  2.87729364e+00  3.86821195e-02  2.66275064e+00
  1.91366934e+00  2.86225999e+00 -1.93478363e-01  1.70261373e+00
  3.06371480e-01  6.26783417e-01  1.92688244e+00  1.82960468e+00
  3.13957058e+00 -6.24747018e-02  3.39102363e+00  2.95184295e+00
  3.07089742e+00  2.02451030e+00  2.62852528e+00  4.99409692e-01
  3.05597730e+00  2.75686643e+00  3.34011937e-01  1.44089731e+00
  1.86366878e+00  3.14923369e+00  2.64992798e+00  2.96565853e+00
  3.13683837e+00  1.65502327e+00 -3.42924302e-01 -3.80403462e-03
  1.57292294e+00  2.84813622e+00  3.05506624e+00  1.94849900e+00
  2.00376037e+00  1.44255767e-01  4.63784273e+00  2.36993661e+00
  3.22459094e+00  3.07691245e+00 -1.56050453e-01 -4.67257734e-01
 -1.88241816e-01  3.19603808e+00  2.59311149e-01  7.34453388e-01
  1.57095669e+00  1.66937392e+00  1.03834524e-01  1.81603385e+00
  2.54194554e+00  3.24084926e-01  3.17607792e+00  2.94837754e+00
  1.84340135e+00  7.11580254e-01  7.15700355e-01  2.51656994e+00]
Device (GPU) time: 1.1820 seconds
Iters. done: 306 [Current cost: -20.99738951045206]
Current parameters: [ 2.9590885   1.62869066  2.94646974  2.99240336  3.21579718  2.87021021
  0.06937007  2.6456828   1.88782364  2.86679588 -0.19300481  1.68542881
  0.29986184  0.6201946   1.92276537  1.80676252  3.1069356  -0.05702787
  3.38864957  2.98223087  3.08443131  1.96482805  2.62719303  0.49761284
  3.04855956  2.76589698  0.32528659  1.43321669  1.86626709  3.13845929
  2.6651684   2.9358017   3.07097669  1.66774482 -0.25903873  0.02473507
  1.57675228  2.87500852  3.05432855  1.94310812  1.68074642 -0.22066579
  4.62746905  2.38447425  3.22075046  3.07912992 -0.17086805 -0.47573096
 -0.17241957  3.17952379  0.2233073   0.74097061  1.55474007  1.65958911
 -0.10353675  1.80310801  2.4820567   0.29139218  3.17168463  2.9592222
  1.82377563  0.74475268  0.72846919  2.4898937 ]
Device (GPU) time: 1.1607 seconds
Iters. done: 307 [Current cost: -21.055309902307716]
Current parameters: [ 2.97304965  1.58173656  2.93820855  3.00809285  3.20306674  2.87012303
  0.06720493  2.66323483  1.85077079  2.88014502 -0.19374148  1.68767902
  0.29479299  0.62462273  1.91408866  1.8294323   3.11427929 -0.06606396
  3.38431968  3.01862856  3.08510908  1.97616516  2.6471648   0.48359137
  3.04609963  2.78055074  0.3048594   1.43161247  1.86007956  3.14387885
  2.63543662  2.93684598  3.06886821  1.55665059 -0.26167574 -0.05533436
  1.57661334  2.88283839  3.05027187  1.906905    1.68058763 -0.22271295
  4.60963339  2.34973231  3.23157165  3.093245   -0.14908717 -0.42560509
 -0.02387949  3.19217452  0.20344526  0.74046629  1.4967248   1.678891
 -0.10572351  1.82980727  2.4820564   0.29087835  3.17191318  2.9384162
  1.8464306   0.74515829  0.72808774  2.47212435]
Device (GPU) time: 1.1519 seconds
Iters. done: 308 [Current cost: -21.014431334722254]
Current parameters: [ 2.95752759  1.54082118  2.88403362  3.0287301   3.1728502   2.8500483
  0.10651552  2.65494942  1.78304877  2.89213709 -0.18652763  1.68892169
  0.28889407  0.6301535   1.90031727  1.83118863  3.07672396 -0.0575462
  3.3674546   3.05436774  3.11003674  1.96474257  2.65493633  0.47252279
  3.03541488  2.80713803  0.27958063  1.42940149  1.8673828   3.13416716
  2.62439605  2.90720741  3.069627    1.45094048 -0.24094856 -0.08712881
  1.5862454   2.89488724  3.07507991  1.87865346  1.66799313 -0.20707404
  4.65643782  2.4682941   3.18977329  3.05849391 -0.21808755 -0.34373275
 -0.45281035  3.15345355  0.23446383  0.74114626  1.68493261  1.61082596
 -0.09988387  1.74520759  2.47896815  0.30090185  3.17503714  3.01680111
  1.76459112  0.77250833  0.73863157  2.52398606]
Device (GPU) time: 1.0445 seconds
Iters. done: 309 [Current cost: -20.866707436118624]
Current parameters: [ 2.95300044  1.62784454  2.93738099  2.99252391  3.20970164  2.87267889
  0.08602961  2.62800746  1.8875642   2.86574901 -0.18795241  1.68601503
  0.3043085   0.61621299  1.91886249  1.80366922  3.09729036 -0.05581264
  3.38039589  2.97752091  3.09013289  1.94300637  2.61758924  0.50299393
  3.04819627  2.77786843  0.32132288  1.43567353  1.86743347  3.13535619
  2.66332218  2.91094103  3.0839953   1.66762416 -0.26542681  0.03231511
  1.57674039  2.87022676  3.05702194  1.95205897  1.68202736 -0.21845038
  4.63429816  2.39500358  3.19498551  3.06643577 -0.24460851 -0.47324633
 -0.09465248  3.19852787  0.2376256   0.73933979  1.70168062  1.69190071
 -0.09915645  1.68832313  2.48666118  0.29119941  3.17485808  2.89687066
  1.88250471  0.74311932  0.72995406  2.43144831]
Device (GPU) time: 1.2886 seconds
Iters. done: 310 [Current cost: -21.01438145353101]
Current parameters: [ 2.98386296  1.62969533  2.99369072  3.02787939  3.23561104  2.90639436
  0.08936663  2.62007623  1.8942595   2.88339783 -0.19625143  1.63623485
  0.29554363  0.58877167  1.92005537  1.78555466  3.12086477 -0.07956478
  3.37744304  3.03275116  3.0694865   1.85731361  2.63359996  0.49420287
  3.04584819  2.79631387  0.29280089  1.40955244  1.86171629  3.1394295
  2.65783773  2.87130854  3.096263    1.66839622 -0.29121587  0.04967739
  1.56535041  2.89597081  3.03342632  1.91956759  1.67447036 -0.21670612
  4.62185494  2.41267671  3.33330849  3.04492594 -0.10743459 -0.55813661
 -0.0370946   3.08925504  0.26048161  0.74527666  1.78766522  1.75323538
 -0.08522799  1.95704525  2.47898248  0.30642412  3.17370459  3.11790195
  1.65609466  0.76349007  0.73366729  2.62666414]
Device (GPU) time: 1.1420 seconds
Iters. done: 311 [Current cost: -20.99889151818955]
Current parameters: [ 2.95469622  1.62889534  2.94129746  2.99130627  3.19892425  2.87504583
  0.07985056  2.65656129  1.90139349  2.88963494 -0.19325498  1.68928943
  0.31193483  0.6096546   1.9013371   1.78370379  3.09763417 -0.06042742
  3.37577648  2.99360237  3.08202757  1.93956546  2.62710015  0.49838109
  3.0490214   2.63976236  0.20403458  1.47582416  1.86616593  3.05531958
  2.66669942  2.93616759  3.07185917  1.73965694 -0.25819074 -0.0829008
  1.57800923  2.85358398  3.07669998  1.94717849  1.68138558 -0.22051565
  4.66643599  2.38440211  3.22143752  3.07931165 -0.17021943 -0.46909851
 -0.17074455  3.17913023  0.22306701  0.74177051  1.5566515   1.66006688
 -0.10291853  1.80601845  2.48076778  0.29128555  3.17042899  2.95856289
  1.82275565  0.75592751  0.71741317  2.49009967]
Device (GPU) time: 1.1405 seconds
Iters. done: 312 [Current cost: -21.02995211606317]
Current parameters: [ 2.94435428  1.63376451  2.92981882  3.00132222  3.16938977  2.87936521
  0.11362402  2.67077857  1.9142366   2.93388183 -0.18893383  1.68417523
  0.33113232  0.58682781  1.86293825  1.73133591  3.0729185  -0.06983474
  3.34628438  2.97668198  3.08599458  1.98145565  2.63159669  0.49848491
  3.04623857  2.94518598  0.49787854  1.36622408  1.8686085   3.26578061
  2.67325428  2.92579919  3.06841627  1.87437495 -0.25221008 -0.25937457
  1.58272778  2.93408391  3.03262371  1.94664602  1.67337054 -0.2158156
  4.73072192  2.39065896  3.21792298  3.08262223 -0.17283825 -0.46389844
 -0.16496477  3.17190767  0.2065351   0.74144878  1.54781183  1.65506324
 -0.09985832  1.80550621  2.4788523   0.29815683  3.17299971  2.96746488
  1.81456778  0.78972195  0.70375723  2.48893644]
Device (GPU) time: 1.0849 seconds
Iters. done: 313 [Current cost: -20.966250315863203]
Current parameters: [ 2.95894938  1.62904864  2.93742994  2.98740668  3.1890864   2.83558762
  0.03676765  2.67804836  1.90483191  2.867297   -0.1715067   1.66887796
  0.31544762  0.62827865  1.91952926  1.80485633  3.17931244  0.03030263
  3.36051328  2.97969818  3.09312782  1.96644602  2.6230173   0.49560898
  3.05282625  2.76818674  0.32554623  1.43423569  1.76973775  3.13613151
  2.66364303  2.93602895  3.07105562  1.66798211 -0.25861289  0.02492712
  1.57909482  2.87300438  3.05876703  1.95074234  1.54772524 -0.11180577
  4.62757396  2.38460452  3.28084689  3.07907084 -0.17106985 -0.47615619
 -0.17271421  3.18175544  0.22385869  0.73757302  1.55436859  1.65934571
 -0.10665281  1.77944346  2.48735577  0.29066152  3.1765711   2.96199148
  1.82584291  0.74185026  0.72705701  2.49163915]
Device (GPU) time: 1.2016 seconds
Iters. done: 314 [Current cost: -21.026964305787747]
Current parameters: [ 2.9589236   1.63109253  2.96044611  3.00834964  3.25613682  2.91926806
  0.12646961  2.59545408  1.85626832  2.86908952 -0.2216666   1.70080526
  0.27542156  0.6049807   1.92730218  1.8019194   3.16789815  0.1885642
  3.21970284  2.99510873  3.0762184   1.95245046  2.62775033  0.4891634
  3.06063374  2.76494193  0.32187734  1.42664809  1.59826668  3.14259138
  2.66645212  2.93999412  3.06717605  1.67235437 -0.25703147  0.03317557
  1.58570885  2.8979809   3.06458195  1.96231956  1.86986674 -0.37766265
  4.62439905  2.38851602  3.12906999  3.08120119 -0.17320108 -0.48149353
 -0.17064237  3.17196471  0.2117754   0.74480521  1.54671552  1.65592368
 -0.09766223  1.83323831  2.47453093  0.29722429  3.16772124  2.9618368
  1.81670018  0.7581527   0.73426127  2.48610829]
Device (GPU) time: 1.1685 seconds
Iters. done: 315 [Current cost: -20.997562723254415]
Current parameters: [ 2.95004065  1.62880419  2.93221593  2.98732647  3.21074354  2.86454975
  0.07488571  2.63899991  1.88256873  2.99703296 -0.19354005  1.69230039
  0.30055509  0.62375014  2.05597345  1.80406331  3.09477703 -0.04901843
  3.38759043  2.9787163   3.08685696  1.95661971  2.61899174  0.49776721
  3.04709339  2.77256889  0.32674671  1.40918712  1.87160082  3.11651899
  2.67201143  2.9237901   3.07765332  1.66788577 -0.25570852  0.03341066
  1.57627517  2.86479098  3.05924643  1.94974409  1.68369281 -0.21753591
  4.63587014  2.42009214  3.20594171  3.11979413 -0.0508773  -0.4732151
 -0.15530067  3.17624746  0.24158228  0.74197988  1.54827365  1.64794397
 -0.10198106  1.72252448  2.48207631  0.29189263  3.17145338  2.96907785
  1.81063656  0.74710209  0.72736796  2.49573584]
Device (GPU) time: 1.0514 seconds
Iters. done: 316 [Current cost: -21.034350038568295]
Current parameters: [ 2.94506705  1.62809201  2.92612128  2.99491215  3.2051375   2.87432065
  0.1022744   2.61002705  1.88126099  2.64459304 -0.18791012  1.68194668
  0.30449605  0.61202652  1.69337887  1.79769562  3.08147717 -0.0518341
  3.37736858  2.97954329  3.09322874  1.9136871   2.60911187  0.5059987
  3.04596372  2.78838658  0.31141388  1.47711463  1.87361313  3.15312793
  2.66880148  2.89289807  3.09600964  1.67048859 -0.25947941  0.04823708
  1.58021353  2.87992897  3.06752129  1.95644482  1.67554824 -0.20532949
  4.64095898  2.46879363  3.15892505  3.16878241  0.10802025 -0.45781058
 -0.13176531  3.15348921  0.27555367  0.74236899  1.51697603  1.63742275
 -0.09131529  1.63621459  2.48425063  0.29535139  3.17347133  2.9807098
  1.79035947  0.75135307  0.7327963   2.50615062]
Device (GPU) time: 1.2260 seconds
Iters. done: 317 [Current cost: -21.091721272355148]
Current parameters: [ 2.94198431  1.62891358  2.92074158  2.99091223  3.20481826  2.86761806
  0.09585402  2.61749594  1.87738326  2.64330717 -0.19076852  1.68740285
  0.30243189  0.61764361  1.69524212  1.79864774  3.07886012 -0.04672533
  3.38128298  2.97823294  3.09248396  1.92685559  2.61028738  0.50331566
  3.04536321  2.78346124  0.31548527  1.47721042  1.87567582  3.1515156
  2.67449722  2.90599096  3.09034002  1.6732214  -0.25002168  0.04548693
  1.58180801  2.88051106  3.07151219  1.95567063  1.6751047  -0.20333981
  4.63643061  2.45867373  3.12304722  3.17723387  0.08079646 -0.44886389
 -0.15699742  3.14563205  0.2657729   0.74353444  1.46670727  1.86010407
 -0.09381067  1.57883771  2.48182805  0.29546574  3.17177171  3.01348118
  1.75857     0.75371774  0.73124236  2.53699964]
Device (GPU) time: 1.2253 seconds
Iters. done: 318 [Current cost: -21.066302588708623]
Current parameters: [ 2.95057154  1.64329539  2.94176999  3.03033572  3.22226775  2.85886816
  0.12067086  2.62173619  1.84992206  2.64889157 -0.1820807   1.65014946
  0.29201804  0.60734535  1.69064159  1.76879522  3.07469035 -0.06631326
  3.36239538  3.02997511  3.10362071  1.89144255  2.63777644  0.49185071
  3.03637364  2.78538938  0.30284276  1.45100438  1.87682929  3.15989605
  2.68462951  2.89482496  3.06695252  1.69446711 -0.23929591  0.07405109
  1.58525097  2.92379101  3.07384537  1.9179049   1.65633877 -0.20074522
  4.61128523  2.45717949  3.17644395  3.18939428  0.17891647 -0.49127196
 -0.20050802  3.19218497  0.64109399  0.73499947  1.49444234  1.72856098
 -0.09573186  1.77389377  2.48750175  0.31632017  3.19102823  2.92945838
  1.8646876   0.79129232  0.74114504  2.29204968]
Device (GPU) time: 1.0838 seconds
Iters. done: 319 [Current cost: -21.077012889916524]
Current parameters: [ 2.94473078  1.67312625  2.79103046  2.99637941  3.22008744  2.89014913
  0.10422677  2.58988802  1.86551564  2.64849553 -0.19345816  1.60806127
  0.26792358  0.5791931   1.69337115  1.79738466  3.14064481 -0.1042148
  3.33559492  2.9882109   3.00970302  1.90642967  2.61440287  0.50404456
  3.04681129  2.78842421  0.30789316  1.47322496  1.87043176  3.15638275
  2.66434108  2.89284783  3.09593899  1.66764776 -0.26708317  0.0459184
  1.57697996  2.88309576  3.05915953  1.94900998  1.67578029 -0.20826908
  4.63951483  2.46792131  3.16275815  3.16537088  0.10335316 -0.47624908
 -0.13859333  3.16948608  0.30819618  0.74677714  1.50385671  1.6381955
 -0.09609607  1.62928473  2.47159891  0.29827548  3.16597313  2.92820993
  1.8383143   0.75311153  0.73410369  2.60832804]
Device (GPU) time: 1.2382 seconds
Iters. done: 320 [Current cost: -20.94779661316265]
Current parameters: [ 2.94948289  1.57101309  3.12554481  3.02509418  3.19097687  2.86478315
  0.11405504  2.63830246  1.88095182  2.64631433 -0.19341165  1.73760059
  0.33685449  0.63810216  1.68340806  1.76944706  2.98813965  0.02718043
  3.44844843  3.00322172  3.21181102  1.90665424  2.62100066  0.49892241
  3.03638433  2.78958827  0.30966929  1.46368567  1.88181027  3.15098711
  2.68644399  2.8888217   3.07440045  1.69223604 -0.23292858  0.07681107
  1.58874969  2.90415284  3.08625944  1.93668148  1.6594011  -0.19661291
  4.63047776  2.47562391  3.13288106  3.18332525  0.11333833 -0.45739035
 -0.12925273  3.22093666  0.36160151  0.75660302  1.51649493  1.63358889
 -0.12540397  1.65770235  2.45034438  0.30029986  3.15992963  2.82939244
  1.92915811  0.80031083  0.75382074  2.81932199]
Device (GPU) time: 1.2268 seconds
Iters. done: 321 [Current cost: -21.114056944270036]
Current parameters: [ 2.9472062   1.57141333  3.12156553  3.02265922  3.19028909  2.86101415
  0.11093127  2.64200191  1.87853532  2.64548399 -0.19510096  1.74071352
  0.33567542  0.64118491  1.68424291  1.76984935  2.98596854  0.03063144
  3.45083268  3.00191605  3.21168359  1.91428408  2.62126506  0.49759712
  3.03599087  2.78697321  0.31209988  1.46400146  1.88314537  3.14985311
  2.68978488  2.89586219  3.07133411  1.72816379 -0.22732773  0.02361927
  1.58980421  2.90414857  3.08895997  1.93668858  1.65913374 -0.19533673
  4.42220881  2.40392512  3.10643649  3.1387319   0.11797643 -0.45499265
 -0.1330067   3.21138649  0.39512261  0.7575937   1.53156054  1.60126069
 -0.12646485  1.60908567  2.44846155  0.30039385  3.15847519  2.85812865
  1.90037103  0.80194307  0.75325518  2.83693893]
Device (GPU) time: 1.2215 seconds
Iters. done: 322 [Current cost: -21.10935079600423]
Current parameters: [ 2.94707401  1.57163598  3.13688887  3.03525156  3.1916955   2.85616562
  0.12433884  2.64065937  1.86989105  2.64624057 -0.18997969  1.73620817
  0.33693244  0.64029034  1.68130442  1.75901615  2.97470159  0.03064968
  3.44689206  3.01519175  3.22664037  1.90115483  2.62718234  0.4958057
  3.03267424  2.78971982  0.30811093  1.45721002  1.88448366  3.15139407
  2.69327855  2.88682125  3.06564642  1.68150508 -0.22334091  0.11788909
  1.59201825  2.91648     3.09267392  1.9279739   1.65277662 -0.19362464
  4.74256855  2.34026171  3.11138533  2.76257269  0.28559774 -0.45759961
 -0.15202349  3.23843806  0.30818598  0.75421279  1.51182176  1.66243337
 -0.12742776  1.63463669  2.45147175  0.30649598  3.16571862  2.79956702
  1.96533176  0.81446496  0.7577794   2.79384091]
Device (GPU) time: 1.2158 seconds
Iters. done: 323 [Current cost: -20.883213291504635]
Current parameters: [ 2.95446821  1.56123986  3.03238241  3.02912211  3.19984092  2.92916283
  0.12000421  2.6196695   1.89194357  2.66166994 -0.20881324  1.76725345
  0.37257612  0.6483944   1.67784106  1.75389921  2.95094105  0.06835797
  3.51347994  3.01931951  3.28425741  1.81995035  2.61406675  0.50957959
  3.04051466  2.80927607  0.28775933  1.45899233  1.8758814   3.16067473
  2.67572125  2.82902478  3.111099    1.68741784 -0.26879949  0.08454438
  1.58447378  2.92328201  3.07285728  1.95525174  1.66473577 -0.1992509
  4.61629596  2.48514185  3.18951525  3.15722074  0.07057023 -0.48099516
 -0.13446969  3.20722138  0.37386775  0.77604582  1.44467319  1.63156754
 -0.07999457  1.64073421  2.42560971  0.31495087  3.1326561   2.81177384
  1.91715431  0.80726838  0.76286403  2.80982879]
Device (GPU) time: 1.1125 seconds
Iters. done: 324 [Current cost: -21.08854940987588]
Current parameters: [ 2.6755263   1.56268152  3.22608072  2.78558075  3.17898483  2.89656525
  0.13329557  2.6880798   1.70920499  2.6530627  -0.2022396   1.67570222
  0.31647572  0.61086714  1.67167493  1.74899075  2.99917956  0.00710939
  3.42747923  2.9975707   3.17601096  1.84744222  2.60322473  0.51377998
  3.03637151  2.80893897  0.29826733  1.4681973   1.8845073   3.15161877
  2.68650575  2.83061354  3.10356193  1.69768886 -0.24555862  0.0944718
  1.59389336  2.91375183  3.09688517  1.96739684  1.66047692 -0.19209224
  4.62135602  2.48867132  3.17305512  3.17005127  0.08368675 -0.43599749
 -0.11640714  3.41961313  0.36427718  0.78568147  1.48315806  1.62675745
 -0.09532689  1.66044852  2.42209655  0.30728287  3.10563529  2.86441808
  1.86803642  0.81957223  0.7722077   2.81294128]
Device (GPU) time: 1.2472 seconds
Iters. done: 325 [Current cost: -20.988420663637484]
Current parameters: [ 2.97395231  1.52875902  3.14129669  3.02249991  3.21085948  2.87828738
  0.09791254  2.66418037  1.86119119  2.64420951 -0.18625203  1.65261391
  0.42825783  0.58094247  1.68399997  1.77714743  2.88879482  0.0957832
  3.49143688  3.01287763  3.09193009  1.90359525  2.62545623  0.49365663
  3.03517018  2.79660166  0.30498139  1.45839258  1.88016516  3.14658289
  2.67794268  2.88689754  3.07207989  1.68763915 -0.24219419  0.07617399
  1.58080691  2.8914149   3.07390148  1.91426568  1.65768002 -0.19815703
  4.63019589  2.47821153  3.13282608  3.18100116  0.10546234 -0.4975684
 -0.13750742  3.22023883  0.35945862  0.73389798  1.50183653  1.62870397
 -0.12821814  1.63881372  2.4896579   0.30026455  3.19368873  2.84350772
  1.94673134  0.77948018  0.73589701  2.81376826]
Device (GPU) time: 1.2277 seconds
Iters. done: 326 [Current cost: -21.116570043511967]
Current parameters: [ 3.09314778  1.54988545  3.26950227  3.04179425  3.2144968   2.89571864
  0.12153742  2.84054931  1.85544417  2.65089782 -0.20740862  1.71155903
  0.31905233  0.50470739  1.66303135  1.77272924  2.87956022  0.01521528
  3.324531    3.08518712  3.10831547  1.83264136  2.63257228  0.4546409
  3.01700254  2.86095258  0.27020584  1.41697568  1.89701193  3.09230956
  2.67123928  2.84724555  3.07378015  1.68486003 -0.25522034  0.10886526
  1.54083647  2.82443745  3.03514424  1.78727646  1.63944119 -0.17414106
  4.60218558  2.51471427  3.11556404  3.19239194  0.05892021 -0.70820221
 -0.16498651  3.20610696  0.29686152  0.7589938   1.41331182  1.59647864
 -0.08502175  1.54821045  2.46169793  0.33213481  3.17500491  2.82682591
  1.93995914  0.82201681  0.72954947  2.77067539]
Device (GPU) time: 1.2250 seconds
Iters. done: 327 [Current cost: -21.05952367604378]
Current parameters: [ 2.90535702  1.52933774  3.16216804  2.95496882  3.21661222  2.8860709
  0.08487724  2.69333182  1.81545364  2.64597551 -0.18522152  1.654175
  0.43333407  0.58851785  1.68708118  1.77640134  2.89854697  0.08551975
  3.48536776  3.01686212  3.09106667  1.89733706  2.62809435  0.49404623
  3.03650398  2.79327636  0.3038511   1.45702229  1.87837321  3.15142905
  2.67883727  2.88808568  3.07351533  1.68742284 -0.24409393  0.07445999
  1.58165032  2.90105705  3.07235626  1.91836736  1.65881814 -0.1996012
  4.62843258  2.47620427  3.13600175  3.17933204  0.10529174 -0.49494044
 -0.13980956  3.01045543  0.36386429  0.72145298  1.49661396  1.63214708
 -0.12516146  1.64185883  2.49938342  0.30081393  3.19312647  2.8015932
  2.00018989  0.775095    0.73148596  2.81488394]
Device (GPU) time: 1.1025 seconds
Iters. done: 328 [Current cost: -21.028767726583062]
Current parameters: [ 2.96381375  1.55026277  3.1351555   3.04347869  3.23654373  3.16645132
 -0.13232209  2.64262546  1.81134203  2.62915529 -0.16867451  1.70584037
  0.64619202  0.65304777  1.68189169  1.77310672  2.93240948  0.02984978
  3.39371953  3.03200924  3.17458545  1.9510439   2.64237391  0.47402612
  3.02173569  2.79480158  0.31314832  1.44430439  1.89205768  3.12946815
  2.69408381  2.91939211  3.02750246  1.70630015 -0.20161663  0.09726721
  1.58251175  2.88225815  3.08859252  1.86009517  1.63774549 -0.18751871
  4.62806201  2.48508181  3.07038268  3.21794219  0.12782251 -0.52324391
 -0.13788245  3.27593969  0.34342361  0.71135198  1.53601624  1.6198615
 -0.16516121  1.64921668  2.51705699  0.30558547  3.23272689  2.8785436
  1.95224394  0.7944138   0.73103791  2.80639564]
Device (GPU) time: 1.7533 seconds
Iters. done: 329 [Current cost: -21.06236603147016]
Current parameters: [ 2.98138688  1.53209739  3.13059045  3.01153095  3.23722403  2.85989127
  0.10426468  2.69482777  1.85845633  2.65420272 -0.35053727  1.54578215
  0.43155006  0.59977813  1.6718113   1.76716681  2.87970082  0.0933077
  3.4754916   3.01099204  3.19225156  1.9132109   2.62518472  0.49173764
  3.03414276  2.79620555  0.30724701  1.45872082  1.88187633  3.14316803
  2.67960625  2.89283152  3.06825422  1.68828732 -0.23730585  0.07619246
  1.58059204  2.8860546   3.07565149  1.91012263  1.65676361 -0.19666783
  4.63151138  2.4781905   3.12533645  3.18468774  0.11000505 -0.49743139
 -0.13639731  3.22599061  0.35512564  0.71996866  1.51026676  1.62790467
 -0.13696173  1.63905864  2.51206348  0.29785285  3.20788253  2.84020554
  1.94076721  0.70705856  0.67331688  2.81407385]
Device (GPU) time: 1.2608 seconds
Iters. done: 330 [Current cost: -21.120914164148058]
Current parameters: [ 3.05758439  1.54255817  3.04716959  2.95221616  3.52225817  2.83655902
  0.14971727  2.91566334  1.85968713  2.65432768 -0.26740309  1.58811431
  0.4461316   0.74511802  1.65472247  1.73901702  2.8101682   0.11789844
  3.45111369  2.98888841  3.16052752  1.92600483  2.61023528  0.50037642
  3.02775022  2.79600902  0.3178536   1.46825746  1.8955916   3.13581492
  2.70338166  2.88154139  3.06300056  1.71019437 -0.20087969  0.0996596
  1.59945135  2.89533161  3.1172952   1.93932424  1.64909864 -0.18365696
  4.63027558  2.48612991  3.10932803  3.20391954  0.12318453 -0.41819301
 -0.10824306  3.24848213  0.34578137  0.69521135  1.55172265  1.62402164
 -0.15739837  1.68011493  2.54758331  0.29675956  3.18315953  2.71248986
  1.79121959  0.74457884  0.68335638  2.81717703]
Device (GPU) time: 1.1762 seconds
Iters. done: 331 [Current cost: -21.012417939272492]
Current parameters: [ 2.98372985  1.52955624  3.15312388  3.02402293  3.21792814  2.87994064
  0.10221016  2.67374332  1.86768282  2.69055901 -0.36492333  1.50670288
  0.3841326   0.79733562  1.63210377  1.73097862  2.85966246  0.10261664
  3.47391062  3.01270509  3.12154904  1.90306642  2.62180653  0.49107687
  3.03290414  2.80520103  0.30344014  1.45756001  1.8833001   3.13744705
  2.67653312  2.88150319  3.07297281  1.68698989 -0.24206095  0.07960024
  1.57692759  2.8760072   3.07261567  1.90325636  1.65609666 -0.19471724
  4.62996047  2.48288434  3.13034699  3.18241273  0.1017551  -0.51379408
 -0.13655429  3.22363419  0.34955462  0.73352151  1.50032222  1.62308627
 -0.12554578  1.62866875  2.49190356  0.30196426  3.21334282  2.88986268
  1.99179484  0.73072266  0.6626879   2.80979782]
Device (GPU) time: 1.0624 seconds
Iters. done: 332 [Current cost: -21.07895531032269]
Current parameters: [ 3.00842517  1.5401299   3.05208142  2.97698492  3.37951327  2.81556259
  0.05497255  2.79549759  1.84509976  2.64828597 -0.42586798  1.63830669
  0.40109334  0.49419131  1.66218905  1.74816443  2.84336513  0.12634863
  3.49158104  2.99017071  3.21529859  1.91375158  2.60503609  0.49870243
  3.02793696  2.80318249  0.3144469   1.46748248  1.89772624  3.12949956
  2.70373331  2.87544338  3.072065    1.70690824 -0.20449761  0.09871866
  1.59512804  2.88630142  3.11337573  1.93737103  1.6515449  -0.18017185
  4.62764618  2.48866877  3.11432056  3.20101409  0.11867989 -0.42981831
 -0.10859149  3.24102282  0.33517143  0.7754096   1.54355978  1.62293142
 -0.12417671  1.6702465   2.41800685  0.3068521   3.25197766  3.11402968
  2.19668663  0.77135699  0.72293431  2.81499281]
Device (GPU) time: 1.2585 seconds
Iters. done: 333 [Current cost: -21.015794651051177]
Current parameters: [ 2.99088991  1.53138061  3.15027381  3.025349    3.2774282   2.74499689
  0.08130492  2.63402471  1.82255406  2.66731735 -0.41483277  1.59175691
  0.5514198   0.61599359  1.65788043  1.75450642  2.90157591  0.06078891
  3.43624277  3.01185743  3.14677801  1.90379807  2.624216    0.49362393
  3.03447613  2.80024864  0.30420038  1.45865392  1.88041439  3.1439608
  2.67508934  2.88292702  3.07232531  1.68682743 -0.24444135  0.07734335
  1.57918783  2.88467892  3.07252875  1.90997028  1.65697823 -0.19810444
  4.63104888  2.48008003  3.13396     3.18015645  0.10234098 -0.50515906
 -0.13740096  3.21803006  0.35808517  0.8290453   1.49998209  1.62569393
 -0.12748565  1.63373418  2.48801012  0.30873125  3.18722092  2.81620328
  1.92090496  0.7167009   0.67715166  2.81202847]
Device (GPU) time: 1.1987 seconds
Iters. done: 334 [Current cost: -21.1391206285364]
Current parameters: [ 2.96758703  1.53238528  3.13925562  3.06661612  3.22118764  2.67590429
 -0.19499126  2.57294249  1.82079336  2.68841082 -0.57124856  1.73713918
  0.39593058  0.56440835  1.62025373  1.70204372  2.77038191  0.10385014
  3.40953402  3.00725996  3.05154164  1.87558436  2.61527218  0.50609214
  3.02798991  2.81080407  0.30144624  1.46098053  1.887773    3.14517534
  2.68594331  2.83832515  3.07444346  1.70840962 -0.23067274  0.1100937
  1.59484473  2.90602632  3.1029425   1.93157176  1.6460836  -0.19106266
  4.62329087  2.49485834  3.14417496  3.18736631  0.08746309 -0.46028711
 -0.11771349  3.22813731  0.36679048  0.66836545  1.49551831  1.6160521
 -0.12836716  1.66203214  2.53811958  0.30558546  3.18945977  2.74202005
  1.83116267  0.73194054  0.67222527  2.80596577]
Device (GPU) time: 1.1811 seconds
Iters. done: 335 [Current cost: -21.06144403350258]
Current parameters: [ 2.98903115  1.52765361  3.14819293  3.02991641  3.27201086  2.75629035
  0.10000422  2.60867399  1.82785446  2.67050356 -0.41108886  1.58071895
  0.5557605   0.60481281  1.6524125   1.75228406  2.90357775  0.07376565
  3.42334875  3.01595726  3.14784871  1.86571262  2.61306717  0.50280965
  3.03397843  2.78080389  0.37461094  1.44455903  1.89491089  3.15852449
  2.66915234  2.86490164  3.08200085  1.69207752 -0.23422249  0.08354501
  1.58776814  2.72491362  3.21734586  1.85591423  1.65042846 -0.20037017
  4.62671939  2.48189972  3.14254214  3.17071161  0.09168707 -0.46714921
 -0.13014794  3.20410167  0.36756088  0.83154584  1.48592139  1.628709
 -0.11562701  1.65119571  2.48865515  0.31053475  3.18624627  2.80976634
  1.9164636   0.71643358  0.68043184  2.81379696]
Device (GPU) time: 1.2003 seconds
Iters. done: 336 [Current cost: -21.004073979262618]
Current parameters: [ 2.98987897  1.53526524  3.17497615  3.1072902   3.26114653  2.72035945
  0.19843192  2.51570602  1.79251545  2.65399896 -0.374509    1.5490364
  0.57782446  0.58332729  1.65607301  1.69719653  2.8470368   0.09274909
  3.37207856  2.86656409  3.21183548  2.09885311  2.59414994  0.49675947
  3.00918199  2.73023235  0.29644243  1.42394386  1.95346268  3.06931038
  2.70187222  2.7534321   3.12459645  1.73762317 -0.21461868  0.16875719
  1.59281177  3.05762423  3.05753538  1.78510574  1.62690306 -0.16944825
  4.56755305  2.53428654  3.17487432  3.21713549  0.06409129 -0.48273344
 -0.09833448  3.20768512  0.29105939  0.81206475  1.43743412  1.61170846
 -0.09622454  1.66168559  2.53539275  0.34597607  3.24361055  2.82684466
  1.90058582  0.75970749  0.69174704  2.78018214]
Device (GPU) time: 1.1650 seconds
Iters. done: 337 [Current cost: -20.854550875078704]
Current parameters: [ 2.99672798  1.53081479  3.17744191  3.02795865  3.3422157   2.82105491
  0.14277338  2.60018072  1.77622889  2.69196342 -0.46298599  1.68184747
  0.51468533  0.59482257  1.62340256  1.73053133  2.93812368  0.07365063
  3.48663042  3.01129189  3.10146604  1.95111578  2.64089747  0.48508516
  3.03445413  2.78036173  0.31763843  1.45765022  1.87678934  3.14925107
  2.66966824  2.91819787  3.04910713  1.68519035 -0.23854606  0.06854263
  1.57859544  2.87973018  3.069992    1.89121627  1.64174486 -0.19414628
  4.63731949  2.47010864  3.22777937  3.18469801  0.11441385 -0.51362184
 -0.15102788  3.22394143  0.36790544  0.83031868  1.51096267  1.62890713
 -0.13744879  1.58920455  2.47752243  0.30671622  3.21901815  2.80530264
  1.91533509  0.67055491  0.62156444  2.81182928]
Device (GPU) time: 1.1963 seconds
Iters. done: 338 [Current cost: -21.073200373224598]
Current parameters: [ 2.98335318  1.53125561  3.13747055  3.03758239  3.23182778  2.66451567
  0.08116766  2.67388355  1.80283765  2.72861589 -0.37077836  1.65198832
  0.58077129  0.61090511  1.59309132  1.66244224  3.0968392   0.08653947
  3.6525683   3.05342087  3.1370425   1.83182364  2.61430024  0.48664787
  3.01822795  2.85897164  0.26569982  1.44289171  1.89435094  3.11274466
  2.69581951  2.83278971  3.06886068  1.70820052 -0.22600412  0.12340142
  1.57537414  2.89714268  3.06450716  1.88673369  1.66327317 -0.19500426
  4.61487073  2.51357044  2.88676669  3.20734941  0.08651059 -0.55937343
 -0.11795142  3.24405756  0.32453514  0.81442755  1.49186764  1.601008
 -0.13349158  1.71439305  2.51582237  0.32856312  3.3025896   2.81776985
  1.89251991  0.64414074  0.56173188  2.79585381]
Device (GPU) time: 1.0591 seconds
Iters. done: 339 [Current cost: -21.11573531950812]
Current parameters: [ 2.97764369  1.5321247   3.13354019  3.02213203  3.229524    2.75423271
  0.11210349  2.66095434  1.85931539  2.72898568 -0.41250419  1.6010322
  0.58555645  0.58853244  1.60202015  1.69274928  2.87387802  0.04699351
  3.40243632  2.96293419  3.14196009  1.85503584  2.6003884   0.47322803
  3.07367795  2.80082459  0.30182613  1.45794271  1.88254123  3.14971788
  2.59655001  2.95694436  3.05583204  1.65733562 -0.26602423  0.1247937
  1.5551633   2.92304725  3.11154996  1.92391591  1.65990273 -0.19815361
  4.58948736  2.44857622  3.15041363  3.21340802  0.14107001 -0.49558251
 -0.16639109  3.22860304  0.30476086  0.83005868  1.52858721  1.65085318
 -0.12483434  1.66400771  2.48778527  0.30860501  3.1861366   2.78868167
  1.94557391  0.7458646   0.64720576  2.79915721]
Device (GPU) time: 1.2704 seconds
Iters. done: 340 [Current cost: -21.10410581026025]
Current parameters: [ 2.99727423  1.5284431   3.16748224  3.05714667  3.34089681  2.69597152
  0.07295182  2.52928389  1.7434889   2.55494019 -0.40355918  1.56049795
  0.50906623  0.65929672  1.75564247  1.83061191  2.88703135  0.07683632
  3.48916261  3.16010203  3.17937675  1.8149595   2.55177607  0.44496814
  3.15767617  2.87544916  0.25502617  1.44481673  1.89788464  3.12563539
  2.80960543  2.98411559  3.0512042   1.7686763  -0.29999616  0.02886685
  1.50852933  2.96248471  3.16977842  1.90002906  1.64568335 -0.17861121
  4.59245877  2.44260448  3.17867824  3.27324259  0.16113453 -0.54692562
 -0.19311766  3.25850785  0.20094297  0.82417739  1.53539969  1.65409136
 -0.11195735  1.67048631  2.51153551  0.33161118  3.21425306  2.76177651
  1.96736701  0.69900275  0.72606742  2.75972019]
Device (GPU) time: 1.1618 seconds
Iters. done: 341 [Current cost: -21.056324979468425]
Current parameters: [ 2.99287684  1.53812694  3.16569013  3.05891741  3.30081835  2.7159358
  0.12451182  2.62188101  1.78886864  2.68106369 -0.43558808  1.58507103
  0.61081724  0.62354139  1.64344437  1.76033635  2.94108709  0.04706585
  3.43982605  3.03058364  3.14521239  1.89449016  2.67722377  0.43621279
  3.03057766  2.77796602  0.33329608  1.45502419  1.89158581  3.13351016
  2.66770479  2.87510201  3.07891982  1.68705571 -0.24257683  0.08222809
  1.57467308  2.87479799  3.07132329  1.96762564  1.65647682 -0.19098341
  4.62538189  2.4859134   3.13303036  3.18212327  0.0975455  -0.52263727
 -0.13704931  3.22193484  0.34199399  0.66045834  1.49083299  1.62261518
 -0.10557596  1.62411549  2.43047609  0.29956688  3.13793423  2.83081822
  1.93283426  0.75808249  0.70511918  2.80711738]
Device (GPU) time: 1.0377 seconds
Iters. done: 342 [Current cost: -21.21217729011103]
Current parameters: [ 2.95830961  1.56515186  3.17581561  3.1795323   3.26891258  2.73807634
  0.10992699  2.66276526  1.73794213  2.68575308 -0.40186384  1.56338822
  0.55627499  0.61041118  1.62904709  1.8058285   2.88657586  0.06283472
  3.42147177  3.09293449  3.15855839  1.86693094  2.87480845  0.24080677
  3.01358131  2.68749882  0.44038218  1.45001342  1.92871807  3.11283444
  2.65213452  2.83848167  3.08927602  1.70534983 -0.21949192  0.11289804
  1.5787704   2.88438355  3.0821788   2.21598685  1.64851561 -0.16857587
  4.60893181  2.50690956  3.12390818  3.19634886  0.08565441 -0.5204038
 -0.12139705  3.22072911  0.31316177  0.83462215  1.47876177  1.61217501
 -0.11476968  1.6308531   2.51146898  0.32367542  3.20877156  2.82538205
  1.91560175  0.72951653  0.67943364  2.79558581]
Device (GPU) time: 1.1616 seconds
Iters. done: 343 [Current cost: -21.09586253451204]
Current parameters: [ 2.98303747  1.5370685   3.15967889  3.05555546  3.28751454  2.70352178
  0.11818634  2.61732649  1.79435225  2.66550573 -0.39889023  1.57979843
  0.61823574  0.62861916  1.65847506  1.77325651  2.90094993  0.04440801
  3.40408193  3.02691189  3.14584938  1.88071654  2.66365926  0.43400003
  3.02417296  2.78397541  0.33036041  1.45936485  1.89195097  3.1316175
  2.67053829  2.88991669  3.05588559  1.68896282 -0.20842902  0.0853118
  1.60331194  2.86315291  3.05078676  1.98077216  1.66480488 -0.18268445
  4.62377687  2.48770738  3.14502238  3.1799668   0.09463111 -0.50553368
 -0.13045402  3.2188025   0.34183444  0.63813086  1.49042779  1.62310074
 -0.096226    1.63048147  2.28010774  0.42824945  3.21647364  2.81322791
  1.91420832  0.69626728  0.66190199  2.80816625]
Device (GPU) time: 1.1607 seconds
Iters. done: 344 [Current cost: -21.1345196611181]
Current parameters: [ 2.97705356e+00  1.53592669e+00  3.13918641e+00  3.07413028e+00
  3.28605126e+00  2.70042746e+00  1.87255911e-01  2.55535787e+00
  1.77212228e+00  2.67949668e+00 -4.41728253e-01  1.57235746e+00
  6.22645324e-01  6.14940105e-01  1.63447988e+00  1.73546700e+00
  2.91641720e+00  5.55633110e-02  3.44828775e+00  3.05010629e+00
  3.16970802e+00  1.79393197e+00  2.59844668e+00  3.97738583e-01
  2.97480240e+00  2.84354087e+00  2.96483697e-01  1.46202061e+00
  1.90066930e+00  3.09555645e+00  2.69319789e+00  2.98550587e+00
  2.90081421e+00  1.70353756e+00  9.94381592e-06  1.16499971e-01
  1.75317651e+00  2.77634524e+00  2.90623819e+00  1.98476482e+00
  1.70032359e+00 -1.22921994e-01  4.60506797e+00  2.51147637e+00
  3.17505167e+00  3.18598156e+00  7.27823380e-02 -5.08565390e-01
 -1.08228808e-01  3.21392154e+00  3.13759133e-01  6.65039678e-01
  1.46797982e+00  1.61266679e+00 -8.39400429e-02  1.63348781e+00
  2.53563392e+00  2.33930027e-01  3.09982247e+00  2.84155808e+00
  1.93070711e+00  8.16047427e-01  7.40600293e-01  2.79679829e+00]
Device (GPU) time: 1.0981 seconds
Iters. done: 345 [Current cost: -21.116282104577586]
Current parameters: [ 2.9891801   1.56781057  3.18398899  3.05161807  3.32166217  2.70751976
  0.13121533  2.60098836  1.81159153  2.63233634 -0.43067437  1.59149526
  0.61968613  0.62438357  1.69354943  1.78888211  2.94502275  0.03493686
  3.42775283  3.02038784  3.14546029  1.85430826  2.67893981  0.46475235
  3.00399296  2.7783481   0.33557414  1.45352529  1.89030306  3.13695358
  2.68349326  2.87173174  3.08884515  1.65158448 -0.25249938  0.06361512
  1.58684312  2.89046795  3.08875282  1.99142946  1.65698393 -0.19195406
  4.62355514  2.49055541  3.1472203   3.17512842  0.08450074 -0.51843264
 -0.13709436  3.22806286  0.34715612  0.64241317  1.47387836  1.61829886
 -0.11369615  1.61439176  2.46316581  0.29883999  3.16701887  2.84241343
  1.94312402  0.87582619  0.53315963  2.8149444 ]
Device (GPU) time: 1.1942 seconds
Iters. done: 346 [Current cost: -21.142383206630825]
Current parameters: [ 2.9907472   1.65138217  3.25056266  3.0443167   3.36854919  2.68996729
  0.16406454  2.57592219  1.87960982  2.70456007 -0.38485888  1.62083948
  0.65223451  0.63155173  1.63713829  1.6660819   2.92896491 -0.01332576
  3.35237918  3.02434504  3.14577989  1.75151728  2.70202674  0.52652626
  2.93295182  2.77103833  0.33714037  1.43530928  1.88644044  3.14892152
  2.73757092  2.89068076  3.10062547  1.5629287  -0.2685523   0.01314247
  1.6142941   2.95596267  3.12532521  2.03098856  1.65411439 -0.19277313
  4.61162716  2.49825247  3.15631066  3.16969028  0.0637087  -0.5326278
 -0.1504753   3.24650513  0.35858651  0.58258184  1.42690617  1.61529112
 -0.14882558  1.59327523  2.55697859  0.29330276  3.25076436  2.88265867
  1.97843795  0.56337523  0.83313511  2.83499248]
Device (GPU) time: 1.1758 seconds
Iters. done: 347 [Current cost: -21.10160483509134]
Current parameters: [ 3.03315935  1.5016995   3.16110293  3.10322074  3.26343405  2.72612103
  0.12983983  2.65342263  1.69561704  2.68488568 -0.43636375  1.58121699
  0.60782848  0.62562865  1.64019758  1.76217399  2.9496524   0.03963494
  3.43307657  2.90419815  3.14558908  1.83162311  2.67347034  0.43896373
  3.04589005  2.77677721  0.33452578  1.4571439   1.89308199  3.13418864
  2.77765138  2.91703417  3.06307797  1.68255481 -0.25847431  0.0932389
  1.5328209   2.87946882  3.07711017  1.97806808  1.65747246 -0.18948488
  4.66162273  2.43303151  3.12732228  3.18870349  0.07013422 -0.50618808
 -0.11914221  3.20872326  0.38134988  0.66122145  1.47940606  1.60092887
 -0.10326447  1.60571721  2.42942423  0.29959991  3.13658769  2.85307481
  1.90795624  0.75947279  0.70684228  2.82099485]
Device (GPU) time: 1.2185 seconds
Iters. done: 348 [Current cost: -21.141148081851085]
Current parameters: [ 2.92778102e+00  1.58333127e+00  3.14668095e+00  3.03307147e+00
  3.32317929e+00  2.66290175e+00  1.52953021e-01  2.57041853e+00
  1.85888602e+00  2.66882328e+00 -4.27946005e-01  1.59474094e+00
  6.23850626e-01  6.26463325e-01  1.63839698e+00  1.73231660e+00
  2.88322596e+00  8.27154572e-02  3.44560283e+00  3.19048134e+00
  3.19378485e+00  1.96001773e+00  2.67140152e+00  4.16208236e-01
  3.00370527e+00  2.79429965e+00  3.24323219e-01  1.44351832e+00
  1.91691395e+00  3.10067031e+00  2.56994256e+00  3.00648563e+00
  3.00594063e+00  1.69410965e+00 -2.82034593e-01  1.60174975e-01
  1.41218291e+00  2.89984171e+00  3.07948680e+00  1.95745453e+00
  1.64413926e+00 -1.69224305e-01  4.74627538e+00  2.31657309e+00
  3.06214267e+00  3.24073028e+00  4.90549955e-04 -5.30657628e-01
 -6.47652283e-02  3.19487696e+00  4.54388285e-01  6.47356265e-01
  1.45240770e+00  1.52570657e+00 -1.07619558e-01  1.54302949e+00
  2.43283737e+00  3.05211741e-01  3.13637990e+00  2.93348621e+00
  1.82987698e+00  7.97214469e-01  7.31756713e-01  2.83841802e+00]
Device (GPU) time: 1.2056 seconds
Iters. done: 349 [Current cost: -21.0082968689083]
Current parameters: [ 2.97381572  1.53983976  3.13400562  3.04638165  3.28969972  2.69621294
  0.12839434  2.62269022  1.77584227  2.65997579 -0.43438303  1.60476334
  0.61141443  0.63648528  1.62846364  1.76047025  2.92146644  0.06633286
  3.43831553  3.01870558  3.15528507  1.91197725  2.72911972  0.50182399
  3.09170571  2.74383464  0.29989066  1.29431261  1.90309995  3.15185575
  2.67102142  2.91982912  3.14484035  1.66400768 -0.16498362  0.06726875
  1.56356876  2.84907211  3.06586615  1.98551534  1.65694189 -0.18710771
  4.62864808  2.48676027  3.12864983  3.18534997  0.10197899 -0.58376889
 -0.13103018  3.22870182  0.33791484  0.65996541  1.50390724  1.62138583
 -0.10977805  1.63010249  2.43083714  0.29821107  3.13852267  2.83304906
  1.9311874   0.76103313  0.70415106  2.80900145]
Device (GPU) time: 1.0864 seconds
Iters. done: 350 [Current cost: -21.200617173458955]
Current parameters: [ 3.01533844  1.54342173  3.20782415  3.09666453  3.31112113  2.70086478
  0.12979368  2.63358225  1.78198443  2.70921088 -0.43445238  1.55842764
  0.61327722  0.61708768  1.67080476  1.74502817  2.94773102  0.03815439
  3.44061409  3.0782149   3.16234105  1.87229531  2.84365733  0.57737451
  3.17330259  2.6776735   0.24020128  1.53035828  1.90288898  3.43349477
  2.65266895  2.84467923  2.93770764  1.74546026 -0.32690641  0.14460834
  1.64718995  2.86189352  3.00758574  1.92968705  1.64878905 -0.17056138
  4.60740844  2.51417343  3.09507419  3.21001201  0.09448925 -0.48064951
 -0.13132473  3.23185382  0.30215311  0.64727265  1.47903329  1.60571347
 -0.10579182  1.59491452  2.43275544  0.30678368  3.13714254  2.85375581
  1.92413529  0.78667053  0.72402186  2.78551999]
Device (GPU) time: 1.2051 seconds
Iters. done: 351 [Current cost: -21.16489986269153]
Current parameters: [ 2.96184096  1.57773839  3.1284455   3.00906281  3.29582876  2.69264217
  0.12717482  2.60373313  1.81932121  2.67776997 -0.43801285  1.60023922
  0.6115325   0.63310885  1.63801584  1.7691249   2.89134908  0.04074727
  3.477178    2.96606347  3.15825979  1.91760049  2.78392781  0.36412083
  2.99901741  2.80716914  0.30891032  1.45959122  1.84177082  3.12502124
  2.71770094  2.88389825  3.02016668  1.66111798 -0.28003183  0.06512688
  1.62518284  2.87082213  3.12064233  1.90624219  1.65649612 -0.18628083
  4.62915258  2.48553038  3.12282699  3.18902439  0.10629774 -0.59100278
 -0.12920875  3.22418908  0.332848    0.66882832  1.50977776  1.62202842
 -0.10378239  1.631385    2.41424918  0.29921241  3.12345563  2.82918966
  1.92513651  0.76858802  0.71215852  2.80435808]
Device (GPU) time: 1.2077 seconds
Iters. done: 352 [Current cost: -21.09722280808632]
Current parameters: [ 3.04063381  1.49547544  3.22362265  3.13754311  3.2960733   2.75898804
  0.10272914  2.64843701  1.7637666   2.68925769 -0.46357405  1.49740842
  0.59369916  0.58567725  1.64070258  1.73602643  2.90682147 -0.12923448
  3.58175826  3.08904474  3.1293067   1.92745149  2.67601093  0.58288609
  2.87268978  2.75157972  0.34237186  1.42431286  1.66510852  3.12952508
  2.65189718  2.96258866  3.13025982  1.72345008 -0.18802579  0.12608114
  1.62728344  2.95751794  3.17916863  2.02729233  1.6490573  -0.17687575
  4.61327249  2.5098409   3.107616    3.20295091  0.09398572 -0.50940564
 -0.12909428  3.20491509  0.30073539  0.69526056  1.48580653  1.60685726
 -0.06529457  1.59935583  2.364058    0.31590283  3.07487194  2.81438183
  1.89949668  0.80661937  0.7442947   2.76615966]
Device (GPU) time: 1.2327 seconds
Iters. done: 353 [Current cost: -21.16931980703944]
Current parameters: [ 2.99190178  1.58232182  3.20410654  3.05785862  3.34846188  2.78318988
  0.15016833  2.56704869  1.81899402  2.67848341 -0.47547756  1.56975395
  0.58888643  0.59208717  1.66008561  1.73658234  2.91295962  0.06198405
  3.4465565   3.0012638   3.11966519  1.88301014  2.64783771  0.43230484
  3.06753068  2.7595126   0.34802524  1.45169776  1.89308012  3.13162122
  2.69020812  2.8653348   3.07244472  1.62570426 -0.2452782   0.04171713
  1.55503227  2.86239616  3.03443259  1.99697081  1.58126656 -0.13033795
  4.62428194  2.48474112  3.02333681  3.18357393  0.09848737 -0.513866
 -0.13896733  3.20638471  0.33494913  0.68678264  1.49140088  1.62294188
 -0.08136769  1.66553758  2.38999168  0.3061387   3.1007934   2.80882522
  1.91872128  0.77455894  0.7198499   2.79139959]
Device (GPU) time: 1.0722 seconds
Iters. done: 354 [Current cost: -21.050938558106914]
Current parameters: [ 3.01556343  1.63420315  3.26458011  3.08888185  3.28869856  2.66273427
 -0.03189538  2.72052448  1.90416712  2.65276871 -0.41567367  1.48246319
  0.6472816   0.60031402  1.62237413  1.66833442  3.0610415   0.08382614
  3.57493945  3.01849187  3.17575905  1.93186002  2.63301151  0.40594152
  3.10536307  2.72384375  0.38404761  1.43252789  1.92060523  3.119557
  2.71614287  2.84394727  3.03495166  1.60028637 -0.20550083  0.02529915
  1.52533391  2.8615888   3.00791893  1.98349898  1.78783108 -0.32582213
  4.61581595  2.50570072  3.27916815  3.22230968  0.12335214 -0.51789258
 -0.16237066  3.23755179  0.34399063  0.67640088  1.5068233   1.61661855
 -0.11310124  1.54208493  2.38234857  0.30818892  3.0950311   2.81076011
  1.90553491  0.81132085  0.75786942  2.76766729]
Device (GPU) time: 1.1888 seconds
Iters. done: 355 [Current cost: -21.085852202851278]
Current parameters: [ 2.98471757  1.5363515   3.15683046  3.05459082  3.2442004   2.74292597
  0.17355463  2.66669644  1.8367387   2.63715562 -0.50270972  1.62018771
  0.64224971  0.64172606  1.68798112  1.80245547  2.95583311  0.03937792
  3.44173473  3.0308924   3.09024866  1.88343897  2.69243038  0.46067991
  3.049703    2.78447249  0.33266092  1.46019662  1.89016875  3.1287616
  2.66549705  2.79968484  2.99474217  1.6864654  -0.14932893  0.08312537
  1.5075383   2.93070519  3.13172742  1.97512762  1.6734379  -0.17058645
  4.62539893  2.4871184   3.13925813  3.18019266  0.09500681 -0.52310511
 -0.1328736   3.22031948  0.34312221  0.6616034   1.49071454  1.62219015
 -0.10271934  1.62810622  2.43018227  0.30011843  3.13727842  2.82910494
  1.93054923  0.74309939  0.7248823   2.80766345]
Device (GPU) time: 1.1887 seconds
Iters. done: 356 [Current cost: -21.196450181754148]
Current parameters: [ 2.97414457  1.5332803   3.16642878  3.09468551  3.16082521  2.73474955
  0.20955959  2.75889045  1.86657513  2.57152603 -0.58195828  1.68651269
  0.70306155  0.6746047   1.72828341  1.82088869  2.97414352  0.05467304
  3.46110303  3.07493342  3.07284112  1.91572691  2.6364487   0.3973905
  2.99596284  2.77012918  0.32612391  1.4385603   1.91251808  3.14613134
  2.68607587  2.97809882  3.24158812  1.73590083 -0.39160212  0.12005028
  1.71297385  2.83524709  2.96070111  1.96767405  1.63182522 -0.25684762
  4.6113538   2.50782234  3.13019881  3.21147802  0.11307496 -0.47053047
 -0.13732918  3.25051957  0.35980994  0.63829486  1.50740295  1.62202946
 -0.13528691  1.65388538  2.44935903  0.29941578  3.1536867   2.83179194
  1.91927289  0.7557499   0.78056028  2.79797238]
Device (GPU) time: 1.0561 seconds
Iters. done: 357 [Current cost: -21.11976300068993]
Current parameters: [ 3.05579891  1.44042182  3.16319617  2.95408003  3.29922979  2.72469927
  0.12441096  2.58289622  1.81728851  2.68707977 -0.47075244  1.5672179
  0.59877251  0.6197304   1.63841965  1.74987376  2.97452243  0.03111883
  3.43938509  3.02688517  3.15460009  1.89096613  2.69483449  0.4206787
  3.03146197  2.75907719  0.35168867  1.45250893  1.89380977  3.13342316
  2.67212959  2.878325    3.07640273  1.68519983 -0.24549366  0.08066527
  1.57182917  2.8726417   3.06591606  1.99776741  1.65594389 -0.19222928
  4.62528072  2.48553005  3.13121453  3.1818167   0.09649198 -0.53770682
 -0.14148177  3.22126955  0.34248976  0.66020251  1.48611337  1.62220848
 -0.10547389  1.61823087  2.43079041  0.30009464  3.26754971  2.80497796
  1.90873871  0.841738    0.77293051  2.8057633 ]
Device (GPU) time: 1.2584 seconds
Iters. done: 358 [Current cost: -21.17692546712616]
Current parameters: [ 3.15385368  1.32256737  3.18257815  2.90727341  3.26439128  2.69049896
  0.09172723  2.56233377  1.8635932   2.65004578 -0.37065619  1.61818743
  0.6220815   0.62577631  1.65430687  1.7358379   2.96620811  0.02286598
  3.40450555  3.07559496  3.14674895  1.89668014  2.70735896  0.40020939
  3.03031994  2.73968988  0.36427029  1.43754843  1.91379492  3.13602492
  2.68916011  2.86514515  3.08336653  1.72845415 -0.23737679  0.11523337
  1.5860271   2.92251715  3.04592817  2.02896886  1.6587744  -0.22544627
  4.61155097  2.50783806  3.1286091   3.2097136   0.10863886 -0.5272569
 -0.14662044  3.24836084  0.36131721  0.63839509  1.49506785  1.62017181
 -0.13337378  1.63982346  2.44995504  0.30128493  2.8788517   2.88577195
  1.9773857   0.60384781  0.59137808  2.79441098]
Device (GPU) time: 1.1509 seconds
Iters. done: 359 [Current cost: -21.124377689437072]
Current parameters: [ 2.98044134  1.55179913  3.1619056   3.04363376  3.2831969   2.72317232
  0.14034229  2.62396379  1.83555562  2.78207202 -0.43497545  1.58719448
  0.63141937  0.60450725  1.5430862   1.86011851  2.92783476  0.04444228
  3.42402484  3.09802881  3.14000396  1.9301103   2.65093782  0.46036755
  3.04969296  2.77413187  0.3362222   1.45760283  1.8927247   3.13396022
  2.80060624  2.86884284  3.0837632   1.6695901  -0.24306232  0.11266021
  1.5775738   2.88101014  3.07263658  1.98195255  1.65809536 -0.19130699
  4.61459579  2.48673027  3.13926391  3.18025117  0.09515835 -0.51063838
 -0.13365656  3.21956472  0.34309514  0.66217809  1.4900785   1.62256744
 -0.10206845  1.62799104  2.42921619  0.30027662  3.1363931   2.82837215
  1.93056561  0.77440192  0.68813115  2.80717553]
Device (GPU) time: 1.0629 seconds
Iters. done: 360 [Current cost: -21.133055923687184]
Current parameters: [ 3.02285006  1.54925289  3.23501636  3.06882959  3.36413752  2.68131321
  0.06683258  2.59980362  1.79274796  2.74260407 -0.4340427   1.58551451
  0.59578925  0.65529109  1.57262658  2.09166355  2.98763966  0.06299141
  3.5004018   2.88759612  3.17814284  1.80182577  2.63889586  0.46580789
  2.99577674  2.76274677  0.33680344  1.42993141  1.90451037  3.13649867
  2.4403179   2.88391501  3.07064065  1.76007903 -0.24159591  0.04451491
  1.5760423   2.91492805  3.03331842  1.95574149  1.65530759 -0.22442813
  4.6347231   2.50263336  3.11568859  3.21048789  0.11202981 -0.56833515
 -0.15937677  3.24828636  0.36013613  0.63557571  1.48874269  1.62201777
 -0.13850108  1.62509164  2.45190713  0.29979732  3.12531244  2.84211476
  1.93719634  0.72475367  0.75458215  2.79451145]
Device (GPU) time: 1.2026 seconds
Iters. done: 361 [Current cost: -21.042446564951494]
Current parameters: [ 2.981322    1.54059707  3.1472432   3.05009755  3.29291233  2.69726119
  0.1146538   2.63091872  1.78358636  2.66882491 -0.42090733  1.59551871
  0.61220735  0.63632912  1.6507744   1.7678678   2.91153601  0.04131885
  3.43432431  3.0590644   3.14829293  1.83913917  2.67536816  0.43492552
  3.03038433  2.68569406  0.42897068  1.44745257  1.87004482  3.12376388
  2.67771848  2.88031783  3.07622162  1.68794748 -0.23845725  0.08280609
  1.57446365  2.92024047  3.03042475  1.89075999  1.66099496 -0.18222106
  4.62709145  2.48648463  3.12517741  3.18631078  0.1018561  -0.52164844
 -0.13490444  3.22881448  0.33577716  0.66611522  1.50098512  1.62070183
 -0.06638906  1.62429744  2.36654173  0.16130874  3.17351672  2.82621728
  1.92569592  0.73217908  0.6830166   2.80707208]
Device (GPU) time: 1.2161 seconds
Iters. done: 362 [Current cost: -21.099895078448824]
Current parameters: [ 3.02588402  1.52150786  3.22255643  3.09746808  3.29754387  2.72429989
  0.10405932  2.62361668  1.80838869  2.66807236 -0.39990018  1.56018444
  0.63124448  0.60953086  1.65842751  1.76044785  2.95417628  0.05148211
  3.39921594  3.0006651   3.15101864  1.99086331  2.68142443  0.43636591
  3.02906818  2.9561487   0.13983403  1.45980447  1.94130665  3.16006973
  2.63737375  2.8531777   3.09226986  1.71322159 -0.25049385  0.09667972
  1.58442346  2.82615584  3.13767823  2.12133297  1.65070652 -0.22990775
  4.61309076  2.49676565  3.15462212  3.18676787  0.09304083 -0.51557346
 -0.14640285  3.21774172  0.37165171  0.6610103   1.46689422  1.62816698
 -0.01849893  1.63901947  2.30643199  0.00680774  3.20266741  2.81277793
  1.91555786  0.69410657  0.67602241  2.80115678]
Device (GPU) time: 1.1724 seconds
Iters. done: 363 [Current cost: -21.11144526789795]
Current parameters: [ 2.98606655  1.5366125   3.1497904   3.0474718   3.29439427  2.69195038
  0.114452    2.61918535  1.78833103  2.66607509 -0.4316288   1.58534971
  0.62721521  0.6368169   1.65329885  1.77116258  2.92316362  0.05516502
  3.42088344  3.02580189  3.15665082  1.89936776  2.72260235  0.51026621
  2.90453152  2.78979696  0.32160362  1.46240999  1.8806634   3.13241865
  2.69553034  2.8421781   3.06458358  1.69110643 -0.26236607  0.07020589
  1.47019698  2.81476184  2.97024685  1.98143104  1.65999873 -0.19667902
  4.61465688  2.46034454  3.13947422  3.20317104  0.12782349 -0.50971338
 -0.16063518  3.22939287  0.31757449  0.70318396  1.5148531   1.64249953
 -0.1102646   1.65070761  2.4314805   0.29948438  3.1313019   2.80965414
  1.95045732  0.76067425  0.71667123  2.80137848]
Device (GPU) time: 1.0792 seconds
Iters. done: 364 [Current cost: -21.166768485296956]
Current parameters: [ 2.97953935  1.52296067  3.17073393  3.12668259  3.27056358  2.78955717
  0.22848835  2.5948949   1.74824983  2.7304037  -0.43973623  1.64163171
  0.54929595  0.56929597  1.5707574   1.66831501  2.99079531  0.1067888
  3.53055175  3.03902     3.15278325  1.87674394  2.70938515  0.40630436
  2.99531066  2.75727698  0.38457068  1.42909498  1.94418272  3.12394158
  2.62029681  2.9029373   3.06672761  1.73967584 -0.25539872  0.15789387
  1.4818368   2.78263928  3.18407173  1.95747793  1.64587831 -0.19256184
  4.54345398  2.46296482  3.20522734  3.27281021  0.15606077 -0.49376191
 -0.18061647  3.26255602  0.21305033  0.38663628  1.51928747  1.65762196
 -0.09419067  1.67753007  2.45138044  0.30799657  3.15848704  2.79278246
  1.97273412  0.75505641  0.66347683  2.76064234]
Device (GPU) time: 1.1935 seconds
Iters. done: 365 [Current cost: -21.066557323435976]
Current parameters: [ 2.98423267  1.55512037  3.16175862  3.04769457  3.31260493  2.71115044
  0.12022708  2.61395608  1.7907969   2.65964787 -0.43983354  1.59397961
  0.60444928  0.63175886  1.65212007  1.76509522  2.91760488  0.02315851
  3.4674004   3.00694188  3.14702931  1.92071141  2.67115214  0.440401
  3.02847369  2.77834176  0.37398389  1.5758832   1.93488968  3.20458368
  2.68194503  2.91979472  3.14707932  1.67207418 -0.16559938  0.1292348
  1.54661447  2.86870633  3.0733091   1.97086921  1.66391    -0.22508102
  4.60932371  2.4724343   3.13056479  3.17009853  0.06373811 -0.61144809
 -0.18728725  3.22315638  0.33084091  0.66180427  1.45588967  1.61149418
 -0.13345341  1.67626137  2.42181865  0.29252459  3.13473701  2.83485769
  1.92867451  0.75355377  0.70973169  2.81154641]
Device (GPU) time: 1.2055 seconds
Iters. done: 366 [Current cost: -21.161141278949344]
Current parameters: [ 2.99741345  1.47651223  3.14382243  3.09713796  3.23494604  2.67850731
  0.13730964  2.64990182  1.75307872  2.77313653 -0.41869583  1.60409362
  0.64653418  0.62391254  1.67671257  1.72950142  2.97717147  0.15523899
  3.3782455   3.0823111   3.18641694  1.88329079  2.67221079  0.41800374
  3.02801797  2.76441256  0.25169181  1.64431392  1.80727576  3.17920966
  2.63219823  2.8775288   3.23052845  1.655418   -0.14037277 -0.09273567
  1.54619971  2.88701967  3.09583057  1.95560149  1.63904608 -0.1219661
  4.6653297   2.54064975  3.1393524   3.23973944  0.20307143 -0.58237012
  0.00497045  3.24437076  0.38250926  0.63436884  1.60713299  1.65189345
 -0.05716768  1.51620039  2.4715036   0.32457859  3.12946065  2.82729391
  1.93646785  0.77916967  0.70959414  2.78946683]
Device (GPU) time: 1.1761 seconds
Iters. done: 367 [Current cost: -21.13247977016674]
Current parameters: [ 2.98554862  1.53258712  3.18469582  3.05136818  3.29832484  2.69943997
  0.1434882   2.61351475  1.79079136  2.6587227  -0.41802011  1.62741438
  0.62963978  0.63986324  1.62805721  1.76453089  2.88118114 -0.03491041
  3.46303037  3.00828237  3.17292384  1.9098168   2.63326493  0.40336272
  3.10784802  2.78280658  0.33362492  1.46276136  1.78354545  3.13718018
  2.65589774  2.81995208  3.08945829  1.68581972 -0.24879211  0.08405811
  1.53278851  2.81029533  3.03327221  1.99160221  1.65869296 -0.19648629
  4.62788876  2.49406543  3.14649067  3.18050547  0.11877741 -0.50998906
 -0.12492017  3.21552916  0.31935609  0.63698912  1.49814094  1.55260132
 -0.11899282  1.62708345  2.47049421  0.2920166   3.17140868  2.86826646
  1.92195384  0.73673409  0.69218167  2.77224443]
Device (GPU) time: 1.1416 seconds
Iters. done: 368 [Current cost: -21.109302046966082]
Current parameters: [ 3.01138954  1.55669724  3.09589614  3.10230684  3.30826103  2.68326268
  0.11730381  2.64223092  1.74657862  2.74289328 -0.42818295  1.55223937
  0.60027512  0.61397088  1.71272762  1.7332978   2.96059341 -0.06562674
  3.4419588   3.07517621  3.1187877   1.94001978  2.66127911  0.37763165
  3.10685356  2.77734306  0.30261969  1.42338346  1.78315388  3.12941456
  2.64173081  2.8420139   3.06622491  1.73128776 -0.23098594  0.08590284
  1.54289898  2.85945668  3.02320715  1.96018906  1.65516528 -0.20274293
  4.59633429  2.4691502   3.11837397  3.19496776  0.01512225 -0.53830288
 -0.19062665  3.29894237  0.49326186  0.62037162  1.42660278  1.90626276
 -0.15155782  1.63662517  2.46632888  0.31580728  3.143869    2.76121427
  2.03610567  0.77043096  0.71342605  2.99051556]
Device (GPU) time: 1.0991 seconds
Iters. done: 369 [Current cost: -21.148986168112753]
Current parameters: [ 2.98709714  1.53741895  3.16525436  3.05535335  3.27375145  2.73863143
  0.13076251  2.62891929  1.79851847  2.66703334 -0.45712205  1.54235197
  0.59985971  0.56983643  1.6584129   1.77674172  2.94079522  0.04529938
  3.44094669  3.03230461  3.20816496  1.899212    2.76279858  0.53018474
  3.11021317  2.83145074  0.37964407  1.51577183  1.88651205  3.01558711
  2.6558453   2.89922017  3.08620192  1.68593843 -0.25065328  0.07511647
  1.59765045  2.86889524  3.04193062  1.96647765  1.656515   -0.19761035
  4.6285382   2.4841212   3.12990402  3.17905959  0.10004714 -0.51945366
 -0.13921343  3.22085746  0.35521427  0.63556279  1.49088153  1.62555026
 -0.11493619  1.62722592  2.45258376  0.29444298  3.14266781  2.8135404
  1.91367572  0.72366483  0.69091986  2.8107573 ]
Device (GPU) time: 1.1749 seconds
Iters. done: 370 [Current cost: -21.14777106031218]
Current parameters: [ 3.02905267  1.52432843  3.18655347  3.10184302  3.38703674  2.63330465
  0.10901098  2.58753806  1.75180655  2.73001859 -0.3503202   1.73573767
  0.66639043  0.80834763  1.58492802  1.68414414  2.95474879  0.05810951
  3.4366551   3.0395828   2.9357363   1.86703814  2.7557114   0.52641121
  3.12330522  2.85119657  0.37891931  1.51405867  1.91640845  2.99371669
  2.63171945  2.86994529  3.10637378  1.71991895 -0.25208766  0.11709528
  1.60623408  2.86649958  3.09629934  1.97908978  1.65397513 -0.1939184
  4.60227868  2.50263301  3.1640839   3.20256248  0.08954628 -0.49764476
 -0.12832634  3.22705041  0.32477964  0.73488778  1.48036523  1.63168389
 -0.07795845  1.6337378   2.36471771  0.32566043  3.10816231  2.88798012
  2.00356397  0.88513628  0.77394112  2.79676545]
Device (GPU) time: 1.2554 seconds
Iters. done: 371 [Current cost: -21.122433427358377]
Current parameters: [ 2.99332734  1.50194734  3.13037701  3.08818342  3.26949938  2.6956417
  0.14393372  2.62642148  1.7555679   2.66561789 -0.40117374  1.59206795
  0.61853328  0.60546511  1.65018599  1.76212185  2.90407244  0.08362251
  3.45962379  3.0345257   3.12402978  1.94369279  2.60107607  0.49902155
  3.02429626  2.74223501  0.3768311   1.46470246  1.90385178  3.12666636
  2.65425693  2.85323634  2.99891369  1.64628898 -0.3086351   0.04986939
  1.62046656  2.86153639  3.08948111  2.03726408  1.65841714 -0.19335905
  4.62945944  2.48242622  3.13186411  3.18289949  0.10567402 -0.62500621
 -0.13490968  3.26579964  0.3501561   0.65323381  1.50149343  1.62788891
 -0.11450273  1.6363032   2.43696748  0.29393089  3.14276693  2.84146946
  1.9223168   0.76127252  0.71544193  2.81221316]
Device (GPU) time: 1.1672 seconds
Iters. done: 372 [Current cost: -21.04441565483247]
Current parameters: [ 2.94263971  1.5703572   3.17962712  3.02604478  3.33381157  2.72483148
  0.06532862  2.70881446  1.69363814  2.70348155 -0.58844766  1.65768862
  0.57626195  0.7863161   1.61189237  1.7001827   3.07589944 -0.06264546
  3.29792568  3.06907327  3.34713911  1.92777739  2.62292755  0.4547664
  3.01476986  2.76650163  0.34234667  1.44166813  1.93023532  3.11634215
  2.65481832  2.85784496  3.02319015  1.69898628 -0.26457469  0.09418218
  1.61265382  2.88052114  3.1061479   1.99550015  1.65382156 -0.18553275
  4.60686343  2.50430879  3.11238971  3.21806379  0.10790388 -0.60405094
 -0.13017229  3.02875145  0.31511587  0.66896941  1.50039393  1.63304653
 -0.10550393  1.63295173  2.41200786  0.32068831  3.10051108  2.79383984
  1.99167056  0.75747676  0.68256557  2.80032721]
Device (GPU) time: 1.0377 seconds
Iters. done: 373 [Current cost: -21.074179430162488]
Current parameters: [ 3.00379863  1.53818657  3.18566174  3.07549624  3.29296829  2.70984244
  0.13129169  2.60941455  1.80192183  2.67802247 -0.43079852  1.5897374
  0.59399095  0.62017948  1.64216626  1.76106954  2.95268324  0.04416061
  3.43478484  3.02468811  3.14765143  1.906124    2.6755911   0.43564059
  3.0295632   2.78120312  0.33404371  1.45500167  1.89491521  3.13225221
  2.66954827  2.87609294  3.10304437  1.68291291 -0.26413134  0.08776541
  1.57590205  2.86821166  3.07999177  1.96700229  1.77088705 -0.05008375
  4.65496019  2.50283529  3.13291715  3.20727165  0.09626432 -0.51377945
 -0.13613518  3.22088637  0.33976662  0.66461086  1.49716107  1.62403534
 -0.25163494  1.64196419  2.39153623  0.26758746  3.1326467   2.82062999
  1.93277501  0.76545023  0.71075774  2.8052325 ]
Device (GPU) time: 1.7707 seconds
Iters. done: 374 [Current cost: -21.099355969325536]
Current parameters: [ 2.94950229  1.50908892  3.07618124  2.99097193  3.34846488  2.8064323
  0.07718173  2.66995443  1.70963321  2.71389375 -0.50008701  1.51017968
  0.72569667  0.61119892  1.63760553  1.72291132  2.89103998  0.10906796
  3.49366648  3.07890627  3.1144712   1.79165925  2.6788639   0.42041663
  3.02698199  2.82228654  0.26969975  1.43161371  1.90301388  3.13719606
  2.63609687  2.80029082  3.15581367  1.75009184 -0.28826418  0.06452804
  1.56357933  2.90259694  3.04959259  1.95844876  1.72473844 -0.12488738
  4.40072573  2.40069224  3.17152726  3.0106313   0.07472632 -0.57447934
 -0.15824617  3.1849617   0.35414317  0.65628051  1.3909617   1.62678919
 -0.11653794  1.51784763  2.43032917  0.31859495  3.10562019  2.87823631
  1.89057029  0.74500648  0.69722401  2.72108238]
Device (GPU) time: 1.1606 seconds
Iters. done: 375 [Current cost: -21.188379250463914]
Current parameters: [ 2.99862487  1.4938327   3.14768528  3.08252577  3.285648    2.7041759
  0.13264767  2.63084652  1.73629156  2.6828281  -0.43583171  1.58881447
  0.60993738  0.63210672  1.63010106  1.76871266  2.92976716  0.04020195
  3.44186001  3.07232978  3.16126245  1.89827095  2.69521475  0.41725773
  3.02148599  2.80701296  0.30832668  1.44777944  1.9097592   3.13966608
  2.6439558   2.86428169  3.08197766  1.59369208 -0.22726832  0.05091568
  1.57917516  2.89621557  3.07663777  1.93254417  1.65225572 -0.20347729
  4.62684217  2.52761824  3.11681834  3.17129384  0.06492285 -0.4585306
 -0.29564719  3.21372464  0.35042077  0.654856    1.54246447  1.59706106
 -0.10662018  1.61042493  2.43398087  0.30827171  3.13304257  2.86224465
  1.90332021  0.77126522  0.71558961  2.82271246]
Device (GPU) time: 1.1657 seconds
Iters. done: 376 [Current cost: -21.109729311037]
Current parameters: [ 2.99403136  1.5390185   3.16937104  3.06147461  3.29848907  2.7204178
  0.12873178  2.62365702  1.79392207  2.68733932 -0.43595166  1.58253112
  0.61381496  0.61806338  1.63588668  1.7520386   2.9385264   0.04045831
  3.43691226  3.03197841  3.14334194  1.89191896  2.67898143  0.43682935
  3.03055072  2.80073132  0.35324059  1.44615734  1.8936098   3.15093097
  2.66756962  2.83276629  3.09628314  1.70721212 -0.22698024  0.05757356
  1.61475743  2.88259647  3.06588375  1.96657419  1.65649835 -0.19340646
  4.65285275  2.40685465  3.13286627  3.21693364  0.10160925 -0.52661311
 -0.15882078  3.22083708  0.33259285  0.66068157  1.49708308  1.61974216
 -0.10581638  1.62415315  2.42986014  0.30029035  3.13803661  2.83042778
  1.93285434  0.76243973  0.70231296  2.80732653]
Device (GPU) time: 1.0298 seconds
Iters. done: 377 [Current cost: -21.125563520307924]
Current parameters: [ 2.98592608  1.54239007  3.15994581  3.06236905  3.28304673  2.7161636
  0.13951195  2.63472094  1.79904657  2.69994914 -0.4354031   1.58882675
  0.62557326  0.61299783  1.61447304  1.72654492  2.92185052  0.03598712
  3.43077486  3.02529315  3.14920198  1.912294    2.67952052  0.43419858
  3.0280873   2.86097252  0.41577571  1.42402813  1.90788631  3.19442512
  2.67267731  2.91935859  3.05815206  1.78859523 -0.25148812 -0.02993686
  1.534822    2.90496127  3.06143472  1.97008639  1.65552281 -0.20145201
  4.6459513   2.57179961  3.12971922  3.14318845  0.07851907 -0.51487325
 -0.13344189  3.22068446  0.34062438  0.65842613  1.46720721  1.61773093
 -0.11019876  1.6415892   2.42963667  0.30276707  3.13542063  2.8379827
  1.92682434  0.77735153  0.69722474  2.80532631]
Device (GPU) time: 1.1579 seconds
Iters. done: 378 [Current cost: -21.22398775848223]
Current parameters: [ 3.04901135  1.61135154  3.16376211  3.01951078  3.24831153  2.71923261
  0.14654289  2.62712902  1.7543428   2.70010451 -0.43677617  1.59281774
  0.63104912  0.61626446  1.61291378  1.72762874  2.91113984  0.05829784
  3.43146033  3.03736936  3.1516013   1.91888251  2.67666526  0.43630743
  3.02699995  2.86088293  0.41795477  1.42553931  1.89636972  3.19611317
  2.66196013  2.91781353  3.05971997  1.79067621 -0.24880664 -0.02705654
  1.5377025   2.90913475  3.06602811  1.97889794  1.66613146 -0.20972024
  4.64537506  2.57174201  3.12639296  3.14301293  0.07809258 -0.50278614
 -0.13237782  3.22042529  0.33954831  0.65869919  1.46923083  1.61758544
 -0.11084442  1.64996126  2.42886061  0.3023383   3.13486253  2.83842061
  1.92503206  0.77920587  0.69846886  2.80643086]
Device (GPU) time: 1.1741 seconds
Iters. done: 379 [Current cost: -21.166115997225862]
Current parameters: [ 2.95991411  1.51741517  3.17045866  3.08869216  3.32347265  2.74072069
  0.16328879  2.61154092  1.8028883   2.69036359 -0.45156919  1.59647527
  0.60981036  0.605142    1.6135006   1.72374498  2.95343263  0.14333083
  3.35225525  3.02414844  3.14425951  1.90900882  2.68182469  0.42867603
  3.0341425   2.86794553  0.4241111   1.41740846  1.78823842  3.20440305
  2.67945883  2.92736289  3.05300055  1.79573406 -0.24900127 -0.01115448
  1.537241    2.91861445  3.06189519  1.97648235  1.75205277 -0.29234495
  4.63943647  2.57295905  3.0818447   3.13938426  0.06411469 -0.52630028
 -0.15621954  3.21721392  0.33171413  0.65961806  1.45010941  1.60960332
 -0.11449065  1.66939664  2.42473737  0.30500525  3.13187798  2.84169856
  1.9220953   0.78256719  0.70144764  2.80268119]
Device (GPU) time: 1.0751 seconds
Iters. done: 380 [Current cost: -21.193201958214186]
Current parameters: [ 2.99104713  1.54408501  3.17053943  3.0597857   3.28957911  2.71919081
  0.13237739  2.63762343  1.80599412  2.69285828 -0.43599906  1.59275356
  0.62580867  0.61456024  1.61339684  1.73209534  2.92775174  0.02790186
  3.4335444   3.01911717  3.14558186  1.9250019   2.68115897  0.43486227
  3.02984137  2.86333937  0.42527264  1.42344224  1.91153584  3.20303668
  2.67010384  2.92795581  3.06616908  1.78763614 -0.26567744 -0.02653932
  1.53332514  2.90278206  3.05729961  1.97068005  1.71025103 -0.1565126
  4.64675489  2.56774496  3.13400262  3.13841792  0.07923797 -0.52014957
 -0.14365669  3.2207538   0.3497256   0.6558603   1.48085965  1.62149959
 -0.02681589  1.66448935  2.45272043  0.31827909  3.13797786  2.84778682
  1.92126792  0.76869804  0.69449843  2.8243395 ]
Device (GPU) time: 1.2570 seconds
Iters. done: 381 [Current cost: -21.151986810692023]
Current parameters: [ 2.99687704e+00  1.54446989e+00  3.18531326e+00  3.08264154e+00
  3.29683242e+00  2.73527258e+00  1.51259630e-01  2.61865104e+00
  1.80031281e+00  2.70039623e+00 -4.39419285e-01  1.56328263e+00
  6.21715463e-01  5.97099479e-01  1.60944383e+00  1.71345108e+00
  2.92280053e+00  2.08341745e-02  3.43029696e+00  3.05159045e+00
  3.14308562e+00  1.85683083e+00  2.68309142e+00  4.31712219e-01
  3.02546904e+00  2.88414499e+00  4.06709373e-01  1.40898375e+00
  1.91423091e+00  3.20062456e+00  2.67161143e+00  2.88747719e+00
  3.06521778e+00  1.79436519e+00 -2.59597879e-01 -1.93533790e-03
  1.52863633e+00  2.92091897e+00  3.04931543e+00  1.95787382e+00
  1.63635183e+00 -2.35424825e-01  4.63711014e+00  2.58704708e+00
  3.18262733e+00  3.12223930e+00  9.68892004e-02 -5.59058652e-01
 -8.18406595e-02  3.17393905e+00  3.52269933e-01  6.61164753e-01
  1.57043520e+00  1.65848572e+00 -1.43847392e-01  1.72875210e+00
  2.41667431e+00  3.03088103e-01  3.13356102e+00  2.91879016e+00
  1.84017275e+00  7.89993824e-01  7.03036136e-01  2.86784262e+00]
Device (GPU) time: 1.1531 seconds
Iters. done: 382 [Current cost: -21.192524116409043]
Current parameters: [ 2.97882680e+00  1.55872090e+00  3.15964813e+00  3.05685175e+00
  3.28538564e+00  2.71705370e+00  1.46155703e-01  2.62227655e+00
  1.81208432e+00  2.69488977e+00 -4.33351390e-01  1.58823215e+00
  6.28947599e-01  6.10023241e-01  1.61618859e+00  1.71741369e+00
  2.91586264e+00  3.96488230e-02  3.42937809e+00  3.01074350e+00
  3.15097642e+00  1.90056078e+00  2.66905246e+00  4.41063444e-01
  3.02883106e+00  2.85996800e+00  4.21566154e-01  1.42547368e+00
  1.91045684e+00  3.19137299e+00  2.68255778e+00  2.91020633e+00
  3.06349825e+00  1.82792188e+00 -2.52807111e-01  1.06048728e-03
  1.53486843e+00  2.90048949e+00  3.06383458e+00  1.98607362e+00
  1.65598366e+00 -1.99903172e-01  4.65469533e+00  2.58783871e+00
  3.11680332e+00  3.13373123e+00  4.48433672e-02 -5.31743703e-01
 -1.58587470e-01  3.22291057e+00  3.52727148e-01  6.58028917e-01
  1.53961064e+00  1.62230245e+00 -1.07877990e-01  1.59156695e+00
  2.43126290e+00  3.02881538e-01  3.13646087e+00  2.82334662e+00
  1.93952594e+00  7.76636513e-01  6.97879562e-01  2.79099921e+00]
Device (GPU) time: 1.1490 seconds
Iters. done: 383 [Current cost: -21.165200178296118]
Current parameters: [ 2.99639288e+00  1.51233636e+00  3.16632698e+00  3.07670540e+00
  3.29016844e+00  2.72806316e+00  1.48595630e-01  2.62652833e+00
  1.77127552e+00  2.67112922e+00 -4.40453559e-01  1.59506310e+00
  6.17330809e-01  6.14895991e-01  1.58843924e+00  1.74695244e+00
  2.90618377e+00  1.04963490e-03  3.44084738e+00  3.04239932e+00
  3.15176918e+00  1.92145083e+00  2.69142997e+00  4.27700581e-01
  3.02519246e+00  2.91473233e+00  4.41276864e-01  1.41405570e+00
  1.93729173e+00  3.23133043e+00  2.65121443e+00  2.91425945e+00
  3.06074983e+00  1.70388271e+00 -2.57456308e-01 -3.68833030e-02
  1.53229454e+00  2.91929384e+00  3.04825777e+00  1.94728206e+00
  1.69942857e+00 -2.43505613e-01  4.62084329e+00  2.54267455e+00
  3.11152996e+00  3.12323219e+00 -1.20860461e-02 -4.88517054e-01
 -1.40212945e-02  3.24132800e+00  3.24655291e-01  6.56142809e-01
  1.52101847e+00  1.64535982e+00 -1.09989632e-01  1.64107829e+00
  2.43250095e+00  3.02730915e-01  3.13498797e+00  2.78750731e+00
  1.97785829e+00  7.71986313e-01  7.02932209e-01  2.75277551e+00]
Device (GPU) time: 1.0650 seconds
Iters. done: 384 [Current cost: -21.153906579717294]
Current parameters: [ 2.98374216e+00  1.54328733e+00  3.15768614e+00  3.06432944e+00
  3.28706057e+00  2.73073568e+00  1.56534255e-01  2.62440141e+00
  1.79615144e+00  2.68641660e+00 -4.43056225e-01  1.59341649e+00
  6.23431450e-01  6.05389661e-01  1.58732528e+00  1.71893119e+00
  2.89276796e+00  3.33166374e-03  3.43522546e+00  3.03048296e+00
  3.14424936e+00  1.90009118e+00  2.68040062e+00  4.35485202e-01
  3.02648255e+00  2.82133377e+00  3.75968130e-01  1.44087416e+00
  1.94229881e+00  3.17074829e+00  2.67393546e+00  2.91697369e+00
  3.05954344e+00  1.81191721e+00 -2.51247676e-01 -6.27226812e-02
  1.53467882e+00  2.90014344e+00  3.06775382e+00  1.96878355e+00
  1.70197102e+00 -2.38783925e-01  4.65812032e+00  2.57594988e+00
  3.10388154e+00  3.14821535e+00  9.39216929e-02 -5.12027674e-01
 -1.31892099e-01  3.21888364e+00  3.46938428e-01  6.60185500e-01
  1.46329716e+00  1.62380337e+00 -1.08443616e-01  1.64073748e+00
  2.42684800e+00  3.03552747e-01  3.13314557e+00  2.83608111e+00
  1.92569835e+00  7.82995466e-01  6.94712525e-01  2.81048280e+00]
Device (GPU) time: 1.1633 seconds
Iters. done: 385 [Current cost: -21.17232269663051]
Current parameters: [ 2.99084320e+00  1.54272686e+00  3.16234169e+00  3.06509423e+00
  3.27010025e+00  2.70739265e+00  1.25542476e-01  2.65593815e+00
  1.81385108e+00  2.58402626e+00 -4.25698178e-01  1.57494852e+00
  6.35704505e-01  6.09242639e-01  1.47979858e+00  1.71918837e+00
  2.96051306e+00  6.64867122e-02  3.41413676e+00  3.03189378e+00
  3.14954641e+00  1.90785973e+00  2.68389240e+00  4.33180238e-01
  3.03084444e+00  2.81811173e+00  3.74053724e-01  1.46034830e+00
  1.86199013e+00  3.18628638e+00  2.66697240e+00  2.92706644e+00
  3.05453937e+00  1.81282359e+00 -2.53222217e-01 -6.88205510e-02
  1.53653732e+00  2.90735707e+00  3.06719520e+00  1.96925414e+00
  1.59345678e+00 -1.55699364e-01  4.65064508e+00  2.54880006e+00
  3.16333798e+00  3.11613691e+00 -6.74537172e-04 -5.14085427e-01
 -1.45217927e-01  3.22372329e+00  3.33375390e-01  6.56252873e-01
  1.46704875e+00  1.63303558e+00 -1.12420559e-01  1.68558139e+00
  2.43142926e+00  3.02876785e-01  3.13674355e+00  2.83040641e+00
  1.93799220e+00  7.78897492e-01  6.94792758e-01  2.80693275e+00]
Device (GPU) time: 1.1488 seconds
Iters. done: 386 [Current cost: -21.189082847535474]
Current parameters: [ 2.98374288e+00  1.54521989e+00  3.15071941e+00  3.06507244e+00
  3.28633798e+00  2.71605034e+00  1.45091706e-01  2.62529189e+00
  1.79126016e+00  2.64859820e+00 -4.34885097e-01  1.58130078e+00
  6.21623257e-01  6.11712172e-01  1.57014166e+00  1.72732724e+00
  2.92001060e+00  3.52710265e-02  3.42903552e+00  3.02622212e+00
  3.14815488e+00  1.90534549e+00  2.67795759e+00  4.34587001e-01
  3.02676147e+00  2.89211960e+00  4.37917035e-01  1.42227197e+00
  1.90969223e+00  3.21561687e+00  2.67433543e+00  2.91080398e+00
  3.06104009e+00  1.77578238e+00 -2.50235459e-01 -7.09817048e-04
  1.53554957e+00  2.91373639e+00  3.05977846e+00  1.96894816e+00
  1.65291802e+00 -1.97889225e-01  4.63729589e+00  2.58793331e+00
  3.11499293e+00  3.16305199e+00  1.39336829e-01 -5.15335643e-01
 -1.31394204e-01  3.21892426e+00  3.75684739e-01  6.58800131e-01
  1.45270705e+00  1.63344216e+00 -1.08779123e-01  1.60891828e+00
  2.42896319e+00  3.05222693e-01  3.13615169e+00  2.83608647e+00
  1.92743178e+00  7.79689155e-01  7.01200192e-01  2.81058350e+00]
Device (GPU) time: 1.0619 seconds
Iters. done: 387 [Current cost: -21.183011834761878]
Current parameters: [ 2.98144574  1.53859976  3.12998389  3.04958908  3.27990979  2.72436836
  0.12690654  2.62885561  1.80687316  2.68508966 -0.44152039  1.58870322
  0.62779622  0.61134867  1.60470443  1.73710598  2.93602011  0.03948745
  3.43532694  3.00785364  3.1325758   1.92019924  2.6687455   0.43657575
  3.03099156  2.87293088  0.42102421  1.43244026  1.90840158  3.19803837
  2.66445607  2.9195257   3.07263086  1.77901397 -0.2581196  -0.03018181
  1.5303953   2.89244374  3.05650389  1.98384177  1.65782679 -0.20537821
  4.64766207  2.58410586  3.11048507  3.13883718  0.05833916 -0.50047284
 -0.10378935  3.20890625  0.18561843  0.66181446  1.45313511  1.62498367
 -0.11171296  1.54971183  2.4249221   0.29622576  3.12161427  2.84942657
  1.90338811  0.76217558  0.69698815  2.95512591]
Device (GPU) time: 1.1966 seconds
Iters. done: 388 [Current cost: -21.132941532315694]
Current parameters: [ 2.98834646  1.55771104  3.1177005   3.06027175  3.28340861  2.71086114
  0.13695097  2.62715466  1.80319838  2.69778985 -0.43098365  1.58088654
  0.61050705  0.60870278  1.61827566  1.73476786  2.9491862   0.0145835
  3.41153194  3.0179211   3.12256416  1.92344487  2.67757463  0.43493777
  3.03002195  2.85757189  0.41879462  1.42783283  1.90658749  3.1945567
  2.670731    2.92774726  3.05931928  1.78246105 -0.25296538 -0.03500594
  1.53391934  2.89916383  3.05897663  1.97443899  1.65899821 -0.20314531
  4.66099185  2.57410783  3.12578485  3.15359726  0.07229855 -0.50922532
 -0.1380576   3.20668467  0.31848183  0.65478902  1.4621146   1.6677666
 -0.10685024  1.63077712  2.43668231  0.30024045  3.13887042  2.87633404
  1.89126932  0.76756805  0.69333292  2.74508597]
Device (GPU) time: 1.1848 seconds
Iters. done: 389 [Current cost: -21.14815130989103]
Current parameters: [ 2.99013058  1.57092632  3.05191084  3.07554666  3.2967922   2.72378109
  0.13103906  2.62125555  1.79440819  2.71223917 -0.43641139  1.52777262
  0.60049191  0.58667183  1.62653414  1.72414356  2.99455924 -0.0105565
  3.3927869   3.0383446   3.0799429   1.90339703  2.68629745  0.42606532
  3.02765872  2.86425753  0.39548828  1.41766083  1.90707553  3.19661456
  2.65879064  2.92071961  3.06594944  1.79484607 -0.26019236 -0.02528425
  1.52507432  2.91389315  3.04839598  1.96269968  1.64334027 -0.21445903
  4.64250515  2.59218837  3.16184593  3.13942683  0.09325619 -0.52829032
 -0.11513518  3.23898761  0.36322361  0.65233396  1.47763897  1.47859511
 -0.11468765  1.67341851  2.43159172  0.30779665  3.12581243  2.79249715
  1.97254555  0.77257246  0.70201174  2.82532384]
Device (GPU) time: 1.1458 seconds
Iters. done: 390 [Current cost: -21.187273368187967]
Current parameters: [ 3.04700096  1.54284009  3.13573575  3.11582912  3.28764556  2.71171895
  0.13516586  2.62517855  1.83483431  2.69933357 -0.43545325  1.60088417
  0.63497407  0.61929298  1.61621914  1.7291205   2.91342427  0.0441244
  3.43822364  3.02902904  3.15903087  1.92126362  2.68404332  0.43056414
  3.0277442   2.85779204  0.41715585  1.42178774  1.90747738  3.19431847
  2.67287724  2.9297738   3.05195611  1.78754595 -0.24907771 -0.03120058
  1.53353767  2.9043281   3.05906352  1.96189475  1.65458913 -0.20208859
  4.65017007  2.55195389  3.11954507  3.09829262  0.10162096 -0.52238712
 -0.13943762  3.17468026  0.33588341  0.65192195  1.47112743  1.62059345
 -0.11523009  1.63495914  2.43617325  0.30267257  3.1480768   2.82760819
  1.94398133  0.77400791  0.69268409  2.80402567]
Device (GPU) time: 1.0792 seconds
Iters. done: 391 [Current cost: -21.144033377428872]
Current parameters: [ 2.92569212  1.53447532  3.21410352  3.03252841  3.27358101  2.69291986
  0.13828174  2.65232303  1.76686445  2.70786655 -0.42471241  1.58520116
  0.60495961  0.61308136  1.62806663  1.71575684  2.95820214  0.023703
  3.41653279  3.03381167  3.15263874  1.91743663  2.68440893  0.42532754
  3.02332072  2.86080996  0.39885718  1.41886093  1.91448867  3.19300846
  2.67192057  2.92661891  3.05770914  1.79448568 -0.23704576  0.00793388
  1.53312518  2.92286321  3.06693262  1.96965452  1.63582783 -0.20954935
  4.72565201  2.54716877  3.12944161  2.98390264  0.15432522 -0.4912602
 -0.12773199  3.29926928  0.31462179  0.65463069  1.45765906  1.63496313
 -0.12020668  1.6521801   2.43030917  0.30753078  3.11811     2.82680514
  1.93690556  0.79119471  0.71295401  2.79260338]
Device (GPU) time: 1.2249 seconds
Iters. done: 392 [Current cost: -21.151536302376787]
Current parameters: [ 2.95085342  1.54038483  3.12687156  3.05178849  3.28735788  2.716392
  0.12895994  2.59458809  1.79532431  2.70103472 -0.44341089  1.57664322
  0.65411205  0.64424713  1.61668575  1.72381749  2.92961156  0.04987638
  3.46550398  3.00828491  3.15935687  1.92758565  2.67763364  0.4433073
  3.03250109  2.84550063  0.42438367  1.43361185  1.90447611  3.20740121
  2.67503552  2.92817012  3.05788621  1.79121523 -0.24749463 -0.03803906
  1.54479039  2.92197299  3.07278077  2.00118392  1.65949219 -0.20661301
  4.64526989  2.56116778  3.13361106  3.13976682  0.08967473 -0.46270681
 -0.12660212  3.2055087   0.35607317  0.65397706  1.48843849  1.6246002
 -0.11951071  1.66311787  2.43448982  0.29605844  3.13871508  2.83973549
  1.93264301  0.76560834  0.69542608  2.81584576]
Device (GPU) time: 1.2002 seconds
Iters. done: 393 [Current cost: -21.117323493773526]
Current parameters: [ 3.02463603  1.54219557  3.1212942   3.03258323  3.4123578   2.70942569
  0.16511121  2.75974942  1.80742231  2.69319707 -0.39670223  1.58549592
  0.6239956   0.64880109  1.6209211   1.72328463  2.8871938   0.05347032
  3.42412915  3.01838192  3.15783748  1.92386561  2.67507094  0.4371426
  3.02297013  2.86096279  0.41390102  1.42773086  1.91350514  3.19120517
  2.68335957  2.91860876  3.05546813  1.80109793 -0.2326152  -0.01987617
  1.54244336  2.91437869  3.07263737  1.98193665  1.64868022 -0.19913034
  4.64793392  2.58140401  3.11971319  3.15519064  0.0847299  -0.47827354
 -0.1179542   3.24633415  0.34013685  0.62852971  1.4840333   1.61585385
 -0.12697781  1.66099951  2.46347471  0.3001735   3.12289697  2.76264776
  1.83718299  0.7781097   0.69727793  2.80819444]
Device (GPU) time: 1.2466 seconds
Iters. done: 394 [Current cost: -21.13365005003882]
Current parameters: [ 2.98155428  1.54026694  3.15865374  3.05138973  3.28079429  2.64560146
  0.19362806  2.64081606  1.80679769  2.70703786 -0.45635511  1.57724917
  0.57114725  0.6079052   1.61170405  1.7232377   2.91716396  0.04710735
  3.45068807  3.02056719  3.14418196  1.89798155  2.67484221  0.43903744
  3.03169879  2.86139686  0.41399762  1.42735057  1.90550598  3.19882452
  2.66924864  2.91009446  3.07000257  1.7859511  -0.26115144 -0.0358602
  1.53478058  2.90828317  3.05998422  1.98500281  1.66029489 -0.20355561
  4.63778496  2.56773836  3.14579931  3.13265457  0.07268099 -0.50626414
 -0.13306123  3.18792211  0.34530192  0.66689556  1.45834257  1.61901042
 -0.09918591  1.63851418  2.41937517  0.30247988  3.12426061  2.82932299
  1.93183407  0.77175094  0.69485341  2.80749092]
Device (GPU) time: 1.0769 seconds
Iters. done: 395 [Current cost: -21.13592104166731]
Current parameters: [ 3.0031977   1.54152282  3.12046321  3.04484604  3.34881763  2.70879122
  0.10992384  2.70612397  1.799673    2.68836773 -0.47365256  1.61243837
  0.6079874   0.52265657  1.62531478  1.72823813  2.90190698  0.0576254
  3.44161628  3.01890958  3.18796453  1.92075955  2.67256618  0.436003
  3.02212674  2.86460715  0.41261447  1.42729089  1.91537175  3.18697633
  2.68510211  2.91666853  3.05807645  1.80055579 -0.23150439 -0.01884668
  1.54097664  2.90967939  3.07179259  1.97976488  1.64898649 -0.19660457
  4.6481685   2.58371117  3.11881345  3.15598593  0.0839107  -0.48259249
 -0.11703454  3.25015935  0.33377937  0.66672605  1.48298453  1.61494421
 -0.11267432  1.65787166  2.4000642   0.30514056  3.15977826  2.96788615
  2.04061742  0.79279971  0.71792309  2.80701607]
Device (GPU) time: 1.2132 seconds
Iters. done: 396 [Current cost: -21.189122671824734]
Current parameters: [ 2.98321036  1.54365717  3.15726773  3.06051947  3.26560711  2.72987889
  0.15040063  2.65365178  1.81576024  2.73125434 -0.43676767  1.59901839
  0.6347001   0.60178675  1.58557563  1.7007702   2.92635067  0.03468576
  3.41934249  2.98308333  3.14171195  1.93894352  2.69676408  0.44263433
  2.99857286  2.83870386  0.4302754   1.42487589  1.90827533  3.19526049
  2.63875717  2.89113881  3.06483089  1.77113384 -0.23666042 -0.01149763
  1.5515172   2.89074826  3.04354988  1.96756096  1.65624786 -0.20424431
  4.64930256  2.5823924   3.12105986  3.12420839  0.06369996 -0.50371823
 -0.11917575  3.21099507  0.37250758  0.64768216  1.45636883  1.61075399
 -0.11132969  1.63526543  2.42400638  0.29872736  3.13229753  2.85107425
  1.91586321  0.78484336  0.68322455  2.81543998]
Device (GPU) time: 1.2072 seconds
Iters. done: 397 [Current cost: -21.1937482435039]
Current parameters: [ 2.98415099  1.52668284  3.19548299  3.10363474  3.27490193  2.69507454
  0.15963996  2.59055012  1.77968359  2.68214027 -0.4087144   1.55213193
  0.65193279  0.60298912  1.65224758  1.71693451  2.90835382  0.05272432
  3.39703125  2.99345195  3.19056649  1.99060082  2.66302508  0.42848921
  3.01985582  2.84511151  0.38105161  1.40041256  1.94308202  3.15778684
  2.69629483  2.86975978  3.08680564  1.83484384 -0.23953052  0.00696731
  1.52809555  2.99294514  3.04807209  1.89721202  1.62469946 -0.19969764
  4.60442805  2.61835783  3.15271736  3.17576402  0.05508219 -0.51565598
 -0.10998911  3.23195835  0.31012306  0.67556775  1.41607671  1.60774453
 -0.10087682  1.65207346  2.46410201  0.32840414  3.14953839  2.83994394
  1.92614227  0.79437048  0.72393602  2.78748756]
Device (GPU) time: 1.1092 seconds
Iters. done: 398 [Current cost: -21.07722979100919]
Current parameters: [ 2.98829871  1.54413328  3.16268915  3.05338561  3.29694788  2.73707821
  0.21546075  2.6463896   1.80095004  2.70042814 -0.39737087  1.55889109
  0.66230629  0.62587676  1.61697823  1.7327278   2.95573367  0.0277267
  3.44090247  3.03079566  3.17124811  1.91761579  2.68278872  0.42688959
  3.03019841  2.85656314  0.42152196  1.42185983  1.90845361  3.19349073
  2.66232757  2.93849254  3.05385121  1.78266958 -0.25606756 -0.03230253
  1.52429345  2.8933602   3.06421595  1.96396635  1.65677891 -0.20184724
  4.64865724  2.56042475  3.12819219  3.14508778  0.08013785 -0.52497434
 -0.13707046  3.21756431  0.33994606  0.68648178  1.46758021  1.61759602
 -0.1086949   1.63224833  2.4142234   0.30367405  3.13581411  2.85932503
  1.94683787  0.77622196  0.69513843  2.80708146]
Device (GPU) time: 1.2555 seconds
Iters. done: 399 [Current cost: -21.15401976161953]
Current parameters: [ 2.95043623  1.55015657  3.1701509   3.05557705  3.28219937  2.69386779
  0.10297385  2.62276625  1.83139574  2.70525826 -0.44620091  1.61115916
  0.62289047  0.61123563  1.6229104   1.70863118  2.89512645  0.05679878
  3.42700889  3.11499057  3.1594803   1.92231644  2.6816967   0.41919362
  3.01219735  2.87645008  0.39524316  1.41390818  1.91894114  3.182951
  2.62149814  2.99350829  3.02357669  1.80094516 -0.26767079  0.00971882
  1.45234999  2.91046294  3.06759753  1.96290948  1.63473184 -0.20149523
  4.6909677   2.50726881  3.10984065  3.17926469  0.02692996 -0.51832027
 -0.09373878  3.2212433   0.40530658  0.63878732  1.43179478  1.56867301
 -0.11677141  1.59833396  2.4349453   0.31225569  3.12590133  2.87802528
  1.87640381  0.79690205  0.70852298  2.82110905]
Device (GPU) time: 1.1429 seconds
Iters. done: 400 [Current cost: -21.122802384933426]
Current parameters: [ 2.98197776  1.54026296  3.20049068  3.05449506  3.28509659  2.68919163
  0.1336217   2.64849059  1.78619684  2.69659722 -0.44163837  1.5593563
  0.62754645  0.6100872   1.61383227  1.73088576  2.9221093   0.02919301
  3.40987254  3.02026764  3.10514162  1.94681894  2.68324012  0.42833199
  3.02640181  2.8534396   0.42479997  1.42487473  1.91045181  3.18975526
  2.67580065  2.94457549  3.04262735  1.79843782 -0.23758617 -0.04572054
  1.53534075  2.89473847  3.06652687  1.9592573   1.65300752 -0.20026764
  4.59989126  2.55071534  3.10153183  3.14228673  0.09528224 -0.51143538
 -0.1338858   3.20602911  0.34332284  0.64819574  1.4965254   1.61002181
 -0.12819163  1.63338865  2.44516144  0.29734063  3.15129655  2.85115292
  1.93255766  0.76812932  0.68574523  2.81233816]
Device (GPU) time: 1.0607 seconds
Iters. done: 401 [Current cost: -21.14523017256582]
Current parameters: [ 2.93938508  1.52255429  3.18343693  3.01288696  3.27571097  2.75189337
  0.11052389  2.67567406  1.76624899  2.68710826 -0.34915368  1.60577758
  0.64549653  0.54672552  1.64177836  1.74593619  2.90719976  0.05364785
  3.45287653  3.03804643  3.0939094   1.8993594   2.68608591  0.43264781
  3.02792296  2.8638913   0.40196706  1.42058884  1.90296755  3.20038537
  2.67171003  2.91865575  3.06182757  1.78037365 -0.25608194 -0.01813423
  1.53442833  2.9168403   3.04620279  1.96961114  1.65195704 -0.20903708
  4.70523924  2.60326036  3.14124619  3.15631542  0.07485632 -0.52481907
 -0.13539911  3.0770455   0.33793797  0.62815242  1.44836145  1.63058286
 -0.11182473  1.65568192  2.45234504  0.30227194  3.13723668  2.79574666
  1.97790295  0.78891043  0.72029752  2.80004391]
Device (GPU) time: 1.1669 seconds
Iters. done: 402 [Current cost: -21.089428816196676]
Current parameters: [ 2.97617932  1.55374855  3.15286717  3.06065861  3.2696729   2.72557226
  0.13898204  2.63101486  1.80876044  2.68897197 -0.38327815  1.63785582
  0.59045745  0.59523976  1.62708314  1.74453824  2.94775339  0.02217649
  3.42830394  3.0192188   3.17215003  1.91485139  2.67731975  0.43846184
  3.02716046  2.85770918  0.41539783  1.42566358  1.90757264  3.19670556
  2.67456997  2.92133568  3.05798968  1.80107563 -0.24727358 -0.04729218
  1.53852723  2.91566247  3.06043942  1.977942    1.65634401 -0.20183534
  4.59259849  2.55212406  3.12105521  3.13140165  0.08213095 -0.50156903
 -0.13202687  3.21815446  0.35379264  0.65800715  1.47504857  1.61106342
 -0.11151757  1.63554649  2.42047596  0.30192716  3.1238201   2.83922409
  1.91050198  0.79720043  0.72266902  2.81258373]
Device (GPU) time: 1.1683 seconds
Iters. done: 403 [Current cost: -21.203152817768345]
Current parameters: [ 3.00148028  1.5397164   3.20590476  3.07076184  3.31287843  2.71635909
  0.09331721  2.62961159  1.80346187  2.74980475 -0.45751864  1.58846554
  0.62278622  0.63481323  1.58317052  1.8799721   2.94561355  0.0469484
  3.45703325  2.95919895  3.16051891  1.84288348  2.66895887  0.43744011
  3.01253101  2.86250858  0.4045913   1.40656593  1.90968795  3.19674716
  2.57326349  2.92835986  3.05322362  1.81673682 -0.24865751 -0.05001669
  1.53319377  2.90915464  3.05048478  1.95996924  1.6349592  -0.21961204
  4.64600986  2.60318568  3.13236581  3.16226058  0.08254131 -0.54557484
 -0.14282274  3.25764412  0.3504586   0.65118185  1.44843392  1.62117428
 -0.12492651  1.64487862  2.43325984  0.31118222  3.12554367  2.83398177
  1.93515194  0.76145876  0.71276648  2.79700634]
Device (GPU) time: 1.1503 seconds
Iters. done: 404 [Current cost: -21.13284450934243]
Current parameters: [ 2.98470725  1.54207047  3.15558766  3.06329651  3.27204877  2.69086071
  0.13086224  2.64464112  1.79494128  2.70803071 -0.42259681  1.60146609
  0.63211655  0.60959893  1.60574438  1.7095885   2.96735091  0.04214217
  3.48215548  3.03710321  3.15017672  1.8975571   2.67494489  0.43773828
  3.02171591  2.8779229   0.40207223  1.42093309  1.91018505  3.18656903
  2.6837339   2.90191141  3.05867313  1.79569991 -0.24648315 -0.02184923
  1.53514583  2.91136212  3.05289052  1.96253014  1.6577647  -0.2013082
  4.64468282  2.58178188  3.06455954  3.14783156  0.0724833  -0.52788738
 -0.12663221  3.22617132  0.33598492  0.66717885  1.46400899  1.61029409
 -0.11311562  1.66170638  2.44055206  0.30837345  3.16451373  2.83786724
  1.91632028  0.75717648  0.67234524  2.80241666]
Device (GPU) time: 1.0590 seconds
Iters. done: 405 [Current cost: -21.19043522889384]
Current parameters: [ 2.97707548e+00  1.52982596e+00  3.16864504e+00  3.09568460e+00
  3.26331543e+00  2.76954542e+00  1.73840942e-01  2.62684509e+00
  1.78437476e+00  2.73490084e+00 -4.48875305e-01  1.62318403e+00
  5.94969992e-01  5.90341660e-01  1.58941822e+00  1.66986979e+00
  2.94265942e+00  6.33550362e-02  3.46300095e+00  3.03690806e+00
  3.15173717e+00  1.88312772e+00  2.70454990e+00  4.11383705e-01
  3.01081386e+00  2.85180060e+00  4.35500096e-01  1.40807679e+00
  1.92610082e+00  3.19113765e+00  2.67012989e+00  2.93783542e+00
  3.05100039e+00  1.80554263e+00 -2.55390930e-01  1.35399736e-03
  1.48710302e+00  2.84869659e+00  3.11772633e+00  1.95923530e+00
  1.63279623e+00 -2.02392121e-01  4.59347789e+00  2.57646476e+00
  3.17778337e+00  3.18822836e+00  1.05072610e-01 -5.03301853e-01
 -1.52624025e-01  3.26040995e+00  2.81861504e-01  5.36038995e-01
  1.46763111e+00  1.63740361e+00 -9.98616403e-02  1.66737309e+00
  2.42548444e+00  3.04072696e-01  3.14004019e+00  2.81036648e+00
  1.94885046e+00  7.80676660e-01  6.73272437e-01  2.78313507e+00]
Device (GPU) time: 1.1712 seconds
Iters. done: 406 [Current cost: -21.113922208109692]
Current parameters: [ 2.97165928  1.5306076   3.14364393  3.05138349  3.29050109  2.72505962
  0.15635913  2.6336024   1.76056614  2.7092911  -0.46473204  1.61915707
  0.614145    0.64492958  1.6098378   1.73431128  2.9234009   0.00986994
  3.38338064  3.03596102  3.1811795   1.91425099  2.67486022  0.44623685
  3.01354768  2.86666056  0.41253215  1.4270537   1.90960248  3.19199899
  2.66110694  2.91928423  3.05393958  1.805211   -0.26305551 -0.0171582
  1.54750633  2.90915518  3.07668362  1.97296176  1.63405179 -0.17822804
  4.64437581  2.57089623  3.10227627  3.14160986  0.07671153 -0.53344016
 -0.12887523  3.18461538  0.33357325  0.65436818  1.4666123   1.618131
 -0.10904073  1.65785696  2.43474232  0.30145606  3.13873483  2.83552864
  1.94093164  0.76870859  0.68536824  2.80996059]
Device (GPU) time: 1.2424 seconds
Iters. done: 407 [Current cost: -21.18055449946577]
Current parameters: [ 2.97527202  1.57940535  3.20571716  3.06213867  3.28415197  2.71639061
  0.04525427  2.70381939  1.81271938  2.70116201 -0.48859486  1.58294275
  0.62866135  0.6616442   1.61406184  1.6627806   3.00002985  0.00894416
  3.42068134  3.03704935  3.2243084   1.91764729  2.65164708  0.42379849
  3.05395793  2.84482739  0.42751674  1.4112881   1.92097216  3.18475829
  2.70374344  2.90681966  3.02213567  1.74938826 -0.24689547 -0.05506673
  1.53584769  2.89016407  3.04957007  1.98442848  1.68084219 -0.24825944
  4.62697553  2.60364743  3.18195234  3.1641291   0.085616   -0.54974679
 -0.13622691  3.18565433  0.34132379  0.68823169  1.45854658  1.61446929
 -0.1124668   1.61608375  2.39653961  0.31715343  3.09907903  2.81433641
  1.93515261  0.79737779  0.70488     2.78977876]
Device (GPU) time: 1.1699 seconds
Iters. done: 408 [Current cost: -21.137660747088837]
Current parameters: [ 2.98051448  1.52596647  3.14591509  3.08522916  3.2650976   2.72505924
  0.12977341  2.64996279  1.77385424  2.69655864 -0.43909993  1.57863348
  0.60830975  0.60925675  1.61303297  1.75131641  2.91481706  0.04997227
  3.44393675  3.03692646  3.15132564  1.93393533  2.70780994  0.38495715
  3.04321146  2.84711179  0.43320288  1.42676632  1.91509095  3.18818506
  2.65722762  2.91041296  3.0557042   1.81464903 -0.24254479 -0.01201163
  1.52839935  2.89083065  3.05376769  1.9995256   1.6546016  -0.19733403
  4.64573288  2.57305328  3.1240184   3.14784008  0.08273465 -0.51245829
 -0.12829741  3.21586591  0.33283284  0.70309218  1.47694392  1.61734356
 -0.10385174  1.64848254  2.42083712  0.30753218  3.12651968  2.82749007
  1.9154938   0.80798969  0.66985294  2.79826027]
Device (GPU) time: 1.1483 seconds
Iters. done: 409 [Current cost: -21.20053545780028]
Current parameters: [ 2.975451    1.57913852  3.19417835  3.10305711  3.28967638  2.72064358
  0.13883091  2.63891098  1.81234732  2.71339043 -0.40868514  1.59638154
  0.62307319  0.61239492  1.61678094  1.7064644   2.89859748  0.02017167
  3.38908151  3.05591062  3.14845189  1.84676843  2.76396636  0.39160008
  2.98999857  2.83152574  0.44469306  1.41596005  1.91551339  3.19688221
  2.68997021  2.9144957   3.07651076  1.75757306 -0.25183442 -0.04165299
  1.55286488  2.93334658  3.08279656  2.07885995  1.64394319 -0.19700613
  4.63002258  2.59437167  3.14189282  3.14132166  0.06020053 -0.51593721
 -0.1305469   3.24405917  0.34136015  0.70136642  1.43238412  1.61251634
 -0.12900101  1.63106115  2.50171903  0.31000882  3.19102223  2.85305914
  1.93832689  0.70045466  0.73245502  2.81277519]
Device (GPU) time: 1.0460 seconds
Iters. done: 410 [Current cost: -21.19208764506414]
Current parameters: [ 2.99296233  1.5421993   3.17283458  3.0634811   3.2863985   2.72128714
  0.12414082  2.64763772  1.80564664  2.69910451 -0.42978818  1.58806606
  0.62540563  0.61248236  1.61783081  1.73263589  2.92729867  0.0349809
  3.42365233  3.01550143  3.1447071   1.94512314  2.69683411  0.44159398
  3.03995196  2.87017611  0.39902229  1.42290819  1.91195699  3.20501633
  2.66634901  2.89319991  3.09612634  1.78646509 -0.3031873  -0.03623533
  1.49807943  2.91947242  3.10500384  1.9861294   1.64453653 -0.21949838
  4.64889826  2.56733326  3.12206106  3.14288513  0.08290017 -0.517599
 -0.14047612  3.22142801  0.35056712  0.65822251  1.46891809  1.6204108
 -0.10211958  1.64218377  2.38959416  0.27588163  3.15317539  2.83281006
  1.92429736  0.75827502  0.68491661  2.80671436]
Device (GPU) time: 1.1662 seconds
Iters. done: 411 [Current cost: -21.11991695669991]
Current parameters: [ 2.99572915  1.52622133  3.17561638  3.07998663  3.27386936  2.72347909
  0.14057906  2.6178041   1.80534679  2.6999776  -0.4266581   1.57883171
  0.63919424  0.6054687   1.6274556   1.7165898   2.91556343  0.03979206
  3.41073969  3.02443766  3.15135769  1.91102436  2.66132553  0.4210657
  3.01439279  2.95537671  0.31910635  1.42764039  1.92326639  3.19716337
  2.67627809  2.94598098  3.01677454  1.80248913 -0.18417284 -0.01700242
  1.59174203  2.85386432  3.04067106  2.02649674  1.65399139 -0.19690612
  4.63056894  2.59353653  3.15415508  3.14236901  0.06636502 -0.50760893
 -0.12614487  3.23269596  0.35138015  0.66861523  1.4420046   1.61806076
 -0.06718134  1.64936722  2.40147407  0.16707321  3.14580123  2.83106771
  1.91939474  0.77035965  0.69376586  2.80267732]
Device (GPU) time: 1.2288 seconds
Iters. done: 412 [Current cost: -21.26902220127946]
Current parameters: [ 2.98684539  1.52804288  3.17209741  3.0781612   3.23530522  2.74336903
  0.15731149  2.6458461   1.82500202  2.67229514 -0.46662954  1.56700506
  0.64269366  0.57920249  1.65430122  1.73885964  2.9189814   0.04045439
  3.41470519  3.0279419   3.17701265  1.91904063  2.64020211  0.39699812
  2.99046413  2.9411109   0.30700019  1.41249496  1.92272901  3.22671384
  2.68579252  2.96446093  3.03698257  1.80381438 -0.20702015 -0.01871864
  1.6102337   2.84858067  3.02110017  2.02416702  1.64915759 -0.20598341
  4.63297368  2.59407344  3.14644675  3.14365227  0.0699048  -0.50346117
 -0.12710668  3.23637883  0.35887753  0.65286299  1.44660821  1.61795716
 -0.07721224  1.65221665  2.41635187  0.16582977  3.15165743  2.82019704
  1.9043259   0.74644822  0.69208218  2.8038973 ]
Device (GPU) time: 1.1337 seconds
Iters. done: 413 [Current cost: -21.130253085724707]
Current parameters: [ 3.00144899e+00  1.51240961e+00  3.18329500e+00  3.10113770e+00
  3.25316644e+00  2.71480814e+00  1.56496975e-01  2.64830443e+00
  1.82377564e+00  2.68248329e+00 -4.53252258e-01  1.66999351e+00
  6.89309874e-01  6.85614444e-01  1.64956864e+00  1.70611394e+00
  2.91907868e+00  4.39138137e-02  3.41252954e+00  3.04063874e+00
  3.04761308e+00  1.88980839e+00  2.67878726e+00  4.36960185e-01
  3.03916337e+00  2.98297112e+00  3.26496689e-01  1.44391875e+00
  1.92572553e+00  3.15444434e+00  2.68601608e+00  2.98569193e+00
  3.07972311e+00  1.82333639e+00 -2.31670139e-01  2.55567409e-03
  1.65242943e+00  2.82711733e+00  3.00805662e+00  2.01511719e+00
  1.62801320e+00 -2.14814957e-01  4.61296299e+00  2.61755647e+00
  3.16417859e+00  3.15434347e+00  6.43673092e-02 -4.82232589e-01
 -1.19303818e-01  3.26176191e+00  3.57833848e-01  7.01041015e-01
  1.43287401e+00  1.61798909e+00 -6.77121543e-02  1.66497356e+00
  2.37923606e+00  1.86345415e-01  3.13187741e+00  2.84869029e+00
  1.93726255e+00  8.18358392e-01  7.37195340e-01  2.79723672e+00]
Device (GPU) time: 1.0386 seconds
Iters. done: 414 [Current cost: -21.229420038428394]
Current parameters: [ 3.02340303  1.49967324  3.18314837  3.04724954  3.27969837  2.72692553
  0.13288648  2.60190193  1.8243447   2.67710042 -0.41891475  1.58076526
  0.63388685  0.60541635  1.62498832  1.71592694  2.9140891   0.01677725
  3.41595593  3.02074615  3.14405774  1.91337669  2.66771123  0.41730674
  3.01573028  2.95302181  0.33656499  1.38989523  1.94177215  3.18932638
  2.68445297  2.94379884  2.98958742  1.81504022 -0.20209377  0.01853199
  1.60012998  2.85884034  3.03429475  2.04012377  1.65672573 -0.21442052
  4.62160363  2.5878371   3.15165452  3.13682968  0.04949625 -0.49721112
 -0.15221034  3.23290096  0.34811401  0.66981266  1.42205231  1.61234577
 -0.08100646  1.67065401  2.39853195  0.16654729  3.10227914  2.8412623
  1.92615613  0.74051246  0.67334619  2.80354722]
Device (GPU) time: 1.1828 seconds
Iters. done: 415 [Current cost: -21.220162495295572]
Current parameters: [ 3.05238697  1.42628592  3.17288972  3.03353278  3.24406187  2.71442775
  0.12238493  2.59575778  1.8194744   2.73072696 -0.39866241  1.59565161
  0.64939284  0.60385977  1.65095044  1.69060419  2.92342448  0.06759689
  3.37235369  3.05303298  3.16025559  1.88787615  2.6760099   0.40311288
  3.01634796  2.94067688  0.29740208  1.48836478  1.89016305  3.2163367
  2.68855317  2.94590097  3.05972592  1.79549616 -0.13365726 -0.07270184
  1.582017    2.86686077  3.04386211  2.02672924  1.63347422 -0.17549532
  4.63544323  2.62795877  3.15380512  3.16545613  0.1000182  -0.53387512
 -0.07765206  3.26450065  0.37767226  0.66986976  1.47147064  1.62750157
 -0.05729015  1.61899838  2.41214407  0.18537598  3.05046745  2.84392238
  1.93446493  0.73468618  0.64926113  2.79553737]
Device (GPU) time: 1.1333 seconds
Iters. done: 416 [Current cost: -21.19074608051112]
Current parameters: [ 2.99145943  1.52779398  3.15968801  3.07363611  3.2728125   2.7241401
  0.13951366  2.61570083  1.80471373  2.69938984 -0.42716708  1.58266347
  0.63828254  0.60600469  1.62637073  1.71842011  2.91389824  0.03084124
  3.41161705  3.0172168   3.14510042  1.92082329  2.62193567  0.38152022
  2.98866101  2.97764488  0.3392241   1.40814172  1.90929055  3.12687898
  2.67915922  2.94917456  3.04809202  1.79135934 -0.16375164 -0.03159008
  1.57098458  2.85574799  3.04907155  2.03463316  1.65457657 -0.20175516
  4.6318362   2.5855748   3.15957259  3.13724553  0.06032458 -0.52014888
 -0.13253275  3.23716283  0.37298318  0.66768998  1.43952996  1.64650575
 -0.07052537  1.65854245  2.40307969  0.16448665  3.14600889  2.81935396
  1.93026699  0.76520744  0.69146372  2.82315767]
Device (GPU) time: 1.0412 seconds
Iters. done: 417 [Current cost: -21.18110739183697]
Current parameters: [ 3.00313533e+00  1.53764367e+00  3.15171028e+00  3.10401746e+00
  3.28346454e+00  2.71365178e+00  1.31200687e-01  2.62316595e+00
  1.78422302e+00  2.73889990e+00 -4.22560349e-01  1.56020072e+00
  6.31729667e-01  5.99756678e-01  1.66589687e+00  1.70075773e+00
  2.91111992e+00 -1.89290146e-02  3.41032966e+00  3.04977418e+00
  3.14000154e+00  1.91325691e+00  2.68548199e+00  4.23900551e-01
  3.08011514e+00  2.93743534e+00  2.88663622e-01  1.42794579e+00
  1.86440414e+00  3.25372236e+00  2.67578333e+00  2.92496357e+00
  2.97673326e+00  1.82634736e+00 -1.86156202e-01 -4.22479148e-03
  1.58481127e+00  2.83495470e+00  3.00581640e+00  2.00262221e+00
  1.64320961e+00 -1.93727823e-01  4.61070693e+00  2.59561774e+00
  3.14279635e+00  3.14723840e+00  2.34801489e-02 -5.07573632e-01
 -1.49106816e-01  3.27854853e+00  4.12689424e-01  6.60879765e-01
  1.40090250e+00  1.73704089e+00 -8.63630189e-02  1.65213958e+00
  2.41081264e+00  1.77398075e-01  3.15557429e+00  2.80196038e+00
  1.96126855e+00  7.89289025e-01  6.96287427e-01  2.88165634e+00]
Device (GPU) time: 1.2112 seconds
Iters. done: 418 [Current cost: -21.208685976444002]
Current parameters: [ 3.01075357e+00  1.51905138e+00  3.19688322e+00  3.10430533e+00
  3.26864765e+00  2.72511777e+00  1.38756393e-01  2.62046120e+00
  1.80609045e+00  2.69895554e+00 -4.27217719e-01  1.56498027e+00
  6.24726811e-01  5.98604023e-01  1.62770433e+00  1.71368060e+00
  2.91352546e+00 -6.54080146e-03  3.43854308e+00  3.03313948e+00
  3.15047306e+00  1.92705703e+00  2.66250099e+00  4.55136681e-01
  2.97658696e+00  2.94673191e+00  3.24629705e-01  1.42149695e+00
  1.87014605e+00  3.19652866e+00  2.67472704e+00  2.97404692e+00
  3.02235383e+00  1.80686996e+00 -1.66509049e-01 -4.64496959e-03
  1.60568106e+00  2.87096691e+00  3.06972326e+00  2.03956684e+00
  1.64589800e+00 -2.01613356e-01  4.64777703e+00  2.60661629e+00
  3.14638027e+00  3.16226024e+00  6.71870445e-02 -4.98423846e-01
 -1.22118812e-01  3.23154398e+00  3.41177421e-01  6.77414256e-01
  1.44946876e+00  1.61448900e+00 -5.57056477e-02  1.65179247e+00
  2.38692882e+00  1.71316730e-01  3.13387839e+00  2.82319349e+00
  1.91594615e+00  7.82746152e-01  7.02841869e-01  2.80138163e+00]
Device (GPU) time: 1.1731 seconds
Iters. done: 419 [Current cost: -21.152431797888195]
Current parameters: [ 2.97857195  1.50470108  3.14294554  3.06083901  3.29523295  2.77762828
  0.11116854  2.63880927  1.76339226  2.71852792 -0.45857856  1.53148791
  0.68710543  0.59081308  1.6251074   1.69573778  2.87247244  0.04068589
  3.45843756  3.05235663  3.1335321   1.86061507  2.66068797  0.44751709
  2.99133943  2.97214188  0.29628913  1.415759    1.88607449  3.19632034
  2.66959935  2.92478875  3.04884672  1.82740125 -0.19659217 -0.02107368
  1.59543057  2.8715295   3.04869319  2.02572226  1.68327764 -0.15311938
  4.52428216  2.56299634  3.17034728  3.06210617  0.05369377 -0.53784468
 -0.13313085  3.22255547  0.34769891  0.68192675  1.3893477   1.6062794
 -0.07192856  1.59976099  2.38334565  0.17703693  3.12590649  2.85033068
  1.88835349  0.77845949  0.69407881  2.75247932]
Device (GPU) time: 1.1396 seconds
Iters. done: 420 [Current cost: -21.213973967719532]
Current parameters: [ 2.99749406  1.52678108  3.17609274  3.08320265  3.29548436  2.68401945
  0.14506382  2.60001064  1.78827752  2.69928515 -0.447051    1.61159549
  0.69887909  0.54124828  1.62837193  1.71883041  2.93288208  0.0267218
  3.3978699   3.02268499  3.15645549  1.90546037  2.66364327  0.41746594
  3.01716442  2.94840112  0.33142458  1.42576399  1.92488786  3.20130874
  2.66900396  2.95070464  3.01568005  1.80110822 -0.18450058 -0.01405887
  1.59172517  2.83688813  3.06235147  2.02495278  1.65256453 -0.19760601
  4.62765858  2.59051034  3.1636839   3.14296968  0.06815493 -0.50073626
 -0.12823071  3.23031549  0.35155724  0.68964262  1.4420089   1.62098939
 -0.06527647  1.65181347  2.39578799  0.16881181  3.13580412  2.80426046
  1.89737406  0.76728568  0.69521059  2.8024711 ]
Device (GPU) time: 1.1575 seconds
Iters. done: 421 [Current cost: -21.194488982413095]
Current parameters: [ 2.99120945  1.51969624  3.16836673  3.07725062  3.25522522  2.72709647
  0.10805915  2.60584849  1.82348682  2.68007855 -0.39631384  1.53454916
  0.6100912   0.62839156  1.65286808  1.73310572  2.90217805  0.0639878
  3.38966846  3.04283414  3.16552742  1.87431029  2.64152394  0.45268731
  3.00679212  2.95869209  0.35843165  1.41795223  1.94017022  3.20862531
  2.69561586  2.89919867  3.02943947  1.81673496 -0.16535772 -0.02354701
  1.60524467  2.71289101  3.14624207  1.95865613  1.64882649 -0.20387789
  4.63995748  2.61525731  3.13653129  3.11848004  0.04145526 -0.47101706
 -0.10595629  3.22577297  0.373614    0.71141233  1.41436973  1.6042807
 -0.06172776  1.66887688  2.42655843  0.17285814  3.14998281  2.84161073
  1.91472307  0.77035677  0.72020039  2.80935917]
Device (GPU) time: 1.1354 seconds
Iters. done: 422 [Current cost: -21.107197150036352]
Current parameters: [ 2.99884191  1.52173927  3.18833598  3.0755712   3.30474801  2.75886542
  0.14755575  2.60060613  1.7862336   2.69679864 -0.443607    1.61426084
  0.60648711  0.60073709  1.63078744  1.71740659  2.92528601  0.05052904
  3.43649079  3.0319905   3.13390276  1.93974003  2.6610174   0.43365011
  3.00785553  2.95382343  0.31948308  1.42680788  1.91871184  3.20045847
  2.69316039  2.94784069  3.0084438   1.80572907 -0.1771846  -0.0335311
  1.59690884  2.84671282  3.03068582  2.00041429  1.64461221 -0.19640983
  4.645166    2.59688642  3.19365583  3.13740691  0.06304189 -0.50968798
 -0.12798276  3.23764374  0.3677239   0.70210411  1.43933179  1.61203471
 -0.07837437  1.62754982  2.40928164  0.16952808  3.16698856  2.82825894
  1.90959625  0.73887538  0.67375601  2.8062813 ]
Device (GPU) time: 1.1422 seconds
Iters. done: 423 [Current cost: -21.180731335945044]
Current parameters: [ 3.00140428  1.57584434  3.16025779  3.09002688  3.29979744  2.71415813
  0.15033233  2.63275987  1.77872685  2.69946492 -0.38699171  1.59364287
  0.60792976  0.64169869  1.56139653  1.70370166  2.9909587   0.07242161
  3.38275114  3.0227351   3.15497766  1.90805431  2.711645    0.3956839
  3.02700163  2.95384841  0.25945389  1.45934214  1.97721981  3.1909644
  2.61466149  2.92874258  2.99848839  1.84412321 -0.16207776  0.04194267
  1.58172667  2.86609057  3.02097627  2.08099854  1.68809355 -0.21523767
  4.58138401  2.6039716   3.11655604  3.11351971  0.08528383 -0.50473626
 -0.07837089  3.18909929  0.36107065  0.66375289  1.46862445  1.62482951
 -0.02389867  1.62676157  2.41198963  0.14646252  3.16512338  2.86878173
  1.94226324  0.78386714  0.69474093  2.79908728]
Device (GPU) time: 1.0446 seconds
Iters. done: 424 [Current cost: -21.265157500804797]
Current parameters: [ 2.99660076  1.51074147  3.16236333  3.10082344  3.26815298  2.71258038
  0.14265707  2.621185    1.78348811  2.69506326 -0.40771309  1.57901264
  0.64067097  0.5998095   1.63391796  1.71229374  2.9116005   0.06422098
  3.42150481  3.03589325  3.1387031   1.93634678  2.61848035  0.44100092
  3.00573213  2.93239968  0.32636949  1.4331553   1.93345733  3.18994649
  2.65570633  2.94004206  2.97947512  1.78853387 -0.22361343 -0.02166559
  1.61628103  2.84650612  3.05522031  2.05812253  1.65093868 -0.20552602
  4.62578457  2.6044988   3.15855145  3.13613744  0.07082465 -0.55059969
 -0.11392322  3.25412146  0.35847337  0.66144346  1.44313163  1.62528675
 -0.06467758  1.64739477  2.4135574   0.16645404  3.13609531  2.83748962
  1.92072389  0.76572377  0.7073029   2.80600688]
Device (GPU) time: 1.1521 seconds
Iters. done: 425 [Current cost: -21.141110258554274]
Current parameters: [ 2.97707097  1.52483039  3.15415598  3.06562764  3.23523836  2.71943768
  0.15105808  2.62283643  1.81549817  2.71269265 -0.4106998   1.59688213
  0.64298564  0.62033867  1.58733323  1.72160249  2.87252863  0.03483524
  3.36426495  2.99218333  3.16423135  1.86961341  2.72035862  0.45929724
  3.06539607  3.00941251  0.34434197  1.43718648  1.94838545  3.21369913
  2.71081276  2.91540046  2.97500714  1.78087632 -0.12164333 -0.05022679
  1.56718151  2.87897356  2.97741456  2.04782426  1.67429578 -0.170271
  4.65014681  2.5632189   3.14475512  3.15574107  0.06529362 -0.55087994
 -0.1678992   3.26423507  0.31916714  0.66419245  1.44879217  1.563724
 -0.08971792  1.68048339  2.36716568  0.15339499  3.20043374  2.8483203
  1.90602233  0.84209173  0.68092892  2.7954292 ]
Device (GPU) time: 1.1616 seconds
Iters. done: 426 [Current cost: -21.156646580829722]
Current parameters: [ 2.99486949e+00  1.52317840e+00  3.19130342e+00  3.10088356e+00
  3.27350113e+00  2.71051850e+00  1.45456507e-01  2.59038090e+00
  1.80099912e+00  2.69630652e+00 -4.15796367e-01  1.56062643e+00
  6.51450363e-01  6.07386348e-01  1.64365785e+00  1.70745514e+00
  2.90315494e+00  5.23431517e-02  3.39331450e+00  3.00696348e+00
  3.17191393e+00  1.93910185e+00  2.65524849e+00  4.16582224e-01
  3.01651708e+00  2.95024482e+00  2.98839673e-01  1.42031273e+00
  1.94258829e+00  3.17998779e+00  2.68814080e+00  2.92184536e+00
  3.02877412e+00  1.82229300e+00 -1.74377412e-01  1.96017918e-03
  1.58933970e+00  2.89929593e+00  3.02627107e+00  1.98842747e+00
  1.64177011e+00 -1.92640136e-01  4.61349803e+00  2.61683906e+00
  3.17156055e+00  3.15869488e+00  5.38571724e-02 -5.01914549e-01
 -1.14165886e-01  3.24034192e+00  3.32795732e-01  6.72709969e-01
  1.41487185e+00  1.61303702e+00 -6.05405708e-02  1.65244027e+00
  2.41951894e+00  1.79897775e-01  3.14932920e+00  2.83290101e+00
  1.91929173e+00  7.82939627e-01  7.10478550e-01  2.79126034e+00]
Device (GPU) time: 1.1153 seconds
Iters. done: 427 [Current cost: -21.134565596222004]
Current parameters: [ 2.99821531  1.52987699  3.18320739  3.08539165  3.28811706  2.72123016
  0.14506366  2.6075445   1.79584839  2.69133137 -0.4334742   1.57547982
  0.64241918  0.60926592  1.63522526  1.72734014  2.92393921  0.03983055
  3.41738806  3.03317408  3.15068793  1.91676349  2.67368703  0.41542432
  3.00991518  2.95107485  0.32685267  1.42680463  1.92438818  3.19472548
  2.69156287  2.93083784  3.02046632  1.80330393 -0.17922263 -0.02796903
  1.59345839  2.84494517  3.03075095  2.0358266   1.64920854 -0.19107117
  4.63743554  2.59846347  3.14383276  3.13782177  0.05884273 -0.512114
 -0.1224931   3.23041306  0.35696922  0.64148691  1.43596287  1.61266953
 -0.06311797  1.64590921  2.3880695   0.16570217  3.13656549  2.8367829
  1.9156369   0.77417168  0.70363591  2.802962  ]
Device (GPU) time: 1.2288 seconds
Iters. done: 428 [Current cost: -21.2386186393387]
Current parameters: [ 2.99234763  1.55031024  3.19243851  3.07945048  3.29653729  2.76062291
  0.14446663  2.59854019  1.82337107  2.70852254 -0.4409443   1.57260502
  0.62248634  0.59116426  1.62917169  1.69298156  2.90642414  0.05278357
  3.40734997  3.0108574   3.13577323  1.89557978  2.6395809   0.4152958
  3.03668663  2.94905271  0.31150467  1.42868928  1.92893414  3.19679065
  2.6673075   2.95374863  3.00812026  1.77180751 -0.18943318 -0.0250573
  1.57946234  2.85139941  3.02695108  2.03842422  1.61560168 -0.1731423
  4.62202372  2.59796233  3.10463135  3.13939027  0.07280515 -0.49704063
 -0.12333492  3.22826985  0.34510056  0.69518536  1.44449418  1.62080484
 -0.05249411  1.66859023  2.39224052  0.17127876  3.12481654  2.81862164
  1.91951836  0.77728177  0.70157824  2.79494246]
Device (GPU) time: 1.0514 seconds
Iters. done: 429 [Current cost: -21.17564677548548]
Current parameters: [ 2.98840476  1.53299745  3.16554551  3.06833187  3.27434072  2.72055105
  0.13986745  2.6169459   1.80825809  2.69993063 -0.42796446  1.58063023
  0.64240647  0.60772251  1.62671983  1.71804966  2.90479894  0.03914333
  3.41806898  3.01433471  3.15320533  1.91287537  2.68010264  0.40884439
  3.00917714  2.95988857  0.31490316  1.42841974  1.91404374  3.19597016
  2.6847026   2.9472593   3.00230799  1.79876738 -0.18660455 -0.02104304
  1.60018658  2.85438289  3.04752951  2.01604207  1.63332219 -0.22160025
  4.62593112  2.59028193  3.15241851  3.13905536  0.06808469 -0.52102618
 -0.1250694   3.23326417  0.35018763  0.66928916  1.44414605  1.61764549
 -0.04045865  1.64742865  2.40565552  0.17278654  3.14439781  2.8326396
  1.91802184  0.77088884  0.69386999  2.80254344]
Device (GPU) time: 1.2045 seconds
Iters. done: 430 [Current cost: -21.264694132556254]
Current parameters: [ 2.98691125  1.54472652  3.17094805  3.07183919  3.27667779  2.71417802
  0.13673786  2.60872746  1.81848956  2.70262887 -0.42300913  1.58483646
  0.6291993   0.61062391  1.62440328  1.71284641  2.91172393  0.043676
  3.42140645  3.00466603  3.15349978  1.92043846  2.69624268  0.38533994
  3.00116109  2.96523069  0.29692753  1.43140838  1.91110391  3.19131316
  2.68077206  2.95552237  3.00003158  1.7924805  -0.21183039 -0.01255889
  1.61175642  2.84916824  3.06537688  2.0039893   1.69134093 -0.14876061
  4.63649894  2.6098404   3.15161609  3.14758712  0.07146657 -0.52602069
 -0.11433104  3.23524713  0.34819953  0.6732877   1.44971248  1.62069933
 -0.11394213  1.65395216  2.38809185  0.15638858  3.12839224  2.82776873
  1.92267409  0.7748032   0.70569508  2.80133916]
Device (GPU) time: 1.1746 seconds
Iters. done: 431 [Current cost: -21.148917713091755]
Current parameters: [ 2.99542133  1.5274451   3.16886688  3.07984116  3.27269315  2.7237871
  0.13560225  2.62094179  1.80423986  2.70233762 -0.42795739  1.57223992
  0.63593532  0.60420509  1.63146275  1.71731412  2.92236068  0.05461055
  3.405179    3.03304748  3.14656956  1.89928949  2.67003711  0.42792203
  2.99939575  2.94046293  0.33453703  1.42488248  1.94107898  3.19516017
  2.68081196  2.9573331   3.01446649  1.80289519 -0.18163565 -0.01772099
  1.59970072  2.87364747  3.04141087  2.01003166  1.65436365 -0.19457175
  4.6306529   2.59137017  3.15031173  3.14355948  0.06273834 -0.51003402
 -0.12877185  3.23496634  0.35478782  0.6740095   1.4422204   1.63125325
 -0.05851489  1.64899128  2.38340675  0.14714844  3.14541698  2.82303836
  1.92015199  0.77080822  0.69243524  2.80954035]
Device (GPU) time: 1.1503 seconds
Iters. done: 432 [Current cost: -21.199297945101318]
Current parameters: [ 2.98700816  1.53011256  3.176875    3.07813815  3.27767907  2.71125766
  0.13587609  2.61974968  1.8017886   2.69218425 -0.41162109  1.5966159
  0.64141063  0.6191156   1.62474486  1.71346386  2.89311912  0.01664306
  3.41613948  3.0333166   3.1586921   1.89192857  2.64232251  0.39821157
  3.03901757  2.91770987  0.34303734  1.42948186  1.8813468   3.19168831
  2.66158797  2.93537273  3.01507952  1.80287984 -0.19306848 -0.00691272
  1.57931699  2.84853508  3.0160759   2.00299525  1.65534711 -0.19578736
  4.62635705  2.60831774  3.15667946  3.13761128  0.07807056 -0.4999631
 -0.11144879  3.23535616  0.34195233  0.66325737  1.44738845  1.59583392
 -0.05448113  1.64629263  2.39550273  0.1089958   3.16018852  2.84279013
  1.9190865   0.75025289  0.68858133  2.79075428]
Device (GPU) time: 1.0535 seconds
Iters. done: 433 [Current cost: -21.175710774521715]
Current parameters: [ 2.99951034  1.51795784  3.17422958  3.08492353  3.27498724  2.72078667
  0.13855404  2.61846457  1.78977454  2.6762517  -0.4274595   1.57861105
  0.63495157  0.61032333  1.64925676  1.69557963  2.91677854  0.03895136
  3.41386958  3.01172078  3.1546063   1.90267341  2.67087876  0.41628011
  3.00923856  2.96079518  0.31779376  1.42643929  1.92540916  3.19830174
  2.64573424  2.94598888  3.01649091  1.79766461 -0.18018909 -0.02848171
  1.59080908  2.8547441   3.03990259  2.02088264  1.65357552 -0.19842279
  4.63424307  2.59492217  3.15124062  3.1424929   0.06314291 -0.50479513
 -0.14399898  3.23227728  0.35194427  0.66742037  1.44711753  1.61522872
 -0.06845699  1.64781989  2.40098146  0.16904292  3.14787226  2.83445907
  1.91621465  0.7691458   0.69704133  2.80450081]
Device (GPU) time: 1.1710 seconds
Iters. done: 434 [Current cost: -21.1560647994921]
Current parameters: [ 2.9934723   1.51396434  3.16935355  3.09104051  3.27045902  2.71941306
  0.14163788  2.62237743  1.79021406  2.72782551 -0.42215341  1.58160604
  0.63983944  0.60800221  1.59766338  1.73827142  2.91287956  0.03961034
  3.40906445  3.06359402  3.15574326  1.9192405   2.65681725  0.40599594
  3.01568294  2.96127292  0.29646581  1.42865153  1.92942699  3.19552761
  2.68433556  2.94456164  3.01543411  1.75469681 -0.18795597 -0.01333092
  1.59484835  2.86156389  3.04598533  2.01169126  1.65123356 -0.20248165
  4.62231393  2.62610982  3.14953015  3.13097423  0.05433787 -0.47200159
 -0.18633618  3.23010008  0.35578668  0.66612498  1.46431497  1.60650917
 -0.06503398  1.64019543  2.40796885  0.16779368  3.13443687  2.84651701
  1.91052043  0.77540319  0.70029146  2.80831229]
Device (GPU) time: 1.1401 seconds
Iters. done: 435 [Current cost: -21.24724344884711]
Current parameters: [ 2.98608843  1.53338226  3.17551268  3.06953752  3.27921516  2.71975432
  0.13910148  2.61065956  1.82613243  2.69635779 -0.4220739   1.57892175
  0.64114092  0.60553436  1.63045939  1.71815437  2.90803128  0.04055286
  3.40705608  3.04979162  3.15158833  1.92218537  2.66149247  0.42175432
  3.010344    2.95754441  0.3197165   1.42761089  1.92337074  3.19732552
  2.65420333  2.93865436  3.01743761  1.80431805 -0.17466648 -0.02007034
  1.60406224  2.85146473  3.0361063   2.02672706  1.65512388 -0.19632633
  4.62343639  2.60319619  3.15701585  3.14127801  0.07155597 -0.50950423
 -0.12981291  3.23501183  0.34289329  0.66537015  1.44424915  1.62258165
 -0.06666478  1.65458684  2.38108612  0.18486109  3.15785343  2.82379101
  1.92179444  0.76256602  0.68680608  2.80000971]
Device (GPU) time: 1.1149 seconds
Iters. done: 436 [Current cost: -21.147330049985904]
Current parameters: [ 3.00117023e+00  1.51932830e+00  3.17419651e+00  3.09712688e+00
  3.26429472e+00  2.72056627e+00  1.34127675e-01  2.62485341e+00
  1.77766127e+00  2.70302555e+00 -4.06049013e-01  1.57602877e+00
  6.38464680e-01  6.10463594e-01  1.62808775e+00  1.72117897e+00
  2.90499027e+00  4.05781081e-02  3.39515249e+00  2.99432242e+00
  3.14943183e+00  1.88798308e+00  2.64384801e+00  4.06389851e-01
  3.01697164e+00  2.94869480e+00  3.05209558e-01  1.43217994e+00
  1.92088023e+00  3.19178395e+00  2.70301201e+00  2.96918712e+00
  2.99807783e+00  1.79713119e+00 -1.87693367e-01 -6.01240107e-04
  1.59418568e+00  2.84822712e+00  3.03827228e+00  2.03047789e+00
  1.65604559e+00 -1.91675677e-01  4.63346186e+00  2.59484055e+00
  3.15797510e+00  3.13723440e+00  5.94762844e-02 -4.88647361e-01
 -1.09598182e-01  3.22837548e+00  3.64032622e-01  6.59582001e-01
  1.43914201e+00  1.61225865e+00 -6.00088528e-02  1.64199466e+00
  2.34119200e+00  2.18085578e-01  3.16787009e+00  2.83245903e+00
  1.90813815e+00  7.37698615e-01  6.83049578e-01  2.80596090e+00]
Device (GPU) time: 1.1676 seconds
Iters. done: 437 [Current cost: -21.156817338572466]
Current parameters: [ 2.99663629  1.52968736  3.1776466   3.07872621  3.28159253  2.71761258
  0.14074191  2.61371987  1.80703244  2.69612789 -0.42227073  1.58903398
  0.64311244  0.61707261  1.63066788  1.71670769  2.91583909  0.03811155
  3.40883702  3.02237551  3.13787647  1.90513306  2.64454602  0.40615091
  2.993657    2.94522062  0.31101073  1.41384383  1.92473817  3.22428158
  2.68124123  2.93928048  3.01721241  1.79927717 -0.18152232 -0.019448
  1.58773987  2.85734265  3.04853043  2.03047668  1.65430531 -0.19593988
  4.63049322  2.59231959  3.15660525  3.14299176  0.06410065 -0.50901301
 -0.12691515  3.23370564  0.34866304  0.67188116  1.43982058  1.61683447
 -0.06655004  1.64823781  2.40098662  0.168033    3.14957821  2.83596101
  1.92462666  0.79388205  0.67491612  2.80292413]
Device (GPU) time: 1.1478 seconds
Iters. done: 438 [Current cost: -21.185338984839525]
Current parameters: [ 2.99159548  1.54252756  3.18636508  3.08435727  3.28151851  2.72537958
  0.13961876  2.61082377  1.81081708  2.68211748 -0.42340675  1.56941062
  0.63672637  0.59282077  1.65071094  1.73313593  2.92038138  0.0380694
  3.40628897  3.02353031  3.1672597   1.89233547  2.67364981  0.4445929
  3.02617796  2.96017929  0.31898921  1.44707631  1.91755699  3.15855029
  2.67754813  2.95932456  3.01703098  1.77951756 -0.20681002 -0.01364797
  1.60649911  2.85706414  3.04546319  2.03190333  1.65236992 -0.19702673
  4.62420226  2.61153904  3.16002596  3.13162785  0.06218747 -0.49532215
 -0.11636835  3.23528071  0.36104481  0.65277436  1.4346021   1.61669309
 -0.07031643  1.63976037  2.42170368  0.16535037  3.15054552  2.83436038
  1.920913    0.80399412  0.61726922  2.8066713 ]
Device (GPU) time: 1.0700 seconds
Iters. done: 439 [Current cost: -21.16804712013105]
Current parameters: [ 2.99727901  1.52125118  3.17415141  3.07972169  3.26933668  2.72213921
  0.14147396  2.6195686   1.80602857  2.70266526 -0.42653711  1.57731815
  0.6430632   0.60516795  1.62620112  1.71638798  2.91864295  0.04541957
  3.40226803  3.02882378  3.1518165   1.90605373  2.66917158  0.42973686
  3.00109666  2.9582578   0.3107098   1.39933708  1.91302459  3.18336007
  2.6765013   2.93041859  3.00061821  1.80824071 -0.20048132 -0.03147975
  1.58618051  2.84929838  3.02868332  2.02816376  1.65304418 -0.19011458
  4.6344617   2.59052505  3.15528917  3.14873357  0.07727605 -0.48777819
 -0.11892654  3.23315962  0.35047386  0.67332305  1.45264066  1.62263445
 -0.06168514  1.64136022  2.40343702  0.16864462  3.14737507  2.82749462
  1.92192946  0.77299005  0.69491904  2.80104571]
Device (GPU) time: 1.1852 seconds
Iters. done: 440 [Current cost: -21.20663508023284]
Current parameters: [ 3.00283078  1.51737125  3.18010682  3.07855638  3.26694548  2.73712499
  0.15196294  2.62320349  1.81209529  2.70997198 -0.43515261  1.57955888
  0.63678729  0.59825364  1.61736346  1.70885246  2.92837243  0.03761974
  3.41167225  3.02949077  3.1434902   1.90467501  2.65155402  0.39544548
  3.07378064  2.96071753  0.32695431  1.38622265  1.92296734  3.19538699
  2.66309545  2.93998588  3.01239608  1.8161459  -0.17309488 -0.03676286
  1.64239966  2.88613917  3.08319794  2.02542265  1.65284618 -0.18868734
  4.64776714  2.58858597  3.15127853  3.14319484  0.06027176 -0.50294393
 -0.11234683  3.2287117   0.36063414  0.65062477  1.4395163   1.61034298
 -0.06031918  1.63019728  2.40350315  0.16826207  3.15849985  2.83807518
  1.9106297   0.77837779  0.69380274  2.80423616]
Device (GPU) time: 1.2424 seconds
Iters. done: 441 [Current cost: -21.157371205681905]
Current parameters: [ 2.98120058  1.54668144  3.17464157  3.10143779  3.26624805  2.72516359
  0.14759893  2.63218586  1.80589688  2.69317914 -0.42809748  1.58739503
  0.64619664  0.60841841  1.63334082  1.72348775  2.90991353  0.04188668
  3.41081309  3.02508193  3.14223629  1.91067994  2.66046035  0.42839684
  3.01746912  2.96198869  0.31682528  1.42592683  1.92309422  3.19849546
  2.67510879  2.93427351  3.0077258   1.80490177 -0.16956772 -0.01944952
  1.58493874  2.86214238  3.0493187   2.02144962  1.65639602 -0.19418272
  4.63228466  2.59071629  3.15513917  3.14352771  0.06629856 -0.50538189
 -0.12567052  3.23250693  0.35090427  0.66881787  1.44325786  1.61792091
 -0.06690133  1.65141964  2.40132533  0.16706758  3.11851633  2.83640122
  1.92405279  0.75130107  0.68182455  2.80304919]
Device (GPU) time: 1.1686 seconds
Iters. done: 442 [Current cost: -21.11420191190491]
Current parameters: [ 2.98578711  1.54619576  3.17681456  3.09978917  3.29251511  2.71212823
  0.12331745  2.61182604  1.78245401  2.72329233 -0.39377964  1.56989289
  0.63048536  0.59783815  1.59711787  1.69610472  2.90233509  0.04339424
  3.4067278   3.02322837  3.17285369  1.91681631  2.66112769  0.4217797
  3.01576461  2.97322648  0.3269119   1.40877794  1.92886692  3.21440803
  2.67924376  2.9694848   3.06292403  1.82098081 -0.20564412 -0.0348139
  1.6251121   2.83317527  3.01151522  2.02350297  1.64833454 -0.20938878
  4.64287047  2.56857064  3.15151713  3.15176868  0.06852028 -0.51285683
 -0.13261013  3.23339092  0.34662403  0.66795907  1.44361722  1.61488673
 -0.06931744  1.65140856  2.40583633  0.16513269  3.12131791  2.83849829
  1.92527678  0.76638408  0.67541514  2.80271321]
Device (GPU) time: 1.1656 seconds
Iters. done: 443 [Current cost: -21.14666783172644]
Current parameters: [ 2.99672253  1.5277741   3.17665015  3.08162339  3.27147933  2.72486036
  0.14415971  2.62064913  1.80806647  2.7048884  -0.42626291  1.57809116
  0.64159982  0.60251377  1.62220538  1.71036768  2.91479755  0.03602555
  3.40954625  3.02397197  3.15157507  1.91423539  2.65669499  0.41335351
  3.0070419   2.9741384   0.33837545  1.43930973  1.92567485  3.20671679
  2.6761969   2.95534774  3.00365355  1.82558363 -0.19626937 -0.03665235
  1.57979583  2.86220191  3.04023844  2.02670315  1.65478504 -0.19961132
  4.63073272  2.62057873  3.15203312  3.1293124   0.06162941 -0.49853551
 -0.12339381  3.22961075  0.35329266  0.66851737  1.43617778  1.61846649
 -0.0668455   1.65232388  2.40122502  0.16734343  3.14585052  2.83299816
  1.9181972   0.77326363  0.69167676  2.80211514]
Device (GPU) time: 1.1064 seconds
Iters. done: 444 [Current cost: -21.20216470084506]
Current parameters: [ 3.00695518e+00  1.52122079e+00  3.19088195e+00  3.08056166e+00
  3.27889572e+00  2.73565559e+00  1.36096149e-01  2.61809949e+00
  1.81271864e+00  2.71564748e+00 -4.29642350e-01  1.56887952e+00
  6.37133495e-01  5.99853670e-01  1.62754938e+00  1.71773066e+00
  2.92919496e+00  2.91164237e-02  3.40936086e+00  3.03021434e+00
  3.14668435e+00  1.89686448e+00  2.64512513e+00  3.96858267e-01
  2.99521007e+00  2.97236246e+00  3.29187150e-01  1.49687087e+00
  1.91947123e+00  3.19068064e+00  2.67798733e+00  2.90298535e+00
  3.00303926e+00  1.80908920e+00 -2.02572850e-01 -2.64114634e-03
  1.61639312e+00  2.86094176e+00  3.03769802e+00  2.02273290e+00
  1.65396487e+00 -2.01530004e-01  4.64040754e+00  2.53840712e+00
  3.15892822e+00  3.16293202e+00  6.99541563e-02 -4.89391407e-01
 -1.38077943e-01  3.23208889e+00  3.47534666e-01  6.68715637e-01
  1.44065597e+00  1.61443890e+00 -6.60501433e-02  1.64483429e+00
  2.40694098e+00  1.65553462e-01  3.14887631e+00  2.82885330e+00
  1.92171684e+00  7.74134205e-01  7.02172166e-01  2.80207907e+00]
Device (GPU) time: 1.1882 seconds
Iters. done: 445 [Current cost: -21.249955578338433]
Current parameters: [ 2.99042272  1.52558536  3.17783556  3.06651727  3.27632266  2.71946466
  0.1291096   2.62606273  1.80262495  2.69138871 -0.41115778  1.57537288
  0.64760722  0.59967808  1.63579269  1.7310919   2.90977851  0.03690608
  3.40696156  3.02392179  3.14308698  1.91458661  2.65808753  0.42479589
  3.01748658  2.95774738  0.31292863  1.43010073  1.91911011  3.19866315
  2.67595523  2.94147754  3.01899042  1.79846169 -0.18437151 -0.02094498
  1.60092517  2.86639066  3.02783055  2.02918366  1.65742559 -0.19811842
  4.64920517  2.59807043  3.14631343  3.13589188  0.06078856 -0.51211631
 -0.12277451  3.20340134  0.36262283  0.68816645  1.43890143  1.61607071
 -0.06932128  1.64687782  2.40504621  0.16626302  3.145332    2.82990401
  1.92301271  0.77157935  0.70156938  2.8061018 ]
Device (GPU) time: 1.2091 seconds
Iters. done: 446 [Current cost: -21.191354733419782]
Current parameters: [ 2.98015958e+00  1.50765542e+00  3.18827476e+00  3.06472585e+00
  3.26374067e+00  2.75356178e+00  1.38554406e-01  2.62860544e+00
  1.79210238e+00  2.71522793e+00 -4.03170952e-01  1.59347363e+00
  6.38924655e-01  5.78453326e-01  1.62484722e+00  1.70701320e+00
  2.91724530e+00  5.57458757e-02  3.43096264e+00  3.02923375e+00
  3.13237172e+00  1.89218030e+00  2.67490491e+00  4.18923318e-01
  3.01833991e+00  2.95327224e+00  3.17680532e-01  1.42730479e+00
  1.92873177e+00  3.19748662e+00  2.68459177e+00  2.95740793e+00
  3.01715949e+00  1.80024180e+00 -1.80405648e-01  2.56137205e-03
  1.57085192e+00  2.83427390e+00  3.04660543e+00  2.02566396e+00
  1.64666071e+00 -2.01707633e-01  4.63284295e+00  2.60385365e+00
  3.18099396e+00  3.16345243e+00  7.34563955e-02 -5.11346559e-01
 -1.32777800e-01  3.19450416e+00  3.29804189e-01  6.17608134e-01
  1.43164221e+00  1.62850465e+00 -6.66674874e-02  1.66176968e+00
  2.41826136e+00  1.65827742e-01  3.15169086e+00  2.80645195e+00
  1.94613659e+00  7.81501932e-01  7.06688599e-01  2.79163529e+00]
Device (GPU) time: 1.1789 seconds
Iters. done: 447 [Current cost: -21.21867643687088]
Current parameters: [ 2.9874618   1.5281604   3.1674786   3.07752289  3.26813007  2.72047776
  0.14386123  2.61686328  1.80959503  2.69131386 -0.42423535  1.58286843
  0.63921146  0.60117587  1.63424766  1.68461582  2.90721767  0.04105905
  3.40547851  3.05110403  3.15173817  1.9252005   2.66381997  0.41806279
  3.01477498  2.95771345  0.31770239  1.42939042  1.92468968  3.19504541
  2.68674854  2.95514149  3.01274958  1.79910618 -0.18762976 -0.00635136
  1.57908735  2.85413591  3.04373634  2.02790078  1.65484112 -0.19364441
  4.63870478  2.57808903  3.15058049  3.14418348  0.05727982 -0.5025025
 -0.11798753  3.22584263  0.35968753  0.66737258  1.43965658  1.60995336
 -0.06485189  1.64223374  2.40121231  0.16691429  3.14608565  2.83792717
  1.90987742  0.77642918  0.69247391  2.80662358]
Device (GPU) time: 1.0599 seconds
Iters. done: 448 [Current cost: -21.178327469247503]
Current parameters: [ 2.99301534  1.52395768  3.19182297  3.07515966  3.28457717  2.71371023
  0.11392142  2.60654959  1.82435814  2.72478929 -0.44364646  1.58241066
  0.63995297  0.6181691   1.61788763  1.76012767  2.91119714  0.05229988
  3.42111531  3.03188379  3.16028522  1.88765943  2.6587385   0.42228433
  3.01110147  2.96015705  0.30777718  1.42286896  1.92857607  3.19383603
  2.63255516  2.98228027  3.0033269   1.81096768 -0.18426444 -0.00635091
  1.55732229  2.85298983  3.03445995  2.02113892  1.6422825  -0.20335903
  4.64758718  2.57663107  3.15792892  3.1616372   0.04869993 -0.51831741
 -0.11499221  3.25059277  0.37517158  0.65709875  1.42070577  1.60247236
 -0.07506406  1.63231153  2.41213315  0.17397714  3.13939007  2.84474384
  1.90350081  0.77624993  0.712968    2.80413783]
Device (GPU) time: 1.1918 seconds
Iters. done: 449 [Current cost: -21.164454053259984]
Current parameters: [ 2.98814803  1.52571833  3.17699292  3.08219874  3.25164597  2.7261986
  0.13397282  2.59619048  1.80492629  2.69834058 -0.43419858  1.57906474
  0.63943024  0.59870695  1.62461538  1.71896337  2.92421955  0.03711956
  3.41212042  3.02271854  3.14639629  1.91013348  2.6600562   0.42090297
  3.01573689  2.95781144  0.3200716   1.42841587  1.92250941  3.19827103
  2.67293433  2.94602227  3.01998317  1.79871022 -0.18857797 -0.01833002
  1.58950046  2.85003849  3.03772464  2.02663174  1.65555219 -0.1980514
  4.63106003  2.59444727  3.15262228  3.13889086  0.06186087 -0.51150753
 -0.12314776  3.22750579  0.32284552  0.6741691   1.43652966  1.61871116
 -0.06447079  1.62928013  2.39496045  0.16655144  3.14498785  2.84517062
  1.9304013   0.76770451  0.69400118  2.83011099]
Device (GPU) time: 1.1690 seconds
Iters. done: 450 [Current cost: -21.174150905494002]
Current parameters: [ 3.01115086  1.52112367  3.15237501  3.06253339  3.32121142  2.72618574
  0.14161759  2.66137301  1.81207639  2.69687076 -0.41759067  1.57699422
  0.64059254  0.62032479  1.62626888  1.71911177  2.90529966  0.04722957
  3.40904199  3.01455098  3.15018565  1.91343184  2.65644542  0.42573455
  3.01801362  2.95988414  0.31882607  1.43371454  1.92590634  3.19639029
  2.68375386  2.94665897  3.02121515  1.80138241 -0.17607624 -0.01140883
  1.59197282  2.85092669  3.04022664  2.03431961  1.65156479 -0.19727348
  4.63193063  2.60211622  3.15083416  3.14684639  0.06260165 -0.49193957
 -0.1117135   3.24689278  0.29799352  0.65740988  1.44088116  1.61806291
 -0.07529555  1.62770787  2.41666426  0.16429426  3.13696434  2.80435839
  1.8787677   0.76904593  0.70002063  2.8511121 ]
Device (GPU) time: 1.0562 seconds
Iters. done: 451 [Current cost: -21.194098691666987]
Current parameters: [ 3.00574041  1.53076283  3.16821816  3.08560313  3.27607455  2.727133
  0.1339321   2.62141352  1.81313782  2.69929908 -0.43406519  1.57851248
  0.64392324  0.61108047  1.62413783  1.71258971  2.9168468   0.04017101
  3.41392866  3.02287585  3.15875337  1.91170054  2.65807798  0.42201477
  3.01760356  2.95330246  0.32431487  1.42783898  1.92301471  3.19668867
  2.6788487   2.94291832  3.0133649   1.79781504 -0.18683333 -0.02840771
  1.59260127  2.84851038  3.03898254  2.02965955  1.65983015 -0.19980445
  4.60839733  2.60149365  3.15785427  3.18050482  0.05020994 -0.51501839
 -0.12711133  3.2097701   0.35849391  0.67350908  1.44355886  1.61298647
 -0.06616732  1.64533003  2.39715196  0.16646416  3.14668993  2.8320252
  1.91854148  0.76861367  0.68992355  2.80543196]
Device (GPU) time: 1.1670 seconds
Iters. done: 452 [Current cost: -21.17555296499247]
Current parameters: [ 2.98318133  1.53816005  3.20730598  3.07119352  3.27350802  2.71795896
  0.09778268  2.64862414  1.80712537  2.70636304 -0.45220186  1.57332695
  0.63851173  0.63123015  1.63018352  1.68640206  2.95485868  0.0248203
  3.4040337   3.02932886  3.18526537  1.91036269  2.64832168  0.41903638
  3.0294427   2.94762158  0.32099761  1.42309599  1.930617    3.19209513
  2.69644743  2.94591169  3.00015909  1.78291169 -0.17553229 -0.01977828
  1.59132105  2.84860807  3.03302055  2.02934545  1.66256816 -0.21814953
  4.63959298  2.60112048  3.18379886  3.11827601  0.08630005 -0.51972972
 -0.12826528  3.23806546  0.34391377  0.6777891   1.43521925  1.62204331
 -0.07096989  1.64081244  2.3936235   0.17644971  3.12649995  2.81668601
  1.92595721  0.7841242   0.70664866  2.78817435]
Device (GPU) time: 1.1473 seconds
Iters. done: 453 [Current cost: -21.170363053867437]
Current parameters: [ 2.99329134  1.52929575  3.18694953  3.07591157  3.27029567  2.71886104
  0.1424939   2.62176343  1.81155852  2.7039256  -0.42464565  1.58575554
  0.64340763  0.60868265  1.62947801  1.71275734  2.91163431  0.05322993
  3.41390553  3.01836029  3.16057082  1.91236798  2.65946044  0.42289863
  3.01438386  2.94294285  0.31618487  1.43118941  1.91738552  3.18933506
  2.68135183  2.94625422  3.01578237  1.82119183 -0.18193796 -0.01580472
  1.59374669  2.84981221  3.04618451  2.03500381  1.64658619 -0.18685732
  4.63405291  2.5960974   3.15011672  3.1453673   0.08493091 -0.51050513
 -0.15335215  3.22218376  0.35365174  0.67145079  1.43082083  1.63079243
 -0.06645367  1.64581362  2.3996669   0.16497708  3.14874127  2.84910811
  1.90306307  0.7712937   0.69017905  2.81193149]
Device (GPU) time: 1.1442 seconds
Iters. done: 454 [Current cost: -21.221348442852573]
Current parameters: [ 2.99740134  1.50330925  3.22199837  3.07881193  3.26964065  2.7221266
  0.14984462  2.62265056  1.79989361  2.69016902 -0.42696918  1.60667812
  0.64662111  0.61795226  1.61367092  1.72385269  2.88348575  0.05082022
  3.42987811  3.0216312   3.18320839  1.91884072  2.66510605  0.42271501
  3.01438138  2.96801881  0.33340382  1.42910994  1.93154679  3.20605016
  2.67679337  2.94327491  3.01547675  1.77877225 -0.18061485 -0.01901235
  1.5949112   2.8532464   3.04315371  2.02728545  1.66828412 -0.20287589
  4.62099572  2.57527956  3.13291488  3.13534213  0.03843669 -0.49461964
 -0.10152209  3.22912514  0.33985088  0.67283003  1.45218718  1.68164729
 -0.06709301  1.63857876  2.40123188  0.16212228  3.15288102  2.83736176
  1.91560123  0.77130789  0.69310691  2.78155516]
Device (GPU) time: 1.1796 seconds
Iters. done: 455 [Current cost: -21.161195027501336]
Current parameters: [ 2.9984253   1.5260123   3.16709536  3.07613012  3.28892724  2.72302221
  0.13661854  2.6279634   1.80353718  2.71558056 -0.43612514  1.58537282
  0.63420424  0.58851626  1.650645    1.71798997  2.90520432  0.03955683
  3.41585289  3.02213461  3.15877923  1.91298665  2.65888161  0.42183817
  3.01303205  2.96263343  0.32502479  1.42270164  1.93171515  3.19706642
  2.67989178  2.9445129   3.01726021  1.80078378 -0.17997736 -0.009033
  1.59273205  2.85457758  3.04166742  2.02831265  1.66241185 -0.20296212
  4.63083934  2.59940793  3.14771699  3.14904633  0.07964403 -0.50104453
 -0.12123688  3.23805809  0.35090579  0.6701812   1.4449807   1.61536648
 -0.06730123  1.6457403   2.39565864  0.16780596  3.15006546  2.85746493
  1.94006729  0.77313226  0.69853947  2.80253481]
Device (GPU) time: 1.1797 seconds
Iters. done: 456 [Current cost: -21.17775481702793]
Current parameters: [ 2.99201983e+00  1.52778875e+00  3.18348697e+00  3.08361449e+00
  3.25686229e+00  2.72880892e+00  1.62159300e-01  2.58725057e+00
  1.79737799e+00  2.74829725e+00 -4.16624602e-01  1.57708005e+00
  6.38193622e-01  6.35649851e-01  1.66954654e+00  1.72035167e+00
  2.91254968e+00  1.94977417e-02  3.41200037e+00  3.02104297e+00
  3.13931740e+00  1.91351106e+00  2.66688617e+00  4.20631009e-01
  3.01545148e+00  2.97018014e+00  3.34911286e-01  1.41542152e+00
  1.93976515e+00  3.20316841e+00  2.67368713e+00  2.94224463e+00
  3.02120102e+00  1.79360035e+00 -1.88975364e-01 -1.56704684e-03
  1.58869075e+00  2.85031860e+00  3.03623885e+00  2.03079635e+00
  1.68322048e+00 -2.17238595e-01  4.62229342e+00  2.59730881e+00
  3.13600607e+00  3.14463213e+00  9.88850706e-02 -5.18255473e-01
 -1.26335558e-01  3.21804817e+00  3.61246981e-01  6.70471158e-01
  1.44230734e+00  1.61443752e+00 -6.29761966e-02  1.62920348e+00
  2.41083600e+00  1.62634770e-01  3.14279425e+00  2.79660942e+00
  1.87904812e+00  7.64334792e-01  6.86633169e-01  2.80044399e+00]
Device (GPU) time: 1.1492 seconds
Iters. done: 457 [Current cost: -21.168145639732632]
Current parameters: [ 2.99966553  1.5193963   3.17277426  3.0750166   3.27422858  2.72598995
  0.14239303  2.61494945  1.80259099  2.69721085 -0.43211947  1.57414706
  0.63877136  0.60286654  1.62586902  1.71872401  2.92067781  0.04064922
  3.41857101  3.02223433  3.15082072  1.91615538  2.64546824  0.42896236
  3.02144862  2.96506166  0.31166354  1.42698116  1.92274515  3.19764189
  2.67232793  2.94151609  3.01453854  1.80988569 -0.18556726 -0.01006816
  1.58708242  2.85056436  3.03483463  2.00348886  1.65363291 -0.2031171
  4.63206778  2.59156282  3.15879086  3.1396106   0.07283354 -0.51433026
 -0.11894626  3.22110431  0.3534182   0.6608381   1.4643457   1.62512397
 -0.06804767  1.66454616  2.38462115  0.16515613  3.13467548  2.84011788
  1.90371934  0.78768944  0.68729072  2.8107057 ]
Device (GPU) time: 1.1427 seconds
Iters. done: 458 [Current cost: -21.165887585781025]
Current parameters: [ 2.99820071  1.51587069  3.15120051  3.05925057  3.26408999  2.71423603
  0.14265237  2.62242004  1.79922988  2.69482563 -0.43081763  1.5875776
  0.63849034  0.61293553  1.62060086  1.72930445  2.92794567  0.04900373
  3.42117382  3.00155109  3.15416452  1.95603669  2.64045363  0.43455381
  3.02734785  2.95382955  0.3120105   1.43960122  1.9193193   3.19448459
  2.67087255  2.95823839  3.0120958   1.81392396 -0.18020725 -0.02098259
  1.5882531   2.83783887  3.04041643  2.00710447  1.66825563 -0.18568757
  4.6333176   2.57937182  3.12062053  3.14678547  0.06736954 -0.48974426
 -0.14805486  3.24102162  0.35175284  0.65843969  1.41506585  1.6045999
 -0.04507951  1.6188394   2.38630211  0.16055756  3.13531567  2.79535014
  1.95010413  0.7874518   0.679568    2.77332618]
Device (GPU) time: 1.0472 seconds
Iters. done: 459 [Current cost: -21.146277383198935]
Current parameters: [ 3.00806917  1.53407474  3.17606493  3.07497704  3.26269017  2.71663052
  0.13933917  2.62885144  1.80432958  2.70118764 -0.42078613  1.57906661
  0.6380059   0.60334085  1.62536116  1.71803928  2.90893457  0.01125093
  3.42500844  3.02598522  3.15120586  1.91225809  2.66189933  0.4208847
  3.01188857  2.95541194  0.31584857  1.42861469  1.95330931  3.19322367
  2.67292532  2.94230054  3.01880407  1.80249751 -0.18582433 -0.01959854
  1.58979001  2.84786761  3.03978548  2.02285434  1.63241008 -0.17442334
  4.63055983  2.59411991  3.16067211  3.14241204  0.06974195 -0.51163657
 -0.12197757  3.23188534  0.35338231  0.67012923  1.44542843  1.62045859
 -0.06271998  1.63879686  2.40135332  0.16633934  3.14740948  2.83086609
  1.91932065  0.77008594  0.69097011  2.80152075]
Device (GPU) time: 1.1721 seconds
Iters. done: 460 [Current cost: -21.18495098750105]
Current parameters: [ 2.96792104  1.51968883  3.1426947   3.06598508  3.27427828  2.72415424
  0.12606348  2.58072968  1.80234352  2.70629021 -0.4340516   1.5633763
  0.66752667  0.63727932  1.62173368  1.71571103  2.92037548  0.04070718
  3.44675599  3.00701418  3.16017922  1.91609075  2.66747412  0.43245485
  3.02319971  2.93903655  0.32194482  1.44252803  1.9313392   3.20783974
  2.68666086  2.95423906  3.02092029  1.80113965 -0.17494639 -0.02304312
  1.59935632  2.86708974  3.04793446  2.05987918  1.64068017 -0.19098037
  4.6279941   2.58276553  3.1733565   3.13576578  0.07654154 -0.4604268
 -0.11597286  3.23459649  0.366403    0.66494163  1.46087793  1.62012205
 -0.08081082  1.67671735  2.41670885  0.15892448  3.15496972  2.82976446
  1.9277099   0.76083611  0.70286277  2.80920564]
Device (GPU) time: 1.1394 seconds
Iters. done: 461 [Current cost: -21.090808099698588]
Current parameters: [ 3.00029272  1.52778381  3.17929847  3.08481216  3.27529893  2.75400643
  0.11493072  2.61905489  1.80366343  2.69641886 -0.41594914  1.58367948
  0.66133969  0.60739683  1.62874529  1.71983256  2.91973046  0.03440081
  3.40038759  3.02340067  3.15218248  1.9270038   2.6684148   0.42094843
  3.01596613  2.95766766  0.31513024  1.42616699  1.92581372  3.19827155
  2.67538474  2.94233965  3.02263701  1.80379238 -0.19466572 -0.01592725
  1.58153181  2.85624558  3.05358488  2.02537596  1.64970016 -0.20095338
  4.6341599   2.59382364  3.14360815  3.14618938  0.07052697 -0.51207597
 -0.12841079  3.24523471  0.35286594  0.6655047   1.44694406  1.61877379
 -0.06865841  1.65032242  2.39440686  0.15935218  3.15583169  2.83360203
  1.91641209  0.76723645  0.69057206  2.80196761]
Device (GPU) time: 1.2215 seconds
Iters. done: 462 [Current cost: -21.239201979855586]
Current parameters: [ 3.00028788  1.51344379  3.18947473  3.07522825  3.27912765  2.69107299
  0.15573196  2.63151059  1.81783447  2.70887879 -0.43790191  1.5683652
  0.60510312  0.60104121  1.62282296  1.7205862   2.91652845  0.0506885
  3.40518325  3.01421445  3.14233374  1.91469849  2.68061627  0.43204861
  3.03275664  2.9640052   0.29947786  1.43233629  1.91660802  3.20752126
  2.6806491   2.92022456  3.05823802  1.79313652 -0.22621166 -0.0216891
  1.55913012  2.86673785  3.07064884  2.04937301  1.64214607 -0.21621502
  4.62736027  2.58821516  3.17223363  3.13363101  0.06108744 -0.5122078
 -0.13140508  3.23642945  0.35781481  0.67286582  1.42971218  1.61266402
 -0.06223719  1.66020609  2.37322519  0.14494434  3.15782736  2.81760274
  1.92281006  0.75520037  0.69728633  2.80097984]
Device (GPU) time: 1.0592 seconds
Iters. done: 463 [Current cost: -21.18702456860212]
Current parameters: [ 3.01837977  1.52723541  3.15254054  3.10132877  3.27466635  2.73170084
  0.14130787  2.60953868  1.82231996  2.70092396 -0.42436016  1.59368109
  0.64172618  0.60869656  1.62819399  1.7159323   2.91263837  0.04499292
  3.42084114  3.02752332  3.17066914  1.90175648  2.66157575  0.42189545
  3.01484155  2.95697539  0.31633642  1.42658448  1.92224859  3.1987979
  2.67516077  2.9404875   3.02021792  1.79867376 -0.188318   -0.01168789
  1.59114274  2.85728625  3.03799755  2.02761942  1.65467291 -0.19752404
  4.64858276  2.59426817  3.16059349  3.12711118  0.06837107 -0.51146993
 -0.12807148  3.22193751  0.34883338  0.67010731  1.43287825  1.62189089
 -0.06234042  1.64997597  2.3981529   0.16897994  3.14449762  2.82278088
  1.92323625  0.77253569  0.69625986  2.79966961]
Device (GPU) time: 1.1871 seconds
Iters. done: 464 [Current cost: -21.164815140640535]
Current parameters: [ 3.03456782  1.51385179  3.19387749  3.11333613  3.28338198  2.70016721
  0.12743262  2.62078978  1.82543815  2.70268737 -0.43686065  1.56132878
  0.64538306  0.60712092  1.62820342  1.72156873  2.90562656  0.04687992
  3.39408591  3.02452324  3.12298966  1.93007084  2.67126633  0.41651838
  3.0187149   2.94854618  0.32355407  1.42815122  1.91723961  3.19348654
  2.68870601  2.97345581  3.00316106  1.80127163 -0.16912523 -0.02962851
  1.58863167  2.84682629  3.03978794  2.01114307  1.64408303 -0.19968133
  4.60052899  2.5637661   3.14386793  3.10893217  0.08988164 -0.51433862
 -0.13014108  3.20680324  0.34439005  0.65389311  1.45756629  1.60655619
 -0.09321712  1.64838793  2.42438338  0.16390378  3.16755752  2.82842127
  1.93917019  0.7632092   0.69464865  2.80547966]
Device (GPU) time: 1.1560 seconds
Iters. done: 465 [Current cost: -21.15719520290553]
Current parameters: [ 2.99471492  1.53096464  3.15744008  3.08009659  3.27128762  2.72081473
  0.14288041  2.61423331  1.80381052  2.70176741 -0.42470947  1.57496598
  0.63408067  0.60345176  1.6287337   1.7172359   2.92266404  0.03555499
  3.40335253  3.02427336  3.1441436   1.9100595   2.66014185  0.42098031
  3.0142173   2.95333428  0.31650889  1.42921141  1.92164442  3.19392139
  2.6763706   2.94536472  3.01415661  1.80118675 -0.17921979 -0.01967073
  1.59213772  2.85264003  3.04135637  2.02796329  1.63486125 -0.21431064
  4.63509767  2.59594416  3.15057606  3.14758484  0.06413285 -0.50382436
 -0.12382564  3.22782038  0.34094428  0.66864845  1.43542819  1.63330107
 -0.09712509  1.63701602  2.39506537  0.16033776  3.14603587  2.84016295
  1.90962999  0.77048079  0.69328142  2.77560157]
Device (GPU) time: 1.0495 seconds
Iters. done: 466 [Current cost: -21.169847180513884]
Current parameters: [ 2.99974473  1.52713141  3.15966382  3.07857716  3.28476535  2.7184624
  0.12528831  2.61443368  1.81858441  2.69894571 -0.43062095  1.56866665
  0.62648926  0.60263858  1.63148039  1.7271441   2.93545631  0.0240276
  3.39063798  3.01529367  3.12177575  1.91868048  2.6646517   0.42429797
  3.02323399  2.95504466  0.32614075  1.43105435  1.91710958  3.20337356
  2.68355339  2.96262272  3.02450218  1.78867649 -0.19246157 -0.02094366
  1.58690808  2.84869027  3.03359636  2.02676213  1.68823892 -0.16841082
  4.64135078  2.59001406  3.1722072   3.14551506  0.05812166 -0.51033892
 -0.13674557  3.23800153  0.33445137  0.65946612  1.44061047  1.65078955
 -0.01474524  1.66720763  2.43150575  0.17734469  3.15219185  2.8631829
  1.89230029  0.75725787  0.70080935  2.76965047]
Device (GPU) time: 1.2738 seconds
Iters. done: 467 [Current cost: -21.220903260331294]
Current parameters: [ 2.9997703   1.52083169  3.17573056  3.07935204  3.27546807  2.72951714
  0.15968025  2.62631344  1.79896977  2.70170661 -0.41649474  1.57217088
  0.64733658  0.61010582  1.62582271  1.72207138  2.92792927  0.03547305
  3.41416866  3.03203417  3.15754773  1.91774991  2.66696913  0.41586791
  3.01397263  2.9545315   0.31791851  1.42680446  1.92300743  3.19794206
  2.6684322   2.9541562   3.01330344  1.78560606 -0.1842262  -0.02975609
  1.58950175  2.85227892  3.04020674  2.01901168  1.65472566 -0.19792386
  4.62685581  2.5841836   3.15658207  3.14682186  0.08162934 -0.50329163
 -0.11617312  3.23012714  0.34730579  0.67730803  1.41195098  1.61615073
 -0.06746929  1.66749789  2.39619595  0.16684487  3.14563252  2.84299935
  1.91912166  0.770936    0.69209556  2.80944063]
Device (GPU) time: 1.1821 seconds
Iters. done: 468 [Current cost: -21.17693966402946]
Current parameters: [ 2.99165722e+00  1.52606279e+00  3.18601651e+00  3.07143389e+00
  3.29593327e+00  2.73778522e+00  1.99971956e-01  2.62016095e+00
  1.82362244e+00  2.70268886e+00 -3.99713535e-01  1.54354108e+00
  6.72426915e-01  6.14470846e-01  1.63628387e+00  1.71750066e+00
  2.93708175e+00  3.99278291e-02  3.41155059e+00  3.02016791e+00
  3.16215545e+00  1.90067399e+00  2.65995011e+00  4.21705071e-01
  3.02376912e+00  2.95161605e+00  3.27637691e-01  1.42667698e+00
  1.91737032e+00  3.19575435e+00  2.68423202e+00  2.96365047e+00
  3.01813205e+00  1.81108042e+00 -1.89244771e-01 -4.19362744e-03
  1.57827627e+00  2.84201612e+00  3.04273829e+00  2.02616649e+00
  1.65223825e+00 -1.93995596e-01  4.63989880e+00  2.59014405e+00
  3.16659492e+00  3.13716337e+00  4.16699609e-02 -5.29712835e-01
 -1.46678598e-01  3.24616350e+00  3.49557541e-01  6.86332104e-01
  1.48119709e+00  1.61632841e+00 -6.63120258e-02  1.62080349e+00
  2.39921150e+00  1.71088232e-01  3.14839477e+00  2.83964056e+00
  1.94689945e+00  7.66814274e-01  7.04121209e-01  2.79298354e+00]
Device (GPU) time: 1.1755 seconds
Iters. done: 469 [Current cost: -21.17120655185099]
Current parameters: [ 3.01557195e+00  1.54688036e+00  3.17700702e+00  3.06623558e+00
  3.26090337e+00  2.71893990e+00  1.36264106e-01  2.61985978e+00
  1.79206938e+00  2.70510568e+00 -4.23631719e-01  1.57936578e+00
  6.41065610e-01  6.09362922e-01  1.63665243e+00  1.71999254e+00
  2.92457997e+00  5.91963205e-02  3.40915537e+00  3.02593999e+00
  3.15471564e+00  1.91825699e+00  2.66047724e+00  4.20889771e-01
  3.01413362e+00  2.97141865e+00  3.35566740e-01  1.42155349e+00
  1.90644426e+00  3.20708897e+00  2.67187019e+00  2.94570410e+00
  3.01661556e+00  1.79445654e+00 -1.82908154e-01 -2.27239341e-03
  1.59325254e+00  2.85689130e+00  3.03924671e+00  2.03030288e+00
  1.63874078e+00 -1.84411658e-01  4.62473273e+00  2.59219939e+00
  3.16159139e+00  3.14029746e+00  6.07705245e-02 -5.05048723e-01
 -1.25938306e-01  3.23269597e+00  3.49426010e-01  6.68562891e-01
  1.44392017e+00  1.61556259e+00 -6.78754051e-02  1.65228273e+00
  2.40212350e+00  1.66263235e-01  3.14668646e+00  2.83191696e+00
  1.91879635e+00  7.69115863e-01  6.94465578e-01  2.80121868e+00]
Device (GPU) time: 1.0568 seconds
Iters. done: 470 [Current cost: -21.12693891160167]
Current parameters: [ 3.04515471  1.57563982  3.18738279  3.04676985  3.26019307  2.73222873
  0.1532795   2.60247186  1.77926399  2.69620798 -0.43844695  1.57029856
  0.64753029  0.60375817  1.61804906  1.71238638  2.88123419  0.04150721
  3.40917057  3.03721676  3.14049424  1.89894441  2.65863698  0.42773623
  3.02122446  2.9266651   0.29462469  1.4397466   1.92945014  3.18294047
  2.68082135  2.95255086  3.02119683  1.81243087 -0.18520064 -0.04161555
  1.58690847  2.85437684  3.04929176  2.02713452  1.69228909 -0.22820566
  4.64499549  2.59289827  3.15905753  3.14406122  0.06546958 -0.50059715
 -0.13114289  3.24654288  0.34455366  0.66371692  1.44527281  1.61918391
 -0.06869232  1.65807455  2.40748496  0.17174779  3.14446648  2.829344
  1.92413883  0.771695    0.70598584  2.80249344]
Device (GPU) time: 1.1704 seconds
Iters. done: 471 [Current cost: -21.176714573601696]
Current parameters: [ 2.99166182  1.521184    3.17343734  3.07560391  3.27444669  2.72654848
  0.14396985  2.62134798  1.79554436  2.72257225 -0.43588731  1.5922885
  0.63655248  0.61609714  1.64229684  1.71883453  2.91747105  0.03149865
  3.39621942  3.02734947  3.16251001  1.91465006  2.66073073  0.42451536
  3.00982439  2.94559431  0.30966898  1.42932947  1.92329716  3.18831135
  2.6714633   2.94868046  3.0142403   1.81311014 -0.18793912 -0.02341846
  1.59595799  2.8517079   3.04590471  2.02830622  1.64790334 -0.19054888
  4.63271315  2.58727146  3.14975083  3.13417547  0.04280433 -0.51340287
 -0.12509517  3.22135512  0.33628119  0.66760458  1.44721339  1.61207989
 -0.0672076   1.66715894  2.40320584  0.16542039  3.14670699  2.83098904
  1.92329122  0.76700655  0.68792283  2.80230784]
Device (GPU) time: 1.1476 seconds
Iters. done: 472 [Current cost: -21.20135462849562]
Current parameters: [ 2.98908537e+00  1.51964743e+00  3.16730019e+00  3.06784082e+00
  3.29654832e+00  2.72827577e+00  1.57312722e-01  2.60268424e+00
  1.77630150e+00  2.67146765e+00 -4.61702146e-01  1.57938534e+00
  6.36108113e-01  6.33998676e-01  1.60140327e+00  1.72268830e+00
  2.89859804e+00  2.04711513e-02  3.36426657e+00  3.03749131e+00
  3.16554922e+00  1.89581964e+00  2.65137062e+00  4.38473355e-01
  3.01165363e+00  2.97500425e+00  3.28772346e-01  1.42987150e+00
  1.92154025e+00  3.20882851e+00  2.68138610e+00  2.95254875e+00
  3.01805097e+00  1.79968089e+00 -2.01001771e-01  1.68945097e-03
  1.59332120e+00  2.86620782e+00  3.05798701e+00  2.01887398e+00
  1.63989641e+00 -1.81099425e-01  4.63685193e+00  2.60073213e+00
  3.14881444e+00  3.15685503e+00  1.01999154e-01 -5.26393819e-01
 -1.29804643e-01  3.21552000e+00  3.58318897e-01  6.55585779e-01
  1.43486018e+00  1.63044354e+00 -6.82877190e-02  1.63974192e+00
  2.41311578e+00  1.74727612e-01  3.14790159e+00  2.82693387e+00
  1.94199739e+00  7.58451403e-01  7.01748056e-01  2.80628742e+00]
Device (GPU) time: 1.1340 seconds
Iters. done: 473 [Current cost: -21.130823571775228]
Current parameters: [ 2.99600667  1.52536008  3.17475075  3.08175611  3.27607882  2.71079495
  0.13335603  2.61389258  1.79720915  2.69008214 -0.42056267  1.58000691
  0.63629731  0.60799942  1.63622307  1.72232325  2.92876839  0.04227632
  3.4315813   3.04455578  3.15530982  1.89683101  2.65389485  0.41750227
  3.02403458  2.96949978  0.30897755  1.42649196  1.924167    3.19425529
  2.69243429  2.9512857   3.01398482  1.81270541 -0.18738417 -0.02140922
  1.58577702  2.86086611  3.04441964  2.02661201  1.65440868 -0.19564194
  4.6271624   2.59224255  3.13658966  3.15091253  0.07028849 -0.51549349
 -0.12921691  3.23802742  0.33790272  0.67691629  1.44549141  1.6181763
 -0.06719744  1.6582549   2.40634703  0.1694995   3.1556843   2.82567293
  1.91939477  0.76254623  0.69117714  2.79785564]
Device (GPU) time: 1.0605 seconds
Iters. done: 474 [Current cost: -21.192202643817016]
Current parameters: [ 2.99891792e+00  1.52857624e+00  3.17999440e+00  3.06845457e+00
  3.27425106e+00  2.70629561e+00  1.45124688e-01  2.62898365e+00
  1.81601068e+00  2.72452373e+00 -4.41844475e-01  1.57534834e+00
  6.66917400e-01  6.07743843e-01  1.59903967e+00  1.67733036e+00
  2.93803274e+00  4.20781737e-02  3.43213996e+00  3.01011314e+00
  3.13670579e+00  1.90061453e+00  2.65881197e+00  4.48080238e-01
  2.99350162e+00  2.95271296e+00  3.18923141e-01  1.42536238e+00
  1.91988005e+00  3.19356447e+00  2.67558323e+00  2.92254391e+00
  3.02645012e+00  1.78192722e+00 -1.85538499e-01 -3.62540012e-03
  1.59451092e+00  2.85763437e+00  3.03207506e+00  1.99967870e+00
  1.65729180e+00 -2.00591734e-01  4.65456028e+00  2.61079246e+00
  3.11352076e+00  3.13948846e+00  5.41137608e-02 -5.20229474e-01
 -1.19464674e-01  3.23743471e+00  3.60447732e-01  6.49504660e-01
  1.43059766e+00  1.61209929e+00 -7.60504612e-02  1.65891009e+00
  2.41938118e+00  1.81748697e-01  3.17126454e+00  2.84077365e+00
  1.92107187e+00  7.41385466e-01  6.75789450e-01  2.80520038e+00]
Device (GPU) time: 1.2579 seconds
Iters. done: 475 [Current cost: -21.15673799214078]
Current parameters: [ 2.99749833e+00  1.51622779e+00  3.17352321e+00  3.08875594e+00
  3.27234363e+00  2.72327275e+00  1.37414046e-01  2.62418003e+00
  1.79321932e+00  2.70275458e+00 -4.46573775e-01  1.55752401e+00
  6.46042893e-01  6.10460446e-01  1.62259816e+00  1.71855128e+00
  2.90372197e+00  4.96540317e-02  3.41590844e+00  3.03063779e+00
  3.14386473e+00  1.91757641e+00  2.67165780e+00  4.02309267e-01
  3.01977223e+00  2.95305222e+00  3.23944230e-01  1.42804921e+00
  1.92608419e+00  3.19422085e+00  2.67029964e+00  2.94253971e+00
  3.01541678e+00  1.80720612e+00 -1.81668514e-01 -4.37578208e-03
  1.58896872e+00  2.84442053e+00  3.03809022e+00  2.03463423e+00
  1.65335601e+00 -1.95280497e-01  4.64948015e+00  2.60134933e+00
  3.15563579e+00  3.14820893e+00  6.63571413e-02 -5.11460611e-01
 -1.24773268e-01  3.23210390e+00  3.44093090e-01  6.84364389e-01
  1.44220613e+00  1.62033046e+00 -6.39185939e-02  1.65403427e+00
  2.40133775e+00  1.67158529e-01  3.14703781e+00  2.82689456e+00
  1.92124462e+00  7.73724548e-01  6.75089502e-01  2.79758394e+00]
Device (GPU) time: 1.1528 seconds
Iters. done: 476 [Current cost: -21.204489842752878]
Current parameters: [ 2.9864115   1.52801261  3.16361931  3.07809429  3.26900603  2.72721885
  0.13851525  2.6298857   1.79728311  2.69656289 -0.41972672  1.59288559
  0.61663535  0.6015174   1.61601934  1.73213403  2.92334115  0.03818769
  3.41881392  3.02445393  3.15497245  1.91481753  2.68188874  0.41368585
  3.02525789  2.90570539  0.36681756  1.42991681  1.91783932  3.1935275
  2.67278629  2.92968748  3.03655467  1.808409   -0.20713384 -0.01764279
  1.56553041  2.87355073  3.04432992  2.01361003  1.6570976  -0.19866549
  4.62166638  2.58099611  3.13749876  3.13970987  0.0736767  -0.51005554
 -0.12728847  3.23138677  0.35071737  0.67821621  1.45847266  1.6134926
 -0.08486814  1.64848326  2.41430235  0.23041188  3.13773571  2.83043981
  1.91510993  0.79010486  0.69649071  2.80321033]
Device (GPU) time: 1.0351 seconds
Iters. done: 477 [Current cost: -21.147976914014755]
Current parameters: [ 2.98651733  1.50413913  3.17249985  3.07995457  3.25080637  2.73601389
  0.15035786  2.62025684  1.80805891  2.6960461  -0.42125551  1.59307996
  0.62497359  0.58446209  1.59565644  1.72315475  2.90378751  0.02907176
  3.38586788  3.00781472  3.15489697  1.89423815  2.67968087  0.43486509
  3.01784011  2.9684594   0.32238915  1.43300735  1.92294233  3.19669532
  2.70001045  2.93553278  3.00363116  1.80177454 -0.14642285 -0.01704327
  1.60001503  2.84433404  3.01395848  2.05086093  1.66553    -0.1941896
  4.62107528  2.59114476  3.15012253  3.13993705  0.0619505  -0.53616343
 -0.14015156  3.27433825  0.360912    0.67833295  1.44206282  1.59042889
 -0.07314014  1.67015391  2.4070435   0.15198797  3.16677597  2.82514748
  1.90363734  0.79927946  0.70428839  2.80290569]
Device (GPU) time: 1.1954 seconds
Iters. done: 478 [Current cost: -21.235964160776003]
Current parameters: [ 2.99895734e+00  1.53222093e+00  3.17592886e+00  3.08264067e+00
  3.27996002e+00  2.72726628e+00  1.43338395e-01  2.62103917e+00
  1.80034845e+00  2.69545737e+00 -4.22942237e-01  1.58306694e+00
  6.28108177e-01  6.04293804e-01  1.61309640e+00  1.71557963e+00
  2.93794857e+00  4.12747821e-02  3.40656496e+00  3.02596806e+00
  3.15214352e+00  1.91182689e+00  2.66934846e+00  4.10446542e-01
  3.00719885e+00  2.95076336e+00  3.02377306e-01  1.43219307e+00
  1.92772200e+00  3.19348265e+00  2.66502040e+00  2.94639981e+00
  3.02161806e+00  1.81754078e+00 -1.76418791e-01  2.14358650e-03
  1.59492341e+00  2.84849882e+00  3.04086583e+00  2.03759887e+00
  1.66050994e+00 -2.04952439e-01  4.61441802e+00  2.60021465e+00
  3.14617898e+00  3.13322724e+00  6.86683317e-02 -5.02356777e-01
 -1.12636413e-01  3.22636342e+00  3.62660928e-01  6.73190509e-01
  1.44613166e+00  1.62253573e+00 -5.57839324e-02  1.64423762e+00
  2.41025328e+00  1.61680399e-01  3.14570809e+00  2.83369534e+00
  1.92196847e+00  7.66797813e-01  6.96875249e-01  2.80384546e+00]
Device (GPU) time: 1.1417 seconds
Iters. done: 479 [Current cost: -21.223681782196493]
Current parameters: [ 2.99736496  1.52853117  3.17899418  3.08205826  3.27081683  2.71724565
  0.14232827  2.61464124  1.81085274  2.69702603 -0.42137629  1.58223551
  0.63244852  0.60823863  1.62876567  1.71972365  2.9198886   0.04112041
  3.40409147  3.02204708  3.15406627  1.91488657  2.66062119  0.41969064
  3.01697827  2.95365497  0.32365514  1.42870085  1.92867689  3.19788081
  2.67788386  2.94590941  3.01348079  1.8002865  -0.1818359  -0.0168781
  1.59185057  2.84487667  3.04496214  2.02320172  1.6504724  -0.20216581
  4.643159    2.59802215  3.15152614  3.15031511  0.06663874 -0.50236838
 -0.12433836  3.23340411  0.35275099  0.66926165  1.44669449  1.61858083
 -0.06631885  1.65593761  2.40474136  0.16617856  3.14845261  2.82941773
  1.9226645   0.7695621   0.69505381  2.80864091]
Device (GPU) time: 1.0510 seconds
Iters. done: 480 [Current cost: -21.20913836520412]
Current parameters: [ 2.99210247  1.52042743  3.17295555  3.07761746  3.27202111  2.73083858
  0.13010812  2.6166847   1.80655058  2.69786083 -0.42364703  1.56281908
  0.63693075  0.60673409  1.63219823  1.71832502  2.90708119  0.04384851
  3.41069827  3.03006152  3.15257013  1.89697054  2.6559271   0.42920921
  3.00946159  2.95648409  0.32464447  1.42452684  1.92124201  3.19866151
  2.68165277  2.93444983  3.02517829  1.80808494 -0.18165789 -0.01757419
  1.59596107  2.82382752  3.06501462  2.01090334  1.65556012 -0.19402406
  4.62045175  2.59574412  3.15224226  3.12911209  0.05903763 -0.50150167
 -0.12296748  3.23252677  0.35687791  0.67887053  1.42972663  1.61344532
 -0.06629098  1.6497399   2.40718132  0.16881778  3.14331223  2.83287365
  1.91464126  0.77102756  0.70215216  2.79862072]
Device (GPU) time: 1.1520 seconds
Iters. done: 481 [Current cost: -21.18982653069929]
Current parameters: [ 2.99564312  1.52404469  3.17819082  3.08040252  3.2707792   2.72347956
  0.14301581  2.62071171  1.80886742  2.69518904 -0.42993516  1.58922708
  0.6448076   0.61370879  1.62702278  1.71687654  2.91628431  0.0446853
  3.4109545   3.0242459   3.14206986  1.90874149  2.66128175  0.42245057
  3.01191235  2.95926583  0.32188011  1.4293283   1.927901    3.18924846
  2.67732867  2.95164667  3.02613603  1.80282564 -0.1889854  -0.01604449
  1.59853797  2.85253868  3.03983535  2.02704672  1.65214624 -0.19893122
  4.6303228   2.59584519  3.15592658  3.14325555  0.06946119 -0.50501654
 -0.12365403  3.23220198  0.34743213  0.67231684  1.44425342  1.60908149
 -0.06582961  1.65064118  2.39866894  0.1682392   3.14381668  2.83494542
  1.91788699  0.7736634   0.69796256  2.79616555]
Device (GPU) time: 1.1688 seconds
Iters. done: 482 [Current cost: -21.203785758950396]
Current parameters: [ 2.99746243  1.52529807  3.17264491  3.08745126  3.27173387  2.72140571
  0.14147771  2.62386482  1.80507867  2.70487597 -0.43099601  1.58781777
  0.64484151  0.61457398  1.63877664  1.71241027  2.91477931  0.02842051
  3.41066501  3.03125245  3.13437885  1.90824219  2.66776105  0.4217988
  3.03062102  2.95493559  0.312986    1.42999259  1.91124058  3.20237733
  2.6787078   2.94847111  3.01962876  1.81017757 -0.19248367 -0.01127066
  1.59982316  2.84649722  3.02729818  2.02003952  1.64782143 -0.19904487
  4.6231729   2.59753714  3.15344559  3.14520357  0.05746585 -0.50372433
 -0.13014995  3.24762101  0.36547019  0.67062874  1.43226387  1.64208405
 -0.07150954  1.65263887  2.40152984  0.17163848  3.1450281   2.82651558
  1.93008081  0.78017524  0.70131474  2.81766433]
Device (GPU) time: 1.1703 seconds
Iters. done: 483 [Current cost: -21.21620917854019]
Current parameters: [ 3.00411513  1.51186559  3.17556867  3.07206352  3.27049806  2.72259837
  0.13791611  2.6136758   1.80748309  2.70385326 -0.42365019  1.57976728
  0.63971693  0.60443493  1.63027603  1.71293123  2.91692082  0.04292927
  3.40606414  3.02776397  3.15389     1.90850051  2.66267244  0.41731802
  3.01405798  2.95242192  0.31634432  1.43470393  1.91925266  3.19957722
  2.67816534  2.94741633  3.02307908  1.80124375 -0.18012833 -0.02324755
  1.59168227  2.85487691  3.03970308  2.02668576  1.65096472 -0.19447679
  4.63082377  2.59848344  3.15372208  3.14513623  0.07041059 -0.51076952
 -0.12032983  3.23675708  0.35462585  0.66863212  1.4453657   1.61907742
 -0.06624081  1.64568685  2.40298996  0.1692197   3.13660237  2.83196396
  1.9204841   0.76736567  0.68950517  2.80165819]
Device (GPU) time: 1.0563 seconds
Iters. done: 484 [Current cost: -21.187255791756126]
Current parameters: [ 2.97959971  1.54075045  3.17739942  3.09889287  3.26791095  2.72651121
  0.14601906  2.63252184  1.8070567   2.69778505 -0.42618612  1.58514683
  0.64414295  0.60544706  1.62809501  1.7234001   2.90954149  0.04200386
  3.4089907   3.02278902  3.14145115  1.90694335  2.66381447  0.42875719
  3.0184839   2.96116468  0.31448294  1.4314622   1.92173829  3.20086238
  2.67727403  2.9339972   3.00991929  1.8058329  -0.16665997 -0.02034237
  1.58242867  2.86250024  3.04777211  2.02534216  1.65908997 -0.19503236
  4.63026064  2.58628587  3.15827452  3.14333666  0.067505   -0.50729407
 -0.12687027  3.2366998   0.35296095  0.66408307  1.44394972  1.61736213
 -0.06599899  1.65039722  2.40622222  0.16609501  3.1159887   2.83282353
  1.92464393  0.75031345  0.68336075  2.80198521]
Device (GPU) time: 1.1465 seconds
Iters. done: 485 [Current cost: -21.19387989513412]
Current parameters: [ 2.9937995   1.5318914   3.18098429  3.08077808  3.28038418  2.73308817
  0.14182123  2.61272207  1.80945694  2.70212441 -0.43044026  1.57669076
  0.63454717  0.60021263  1.62706676  1.71126501  2.91284411  0.04237444
  3.41055574  3.0202326   3.14748644  1.90798254  2.65527501  0.41917996
  3.01919195  2.95286793  0.31685196  1.42772752  1.92403436  3.1964471
  2.67478871  2.94794024  3.01443837  1.79477487 -0.18603636 -0.018236
  1.58904662  2.85381604  3.03700969  2.02984057  1.64490113 -0.19117797
  4.62790884  2.59442533  3.14289608  3.14148402  0.06752982 -0.50527875
 -0.12613761  3.23276581  0.35013702  0.6741129   1.44213218  1.61834941
 -0.06360926  1.65432403  2.40025879  0.16746418  3.1405664   2.8266859
  1.91886824  0.771588    0.69695464  2.80058645]
Device (GPU) time: 1.1555 seconds
Iters. done: 486 [Current cost: -21.23614282561908]
Current parameters: [ 2.99567954  1.52528024  3.17535112  3.08240249  3.27333488  2.72485411
  0.13953282  2.61723108  1.80224674  2.69791815 -0.42356091  1.57875845
  0.63638629  0.60560519  1.6302022   1.7207547   2.91250923  0.03968304
  3.40751781  3.02340193  3.15250349  1.91020692  2.66028103  0.41721838
  3.0165901   2.95500107  0.31804796  1.42838418  1.92343095  3.19705854
  2.67834901  2.95018206  3.01452766  1.80406419 -0.18448226 -0.01700893
  1.59171849  2.85305417  3.04136234  2.0294152   1.65392301 -0.1962657
  4.62853834  2.59181336  3.1586932   3.14231715  0.06703665 -0.50481552
 -0.1256601   3.23200403  0.35146556  0.66942954  1.44290315  1.61820395
 -0.06570842  1.64784758  2.39517626  0.16958427  3.14508096  2.82994916
  1.91840529  0.77051925  0.69483651  2.80263243]
Device (GPU) time: 1.1378 seconds
Iters. done: 487 [Current cost: -21.225499801386977]
Current parameters: [ 2.996124    1.52545271  3.17647929  3.08157467  3.27271646  2.72046744
  0.14015439  2.62129068  1.80179329  2.70479379 -0.4251863   1.57723379
  0.64309255  0.60585012  1.62167108  1.71110531  2.91709362  0.03984532
  3.41146696  3.01572532  3.14848155  1.90458739  2.65818847  0.42313118
  3.01126134  2.95361851  0.31623695  1.42825976  1.9221703   3.19560031
  2.68114895  2.94610358  3.01446873  1.79829344 -0.18462964 -0.01128039
  1.59258902  2.85374821  3.03838897  2.02339707  1.65587552 -0.19673911
  4.63437102  2.5957057   3.1486337   3.14044625  0.06273887 -0.50656704
 -0.1228504   3.23344067  0.35550808  0.66281809  1.43931535  1.61571002
 -0.06733654  1.64973298  2.39367995  0.17864901  3.1548679   2.83211161
  1.91729436  0.75947068  0.68936989  2.80367994]
Device (GPU) time: 1.2364 seconds
Iters. done: 488 [Current cost: -21.237077719152214]
Current parameters: [ 2.99245612  1.52651776  3.17345088  3.07646739  3.27538828  2.72568063
  0.14338765  2.61618692  1.80073488  2.69691829 -0.42955249  1.58014413
  0.6383764   0.60833789  1.6245704   1.71697994  2.91460458  0.03737966
  3.40680194  3.02576713  3.1547278   1.9080205   2.65972387  0.42322636
  3.01385427  2.95793251  0.31983858  1.42789202  1.92334546  3.19863444
  2.67601106  2.9447219   3.01774459  1.80223762 -0.18667532 -0.01408605
  1.59209786  2.85554067  3.04251154  2.0268206   1.65300017 -0.1950512
  4.63309792  2.5962415   3.15412983  3.14607453  0.06842794 -0.50915717
 -0.1261653   3.23278478  0.35257457  0.66839681  1.44008183  1.62002809
 -0.06571584  1.64865181  2.40115823  0.16814477  3.14449294  2.83087243
  1.92037294  0.76955037  0.69452709  2.80275769]
Device (GPU) time: 1.0421 seconds
Iters. done: 489 [Current cost: -21.227835506599998]
Current parameters: [ 3.00213857  1.52321459  3.17844685  3.08587764  3.27941601  2.71934245
  0.13983243  2.61672644  1.80692357  2.69708895 -0.43378244  1.57481549
  0.64022531  0.60803704  1.62292689  1.71777233  2.91099932  0.03782681
  3.40225912  3.02541771  3.14718767  1.91365566  2.66269629  0.42339849
  3.01435475  2.95634798  0.32111379  1.42736127  1.92200177  3.19802215
  2.67915857  2.95151727  3.01351357  1.80202124 -0.18261096 -0.01727104
  1.59110614  2.8546502   3.04183192  2.02242424  1.65175865 -0.19560503
  4.62435482  2.58754297  3.15117003  3.13610042  0.07542318 -0.51242606
 -0.12859536  3.22527505  0.3512317   0.66299126  1.44433942  1.61698059
 -0.07282525  1.64763391  2.40896064  0.16616235  3.15179313  2.82981994
  1.92618842  0.76811569  0.69518859  2.80427477]
Device (GPU) time: 1.1553 seconds
Iters. done: 490 [Current cost: -21.21564000506497]
Current parameters: [ 2.9965369   1.52742804  3.17719997  3.07869953  3.27461184  2.72458822
  0.14020164  2.61726947  1.80766082  2.69785415 -0.42720937  1.57797909
  0.63905065  0.60490922  1.63067403  1.71423854  2.91659235  0.03922035
  3.41072555  3.0206181   3.15055921  1.90929004  2.66085763  0.42135646
  3.01315737  2.9558247   0.32220716  1.4312572   1.92236456  3.19711789
  2.67536294  2.94363833  3.01611644  1.80832496 -0.18482968 -0.01682329
  1.59288742  2.85339461  3.03989778  2.02803874  1.65429763 -0.19654289
  4.63202923  2.58689422  3.15495427  3.14474476  0.06796418 -0.51041933
 -0.12005756  3.23292958  0.35061395  0.66885042  1.43945842  1.61916774
 -0.06730897  1.65010692  2.40096426  0.16710489  3.14736708  2.82923005
  1.92058766  0.77018855  0.69318837  2.80198709]
Device (GPU) time: 1.1572 seconds
Iters. done: 491 [Current cost: -21.17785092163807]
Current parameters: [ 2.99667482  1.5235705   3.17890573  3.0820403   3.27534639  2.72515732
  0.13970827  2.61828545  1.80518437  2.70643149 -0.42642521  1.57663411
  0.63862067  0.60327005  1.62373863  1.71887825  2.91812582  0.03736567
  3.41123849  3.03044581  3.15077252  1.90949941  2.65758626  0.4133875
  3.00879317  2.95898515  0.31848346  1.44123992  1.92293095  3.19533878
  2.67643687  2.93633905  3.01353362  1.7980578  -0.18901121 -0.01426125
  1.59840763  2.85737089  3.04040008  2.02329999  1.65449399 -0.19881723
  4.63144528  2.58662631  3.15532355  3.14496045  0.06484178 -0.49926932
 -0.13746175  3.23357247  0.35119587  0.66722168  1.44441976  1.61563975
 -0.06675738  1.64736061  2.40404643  0.1658105   3.14549392  2.8315871
  1.91829152  0.77199294  0.69628597  2.80322658]
Device (GPU) time: 1.1467 seconds
Iters. done: 492 [Current cost: -21.160062513415077]
Current parameters: [ 2.99856744  1.52358904  3.1756703   3.07667342  3.27263796  2.72171428
  0.13931546  2.61710578  1.80858141  2.69766793 -0.42478538  1.57689884
  0.64059336  0.60574936  1.62698409  1.71646787  2.91481373  0.03662508
  3.40975161  3.02357678  3.15161575  1.90954363  2.66204259  0.41989292
  3.01493474  2.95521317  0.320993    1.42356259  1.92556603  3.19610681
  2.67615038  2.94562976  3.0143053   1.80366574 -0.18655581 -0.01211563
  1.5923467   2.85484138  3.04057804  2.02956576  1.65485811 -0.1988517
  4.62870492  2.59271043  3.15149083  3.1420635   0.06472122 -0.50634589
 -0.12888441  3.23241892  0.35003373  0.66671929  1.43998419  1.61780044
 -0.06801593  1.65301585  2.40067974  0.16686711  3.13975887  2.83235269
  1.92072728  0.76900085  0.69274366  2.80255433]
Device (GPU) time: 1.0481 seconds
Iters. done: 493 [Current cost: -21.193113277431806]
Current parameters: [ 2.99826036  1.52242206  3.17963645  3.07571579  3.28172495  2.73139612
  0.14131606  2.61228306  1.80319064  2.69748132 -0.42913951  1.58669809
  0.63119329  0.60396204  1.62669415  1.71672777  2.91712628  0.03987532
  3.41761712  3.02498933  3.14672472  1.9181686   2.66285758  0.4238838
  3.01379088  2.95406626  0.32016313  1.42211949  1.92431104  3.19690441
  2.68127413  2.94646876  3.0124142   1.80421407 -0.1840712  -0.01650529
  1.59296233  2.85318286  3.0373806   2.02182054  1.65301372 -0.19875492
  4.63211617  2.59477039  3.1631903   3.13998692  0.06311108 -0.50718187
 -0.1299671   3.23458536  0.35463728  0.67550035  1.43904636  1.61558546
 -0.07135437  1.64706182  2.40409948  0.16675341  3.14598349  2.8312163
  1.91765556  0.76022739  0.68767958  2.80329334]
Device (GPU) time: 1.7140 seconds
Iters. done: 494 [Current cost: -21.253990665093482]
Current parameters: [ 2.99495024  1.52641547  3.17559548  3.07958736  3.27181505  2.72673966
  0.13980932  2.61987125  1.80684415  2.69943079 -0.42360717  1.57661647
  0.63315099  0.61294437  1.62726617  1.71622024  2.91228488  0.0395507
  3.4125408   3.02534342  3.1513117   1.91032562  2.65966844  0.41986869
  3.01552631  2.95335853  0.31962421  1.42789059  1.92016318  3.19630976
  2.67603823  2.94490834  3.01676809  1.80259946 -0.18482371 -0.01667107
  1.59103386  2.85527711  3.03680401  2.02511168  1.65420901 -0.19678886
  4.6306454   2.59488265  3.15326815  3.14197719  0.06698152 -0.50791164
 -0.1249093   3.23318236  0.35080637  0.6660065   1.44242316  1.61633632
 -0.06646385  1.64891171  2.40154217  0.16277173  3.1477623   2.83456501
  1.92161635  0.76923689  0.69329734  2.80196175]
Device (GPU) time: 1.1574 seconds
Iters. done: 495 [Current cost: -21.231210035055103]
Current parameters: [ 2.99232677  1.52756991  3.17614697  3.08117026  3.27798656  2.71496456
  0.14054893  2.6161068   1.80174725  2.69941033 -0.42658746  1.5867272
  0.64814822  0.5978065   1.62578323  1.71657885  2.91338185  0.03403985
  3.41090192  3.02537545  3.15360697  1.90727641  2.65871253  0.4167425
  3.01968942  2.94572463  0.32449514  1.42658313  1.91492929  3.19653256
  2.67275628  2.94546515  3.01729958  1.80152271 -0.18519554 -0.01502174
  1.58851654  2.85077201  3.03885957  2.02114381  1.65495517 -0.19665084
  4.62876182  2.59754843  3.15664266  3.14073688  0.06830088 -0.50593869
 -0.123869    3.23402153  0.34990031  0.6696424   1.44327643  1.61389115
 -0.06433594  1.64903562  2.40079354  0.15464074  3.14801365  2.82856753
  1.91548283  0.76641775  0.6941304   2.80019506]
Device (GPU) time: 1.1907 seconds
Iters. done: 496 [Current cost: -21.165338889420305]
Current parameters: [ 2.99524929  1.52842732  3.17209807  3.08039172  3.27283238  2.72404907
  0.14155571  2.61477542  1.8051618   2.70503043 -0.42578633  1.57618279
  0.63843097  0.606882    1.63239894  1.71623708  2.91816656  0.03706974
  3.40914105  3.02441746  3.14748834  1.91054984  2.66144298  0.42086379
  3.0144477   2.9555286   0.31918879  1.42641442  1.9239597   3.19687126
  2.67599041  2.94591947  3.01726713  1.80386482 -0.18491137 -0.01549998
  1.59121858  2.85363305  3.04006451  2.02679372  1.65523192 -0.19812834
  4.63073971  2.59554897  3.15450432  3.14324205  0.07169331 -0.50968575
 -0.12836453  3.23175192  0.35324864  0.66838397  1.44110292  1.61201558
 -0.06683274  1.64857308  2.4022729   0.16715047  3.14491221  2.82761518
  1.91632705  0.76978911  0.69322067  2.80441705]
Device (GPU) time: 1.0428 seconds
Iters. done: 497 [Current cost: -21.142128551120916]
Current parameters: [ 2.9938232   1.52263827  3.18547096  3.0811141   3.27040706  2.72396474
  0.14618606  2.61442205  1.80310911  2.70647015 -0.42567996  1.58336874
  0.64018426  0.61168393  1.63017518  1.71849548  2.90914531  0.03964771
  3.41512811  3.02293546  3.15511058  1.91405801  2.66421689  0.42290097
  3.01451613  2.96015129  0.32273512  1.42504849  1.92789794  3.20031595
  2.67634601  2.94534105  3.0179673   1.79556588 -0.18291925 -0.01646024
  1.59104386  2.85345896  3.04073598  2.02808141  1.66246596 -0.20122069
  4.62675818  2.59163244  3.14723077  3.14025538  0.06512523 -0.50728953
 -0.12263119  3.23032943  0.35159342  0.66978865  1.44458641  1.62970119
 -0.06637767  1.64372881  2.40385926  0.16582967  3.14791094  2.8266721
  1.9118067   0.77044628  0.69305743  2.79881266]
Device (GPU) time: 1.1733 seconds
Iters. done: 498 [Current cost: -21.20609354947856]
Current parameters: [ 2.99574969  1.52473735  3.17578036  3.0804976   3.27040349  2.72597612
  0.14231554  2.62090671  1.8058684   2.69747478 -0.43031358  1.57730091
  0.64044466  0.60284779  1.62995889  1.71874018  2.91616572  0.03959596
  3.40993024  3.02641361  3.15339586  1.91074843  2.65655371  0.42224446
  3.01380476  2.95334448  0.31996374  1.42606636  1.92451103  3.20027876
  2.67669935  2.94657332  3.02002376  1.80360386 -0.18352733 -0.017458
  1.59138217  2.85395712  3.03666286  2.02808319  1.65023067 -0.2019691
  4.63013778  2.59209523  3.15381476  3.14203186  0.06618549 -0.5054369
 -0.12731144  3.23272613  0.35219308  0.66697349  1.44162272  1.61774795
 -0.06381776  1.64918754  2.4040022   0.16796552  3.14796075  2.83047687
  1.91784156  0.76798145  0.69249643  2.80282399]
Device (GPU) time: 1.1532 seconds
Iters. done: 499 [Current cost: -21.158727559739628]
Current parameters: [ 2.99087142  1.52991945  3.17493177  3.07934473  3.26917353  2.72474425
  0.14223236  2.62224561  1.81065197  2.695799   -0.43268346  1.57757562
  0.63766167  0.6001525   1.62764362  1.71967597  2.91519834  0.04283029
  3.41448206  3.02039889  3.15650982  1.91552793  2.66558076  0.41239842
  3.00819917  2.95449438  0.3104644   1.42517464  1.92108964  3.20062129
  2.67953365  2.95170535  3.01805699  1.80000633 -0.19119911 -0.01777223
  1.59745589  2.8527171   3.04259251  2.02216793  1.65999936 -0.1889264
  4.63160235  2.59754846  3.15370827  3.14250106  0.06522749 -0.51075118
 -0.12460939  3.23544894  0.35197289  0.66582872  1.44424161  1.6195033
 -0.07766958  1.65125595  2.4032113   0.16558298  3.14448744  2.82900555
  1.9184604   0.7688468   0.69741301  2.80242868]
Device (GPU) time: 1.0437 seconds
Iters. done: 500 [Current cost: -21.195827225637466]
Current parameters: [ 2.99477222  1.52684431  3.17631767  3.0816253   3.27007536  2.72289803
  0.13919876  2.61330773  1.80580468  2.70029248 -0.42791832  1.57832645
  0.63814864  0.60378765  1.6279706   1.7171525   2.91809997  0.03776101
  3.40958364  3.02463575  3.14941117  1.91145343  2.66190905  0.42094461
  3.01478739  2.95493623  0.31962772  1.42732114  1.9227019   3.19767093
  2.67611733  2.94711057  3.01690402  1.80157887 -0.18558623 -0.01783177
  1.5913219   2.85367563  3.04014998  2.02566644  1.65670389 -0.1947268
  4.63130244  2.59249174  3.15588498  3.14234016  0.06621962 -0.50936718
 -0.12837944  3.23145947  0.35531847  0.66900686  1.44205771  1.62071253
 -0.0624788   1.65276785  2.40206419  0.1680667   3.14712888  2.8363503
  1.92127503  0.76962121  0.69363982  2.79527857]
Device (GPU) time: 1.2329 seconds
Iters. done: 501 [Current cost: -21.159755737779122]
Current parameters: [ 2.99792831  1.52581003  3.1685304   3.07753139  3.28548142  2.72199237
  0.13675744  2.62470933  1.80848025  2.69909773 -0.42489592  1.57711841
  0.63711366  0.60662179  1.62494341  1.71747532  2.9170926   0.03980141
  3.40796314  3.02131047  3.14567872  1.91386976  2.66250869  0.42474011
  3.01673196  2.95656426  0.3187661   1.42870719  1.92303518  3.19726819
  2.67805459  2.94898502  3.01848421  1.79906122 -0.18220131 -0.01901496
  1.5899042   2.85331324  3.04042924  2.02820141  1.6595252  -0.19124589
  4.63290457  2.59538786  3.15739048  3.14240476  0.06190988 -0.50568599
 -0.12611899  3.23627609  0.33933777  0.66551639  1.44197716  1.6249022
 -0.05941712  1.64819345  2.4084982   0.16893942  3.1464078   2.83368491
  1.90919389  0.77058239  0.69652865  2.80561617]
Device (GPU) time: 1.1790 seconds
Iters. done: 502 [Current cost: -21.196597526572685]
Current parameters: [ 2.99525593  1.52903864  3.17762663  3.07865083  3.27509977  2.7245543
  0.14028416  2.61696011  1.8076392   2.69858135 -0.42788468  1.57799643
  0.63877727  0.60472762  1.62919176  1.71851903  2.91639396  0.03763153
  3.40953931  3.02357775  3.15376852  1.90708509  2.66594163  0.42173409
  3.0160827   2.95766009  0.31863268  1.42905994  1.92183387  3.19413157
  2.67786033  2.94783018  3.01971407  1.80128252 -0.18320078 -0.01645012
  1.59126592  2.85458621  3.04005325  2.02466099  1.65412756 -0.19625192
  4.63041488  2.59432446  3.15428168  3.14175994  0.06565541 -0.50305411
 -0.12629096  3.23122161  0.35181459  0.66762899  1.44134111  1.61740769
 -0.06768809  1.64859545  2.40227202  0.16692495  3.1470469   2.8308484
  1.91944503  0.77393211  0.6852212   2.80286428]
Device (GPU) time: 1.1490 seconds
Iters. done: 503 [Current cost: -21.177190522610744]
Current parameters: [ 2.99404202  1.52538399  3.17577238  3.08541746  3.27525348  2.72110384
  0.1407072   2.6180398   1.80066504  2.69716854 -0.42141451  1.57794612
  0.63925966  0.60203653  1.62857124  1.71725458  2.91456591  0.04660771
  3.41339966  3.02607598  3.15174835  1.91363098  2.65614986  0.43001988
  3.01493849  2.95160965  0.31873906  1.43133664  1.92495967  3.18947249
  2.67240545  2.94634826  3.00943552  1.79631995 -0.19299943 -0.01812598
  1.59761382  2.85347694  3.04525616  2.03357644  1.65220527 -0.19890866
  4.62785981  2.59882924  3.15638869  3.13870293  0.06504098 -0.51459107
 -0.12246766  3.23828306  0.35443375  0.66493181  1.44119226  1.61879484
 -0.06881618  1.64747561  2.40666452  0.16688844  3.14497113  2.83208037
  1.92181574  0.77618221  0.68658542  2.80475405]
Device (GPU) time: 1.0694 seconds
Iters. done: 504 [Current cost: -21.17622374829533]
Current parameters: [ 2.9943057   1.52445754  3.17640798  3.07920039  3.27141544  2.7248122
  0.13534522  2.61852601  1.80252923  2.70098394 -0.42636759  1.58286637
  0.63639613  0.60230297  1.62663519  1.71551721  2.91382773  0.04140339
  3.41235682  3.02531995  3.14848551  1.91004418  2.66276966  0.42063103
  3.01352035  2.95557059  0.31839449  1.42718698  1.92411621  3.19740648
  2.67592849  2.94556137  3.01691134  1.80190472 -0.18330937 -0.01669498
  1.59124376  2.85353457  3.04100665  2.02643463  1.65343871 -0.19760597
  4.6302094   2.59507259  3.15567961  3.14468635  0.06883234 -0.50601602
 -0.12528312  3.22813348  0.34962899  0.6623309   1.43788728  1.61917187
 -0.06698167  1.65296643  2.40316405  0.16681074  3.14626125  2.8276221
  1.91978596  0.77178288  0.69413633  2.80239902]
Device (GPU) time: 1.1607 seconds
Iters. done: 505 [Current cost: -21.15238154529605]
Current parameters: [ 2.99205233  1.52351008  3.17952865  3.07665199  3.27828808  2.72962244
  0.1514541   2.62058072  1.80622499  2.70291069 -0.41711721  1.57483611
  0.64613157  0.60350085  1.6251505   1.7135294   2.91890357  0.04359405
  3.41503967  3.0246521   3.15111206  1.90749643  2.6641858   0.42156855
  3.01578041  2.95498185  0.31903623  1.42562157  1.92336107  3.19742047
  2.67773508  2.94987046  3.01682773  1.80462321 -0.18093596 -0.01447446
  1.58529074  2.85017125  3.04257645  2.02577406  1.65162414 -0.19712276
  4.63278813  2.59488171  3.15970835  3.14339867  0.06092871 -0.5123667
 -0.13168747  3.229951    0.3481795   0.66664237  1.44864684  1.6190979
 -0.06862804  1.6450968   2.4006668   0.16809256  3.14776874  2.82926019
  1.93030129  0.77303507  0.70012836  2.80073924]
Device (GPU) time: 1.2550 seconds
Iters. done: 506 [Current cost: -21.20762165524145]
Current parameters: [ 2.99136339  1.52081392  3.17258799  3.08100914  3.27431027  2.72180883
  0.1396818   2.61951592  1.80712565  2.69982727 -0.42614259  1.58028278
  0.63830159  0.6062579   1.62756798  1.71806623  2.91954434  0.0404783
  3.41176966  3.02117698  3.15242144  1.91602082  2.65974665  0.42174538
  3.01502714  2.9576212   0.32049902  1.42774789  1.92238137  3.19814749
  2.67552853  2.9464621   3.01606509  1.80274422 -0.18380848 -0.01525813
  1.59180369  2.85241101  3.03999036  2.02482633  1.65214705 -0.19328417
  4.62948103  2.59232883  3.15072752  3.1426033   0.06649498 -0.50660675
 -0.1277129   3.23233953  0.35211308  0.66809313  1.43948367  1.61668645
 -0.06499907  1.64596201  2.3996662   0.16606148  3.14500587  2.8279275
  1.92175948  0.77169045  0.691471    2.80018257]
Device (GPU) time: 1.0586 seconds
Iters. done: 507 [Current cost: -21.149265747792903]
Current parameters: [ 3.00562117  1.53454977  3.17344919  3.07142465  3.27075938  2.722285
  0.14293417  2.61621171  1.79906594  2.69863942 -0.43015029  1.5793199
  0.6407654   0.60695367  1.62137565  1.71672382  2.91019703  0.04259902
  3.41260349  3.02320371  3.15065862  1.91722249  2.65830927  0.42533469
  3.01750434  2.950473    0.31227613  1.43111055  1.92384266  3.19458126
  2.67593732  2.9475981   3.01639372  1.80614308 -0.18097008 -0.02393567
  1.58972285  2.85252205  3.04278631  2.02358415  1.66273697 -0.20075865
  4.63291041  2.59094351  3.14861223  3.14193838  0.06505321 -0.50351495
 -0.13032804  3.23774469  0.35095641  0.66911358  1.43933699  1.61564076
 -0.06581383  1.64587503  2.39795948  0.16698499  3.14415994  2.82651109
  1.92519541  0.77395588  0.69561964  2.80004939]
Device (GPU) time: 1.1742 seconds
Iters. done: 508 [Current cost: -21.19207497000641]
Current parameters: [ 2.99645275  1.52553199  3.17492182  3.08001191  3.27305121  2.72212529
  0.14407112  2.61990096  1.80443543  2.6983413  -0.42606548  1.57772425
  0.63670155  0.60380526  1.62814085  1.712627    2.91611789  0.03917005
  3.40963976  3.02279052  3.14997847  1.91371415  2.66282697  0.42189693
  3.01623468  2.95560217  0.31874414  1.42850647  1.92254294  3.19822675
  2.68096276  2.94038525  3.02118232  1.80098474 -0.18734475 -0.0183737
  1.59261722  2.85473423  3.04349658  2.02864727  1.6541687  -0.19765566
  4.62848646  2.59490239  3.15521946  3.14013049  0.06788012 -0.50698162
 -0.12757856  3.23090818  0.34939213  0.67010849  1.44341878  1.61928337
 -0.06602558  1.65172091  2.39803818  0.16466636  3.14730651  2.82922454
  1.92127408  0.76876461  0.69207879  2.80276999]
Device (GPU) time: 1.1352 seconds
Iters. done: 509 [Current cost: -21.208700834640386]
Current parameters: [ 2.99509194  1.52439776  3.18108372  3.080114    3.27827397  2.71449256
  0.13779365  2.61873898  1.81039402  2.70506328 -0.43147098  1.57767627
  0.63369301  0.60725651  1.62235276  1.72105435  2.91338525  0.04381964
  3.41160928  3.02504153  3.1520481   1.90876714  2.66568479  0.42344236
  3.01564689  2.95858255  0.3130299   1.42569269  1.92371389  3.19910741
  2.66968007  2.94479056  3.0218575   1.80245414 -0.18844858 -0.01892296
  1.5807924   2.85859237  3.04545679  2.03019474  1.64876064 -0.20109356
  4.63203267  2.59061137  3.15763275  3.14220171  0.0610548  -0.51028191
 -0.1245012   3.23673592  0.3573938   0.6714108   1.43905006  1.61458252
 -0.06968813  1.64898292  2.39548755  0.16481151  3.14774947  2.83346195
  1.91679741  0.76933832  0.69952922  2.80636679]
Device (GPU) time: 1.0426 seconds
Iters. done: 510 [Current cost: -21.188868458522734]
Current parameters: [ 2.99461773  1.52732252  3.17419441  3.07997899  3.27414211  2.72230311
  0.13927259  2.61808733  1.80407499  2.69869039 -0.42532333  1.57974527
  0.63800549  0.60591285  1.62799559  1.71847176  2.91476809  0.03993349
  3.41123113  3.0240869   3.15246238  1.91203073  2.66365678  0.42322105
  3.00882391  2.95168486  0.32144587  1.43214253  1.92292235  3.19707551
  2.6773649   2.94548292  3.01842906  1.80143641 -0.18688638 -0.01491497
  1.58454051  2.85180543  3.03643813  2.02568277  1.65418222 -0.19782025
  4.62823321  2.59332981  3.15328735  3.14218962  0.06742586 -0.50834945
 -0.12761482  3.23276334  0.35021132  0.67127908  1.44326442  1.61861857
 -0.06909179  1.6513141   2.40193366  0.17111445  3.14400396  2.83048626
  1.91999531  0.7708956   0.69386988  2.80258369]
Device (GPU) time: 1.1512 seconds
Iters. done: 511 [Current cost: -21.18630888689325]
Current parameters: [ 2.99496258  1.52635168  3.17341613  3.08102286  3.27266198  2.72638694
  0.14142565  2.62121884  1.80367676  2.70067432 -0.42628428  1.58239778
  0.63535725  0.60416166  1.62164257  1.717381    2.91822637  0.03938863
  3.4126125   3.02584458  3.15184904  1.9108327   2.66469137  0.41596569
  3.0239891   2.94657949  0.32960081  1.42166188  1.92227375  3.19631979
  2.67411947  2.94104567  3.01871904  1.80540088 -0.18403746 -0.02064024
  1.59453394  2.86263244  3.04683368  2.02370939  1.65391847 -0.19536963
  4.63046075  2.59059397  3.14958804  3.14068361  0.06629165 -0.50790045
 -0.12385522  3.23260463  0.35237134  0.67051392  1.44662175  1.6162825
 -0.0717271   1.64710539  2.40411938  0.180491    3.14605979  2.83352495
  1.91678556  0.77554515  0.6954485   2.80463177]
Device (GPU) time: 1.1372 seconds
Iters. done: 512 [Current cost: -21.20691110244772]
Current parameters: [ 2.99620742  1.52662237  3.17505504  3.07992941  3.27377089  2.72354545
  0.14108599  2.61880695  1.80528907  2.69981306 -0.42637035  1.57975539
  0.63806159  0.60443981  1.62734669  1.71694537  2.91519003  0.03883393
  3.40937178  3.02397244  3.15040922  1.91204184  2.65644908  0.4159125
  3.0112291   2.95854581  0.32128509  1.42483262  1.92128626  3.18830557
  2.6764634   2.9460371   3.02051129  1.80124519 -0.18205328 -0.01830955
  1.58901658  2.85373448  3.04139712  2.02617498  1.65452239 -0.19774778
  4.63071663  2.59292285  3.1542137   3.14194166  0.0652326  -0.51081303
 -0.12721561  3.2334624   0.35335569  0.66858333  1.44080786  1.62129969
 -0.06714228  1.64959267  2.40149443  0.16708404  3.1454438   2.82951112
  1.92038054  0.76998307  0.69330551  2.80462469]
Device (GPU) time: 1.1530 seconds
Iters. done: 513 [Current cost: -21.228939543252153]
Current parameters: [ 2.98891612  1.52592376  3.16753837  3.07827535  3.27501841  2.72350813
  0.1364877   2.60922296  1.80408489  2.70089986 -0.42837607  1.57590561
  0.64723503  0.61282563  1.62410681  1.71375417  2.91490206  0.03911914
  3.41881475  3.02084307  3.1537613   1.91302762  2.65996765  0.42138356
  3.01281391  2.95482149  0.3196316   1.42861554  1.92518531  3.19514454
  2.67922244  2.9471599   3.01754196  1.80158042 -0.1762375  -0.02065197
  1.59401497  2.85715913  3.04174374  2.03417837  1.65073818 -0.19490836
  4.62917616  2.59183944  3.15829896  3.13958081  0.06723621 -0.49829849
 -0.12356497  3.23378717  0.35630752  0.67050315  1.44819416  1.62069901
 -0.07183223  1.65606683  2.40383539  0.16446232  3.14803376  2.83258655
  1.92151889  0.76818525  0.69706966  2.80838761]
Device (GPU) time: 1.2300 seconds
Iters. done: 514 [Current cost: -21.163702667816278]
Current parameters: [ 2.99428344  1.52663674  3.17491375  3.07941838  3.27431879  2.72229857
  0.14113388  2.61538053  1.80493301  2.69977946 -0.42574335  1.57865434
  0.64149484  0.60625047  1.62872077  1.71613035  2.91476387  0.04503738
  3.40680561  3.02225083  3.15307288  1.91178655  2.66073469  0.41758582
  3.01802752  2.95576127  0.31698892  1.42762109  1.92967219  3.19585621
  2.67736329  2.94148939  3.01721694  1.8036618  -0.1850135  -0.01662788
  1.59027319  2.85590796  3.03686298  2.02227226  1.65376183 -0.19613546
  4.62763435  2.59418985  3.15625147  3.14184328  0.06529536 -0.50799831
 -0.12556171  3.23340938  0.35083815  0.66813408  1.43916343  1.61798885
 -0.06770547  1.64938918  2.40424197  0.16770366  3.14717472  2.83193531
  1.9197027   0.77022415  0.69426237  2.80188853]
Device (GPU) time: 1.0473 seconds
Iters. done: 515 [Current cost: -21.183796131785613]
Current parameters: [ 2.99845522  1.52504452  3.18327358  3.08959571  3.27364996  2.72156791
  0.14131612  2.61397961  1.80419306  2.69935302 -0.42455455  1.57346729
  0.63916645  0.60438152  1.6285442   1.71353134  2.91224616  0.03426923
  3.41142527  3.02295232  3.15536336  1.91850308  2.66081466  0.42643989
  3.00810682  2.95370222  0.31533795  1.42491858  1.91768892  3.19436859
  2.67879553  2.94614416  3.01880953  1.80681271 -0.17738559 -0.01143345
  1.59489451  2.86464493  3.04251603  2.02138461  1.65055552 -0.19674327
  4.62994165  2.60032889  3.15544565  3.14794146  0.06363476 -0.50599767
 -0.12299887  3.23499971  0.3459978   0.67212558  1.43883196  1.61622971
 -0.06477083  1.65019868  2.40246359  0.16984591  3.14406543  2.83070251
  1.91828591  0.77453667  0.69922587  2.80086319]
Device (GPU) time: 1.1393 seconds
Iters. done: 516 [Current cost: -21.214174020203142]
Current parameters: [ 2.99694022  1.52310563  3.17480713  3.0776482   3.27022823  2.72541362
  0.14283488  2.61872684  1.80785596  2.69736726 -0.43011092  1.58064618
  0.63966372  0.60520955  1.62969002  1.71918677  2.91665036  0.03885016
  3.41021791  3.02416306  3.14949195  1.9098225   2.6620787   0.42158704
  3.01457435  2.95453103  0.31850009  1.43005099  1.92266768  3.19522125
  2.67717434  2.94283649  3.01074457  1.80038227 -0.18001016 -0.01492674
  1.58817559  2.85570287  3.04247277  2.02802226  1.65477625 -0.19526915
  4.62897612  2.59634951  3.15418542  3.14136734  0.06581319 -0.50864162
 -0.12589987  3.23392288  0.35200022  0.66961151  1.44160986  1.61710852
 -0.06741248  1.65023255  2.40087963  0.16640781  3.14967348  2.83056754
  1.91787363  0.77247369  0.69616416  2.80279323]
Device (GPU) time: 1.2590 seconds
Iters. done: 517 [Current cost: -21.18571835447351]
Current parameters: [ 2.99534456  1.52621406  3.17458659  3.08354384  3.27194376  2.72484931
  0.13994499  2.61967147  1.80227798  2.70133492 -0.42203642  1.58224347
  0.63659452  0.60065068  1.61760622  1.71342996  2.91180422  0.03877548
  3.40489791  3.02474536  3.155355    1.90751578  2.66554525  0.42363234
  3.01333197  2.96270566  0.31959959  1.42494191  1.92411342  3.20078857
  2.67983763  2.94556981  3.01540466  1.80355098 -0.17590215 -0.02056187
  1.59865194  2.84825596  3.03098502  2.03044275  1.65460374 -0.1967331
  4.63054484  2.59137355  3.15130096  3.14164978  0.06478883 -0.5159551
 -0.1294652   3.2397622   0.35092431  0.67402038  1.44349038  1.61288244
 -0.07028598  1.65326625  2.39956134  0.16314697  3.14775891  2.8339485
  1.91603324  0.7760369   0.69344475  2.80447327]
Device (GPU) time: 1.1558 seconds
Iters. done: 518 [Current cost: -21.20476932922466]
Current parameters: [ 2.99437191  1.52727278  3.18042021  3.07911822  3.27426428  2.7226284
  0.13493937  2.62229181  1.80565831  2.69899439 -0.43007882  1.57906467
  0.63947495  0.60822138  1.62666392  1.71265598  2.9196697   0.03872127
  3.41000551  3.02552466  3.15604411  1.91087692  2.65962451  0.42065716
  3.01581113  2.95446763  0.31930042  1.42747762  1.92391327  3.1967789
  2.67850423  2.94569135  3.01422907  1.79979026 -0.18277368 -0.01783798
  1.59182712  2.85321549  3.03981244  2.0263862   1.65454413 -0.19906453
  4.63138316  2.59407954  3.1573407   3.13915778  0.06730787 -0.50828979
 -0.12579099  3.23293794  0.35005774  0.67004641  1.44140271  1.62009071
 -0.06756471  1.64829272  2.39996984  0.16824435  3.14361085  2.83046141
  1.9212308   0.77169218  0.69518972  2.80077799]
Device (GPU) time: 1.0736 seconds
Iters. done: 519 [Current cost: -21.170019254922575]
Current parameters: [ 2.99417037  1.53248983  3.17125496  3.08044141  3.2735327   2.7242936
  0.14201122  2.61406162  1.80502244  2.71189652 -0.42543274  1.57215762
  0.63828681  0.61020391  1.63525928  1.7142152   2.92118192  0.03470642
  3.40935559  3.02452608  3.14606359  1.91093256  2.66199418  0.42151626
  3.01530699  2.95526284  0.31784483  1.42337936  1.92511415  3.19738479
  2.67610775  2.94824914  3.01691914  1.80343206 -0.18546406 -0.01590735
  1.59226287  2.85311109  3.04100911  2.02850478  1.65926785 -0.20040746
  4.63254539  2.59823066  3.15609836  3.14244348  0.0759532  -0.51376955
 -0.12989727  3.23322725  0.35403051  0.66878955  1.44222965  1.60752066
 -0.06845948  1.64551207  2.40356609  0.16768495  3.14274335  2.82358968
  1.91193798  0.77038709  0.69568026  2.80676253]
Device (GPU) time: 1.7287 seconds
Iters. done: 520 [Current cost: -21.167332190968104]
Current parameters: [ 2.99542458  1.52543559  3.17493201  3.07998835  3.27393446  2.7252219
  0.13839892  2.61761717  1.80552013  2.69966684 -0.42578277  1.57502624
  0.63896022  0.60589599  1.62862572  1.71693397  2.91317102  0.04107972
  3.41086966  3.0263499   3.15124962  1.90757077  2.65999259  0.42300866
  3.01296027  2.95593751  0.32017158  1.42668424  1.92271412  3.19790148
  2.67719086  2.94326631  3.01829581  1.80373212 -0.18340033 -0.01729997
  1.5930224   2.84621491  3.04709002  2.0222202   1.65416085 -0.19595538
  4.62836564  2.5942397   3.15311851  3.13908216  0.06438565 -0.50609961
 -0.12514438  3.23225293  0.35255735  0.67148824  1.4394921   1.61713366
 -0.06733195  1.64919166  2.40267609  0.16744651  3.14501676  2.83201717
  1.91808482  0.76979519  0.69579694  2.80228922]
Device (GPU) time: 1.1791 seconds
Iters. done: 521 [Current cost: -21.18228935877536]
Current parameters: [ 2.99638709  1.52451124  3.17539598  3.08037586  3.27402704  2.7234037
  0.14003328  2.61802209  1.80380176  2.70042754 -0.42908296  1.57594058
  0.63975342  0.60598605  1.62663455  1.71661173  2.91432764  0.04080507
  3.41143682  3.02507689  3.15082786  1.91193059  2.66247455  0.4185892
  3.01493254  2.95479074  0.31981226  1.42754623  1.92361872  3.19665179
  2.67559464  2.94603063  3.01685863  1.8029447  -0.18453581 -0.01526934
  1.59175531  2.85242888  3.04012961  2.02757402  1.65387766 -0.19680695
  4.63270677  2.59463427  3.15419725  3.1429064   0.06629767 -0.50808324
 -0.12600836  3.23259946  0.35054659  0.670565    1.44192606  1.61833636
 -0.06683315  1.64986042  2.40144078  0.16709854  3.14711312  2.83036056
  1.91939354  0.77147097  0.69202371  2.80206751]
Device (GPU) time: 1.2320 seconds
Iters. done: 522 [Current cost: -21.23871875133101]
Current parameters: [ 2.99376866  1.5293584   3.17579789  3.08541862  3.27300236  2.72378848
  0.14233147  2.62159604  1.80485168  2.69999305 -0.4276882   1.57978893
  0.64148544  0.60624308  1.62748962  1.71787347  2.91339459  0.04159571
  3.41074568  3.02553673  3.14784195  1.91075958  2.66276186  0.42103136
  3.01528182  2.95701178  0.31776845  1.42855945  1.92310874  3.19822367
  2.67528659  2.94371383  3.01463174  1.80328282 -0.17994291 -0.01728292
  1.59001212  2.85525628  3.04209568  2.02640717  1.65438672 -0.19606524
  4.6324642   2.59306568  3.15427814  3.1434172   0.0667006  -0.50789916
 -0.12556667  3.23287164  0.35084275  0.66926671  1.44366068  1.61841988
 -0.06718139  1.64941652  2.40189602  0.16684578  3.13873862  2.83222745
  1.92062595  0.76510257  0.68989623  2.80310767]
Device (GPU) time: 1.0694 seconds
Iters. done: 523 [Current cost: -21.212492789576178]
Current parameters: [ 2.99394621  1.52544492  3.17568853  3.08063868  3.27307282  2.72434524
  0.14014738  2.61497876  1.8054071   2.69972868 -0.42783256  1.57882905
  0.63932498  0.6051072   1.62741608  1.71665097  2.9169012   0.04224061
  3.40951928  3.02415036  3.15096058  1.91083509  2.66116662  0.42106914
  3.0147385   2.95557526  0.31949115  1.42761353  1.92039304  3.19762377
  2.67631454  2.94632872  3.01685067  1.80217506 -0.18438353 -0.0168696
  1.59173881  2.85410815  3.04050964  2.02684869  1.65613977 -0.19910439
  4.6306105   2.59355746  3.15341832  3.14207663  0.06567569 -0.50755534
 -0.12628627  3.23234152  0.34882724  0.66893402  1.4412304   1.61789036
 -0.067374    1.64869084  2.40094537  0.16709861  3.14558335  2.83225574
  1.92031414  0.77016514  0.69404692  2.80505985]
Device (GPU) time: 1.2054 seconds
Iters. done: 524 [Current cost: -21.235440603405735]
Current parameters: [ 2.9969039   1.52774761  3.17625021  3.0797976   3.26874057  2.72281427
  0.13966474  2.61555706  1.80497981  2.70021297 -0.4269444   1.5790887
  0.63907679  0.60379673  1.62590792  1.71712295  2.91597582  0.03445226
  3.4134869   3.02436251  3.1501083   1.91109734  2.66124193  0.42091498
  3.01410439  2.95570861  0.31823869  1.42791878  1.92806099  3.19683249
  2.67490511  2.94594649  3.01746626  1.801641   -0.18543649 -0.01755134
  1.59142361  2.85219893  3.04003146  2.02589504  1.65073528 -0.1932564
  4.63046513  2.59381118  3.15447883  3.14148258  0.06605288 -0.50905843
 -0.12472107  3.23163513  0.34662757  0.66983665  1.4421305   1.61870933
 -0.06622528  1.64347464  2.40044053  0.16677644  3.14620157  2.83368396
  1.92119323  0.76933796  0.69376834  2.80797929]
Device (GPU) time: 1.1504 seconds
Iters. done: 525 [Current cost: -21.19605318967143]
Current parameters: [ 2.9966383   1.52540097  3.17677498  3.08144269  3.27379643  2.72383022
  0.14068047  2.61789181  1.80497486  2.69999321 -0.42648434  1.57858604
  0.63876523  0.60517625  1.62755445  1.71641101  2.91694641  0.03984999
  3.40978414  3.02569843  3.15108763  1.91078795  2.65897418  0.42259145
  3.01504317  2.95480213  0.31961709  1.42755162  1.92440929  3.19729471
  2.67522653  2.94581799  3.01856687  1.80294681 -0.18384217 -0.01651236
  1.59068962  2.85379288  3.0398183   2.02781032  1.65646832 -0.19391714
  4.6311728   2.59395609  3.15435244  3.14281124  0.0661381  -0.50591275
 -0.12626654  3.23259843  0.3514722   0.66853125  1.44170133  1.61819568
 -0.07068169  1.649542    2.40091696  0.16632302  3.14597777  2.83092097
  1.91951297  0.77029423  0.69375022  2.80254648]
Device (GPU) time: 1.0351 seconds
Iters. done: 526 [Current cost: -21.199461700641024]
Current parameters: [ 2.99574696  1.52775202  3.17112555  3.07997723  3.27401468  2.72274237
  0.14156725  2.61691048  1.80493143  2.70068515 -0.42607414  1.57803444
  0.6380104   0.60499531  1.62726387  1.71665048  2.91703888  0.03873322
  3.40908536  3.02420106  3.14938564  1.91084487  2.66142955  0.42074771
  3.01415897  2.95484538  0.31799839  1.42801936  1.92257126  3.19642927
  2.67633294  2.94629624  3.01564796  1.80199838 -0.18309219 -0.01763153
  1.59233627  2.85363298  3.04102701  2.0266588   1.64891965 -0.20166034
  4.63146011  2.59407643  3.15285789  3.14343169  0.06582372 -0.50693307
 -0.12543722  3.23154554  0.34903995  0.66856112  1.44086005  1.62193896
 -0.07438373  1.6460584   2.40013448  0.16544702  3.14605002  2.83332573
  1.91671113  0.77004246  0.69397713  2.79612072]
Device (GPU) time: 1.1798 seconds
Iters. done: 527 [Current cost: -21.206129135694653]
Current parameters: [ 2.99554397  1.52622136  3.17584421  3.07946638  3.27426841  2.72262707
  0.13989429  2.61691088  1.80465836  2.69871785 -0.42575787  1.57804634
  0.63838608  0.60479597  1.62703838  1.71747397  2.91675827  0.04099903
  3.41250178  3.02544929  3.15323673  1.91006282  2.66013305  0.42068636
  3.01373295  2.95655374  0.31875761  1.42736071  1.924443    3.1964273
  2.67743203  2.94619655  3.01629346  1.80266951 -0.18364791 -0.01784884
  1.59048619  2.85512673  3.04222878  2.02714752  1.65463237 -0.19661444
  4.63089546  2.59303792  3.15273872  3.14277418  0.06751586 -0.50864312
 -0.12601705  3.23182815  0.34897889  0.66910413  1.44318863  1.61588049
 -0.06678406  1.6497511   2.40196203  0.16684034  3.14668308  2.83098978
  1.91841227  0.76875189  0.69286721  2.80087269]
Device (GPU) time: 1.1501 seconds
Iters. done: 528 [Current cost: -21.18347624986888]
Current parameters: [ 2.99653444  1.52619057  3.1751344   3.08165131  3.27467566  2.72079046
  0.13986131  2.61818966  1.80384755  2.69927998 -0.42619486  1.58086786
  0.63981817  0.60759491  1.63066304  1.71673289  2.91754292  0.03838394
  3.41457118  3.02920852  3.14899064  1.90810958  2.6612702   0.42041653
  3.01873428  2.95784445  0.31594806  1.42775103  1.92117404  3.19767255
  2.67947324  2.9478256   3.01643146  1.80545882 -0.18638881 -0.01679851
  1.59250654  2.85392055  3.03911408  2.02521733  1.65293771 -0.19709708
  4.62860113  2.59400252  3.15053726  3.14424819  0.0655279  -0.50845358
 -0.12730634  3.23619709  0.35169026  0.67041303  1.4414641   1.62221018
 -0.0678334   1.65147262  2.40243949  0.16834449  3.14767379  2.82933469
  1.92104302  0.77039235  0.6949245   2.80476602]
Device (GPU) time: 1.2320 seconds
Iters. done: 529 [Current cost: -21.20515454682742]
Current parameters: [ 2.99632275  1.52644769  3.1765401   3.0809587   3.27543524  2.72331921
  0.14116769  2.61677636  1.80356512  2.69903872 -0.4276236   1.57842249
  0.63952636  0.60592721  1.62830683  1.71784611  2.9168074   0.03977368
  3.41165756  3.02472895  3.15126948  1.9113822   2.66281958  0.42036069
  3.01397245  2.95478933  0.32002728  1.42753993  1.92339927  3.19686281
  2.67880055  2.94436652  3.01720216  1.80253253 -0.18386054 -0.01823941
  1.59157689  2.85285537  3.03960633  2.02762121  1.65337705 -0.19621607
  4.63161777  2.59384136  3.15281659  3.14185061  0.0652955  -0.50809785
 -0.12559088  3.23234894  0.35231509  0.66542363  1.4412039   1.61726998
 -0.06670421  1.64878972  2.4004662   0.16636799  3.14431603  2.83198127
  1.91886631  0.77105808  0.6951737   2.80279267]
Device (GPU) time: 1.0802 seconds
Iters. done: 530 [Current cost: -21.21370787737875]
Current parameters: [ 2.99394441  1.52847245  3.17627797  3.07783079  3.27685586  2.7225679
  0.14104349  2.61560353  1.8099308   2.69907109 -0.42585835  1.57887403
  0.63997762  0.60568692  1.62790038  1.71732093  2.9137645   0.03995993
  3.41011117  3.03074182  3.15110756  1.91426691  2.66235856  0.42078394
  3.01291993  2.95542968  0.31929341  1.42757192  1.9231022   3.19723945
  2.67144963  2.94388612  3.0168047   1.8027222  -0.18175065 -0.01815822
  1.59540039  2.85279954  3.03909505  2.0269217   1.65400903 -0.19655386
  4.62897868  2.59612973  3.15406771  3.14149463  0.06717504 -0.50837147
 -0.12668388  3.2331935   0.35018148  0.66620485  1.44277626  1.61893233
 -0.06672973  1.65016686  2.39602905  0.17133165  3.14837212  2.82957814
  1.91956514  0.76834838  0.69304032  2.80250257]
Device (GPU) time: 1.1960 seconds
Iters. done: 531 [Current cost: -21.22663336304506]
Current parameters: [ 2.9953911   1.52566293  3.17600849  3.07960616  3.27402354  2.7237276
  0.14131648  2.61784883  1.80456387  2.70179891 -0.42737286  1.58061265
  0.63924098  0.60653209  1.62843803  1.7167281   2.91514281  0.0377581
  3.40992129  3.02394932  3.1527749   1.91237118  2.66051379  0.42077826
  3.01528857  2.95579754  0.31691648  1.42803199  1.92171847  3.19654372
  2.6754515   2.94523486  3.01674814  1.8034065  -0.18473156 -0.01751539
  1.59142736  2.85194865  3.04107612  2.02809243  1.65341287 -0.19653909
  4.63075397  2.59316314  3.1540946   3.1415304   0.06456732 -0.50791754
 -0.12582202  3.23148102  0.3497291   0.66805497  1.44245305  1.61637579
 -0.06793815  1.6509959   2.40320227  0.16865951  3.14591593  2.83175965
  1.91967833  0.77001983  0.69335757  2.80204672]
Device (GPU) time: 1.1999 seconds
Iters. done: 532 [Current cost: -21.192511319957525]
Current parameters: [ 2.99532158  1.52580067  3.17417317  3.0792886   3.27435264  2.72416133
  0.14065091  2.6191227   1.80353378  2.70460047 -0.42837904  1.5800482
  0.63822987  0.60699649  1.63009876  1.71686016  2.91678796  0.04111525
  3.40717672  3.02615062  3.15214546  1.90957609  2.66300797  0.42283006
  3.01070792  2.95081934  0.32003238  1.42740804  1.9263593   3.19544904
  2.67605308  2.94901563  3.01564928  1.80414412 -0.18450772 -0.01800346
  1.59431182  2.85720736  3.04180712  2.02360781  1.65306277 -0.19552187
  4.63074975  2.59201712  3.15258749  3.14096474  0.06173539 -0.50904318
 -0.12634674  3.23126157  0.34988955  0.66948454  1.44336834  1.61955743
 -0.06553109  1.65207792  2.39873856  0.16309229  3.14601235  2.8295366
  1.92004466  0.76963112  0.69282928  2.80423434]
Device (GPU) time: 1.0702 seconds
Iters. done: 533 [Current cost: -21.17327418652521]
Current parameters: [ 2.99598496  1.5254476   3.17543817  3.08004988  3.27328932  2.72452939
  0.14216981  2.61889728  1.80465475  2.70047907 -0.42620954  1.57732796
  0.6395163   0.6047851   1.62702117  1.71703972  2.91657751  0.03958443
  3.41120397  3.02526705  3.15312518  1.91213475  2.6633522   0.42200845
  3.01627567  2.95624516  0.31975539  1.42884639  1.92310847  3.19472022
  2.67515937  2.9472881   3.01644222  1.80136692 -0.18442251 -0.01784837
  1.59192392  2.85340927  3.03990498  2.02549931  1.65402407 -0.19708106
  4.63026379  2.59286282  3.15413246  3.14268574  0.06785774 -0.5071161
 -0.1252353   3.2323866   0.35128898  0.6690439   1.43968007  1.61801363
 -0.06726394  1.65099592  2.40107544  0.16696523  3.14543766  2.83161812
  1.91888779  0.76823213  0.69536917  2.80322307]
Device (GPU) time: 1.1997 seconds
Iters. done: 534 [Current cost: -21.232633901675314]
Current parameters: [ 2.99708     1.52615177  3.17621194  3.07979252  3.27622008  2.72366836
  0.14453732  2.61878547  1.80464988  2.69984037 -0.4238699   1.5794057
  0.64146583  0.60812326  1.62679323  1.71727489  2.91739622  0.03882476
  3.41108865  3.02497987  3.14977757  1.91130897  2.65971809  0.41744429
  3.01062717  2.95339131  0.31722924  1.42509972  1.92324553  3.20222043
  2.67545758  2.94690265  3.0159093   1.79849924 -0.18389156 -0.01938678
  1.59110032  2.85429246  3.04201416  2.02558538  1.65428643 -0.19714463
  4.62961469  2.59162887  3.15491516  3.14307701  0.06902793 -0.50701476
 -0.1243563   3.23261354  0.35089271  0.67081962  1.43668879  1.61768159
 -0.06704495  1.65197041  2.40077376  0.16715748  3.14656551  2.83400712
  1.92001085  0.77421397  0.69067875  2.8043959 ]
Device (GPU) time: 1.1602 seconds
Iters. done: 535 [Current cost: -21.22945274093932]
Current parameters: [ 2.99568034  1.52656061  3.17520163  3.07904324  3.27336157  2.71962799
  0.14360595  2.61770386  1.80521183  2.70054462 -0.42789047  1.57825237
  0.63653313  0.60533281  1.62753396  1.71628046  2.91528516  0.04094981
  3.41196544  3.02460309  3.151343    1.90925522  2.66043649  0.42107553
  3.01419366  2.95550833  0.32001539  1.42766435  1.92252285  3.19728265
  2.6762742   2.94641933  3.01605327  1.80212345 -0.18285672 -0.01675575
  1.59302987  2.85365072  3.03905468  2.02673157  1.65412479 -0.1960902
  4.62997979  2.59346708  3.15563627  3.14184845  0.06571223 -0.50699673
 -0.12586237  3.23116204  0.35114822  0.66899441  1.44144952  1.61790939
 -0.06701846  1.64932523  2.40235531  0.16799697  3.14459689  2.83077948
  1.91974425  0.77070979  0.69417454  2.80272669]
Device (GPU) time: 1.0620 seconds
Iters. done: 536 [Current cost: -21.185612431295812]
Current parameters: [ 3.00127947  1.53168131  3.17644131  3.07714776  3.27167949  2.72437425
  0.13831872  2.61846772  1.80229534  2.70120768 -0.42510951  1.57936017
  0.64112028  0.60629991  1.62871511  1.71719523  2.91737856  0.04426218
  3.40974158  3.02412593  3.15171298  1.91379748  2.66179249  0.42090377
  3.0142626   2.95926781  0.32249945  1.42605378  1.91913203  3.19993694
  2.67494232  2.94628918  3.01677713  1.80033459 -0.1847131  -0.01290817
  1.59198938  2.85489169  3.04124243  2.02712982  1.65017681 -0.19440209
  4.62911548  2.59329866  3.15514719  3.14184424  0.06549063 -0.50724916
 -0.12618457  3.23374454  0.35184986  0.66842258  1.44357674  1.61772111
 -0.0673467   1.64943218  2.40161215  0.16635103  3.14681722  2.83127436
  1.91880598  0.76955681  0.69423996  2.80274491]
Device (GPU) time: 1.2437 seconds
Iters. done: 537 [Current cost: -21.198404419602902]
Current parameters: [ 2.99537357  1.52639648  3.17606106  3.07983813  3.27431842  2.72356654
  0.14133045  2.61787852  1.80428035  2.69950242 -0.42572361  1.57934347
  0.63778326  0.60485387  1.62653725  1.71661559  2.91755821  0.03995296
  3.41015158  3.0247361   3.15098703  1.91106391  2.66232147  0.41998828
  3.01341262  2.95523654  0.31706463  1.42801622  1.92371283  3.19682984
  2.67489309  2.94621355  3.01742268  1.804376   -0.18329218 -0.01431357
  1.59190208  2.85380323  3.04073322  2.02725531  1.65420786 -0.19748476
  4.63089806  2.59362815  3.15306258  3.13850419  0.06788676 -0.50647044
 -0.12479162  3.23360773  0.35200217  0.66873366  1.44234591  1.61890396
 -0.06612686  1.64917037  2.40255595  0.16660684  3.14570725  2.83141716
  1.91966955  0.77027611  0.69438541  2.8026467 ]
Device (GPU) time: 1.1646 seconds
Iters. done: 538 [Current cost: -21.221360060828147]
Current parameters: [ 2.99858432  1.52804162  3.174177    3.08181549  3.27600969  2.72508681
  0.13975244  2.61910809  1.80650586  2.69916012 -0.42742091  1.57959832
  0.63880762  0.60611877  1.624173    1.71504311  2.91839287  0.04004662
  3.41082633  3.02389257  3.15270712  1.91137914  2.66202408  0.41967862
  3.01382983  2.95430776  0.31728734  1.4282785   1.92382329  3.19668938
  2.67489048  2.94581326  3.01645737  1.80366402 -0.1839396  -0.01633301
  1.59256733  2.85220536  3.04042822  2.02840363  1.6563397  -0.19900782
  4.62397311  2.59623131  3.15344152  3.1484292   0.06380501 -0.50828134
 -0.12441976  3.22716626  0.35522387  0.67031246  1.44364741  1.61791799
 -0.06523193  1.64724605  2.40199633  0.16610465  3.14614662  2.8317751
  1.91931483  0.76943419  0.69384619  2.8038655 ]
Device (GPU) time: 1.1402 seconds
Iters. done: 539 [Current cost: -21.16819832627549]
Current parameters: [ 2.99498385  1.52687056  3.17519075  3.07983938  3.27392958  2.72340445
  0.14071942  2.61755572  1.80557754  2.69908704 -0.42649892  1.57927356
  0.63879701  0.60519556  1.62806596  1.71434546  2.91465505  0.03930226
  3.41123945  3.02587506  3.15133739  1.91254055  2.66069421  0.41995995
  3.01578919  2.95524554  0.31987162  1.43067924  1.924422    3.19843489
  2.67699686  2.94823266  3.01815329  1.80165713 -0.18273818 -0.01475689
  1.5914183   2.85435379  3.04212279  2.02642452  1.65414913 -0.19737449
  4.6307444   2.59275233  3.15378505  3.14184208  0.06459771 -0.50928949
 -0.12631038  3.2321627   0.35206201  0.66804235  1.44074288  1.61701538
 -0.06758235  1.64968649  2.40125337  0.16690012  3.1456593   2.83192163
  1.91845946  0.77051874  0.69355558  2.80312492]
Device (GPU) time: 1.1769 seconds
Iters. done: 540 [Current cost: -21.174653470620687]
Current parameters: [ 2.99441308  1.52587191  3.17401292  3.07963626  3.27260735  2.72288899
  0.14146459  2.61785366  1.80662773  2.69884189 -0.42605496  1.57941154
  0.64016268  0.60441377  1.62809316  1.7099536   2.91347327  0.04075408
  3.40845059  3.02994645  3.15107366  1.91316804  2.66306415  0.42187657
  3.01252307  2.95615231  0.31751265  1.42371403  1.92191901  3.19490835
  2.67850592  2.94589452  3.01331536  1.80224367 -0.18762633 -0.01713056
  1.58862014  2.85344392  3.03968676  2.02663465  1.65404463 -0.19537119
  4.632991    2.5898992   3.15353708  3.14360945  0.06638471 -0.50376103
 -0.12367254  3.23189859  0.35325887  0.66894539  1.44359388  1.61722183
 -0.06606484  1.64636822  2.40181801  0.16730299  3.14627572  2.83172142
  1.91764042  0.77178791  0.69394796  2.80350314]
Device (GPU) time: 1.0660 seconds
Iters. done: 541 [Current cost: -21.209385871673824]
Current parameters: [ 2.99565545  1.52676713  3.17505416  3.08003733  3.27524917  2.72322832
  0.14005805  2.61899158  1.80540568  2.70166738 -0.42709189  1.57983209
  0.63876216  0.60409735  1.62975778  1.71654407  2.91417005  0.03969904
  3.4105696   3.02440459  3.1520969   1.91078301  2.66241035  0.42048386
  3.01368092  2.95525372  0.32027692  1.42723268  1.92410046  3.19711466
  2.67694359  2.94621342  3.01700523  1.80171677 -0.18366459 -0.01683082
  1.5922207   2.85420445  3.04124781  2.02857266  1.65480932 -0.19695851
  4.63047009  2.59424965  3.15316839  3.14322257  0.06707222 -0.50643766
 -0.12628176  3.23415814  0.35116692  0.66940606  1.44043249  1.61722345
 -0.06712079  1.64777031  2.40232576  0.16730061  3.14712205  2.83278904
  1.92262842  0.76918362  0.69474911  2.80199892]
Device (GPU) time: 1.2539 seconds
Iters. done: 542 [Current cost: -21.199521352354346]
Current parameters: [ 2.99714307  1.52483339  3.1741068   3.07867466  3.27704067  2.7241702
  0.1403853   2.61885318  1.80489118  2.70226855 -0.42910353  1.57891015
  0.63882257  0.60215499  1.63007753  1.71732781  2.91394637  0.03977987
  3.41308705  3.02278838  3.15190249  1.91218364  2.65800858  0.42293231
  3.01548664  2.95822003  0.31850628  1.42647062  1.92429357  3.19745565
  2.67609639  2.94518362  3.01607036  1.80318949 -0.18424139 -0.0147494
  1.59140842  2.85356554  3.03983394  2.02189489  1.65526728 -0.19920627
  4.63109098  2.59412449  3.15398553  3.14282692  0.07012909 -0.5079541
 -0.12432804  3.232021    0.35202458  0.66726649  1.44742211  1.61923163
 -0.06756522  1.65127082  2.39747051  0.16686675  3.14457462  2.8366431
  1.919505    0.77384477  0.69363013  2.80447811]
Device (GPU) time: 1.1495 seconds
Iters. done: 543 [Current cost: -21.213331819178194]
Current parameters: [ 2.99718414  1.52592459  3.17312814  3.08155969  3.27431702  2.72443157
  0.1403993   2.61692422  1.80552336  2.69957804 -0.42676735  1.57881689
  0.63884698  0.60527123  1.62726411  1.71699124  2.91585794  0.03853505
  3.41090514  3.02528893  3.15131468  1.91038968  2.66155055  0.4209005
  3.01441714  2.95687319  0.31929439  1.42718206  1.92388194  3.19813821
  2.67564326  2.94566425  3.01706638  1.80016479 -0.18464243 -0.01686219
  1.59148299  2.85450287  3.03990532  2.02558813  1.65486857 -0.19808049
  4.63110969  2.59328348  3.15494893  3.14123474  0.06435897 -0.50748051
 -0.12315243  3.23333141  0.3509895   0.66837051  1.44280126  1.61681274
 -0.06701231  1.64980282  2.40150678  0.16741063  3.14539925  2.82858613
  1.92145092  0.77036664  0.69430327  2.801469  ]
Device (GPU) time: 1.1406 seconds
Iters. done: 544 [Current cost: -21.23623699071225]
Current parameters: [ 3.0007259   1.52673825  3.1720223   3.0845854   3.27411676  2.7250688
  0.14105164  2.61626704  1.81012835  2.7007555  -0.42576418  1.58279825
  0.64066026  0.60657947  1.62702694  1.71610935  2.91380601  0.04228049
  3.41333375  3.02380558  3.15618507  1.90895953  2.66128844  0.42162983
  3.01447209  2.95422044  0.31802857  1.42761251  1.92216623  3.19687354
  2.6765363   2.94502265  3.01715226  1.80327711 -0.18528129 -0.01602264
  1.59213664  2.85437361  3.04074653  2.02724255  1.65329103 -0.19604615
  4.63514163  2.59395052  3.1551994   3.13914187  0.06901769 -0.5089231
 -0.12978977  3.22967349  0.35132081  0.66915006  1.43928221  1.6204999
 -0.06617625  1.64881333  2.40070088  0.16730797  3.14596668  2.83061988
  1.9182037   0.77070594  0.69418344  2.80322052]
Device (GPU) time: 1.0482 seconds
Iters. done: 545 [Current cost: -21.201808585072243]
Current parameters: [ 2.9952023   1.52602236  3.17569941  3.07873315  3.27429584  2.72302086
  0.13930452  2.61820806  1.80486718  2.69881195 -0.42543149  1.5786198
  0.63965242  0.60527642  1.62863286  1.71836189  2.91516423  0.03991353
  3.41054465  3.02443971  3.15066262  1.91101067  2.66150015  0.42210051
  3.01534147  2.95379265  0.3167771   1.42673553  1.92269929  3.19638064
  2.67625945  2.94472637  3.01819825  1.79997284 -0.18304308 -0.0154624
  1.59362263  2.85409597  3.03966491  2.0266963   1.65419626 -0.19674871
  4.6320732   2.59134443  3.15371662  3.14307772  0.06635889 -0.50883608
 -0.12613064  3.23059928  0.35211581  0.67021889  1.44230354  1.61786004
 -0.06738766  1.64888412  2.40178897  0.16698154  3.1457583   2.83078993
  1.91980323  0.77018401  0.69460015  2.80300985]
Device (GPU) time: 1.1658 seconds
Iters. done: 546 [Current cost: -21.193162179009498]
Current parameters: [ 2.99492462  1.52632572  3.17667908  3.07785444  3.27430707  2.72312301
  0.13915305  2.61976524  1.80546752  2.6993394  -0.42360646  1.57788952
  0.64152507  0.60392684  1.62740209  1.71828876  2.91378992  0.03850726
  3.40977265  3.0236508   3.14932633  1.91216541  2.66004365  0.42061758
  3.01371198  2.95877075  0.3210822   1.42990729  1.92269301  3.1991792
  2.67618696  2.9469679   3.01471211  1.8053408  -0.18657007 -0.02134759
  1.59171528  2.85769512  3.03832928  2.02666313  1.65469282 -0.19763622
  4.63405671  2.5988738   3.15233838  3.13898159  0.06473753 -0.50701956
 -0.12533878  3.22729206  0.35402489  0.67210396  1.44096177  1.61793891
 -0.06768841  1.64912531  2.40225452  0.16698243  3.14585915  2.83079196
  1.91955515  0.77084605  0.6950462   2.8034406 ]
Device (GPU) time: 1.1686 seconds
Iters. done: 547 [Current cost: -21.17497128092654]
Current parameters: [ 2.99672985  1.52413407  3.17576647  3.08142981  3.27453466  2.72301446
  0.14028702  2.61784939  1.80168507  2.69430157 -0.42687172  1.57861638
  0.63846409  0.60675123  1.632024    1.71129203  2.91530043  0.03947689
  3.41147768  3.02062307  3.15166378  1.90885968  2.6638243   0.41999935
  3.01305271  2.95651982  0.31873897  1.42717783  1.92361621  3.19759046
  2.66867053  2.94630285  3.01637605  1.80105851 -0.18355174 -0.02018733
  1.59170991  2.85410254  3.04071064  2.0246852   1.6537858  -0.19733128
  4.63132591  2.59383334  3.15348876  3.14244345  0.06582207 -0.50696302
 -0.13090881  3.23342714  0.35168211  0.66801989  1.44384208  1.61756681
 -0.06765819  1.64871151  2.40149191  0.16758528  3.14646672  2.83151131
  1.91823935  0.76980762  0.69470693  2.803339  ]
Device (GPU) time: 1.0414 seconds
Iters. done: 548 [Current cost: -21.144494824640226]
Current parameters: [ 2.99779881  1.52805419  3.17537098  3.07792647  3.272869    2.72352275
  0.14103444  2.61732453  1.80438493  2.69986634 -0.42736289  1.57886038
  0.63976949  0.6057969   1.62525846  1.71696985  2.91399093  0.0402258
  3.41110474  3.02361358  3.15079212  1.9124131   2.66070744  0.42233447
  3.01518913  2.95407734  0.31766178  1.42826001  1.92320963  3.19674251
  2.67626043  2.94659876  3.01665076  1.8036377  -0.18380345 -0.01888262
  1.59145509  2.85355479  3.04132178  2.02560174  1.65581318 -0.19800436
  4.63100665  2.59274753  3.15317595  3.14272634  0.06641259 -0.50647701
 -0.12731597  3.23472337  0.35157621  0.66817297  1.44150841  1.61775325
 -0.06649528  1.64847904  2.40069316  0.16696086  3.14533282  2.82956358
  1.92063272  0.77139152  0.6938792   2.80191271]
Device (GPU) time: 1.1909 seconds
Iters. done: 549 [Current cost: -21.171314545894152]
Current parameters: [ 2.9961123   1.52538678  3.17543167  3.07952646  3.27389751  2.72323851
  0.14051174  2.6178256   1.80478488  2.69952038 -0.42648739  1.57962895
  0.63897777  0.60583618  1.62745873  1.71711409  2.91593282  0.03948987
  3.41129359  3.02485255  3.15137903  1.91184165  2.66200437  0.4214407
  3.01387945  2.95553411  0.31944898  1.42720968  1.92328452  3.19720986
  2.6768051   2.9457822   3.01658882  1.80344137 -0.18404452 -0.01677649
  1.59212092  2.85384016  3.04075477  2.02586587  1.65479631 -0.19760098
  4.6309364   2.5934473   3.15597356  3.14230025  0.06598719 -0.50779129
 -0.12645066  3.23284055  0.35174003  0.66863933  1.44169445  1.61786225
 -0.06784874  1.64873306  2.40175867  0.16700813  3.14626626  2.83147737
  1.91931757  0.7694291   0.69297486  2.80291883]
Device (GPU) time: 1.2376 seconds
Iters. done: 550 [Current cost: -21.18538822424699]
Current parameters: [ 2.99588133  1.52617243  3.17756653  3.07939867  3.27649771  2.72656743
  0.14099304  2.61585416  1.80603281  2.69997081 -0.42758432  1.57988887
  0.6371337   0.60443071  1.62697516  1.71576774  2.91524615  0.04014005
  3.41168013  3.02357483  3.14967413  1.91156189  2.66063341  0.42113004
  3.01498968  2.95472315  0.31914244  1.42675188  1.92355029  3.19704166
  2.67707595  2.9464956   3.01551418  1.8014869  -0.1847905  -0.01704853
  1.59178293  2.85371368  3.03959241  2.02619762  1.65208211 -0.19628943
  4.63040522  2.59385438  3.15404286  3.14203455  0.06622225 -0.50721116
 -0.1266796   3.23340974  0.35179365  0.67065602  1.44181171  1.61778212
 -0.06739534  1.64978263  2.40179966  0.16712495  3.14482737  2.83025275
  1.91880786  0.76856381  0.69326109  2.80254862]
Device (GPU) time: 1.0632 seconds
Iters. done: 551 [Current cost: -21.156395430544276]
Current parameters: [ 2.99518234  1.52593701  3.17479775  3.0796167   3.2741745   2.72426022
  0.14013293  2.61776653  1.80466227  2.70030016 -0.42733141  1.57833642
  0.64025263  0.60545004  1.62724988  1.7161053   2.91509451  0.03959039
  3.41188921  3.02456069  3.15116603  1.9106834   2.66134382  0.42125573
  3.01401794  2.9555655   0.31864447  1.42755824  1.92273374  3.19697377
  2.6762085   2.94599331  3.01726879  1.80277385 -0.18407622 -0.01718482
  1.59178155  2.85504607  3.04016593  2.02727205  1.65419731 -0.19622738
  4.62903981  2.59293484  3.15466863  3.14137844  0.06638576 -0.50775007
 -0.1262589   3.23263481  0.35145842  0.66865905  1.44165183  1.61811855
 -0.06739888  1.64898453  2.40116042  0.16705451  3.14551536  2.83131919
  1.91916411  0.77042268  0.69367464  2.80218193]
Device (GPU) time: 1.1360 seconds
Iters. done: 552 [Current cost: -21.183129450783877]
Current parameters: [ 2.9938759   1.52636701  3.17441204  3.08045531  3.27337017  2.72267477
  0.13983749  2.61594076  1.80638809  2.70023273 -0.42603418  1.57814986
  0.64052901  0.60729778  1.62646189  1.71655451  2.91571012  0.03952315
  3.41117912  3.02297248  3.15199099  1.91140546  2.66110918  0.42094645
  3.01419445  2.95511675  0.3200587   1.42793767  1.92401175  3.1970317
  2.67703642  2.94624291  3.01680181  1.80191934 -0.18272446 -0.01777895
  1.59221808  2.85353673  3.04156854  2.02775946  1.65245938 -0.19705604
  4.63137631  2.59370322  3.15466973  3.14308358  0.06712389 -0.50521776
 -0.12533907  3.23345489  0.35261633  0.66846738  1.44431202  1.61912583
 -0.06772225  1.65172253  2.40234174  0.16644288  3.14657464  2.83091382
  1.91994638  0.77025006  0.69458488  2.80462686]
Device (GPU) time: 1.1682 seconds
Iters. done: 553 [Current cost: -21.224110203106964]
Current parameters: [ 2.99591391  1.52641472  3.17527722  3.08077116  3.27366414  2.72272211
  0.13975814  2.6175772   1.80489412  2.69947395 -0.42699699  1.57902539
  0.63865822  0.60538763  1.62775854  1.71691831  2.91522296  0.04006119
  3.41059511  3.02455543  3.15145818  1.91158283  2.6606013   0.42183636
  3.01434009  2.95507364  0.31908427  1.42813965  1.9234003   3.1964513
  2.67581018  2.94568518  3.01610738  1.80177022 -0.1852352  -0.01732941
  1.59281316  2.85414706  3.04092149  2.0271889   1.65403373 -0.19705634
  4.63014709  2.5938772   3.15385473  3.1419132   0.06666358 -0.50786046
 -0.12536525  3.23350345  0.35195543  0.6685734   1.44144039  1.61801093
 -0.06721958  1.64949781  2.40196834  0.1669775   3.14555016  2.8313655
  1.91868526  0.77063545  0.69258894  2.80304535]
Device (GPU) time: 1.1707 seconds
Iters. done: 554 [Current cost: -21.204894150295814]
Current parameters: [ 2.99466639  1.52567024  3.17715531  3.08067015  3.27427808  2.72427323
  0.1426996   2.6188275   1.8058469   2.70032938 -0.42381373  1.57755096
  0.64056503  0.60426142  1.62698883  1.71660387  2.91579757  0.04103871
  3.41082165  3.0245104   3.15117917  1.90972987  2.6613381   0.42220948
  3.01483072  2.95476436  0.31939472  1.42771148  1.92325261  3.1965225
  2.67578115  2.94688315  3.01594993  1.80202319 -0.185706   -0.0165613
  1.59150308  2.85303581  3.04181358  2.02713897  1.65304573 -0.19745944
  4.63064564  2.59453501  3.15545775  3.14279726  0.06562688 -0.50984256
 -0.12648922  3.23345995  0.35111476  0.66684037  1.44340509  1.61877655
 -0.06696196  1.64841461  2.40218114  0.16730198  3.14604185  2.83081364
  1.9212157   0.77210324  0.69378275  2.80236487]
Device (GPU) time: 1.2227 seconds
Iters. done: 555 [Current cost: -21.158606700726814]
Current parameters: [ 2.99600099  1.52557212  3.17627941  3.08018776  3.27419568  2.72357432
  0.14051226  2.61805136  1.80532745  2.6999518  -0.42668933  1.57903979
  0.63925718  0.60497352  1.626508    1.71699275  2.91532645  0.03985457
  3.41088676  3.02502891  3.1516178   1.91081027  2.6609157   0.42018645
  3.01371558  2.95578035  0.3191183   1.42937374  1.92303734  3.1970397
  2.67625266  2.94493866  3.01644764  1.80201987 -0.18467173 -0.01683064
  1.59256358  2.85426795  3.04072576  2.02606805  1.65380551 -0.19681527
  4.63061576  2.59243665  3.15413713  3.14270352  0.06560996 -0.50641955
 -0.12690852  3.23285004  0.35114908  0.66849751  1.44237004  1.61850326
 -0.06713996  1.64928765  2.40159759  0.16686503  3.14595915  2.83159073
  1.91958463  0.77043217  0.69403917  2.80255865]
Device (GPU) time: 1.0460 seconds
Iters. done: 556 [Current cost: -21.243007090322024]
Current parameters: [ 2.9953714   1.52724599  3.17548492  3.08056243  3.27335306  2.72361087
  0.14050784  2.61765774  1.80621218  2.70328968 -0.42659338  1.57730838
  0.63885181  0.60630078  1.62846021  1.71662571  2.91692621  0.03800175
  3.40936653  3.02465115  3.15016987  1.91040453  2.66136766  0.41965654
  3.01395447  2.95598439  0.31906682  1.42820905  1.92341995  3.19758848
  2.6763996   2.94499317  3.01676368  1.8023106  -0.18512419 -0.01637978
  1.59221257  2.85404315  3.0405837   2.02583278  1.65498177 -0.19773674
  4.63097449  2.59362987  3.15434201  3.14329669  0.06878275 -0.50794448
 -0.12801653  3.23313305  0.35158398  0.66831565  1.44233792  1.61602995
 -0.06687231  1.64852897  2.40179436  0.16716088  3.14510262  2.82920204
  1.91710339  0.77071829  0.69473264  2.8033854 ]
Device (GPU) time: 1.1431 seconds
Iters. done: 557 [Current cost: -21.19591055525264]
Current parameters: [ 2.9956424   1.52670255  3.17468101  3.07998946  3.27451446  2.72280369
  0.14003481  2.61801998  1.80528804  2.69933682 -0.42675539  1.57897165
  0.63975779  0.60426794  1.62705825  1.7164105   2.91605081  0.03940389
  3.41035664  3.02467556  3.15115867  1.91048844  2.66086065  0.42058153
  3.01476915  2.95420224  0.31911924  1.42780149  1.92220813  3.19681713
  2.6760052   2.94599965  3.01670154  1.80306098 -0.18434907 -0.01693843
  1.59156016  2.85367068  3.04054139  2.02592927  1.65323561 -0.19646772
  4.63081439  2.59404621  3.15501757  3.14244108  0.06660123 -0.50750585
 -0.12635715  3.2330283   0.3512566   0.66859303  1.44186097  1.61662105
 -0.06705366  1.64988748  2.40121302  0.16627785  3.1457766   2.83131136
  1.91982937  0.7700853   0.69386811  2.80288621]
Device (GPU) time: 1.1798 seconds
Iters. done: 558 [Current cost: -21.170441485253548]
Current parameters: [ 2.99507316  1.5257867   3.17751223  3.08029299  3.27390248  2.72185414
  0.14142636  2.61729313  1.80506119  2.7005178  -0.42645175  1.58099475
  0.64092218  0.6053912   1.62727767  1.71701458  2.91358369  0.03850255
  3.4107726   3.02385041  3.15237503  1.91038991  2.6615999   0.42023468
  3.01541197  2.95447259  0.32089138  1.42672312  1.9222661   3.19798806
  2.67565186  2.94598083  3.01723336  1.80165077 -0.18439403 -0.01646824
  1.59105986  2.85322536  3.0404231   2.02565351  1.65547324 -0.19727364
  4.62966086  2.5937515   3.15312242  3.14219372  0.06671919 -0.50748722
 -0.12445283  3.23285692  0.3507721   0.66882647  1.44272656  1.61957719
 -0.06646128  1.64859264  2.40130771  0.16466677  3.14630066  2.83000681
  1.91717737  0.7694408   0.69399981  2.80161164]
Device (GPU) time: 1.1365 seconds
Iters. done: 559 [Current cost: -21.203230009021578]
Current parameters: [ 2.99562089  1.52601957  3.17627077  3.08022261  3.27303391  2.72348574
  0.14105527  2.61782214  1.80554643  2.69955065 -0.42712651  1.58011355
  0.63997512  0.60636523  1.62743242  1.71655065  2.91553496  0.04039389
  3.41091893  3.02455155  3.1505559   1.91065546  2.66131361  0.42105584
  3.01397582  2.9557812   0.31937754  1.42778002  1.92379052  3.19622916
  2.67634102  2.94650011  3.01770583  1.80261855 -0.1847815  -0.01679666
  1.59260532  2.85373361  3.04064959  2.02638818  1.6535098  -0.197381
  4.63040089  2.59375898  3.15414239  3.1424005   0.06695859 -0.5074234
 -0.12587378  3.23243245  0.35152292  0.66917201  1.44230115  1.61664823
 -0.06755271  1.64951255  2.40080259  0.16713077  3.14561408  2.83131624
  1.91973681  0.77072267  0.69412242  2.80188908]
Device (GPU) time: 1.0413 seconds
Iters. done: 560 [Current cost: -21.16751717977217]
Current parameters: [ 2.99645375  1.52587074  3.17442435  3.07959311  3.27564996  2.72328692
  0.13990941  2.61985212  1.80699933  2.69906843 -0.42677752  1.57901687
  0.63897411  0.60658924  1.62671041  1.7170216   2.91578269  0.04012335
  3.40951283  3.02346026  3.14922305  1.91126594  2.66168904  0.42194428
  3.01458817  2.95615386  0.31929221  1.42768685  1.92366226  3.19704415
  2.67685783  2.94736547  3.01820425  1.80208639 -0.18425818 -0.0174727
  1.59191971  2.8536872   3.04047329  2.02690028  1.65486159 -0.19575348
  4.63115988  2.5938219   3.15472184  3.1427817   0.06571568 -0.5071569
 -0.12569294  3.23357197  0.3483967   0.66804981  1.44223773  1.61927164
 -0.06502395  1.64951752  2.40263417  0.16806785  3.14577988  2.83234397
  1.91692541  0.77050444  0.6948856   2.80258196]
Device (GPU) time: 1.2004 seconds
Iters. done: 561 [Current cost: -21.18719235346232]
Current parameters: [ 2.99625201  1.52590916  3.17536905  3.0799      3.2744855   2.72320394
  0.14048651  2.61791889  1.80548394  2.69971571 -0.42753543  1.57878325
  0.63928831  0.60586099  1.62686568  1.71694968  2.9152419   0.03996148
  3.40970007  3.02466473  3.15072888  1.91069908  2.66148236  0.42088374
  3.01482027  2.95558909  0.31948625  1.42784042  1.92346528  3.19749839
  2.67645011  2.94664963  3.01627727  1.80212496 -0.18448351 -0.01742466
  1.59151332  2.8532364   3.04075434  2.02646105  1.65398261 -0.19670843
  4.63001323  2.5925298   3.15379948  3.14138592  0.06753779 -0.50825213
 -0.12653771  3.23182772  0.35178874  0.66780999  1.44253017  1.61808128
 -0.06796314  1.64903601  2.40206621  0.166888    3.1464748   2.83096555
  1.92013977  0.76976402  0.69360044  2.80302105]
Device (GPU) time: 1.1691 seconds
Iters. done: 562 [Current cost: -21.19977014605997]
Current parameters: [ 2.99710127  1.5254932   3.17760277  3.08278802  3.27417724  2.72265112
  0.14057667  2.61689556  1.80541806  2.69945077 -0.42705243  1.57703278
  0.63900168  0.60553501  1.62702518  1.71623539  2.91410419  0.0383815
  3.40934091  3.0240797   3.15194019  1.91283249  2.66155635  0.4223342
  3.01304904  2.95531415  0.31846328  1.42690591  1.92192364  3.19708545
  2.67728028  2.94665432  3.01686192  1.80346555 -0.18249494 -0.01593493
  1.59209099  2.85625484  3.04122294  2.02475655  1.65274389 -0.1965735
  4.62960818  2.59415455  3.15380837  3.14301915  0.06705218 -0.50795676
 -0.12570017  3.23223742  0.35040981  0.66851216  1.44156998  1.61794848
 -0.06732141  1.64939733  2.40234789  0.16787702  3.14612375  2.8307447
  1.92013826  0.77093802  0.69494733  2.80255222]
Device (GPU) time: 1.2288 seconds
Iters. done: 563 [Current cost: -21.189245659902166]
Current parameters: [ 2.99574899  1.52637959  3.1750402   3.08028622  3.27332768  2.72433348
  0.14077887  2.61788654  1.80464334  2.69966516 -0.42583501  1.57927029
  0.63943867  0.60489685  1.62699224  1.71596365  2.91537929  0.03941396
  3.41009169  3.02440272  3.15166759  1.91090028  2.66135565  0.42108245
  3.01415937  2.95576324  0.31965187  1.42760431  1.9233579   3.19725612
  2.6771711   2.94596265  3.01619333  1.80255763 -0.1830284  -0.01714513
  1.59315054  2.85297119  3.039336    2.02651747  1.65449273 -0.19654152
  4.63038519  2.59361644  3.15361963  3.14228926  0.06663771 -0.50820395
 -0.1266004   3.23305229  0.35083334  0.66893919  1.44238221  1.61787288
 -0.06730339  1.64977315  2.40182088  0.16693154  3.14585119  2.83113534
  1.91928326  0.77099355  0.693314    2.80256431]
Device (GPU) time: 1.0480 seconds
Iters. done: 564 [Current cost: -21.192955351707447]
Current parameters: [ 2.99523231  1.5258111   3.17643682  3.08037732  3.27337479  2.7223792
  0.13977315  2.6185193   1.80639626  2.70103064 -0.42675746  1.57896201
  0.63714097  0.60478498  1.62523661  1.71718349  2.91472151  0.04035368
  3.40973141  3.02418443  3.15238408  1.90994263  2.66307721  0.42164324
  3.01457792  2.95731678  0.31808153  1.42656659  1.92353014  3.19874755
  2.67557755  2.94522897  3.01768094  1.80290673 -0.18372665 -0.01795801
  1.59028245  2.85384913  3.04006297  2.02764078  1.65277949 -0.1975549
  4.63085332  2.59247715  3.15387137  3.14276245  0.06510215 -0.50915703
 -0.12625534  3.2343814   0.35272198  0.66958176  1.44129969  1.61744312
 -0.06764831  1.65029256  2.39959912  0.16641517  3.14640942  2.83174925
  1.91859889  0.77117404  0.69418196  2.80344202]
Device (GPU) time: 1.1488 seconds
Iters. done: 565 [Current cost: -21.202575964470558]
Current parameters: [ 2.99473319  1.52773872  3.17547985  3.08088822  3.27412121  2.72377835
  0.14087312  2.61843424  1.80503119  2.69952356 -0.42696566  1.57896487
  0.63883084  0.60548297  1.62686955  1.71707621  2.91559803  0.03938187
  3.41132889  3.02417666  3.15111932  1.91130539  2.66139397  0.42119888
  3.01502657  2.95517946  0.32012533  1.42654007  1.92364449  3.19686298
  2.67593327  2.94549884  3.01625709  1.80284619 -0.18462178 -0.01652241
  1.59185847  2.85427576  3.04109945  2.02634516  1.65427273 -0.19710029
  4.63048484  2.59276109  3.15395054  3.14199806  0.06597479 -0.50724078
 -0.12667932  3.23217692  0.35107038  0.6687083   1.44185627  1.61787452
 -0.06745986  1.64967647  2.40149573  0.16760627  3.14678196  2.8310918
  1.91918421  0.77106305  0.69425803  2.80282535]
Device (GPU) time: 1.1649 seconds
Iters. done: 566 [Current cost: -21.183414429587245]
Current parameters: [ 2.99649822  1.5245367   3.17510597  3.0791106   3.27272648  2.72417211
  0.14036348  2.61813143  1.80552189  2.70059005 -0.4261297   1.57951415
  0.63827643  0.60501294  1.62683182  1.71638778  2.91639934  0.04008002
  3.41057483  3.02492263  3.15187142  1.91067275  2.66228061  0.41938833
  3.01627424  2.95308314  0.32094278  1.427213    1.92251258  3.1976354
  2.67606724  2.94500896  3.01802782  1.80300307 -0.18379606 -0.01850904
  1.59207479  2.85576432  3.04194179  2.02573804  1.65350298 -0.19619931
  4.63064619  2.59355312  3.15283815  3.14264814  0.06688762 -0.50781541
 -0.12483294  3.23302092  0.35208892  0.66875542  1.44331614  1.61835081
 -0.06780906  1.64855487  2.40199939  0.17050243  3.14458105  2.83153624
  1.91911595  0.77096287  0.69326661  2.80288222]
Device (GPU) time: 1.0462 seconds
Iters. done: 567 [Current cost: -21.198468105475516]
Current parameters: [ 2.99553917  1.52642281  3.1754987   3.07971861  3.27383852  2.72389973
  0.14070237  2.61754451  1.80599807  2.69923209 -0.42707597  1.57895731
  0.63870147  0.60526112  1.62816053  1.71730802  2.91539348  0.03985258
  3.4107828   3.02536669  3.15187535  1.91191933  2.66180343  0.42059179
  3.01454806  2.95555382  0.3192328   1.4274722   1.92333713  3.19748063
  2.67576637  2.94608474  3.01712553  1.80295313 -0.18435403 -0.01768518
  1.5918249   2.85386181  3.04095935  2.02674188  1.65392774 -0.19672427
  4.63016572  2.59337138  3.15474904  3.1426259   0.06676821 -0.50786017
 -0.12648154  3.2327005   0.35089561  0.66919214  1.44235661  1.61839244
 -0.06747807  1.64941602  2.40254288  0.16560185  3.14466872  2.8308877
  1.91964016  0.77159448  0.69438224  2.8025435 ]
Device (GPU) time: 1.1525 seconds
Iters. done: 568 [Current cost: -21.16965177293101]
Current parameters: [ 2.994736    1.52710148  3.17556065  3.07974051  3.27230726  2.72389701
  0.14105417  2.61922842  1.80662486  2.69903498 -0.42795065  1.57800648
  0.63909508  0.60437015  1.62752026  1.7170585   2.91543369  0.04038392
  3.41150067  3.0227414   3.15259031  1.91140779  2.66175329  0.41904155
  3.01258514  2.95501552  0.31686153  1.42701651  1.92275909  3.198237
  2.67735133  2.94731457  3.01681751  1.80198903 -0.18601226 -0.0166152
  1.59306513  2.85351246  3.04084794  2.02546377  1.65532543 -0.19526989
  4.63117242  2.59439949  3.15354064  3.1425889   0.06585226 -0.50810487
 -0.12531983  3.23342825  0.35181299  0.66732989  1.44220143  1.61864025
 -0.06938711  1.64990431  2.40107569  0.16761753  3.14595272  2.83054421
  1.91907179  0.7688805   0.69420312  2.80278396]
Device (GPU) time: 1.1624 seconds
Iters. done: 569 [Current cost: -21.174445587653665]
Current parameters: [ 2.99593652  1.5260863   3.1754545   3.07968306  3.27301733  2.72402642
  0.14109027  2.61803662  1.8060997   2.69957037 -0.42752724  1.57887329
  0.6394421   0.6052585   1.62801203  1.71688519  2.91559588  0.03978675
  3.41037415  3.02427772  3.15091362  1.91039738  2.66112351  0.42100578
  3.0146583   2.95515848  0.31873604  1.4283739   1.92313568  3.19674838
  2.67614318  2.94535046  3.01549861  1.80162737 -0.18328462 -0.0167032
  1.59074821  2.85421731  3.04104273  2.02703731  1.6537708  -0.19619985
  4.63004042  2.59418642  3.1531723   3.14217338  0.06640021 -0.50768694
 -0.12594201  3.23278258  0.35130369  0.66887326  1.44200464  1.61801787
 -0.06687723  1.64983358  2.40109252  0.16696529  3.14636466  2.83082319
  1.91918276  0.77124524  0.69459886  2.80257821]
Device (GPU) time: 1.1545 seconds
Iters. done: 570 [Current cost: -21.19481723820204]
Current parameters: [ 2.99651255  1.52383925  3.17544002  3.07867557  3.27316961  2.72344354
  0.14108845  2.61777799  1.80527509  2.69944064 -0.42651235  1.58019201
  0.63903676  0.60636844  1.62790193  1.71801336  2.91654955  0.03896521
  3.41161835  3.02474932  3.15092313  1.91205689  2.66278363  0.42200732
  3.01346854  2.95550983  0.31951004  1.42738523  1.92323882  3.19706291
  2.67750021  2.94486365  3.01499679  1.80344742 -0.18289263 -0.01611039
  1.59127491  2.8541705   3.04149131  2.02579057  1.65541129 -0.19804736
  4.63119285  2.59430644  3.15755731  3.14242135  0.06550611 -0.50808655
 -0.1265296   3.23364724  0.35239773  0.66869131  1.44172421  1.61799781
 -0.06816149  1.64834423  2.40183771  0.16696823  3.14754339  2.83139416
  1.91859446  0.76893151  0.6929371   2.80351289]
Device (GPU) time: 1.1147 seconds
Iters. done: 571 [Current cost: -21.194890531755632]
Current parameters: [ 2.99608776  1.52619434  3.17583524  3.07992258  3.27441913  2.72351891
  0.14148848  2.61797309  1.80510796  2.70007549 -0.42586973  1.57885913
  0.63974035  0.60622562  1.62740197  1.71674094  2.91614499  0.03957769
  3.41081222  3.02458538  3.15107701  1.91111692  2.66086106  0.42020885
  3.01345212  2.9549504   0.31860328  1.427003    1.923322    3.1984385
  2.67609291  2.94614377  3.0165982   1.8015612  -0.1841117  -0.01762814
  1.59140822  2.85384748  3.04099538  2.02624469  1.65404766 -0.19700611
  4.63043878  2.59307321  3.15426866  3.14263695  0.06696249 -0.50736387
 -0.12567761  3.23256316  0.3511845   0.66907635  1.44062828  1.61813771
 -0.06705421  1.65004282  2.40119685  0.16715521  3.14596559  2.83177256
  1.91959386  0.7711734   0.69285922  2.80308068]
Device (GPU) time: 1.6922 seconds
Iters. done: 572 [Current cost: -21.19066663912799]
Current parameters: [ 2.99575542  1.52626772  3.17607469  3.07996964  3.27385899  2.72352155
  0.14006658  2.61839967  1.8054114   2.69991618 -0.42702372  1.57886751
  0.63899919  0.60561913  1.62727118  1.71631252  2.91597405  0.03920783
  3.41105251  3.02473347  3.15157738  1.91094013  2.66124279  0.42136205
  3.01416413  2.95526614  0.31932277  1.42762894  1.9227123   3.19725585
  2.67635683  2.94638287  3.01652504  1.80215794 -0.1839791  -0.01710604
  1.59188811  2.8536178   3.04096179  2.02688792  1.65405821 -0.19715515
  4.63091334  2.59351892  3.15421627  3.14215693  0.06654324 -0.50762757
 -0.12617126  3.23264811  0.35132366  0.66877752  1.44222467  1.61823312
 -0.06716295  1.64927752  2.40108919  0.16710899  3.14549249  2.83093607
  1.91951529  0.77048116  0.69383494  2.80259716]
Device (GPU) time: 1.2187 seconds
Iters. done: 573 [Current cost: -21.14113022949103]
Current parameters: [ 2.99531031  1.52660383  3.17628518  3.07974826  3.2739802   2.72308588
  0.13968996  2.61801626  1.8053495   2.70003443 -0.42688253  1.57869903
  0.63972056  0.60616428  1.6276159   1.71577196  2.91603437  0.04066509
  3.40991718  3.02420278  3.15243441  1.91114925  2.66095785  0.42048432
  3.01532007  2.95541832  0.31867032  1.42761396  1.92461736  3.19691257
  2.67679317  2.94502967  3.0164105   1.80236071 -0.18404618 -0.01708727
  1.59137982  2.85401937  3.0398984   2.02557347  1.65396877 -0.19722379
  4.63030449  2.59385592  3.15501241  3.14186781  0.06620978 -0.50769727
 -0.12598166  3.2328787   0.35111681  0.66871202  1.44152799  1.61866159
 -0.06722407  1.64904745  2.40162451  0.16745075  3.14559772  2.83106447
  1.91974209  0.77032032  0.69404019  2.80232231]
Device (GPU) time: 1.1567 seconds
Iters. done: 574 [Current cost: -21.104741703150296]
Current parameters: [ 2.99582031  1.5258281   3.17567654  3.07943001  3.27378646  2.72354553
  0.14000875  2.61750921  1.80514798  2.7001133  -0.42651764  1.57910885
  0.63879018  0.60514787  1.62734819  1.71635829  2.91560804  0.03978652
  3.41089327  3.02443527  3.15143203  1.91096869  2.66132004  0.42103929
  3.01425176  2.95523973  0.31911942  1.4275066   1.92336418  3.19709228
  2.67632193  2.9461674   3.01694009  1.80234436 -0.18446088 -0.01699395
  1.59188929  2.85374114  3.04059914  2.0264925   1.65392159 -0.19704309
  4.63037817  2.59373806  3.15427874  3.14245812  0.06652688 -0.50747057
 -0.12611218  3.23233417  0.35127347  0.66804189  1.44156016  1.61809875
 -0.0672197   1.64962879  2.40158564  0.16706052  3.14648291  2.83069124
  1.91927618  0.77095839  0.69422508  2.80267277]
Device (GPU) time: 1.0569 seconds
Iters. done: 575 [Current cost: -21.205420203239328]
Current parameters: [ 2.99524335  1.52644945  3.1755451   3.08077356  3.27318141  2.72378274
  0.14012458  2.61825947  1.80481604  2.70036351 -0.42647923  1.57946915
  0.63907686  0.60500962  1.62748639  1.71675113  2.91468003  0.04047117
  3.41102248  3.02465239  3.15009175  1.91083034  2.66189255  0.42110932
  3.01434065  2.95584937  0.31875868  1.42774548  1.92342599  3.19743431
  2.67593815  2.94543218  3.01661526  1.80279235 -0.18340084 -0.01689641
  1.59120282  2.85389882  3.04100176  2.02634159  1.65383986 -0.1968901
  4.63089046  2.59375753  3.1542277   3.14322151  0.06669797 -0.50722008
 -0.12594514  3.23189091  0.35112688  0.66751533  1.44165064  1.61854118
 -0.06691377  1.6499459   2.40177912  0.16703157  3.14474287  2.83060702
  1.91963498  0.76944534  0.69295052  2.80278689]
Device (GPU) time: 1.1526 seconds
Iters. done: 576 [Current cost: -21.11111698827115]
Current parameters: [ 2.99523493  1.52588718  3.17548117  3.08019237  3.27362322  2.72329142
  0.1404859   2.61786413  1.80556678  2.69977746 -0.42636992  1.57895716
  0.63919994  0.60584911  1.62719697  1.71665479  2.91602779  0.03985743
  3.41062407  3.02428999  3.15136097  1.91135513  2.66149833  0.42097842
  3.01434433  2.95532146  0.31925693  1.42771901  1.92309404  3.19723867
  2.6762067   2.94607318  3.0167422   1.80243937 -0.18414769 -0.01708594
  1.5918027   2.85376182  3.04070493  2.02670189  1.65368347 -0.19639634
  4.63041916  2.59340391  3.15389144  3.14235875  0.06605587 -0.50749732
 -0.12645002  3.23276039  0.35140001  0.66869869  1.44133544  1.61787279
 -0.06696457  1.64887373  2.4016541   0.16699898  3.14584273  2.83027101
  1.91956718  0.77018555  0.69359836  2.80233066]
Device (GPU) time: 1.1557 seconds
Iters. done: 577 [Current cost: -21.204609342492223]
Current parameters: [ 2.99546737  1.52513688  3.17464515  3.0798485   3.2745728   2.7232298
  0.1407764   2.61786273  1.80562493  2.70058026 -0.42672814  1.57877909
  0.63897694  0.60505138  1.62811144  1.71703292  2.91586783  0.03993877
  3.41130185  3.02352093  3.15169849  1.9121038   2.66045705  0.42160511
  3.01468796  2.956338    0.31923278  1.42751858  1.92334627  3.19737014
  2.67606526  2.94596349  3.01672335  1.80287316 -0.18424803 -0.0162468
  1.5916078   2.85349105  3.04042178  2.02540482  1.65390337 -0.19670284
  4.63055229  2.5934449   3.15330108  3.14260563  0.06677594 -0.50743024
 -0.12612275  3.23261113  0.35175991  0.66836452  1.44274008  1.61809298
 -0.06677852  1.64897697  2.40041561  0.16690955  3.1456316   2.83164886
  1.91970408  0.77097021  0.69333502  2.80271167]
Device (GPU) time: 1.0800 seconds
Iters. done: 578 [Current cost: -21.212657572754264]
Current parameters: [ 2.99585968  1.526155    3.17557248  3.0800306   3.27403262  2.72304387
  0.14089242  2.61772437  1.8051277   2.69992687 -0.42694188  1.5789928
  0.6396688   0.6045665   1.62752115  1.71636585  2.91594748  0.03977633
  3.41047591  3.02423237  3.15127099  1.91127694  2.66160072  0.42124766
  3.01439502  2.95560543  0.31902745  1.42767139  1.92354703  3.19732438
  2.67661451  2.94572309  3.01706785  1.80237756 -0.18431449 -0.01712855
  1.59187513  2.85377244  3.04126821  2.02678621  1.65398011 -0.1969683
  4.63042259  2.59348464  3.15431968  3.14226189  0.06640031 -0.50753523
 -0.12637092  3.23252575  0.35130894  0.66899066  1.44205416  1.61832457
 -0.06718059  1.64957173  2.40123875  0.167369    3.14569347  2.83057493
  1.91928421  0.77037267  0.69370348  2.80275926]
Device (GPU) time: 1.1694 seconds
Iters. done: 579 [Current cost: -21.185676047133445]
Current parameters: [ 2.99589811  1.52619666  3.17542027  3.07990259  3.27342174  2.72364508
  0.14132503  2.61834487  1.80539858  2.6996572  -0.42597365  1.57816437
  0.63788915  0.60620323  1.6275971   1.71573241  2.91514182  0.03964147
  3.4107371   3.0242196   3.15104716  1.91144737  2.66143875  0.42111045
  3.0149131   2.9551446   0.31907393  1.42785559  1.92270318  3.19726323
  2.67717786  2.94467641  3.01774046  1.80226684 -0.18498039 -0.01726783
  1.59181248  2.85422182  3.04074567  2.0267339   1.65403836 -0.19707272
  4.63017889  2.59403704  3.15419912  3.14190313  0.06664807 -0.50750569
 -0.12628339  3.23246797  0.35094876  0.66860777  1.44245836  1.61813142
 -0.06682473  1.64972518  2.40077377  0.16600032  3.14647004  2.83120201
  1.92000898  0.76977344  0.69338112  2.80268906]
Device (GPU) time: 1.1448 seconds
Iters. done: 580 [Current cost: -21.164127219782017]
Current parameters: [ 2.99572853  1.52596586  3.17606922  3.08002005  3.27361205  2.72372741
  0.14061307  2.61813964  1.80542607  2.69974341 -0.42697022  1.57881426
  0.63941208  0.6053324   1.62764518  1.71673109  2.91544518  0.03989153
  3.41087077  3.02460695  3.15170227  1.91103489  2.66097457  0.42118304
  3.01437545  2.95528654  0.31925748  1.42748021  1.92343232  3.1974746
  2.67630642  2.94598753  3.01710481  1.80260825 -0.18422306 -0.01699364
  1.59167746  2.85389613  3.04036522  2.02657672  1.65419913 -0.19680725
  4.63044021  2.59338915  3.15425725  3.14222733  0.06640729 -0.5075286
 -0.12629717  3.23282116  0.35167489  0.66849643  1.44210542  1.617634
 -0.06620073  1.64966858  2.40180101  0.16729286  3.14593433  2.83079129
  1.91953813  0.77021483  0.69367728  2.80336217]
Device (GPU) time: 1.2537 seconds
Iters. done: 581 [Current cost: -21.155969177411382]
Current parameters: [ 2.99594906  1.52635013  3.17488989  3.08002448  3.27324807  2.72387167
  0.14121174  2.61785877  1.80546333  2.69978879 -0.42701737  1.57817537
  0.63934122  0.6050347   1.62794504  1.71711359  2.91575399  0.03961148
  3.410279    3.02479751  3.15142753  1.9108053   2.66046242  0.42128631
  3.01418107  2.95489687  0.31908575  1.42740373  1.92341331  3.19758791
  2.67620497  2.94625323  3.01725217  1.80280088 -0.18395497 -0.01717476
  1.59169193  2.85379932  3.03992107  2.02677273  1.65250697 -0.19860919
  4.63073314  2.59336914  3.15377538  3.14262092  0.06601051 -0.5070684
 -0.12625011  3.23268222  0.35131107  0.6683497   1.44189592  1.61869812
 -0.06767535  1.64868252  2.40179333  0.16706719  3.14637612  2.83142323
  1.91853314  0.76971554  0.69360572  2.80182477]
Device (GPU) time: 1.0431 seconds
Iters. done: 582 [Current cost: -21.136227944702284]
Current parameters: [ 2.99568097  1.52610476  3.17564553  3.08019647  3.27383316  2.72358942
  0.14044385  2.61766336  1.80508959  2.69981833 -0.42642229  1.57874057
  0.63906061  0.60557486  1.62769819  1.71690979  2.91533913  0.03987093
  3.41059264  3.02439273  3.15154192  1.91086159  2.66168546  0.42121373
  3.01486975  2.95505351  0.3188164   1.42796154  1.9234624   3.19796894
  2.67643642  2.94633157  3.01624069  1.80273688 -0.18439393 -0.01688278
  1.59199063  2.85380765  3.04066284  2.02677346  1.65393677 -0.1967745
  4.63038341  2.59344704  3.15453398  3.14240391  0.06652602 -0.50707778
 -0.12600537  3.2325669   0.35120574  0.66868712  1.44219073  1.61777508
 -0.0670602   1.64921781  2.4009389   0.16728485  3.14577311  2.83111611
  1.91922031  0.77040779  0.69389885  2.80249447]
Device (GPU) time: 1.1601 seconds
Iters. done: 583 [Current cost: -21.155305305167953]
Current parameters: [ 2.99588882  1.52621158  3.17544659  3.08037343  3.27380755  2.72371645
  0.14052516  2.61769884  1.8048142   2.69969301 -0.4259128   1.57891055
  0.63852872  0.60540256  1.62790624  1.71740335  2.91487701  0.03962249
  3.40993612  3.02416064  3.15137037  1.91101293  2.66035642  0.41948847
  3.01421258  2.95588554  0.31927267  1.42729526  1.92294788  3.19554934
  2.67661037  2.94677018  3.01699638  1.80260303 -0.18388832 -0.01723454
  1.59124859  2.85367973  3.04096075  2.02690789  1.6541119  -0.19688264
  4.6302759   2.59315523  3.15492882  3.14234088  0.06619525 -0.50769557
 -0.12622924  3.23277724  0.35179178  0.66879139  1.44202654  1.61867746
 -0.06693614  1.64907858  2.40035869  0.1675388   3.14563757  2.83064268
  1.91934503  0.77028962  0.69392436  2.80308437]
Device (GPU) time: 1.1422 seconds
Iters. done: 584 [Current cost: -21.209816657460966]
Current parameters: [ 2.99607858  1.52618306  3.17591747  3.08031949  3.27371323  2.72319536
  0.14019868  2.61806996  1.80588933  2.70031092 -0.42620085  1.5786374
  0.6393691   0.60506084  1.62780353  1.71661346  2.91561401  0.04002489
  3.41116855  3.02424321  3.15088631  1.91142409  2.66146483  0.42078744
  3.01443646  2.95520162  0.31909769  1.42771124  1.92323659  3.19706182
  2.67631179  2.94617437  3.01658815  1.80262289 -0.18396037 -0.01750643
  1.59169267  2.85382291  3.04035296  2.02648318  1.65415348 -0.19715679
  4.63041828  2.59341218  3.15408389  3.14179603  0.06605463 -0.50740424
 -0.12610597  3.23246412  0.35133903  0.66877528  1.44218361  1.61780754
 -0.06738129  1.64945329  2.40155347  0.16694355  3.14595281  2.83108691
  1.9192931   0.77047338  0.69372321  2.80268235]
Device (GPU) time: 1.0388 seconds
Iters. done: 585 [Current cost: -21.191770100978246]
Current parameters: [ 2.99540059  1.52643424  3.17562782  3.07907715  3.27425706  2.72348035
  0.14067073  2.61772541  1.80502924  2.69980666 -0.42600977  1.57858672
  0.6396785   0.60551469  1.62714343  1.71697566  2.915004    0.03930492
  3.41023891  3.02433564  3.15116449  1.9109365   2.661025    0.42118166
  3.01413057  2.95641111  0.3195977   1.42823628  1.92313647  3.19755479
  2.67608564  2.94611528  3.01644965  1.80313454 -0.18492359 -0.01766514
  1.59168747  2.85489164  3.04033808  2.02650428  1.65424806 -0.19681521
  4.63177578  2.59499813  3.15355419  3.14204728  0.06595818 -0.50774614
 -0.12591834  3.23160073  0.35218224  0.66942847  1.44167964  1.61819295
 -0.06727753  1.64921759  2.40180215  0.16714444  3.14573223  2.83113448
  1.91949089  0.77031555  0.69418668  2.80293946]
Device (GPU) time: 1.1837 seconds
Iters. done: 586 [Current cost: -21.1560980528841]
Current parameters: [ 2.99603243  1.5262113   3.1756842   3.08011022  3.27398557  2.7236925
  0.14068544  2.61784705  1.80554259  2.70005515 -0.42686467  1.57877724
  0.63927007  0.60545808  1.62718481  1.71629503  2.91586214  0.03979555
  3.41069279  3.02442934  3.15134954  1.91093141  2.66112413  0.420741
  3.0149476   2.95569475  0.31874024  1.42721712  1.9233339   3.19712091
  2.67607676  2.94602635  3.01658117  1.80268967 -0.18386707 -0.01717187
  1.59254112  2.85397604  3.04108289  2.02674044  1.65415427 -0.19694044
  4.63039697  2.59372052  3.15419559  3.14278238  0.06608371 -0.50756806
 -0.12586623  3.23229943  0.35174521  0.66843754  1.44197217  1.61797426
 -0.06685766  1.64904694  2.40147771  0.16658338  3.14600216  2.83118744
  1.91932883  0.77024067  0.69374741  2.8027386 ]
Device (GPU) time: 1.1574 seconds
Iters. done: 587 [Current cost: -21.19469524995664]
Current parameters: [ 2.99632059  1.52690543  3.17507978  3.08026694  3.27444215  2.72353445
  0.14047504  2.61761015  1.80545002  2.69991896 -0.42649543  1.57896937
  0.63893801  0.60589193  1.62679481  1.71647138  2.91599924  0.03992634
  3.41090148  3.0242814   3.15181346  1.91108059  2.66195128  0.42116661
  3.01342359  2.95464765  0.31901032  1.42834518  1.92330348  3.19678763
  2.6759841   2.94584364  3.01700819  1.80259936 -0.1844959  -0.01644422
  1.59080525  2.85313529  3.0401408   2.02665134  1.65460685 -0.19727355
  4.6290611   2.59394911  3.15375593  3.14373257  0.06585511 -0.50797331
 -0.12599849  3.23191318  0.35197823  0.66925621  1.44263418  1.61816016
 -0.06714777  1.64920262  2.40178006  0.16745375  3.14564923  2.83127116
  1.91938872  0.77015708  0.69381253  2.80298534]
Device (GPU) time: 1.0605 seconds
Iters. done: 588 [Current cost: -21.182863757425793]
Current parameters: [ 2.99568038  1.52612759  3.17542237  3.07981639  3.27406885  2.72345079
  0.14080385  2.61816134  1.80541163  2.69983548 -0.42651478  1.57891852
  0.63934072  0.60550024  1.62748444  1.7159136   2.91518633  0.04004951
  3.41062462  3.02494333  3.15151476  1.91118564  2.66143266  0.42113688
  3.01420236  2.95548851  0.3189208   1.42732878  1.92318868  3.19689473
  2.67650895  2.9458996   3.01645234  1.80255283 -0.18436254 -0.01692137
  1.59147124  2.85384601  3.04061449  2.02661449  1.65380253 -0.19693069
  4.6307559   2.59325814  3.15394398  3.14247316  0.06636153 -0.50710601
 -0.12571543  3.23269095  0.35121564  0.66859913  1.44212886  1.61773367
 -0.06747687  1.64883628  2.40147402  0.16701022  3.14572366  2.83071138
  1.91907178  0.77055121  0.69377632  2.8033424 ]
Device (GPU) time: 1.2367 seconds
Iters. done: 589 [Current cost: -21.17593604357464]
Current parameters: [ 2.99544347  1.52641426  3.1754924   3.08013006  3.27299868  2.72317943
  0.14064719  2.61651428  1.80565709  2.70012892 -0.42667179  1.57869142
  0.63915697  0.60517883  1.62765851  1.71566532  2.91563248  0.03958668
  3.41025289  3.02533142  3.15091951  1.91130247  2.66179997  0.42124461
  3.01416608  2.95544332  0.31896524  1.42695746  1.92294694  3.19674886
  2.67645811  2.94618037  3.01636569  1.80225879 -0.18492518 -0.01706705
  1.59114467  2.85371059  3.0405759   2.02618867  1.65453547 -0.19607046
  4.63130744  2.59267335  3.15429384  3.1425596   0.06624289 -0.50749833
 -0.12624588  3.23274356  0.35233448  0.66863963  1.44230667  1.6184961
 -0.06622994  1.64958584  2.40171614  0.16731219  3.14616023  2.83227725
  1.91942313  0.77036665  0.69379023  2.80146847]
Device (GPU) time: 1.1585 seconds
Iters. done: 590 [Current cost: -21.213915412927328]
Current parameters: [ 2.99575214  1.52590527  3.17538627  3.08009209  3.27376735  2.72353679
  0.14041061  2.61785816  1.80517603  2.70006104 -0.42647242  1.57856561
  0.63921278  0.60556953  1.62741436  1.71644563  2.91528353  0.04008367
  3.41085313  3.0246672   3.15113718  1.9110574   2.66080836  0.42117536
  3.01411881  2.95522804  0.31925293  1.42743416  1.92334539  3.19748882
  2.67621752  2.94557632  3.0166446   1.80272063 -0.18419693 -0.01706507
  1.59189954  2.85313487  3.04128272  2.02629395  1.65399708 -0.19688335
  4.63038979  2.59350989  3.15404983  3.14214072  0.06625455 -0.50787775
 -0.12603471  3.23278544  0.35144011  0.66894811  1.44183172  1.61803898
 -0.06715263  1.64942904  2.40150651  0.16711831  3.14561528  2.83116759
  1.91928217  0.76999644  0.69468194  2.80262509]
Device (GPU) time: 1.1449 seconds
Iters. done: 591 [Current cost: -21.188049836143083]
Current parameters: [ 2.99572336  1.52672915  3.17587532  3.079631    3.2741704   2.72391441
  0.1402802   2.61729802  1.80584258  2.69990436 -0.42660639  1.57795844
  0.63913155  0.60559522  1.62794801  1.71709438  2.91524085  0.03960757
  3.41064351  3.02447028  3.15173611  1.90960041  2.66201682  0.42156713
  3.01446038  2.9558952   0.31922948  1.42775345  1.92293928  3.19664571
  2.67654958  2.94583806  3.01765834  1.80247407 -0.18380953 -0.01686722
  1.59190887  2.85273567  3.04173331  2.02530558  1.65400612 -0.19654127
  4.63030174  2.59377076  3.15394638  3.14175107  0.06586795 -0.50671705
 -0.1260911   3.2327575   0.35154452  0.66881824  1.44150669  1.61789487
 -0.06741681  1.64923117  2.40183553  0.16711269  3.14592004  2.83119891
  1.91918333  0.77084138  0.69256168  2.80275848]
Device (GPU) time: 1.1909 seconds
Iters. done: 592 [Current cost: -21.225667471217047]
Current parameters: [ 2.99550196  1.52634586  3.17558785  3.07986869  3.27412738  2.72329895
  0.14064397  2.61759259  1.80562935  2.70001333 -0.42654223  1.57887202
  0.63928076  0.60552662  1.62727309  1.71684535  2.91533825  0.039865
  3.4106908   3.02537202  3.15139933  1.91146495  2.66144794  0.42100907
  3.01433385  2.95535376  0.31891778  1.42736479  1.92332937  3.19716452
  2.67586986  2.94592669  3.01683132  1.8021103  -0.18387968 -0.01712766
  1.59201342  2.85379239  3.04056346  2.02646453  1.654001   -0.19687715
  4.63032034  2.59427256  3.1540589   3.1421174   0.06632995 -0.50748703
 -0.12663278  3.23271876  0.35127996  0.66834345  1.44225932  1.61804924
 -0.06714833  1.6494045   2.40094765  0.16749189  3.14594461  2.83105425
  1.91932385  0.77015578  0.69372672  2.80270022]
Device (GPU) time: 1.0800 seconds
Iters. done: 593 [Current cost: -21.212490374460206]
Current parameters: [ 2.99576937  1.52685664  3.17605631  3.07937714  3.27448123  2.72350748
  0.14068517  2.61711716  1.8064198   2.69960264 -0.42658116  1.57862733
  0.63930669  0.60552766  1.62813043  1.71630058  2.91554588  0.0397132
  3.41075716  3.02441211  3.15113764  1.91105067  2.6614128   0.42109697
  3.01396472  2.95547327  0.31977709  1.42838174  1.92310663  3.19708051
  2.67531983  2.94523328  3.01671221  1.80369041 -0.18393949 -0.01706169
  1.59244882  2.85374815  3.04029568  2.02684716  1.65405739 -0.19669855
  4.63081529  2.59251489  3.15424153  3.14282172  0.06679618 -0.50846686
 -0.12506448  3.2331311   0.35092041  0.66821817  1.44166748  1.61847449
 -0.06726427  1.64965196  2.40062902  0.16763157  3.14650066  2.83050068
  1.91966521  0.76998618  0.69354945  2.80259963]
Device (GPU) time: 1.2682 seconds
Iters. done: 594 [Current cost: -21.22159948564512]
Current parameters: [ 2.9958775   1.52586613  3.1755659   3.07971106  3.27421432  2.72338088
  0.1405524   2.61794953  1.80566544  2.69975517 -0.42645814  1.57864983
  0.63932424  0.60563948  1.62755301  1.71653212  2.91546116  0.03997295
  3.41041463  3.02436824  3.15149283  1.91088677  2.66139229  0.42098449
  3.01446242  2.95533449  0.3193433   1.42726107  1.92305497  3.19710035
  2.67638944  2.94595204  3.01649818  1.80266571 -0.18426772 -0.01653438
  1.59182261  2.85409921  3.04072133  2.02681232  1.65434547 -0.19738852
  4.6304088   2.59343695  3.15389698  3.14241949  0.06625179 -0.50737042
 -0.12650841  3.23276643  0.3516913   0.66833566  1.44182046  1.61798091
 -0.06733835  1.65020291  2.40149749  0.16708113  3.14523631  2.83094821
  1.91934985  0.7703281   0.69368107  2.80219507]
Device (GPU) time: 1.1628 seconds
Iters. done: 595 [Current cost: -21.209290357332126]
Current parameters: [ 2.99652733  1.52607555  3.17571863  3.0793579   3.27276457  2.72301316
  0.14031331  2.61709008  1.80576975  2.69983761 -0.42633238  1.57852646
  0.63944879  0.60536666  1.62703831  1.71672849  2.91549737  0.03833894
  3.41112282  3.02409257  3.1511541   1.91071261  2.66149085  0.4208419
  3.01448702  2.95539345  0.3192666   1.42698678  1.92450304  3.19685871
  2.67595463  2.94598107  3.01652116  1.80247728 -0.18480182 -0.0161727
  1.59174218  2.85386603  3.04056513  2.02685559  1.65355451 -0.19658431
  4.63038034  2.59343248  3.15372171  3.14223366  0.06600133 -0.50778049
 -0.12648253  3.23276084  0.35024102  0.6684467   1.44175026  1.61820241
 -0.06724431  1.648982    2.40123922  0.16692265  3.14482109  2.83177447
  1.91994176  0.76993626  0.6936011   2.8036781 ]
Device (GPU) time: 1.1495 seconds
Iters. done: 596 [Current cost: -21.1814478903981]
Current parameters: [ 2.99600959  1.52626726  3.17539067  3.08015546  3.27381808  2.72385071
  0.1407138   2.61765824  1.80584275  2.70011647 -0.426649    1.57893321
  0.63922119  0.60533399  1.62711987  1.71652975  2.91522568  0.04009665
  3.41055114  3.02391811  3.15195741  1.91117292  2.66134163  0.42115923
  3.01397005  2.9550431   0.319343    1.42764893  1.92339716  3.19709031
  2.67598083  2.9457346   3.01684162  1.80224206 -0.18401739 -0.01694029
  1.59170535  2.85388471  3.04082876  2.02669086  1.65404067 -0.19683027
  4.63110206  2.59351546  3.15459351  3.14192134  0.06662439 -0.50762176
 -0.12628174  3.2321172   0.35135322  0.66846062  1.44183683  1.61780998
 -0.06703462  1.64911825  2.40133384  0.16697392  3.14561339  2.8312221
  1.91915675  0.77038011  0.69369779  2.80250752]
Device (GPU) time: 1.0566 seconds
Iters. done: 597 [Current cost: -21.19802080517688]
Current parameters: [ 2.99686377  1.52636291  3.17484682  3.08114173  3.27413817  2.7233139
  0.14076402  2.61734801  1.80586746  2.70028709 -0.42639024  1.57988098
  0.63950395  0.60612466  1.62781931  1.71658801  2.91556293  0.04018321
  3.41190501  3.02489911  3.15197435  1.91013317  2.66130412  0.42108414
  3.0151118   2.95551944  0.31841315  1.42774667  1.92274193  3.19710438
  2.67675618  2.94617547  3.0169246   1.80298965 -0.18460086 -0.01673028
  1.59183012  2.8541162   3.04050431  2.02643384  1.65378447 -0.19669533
  4.6313811   2.59366777  3.15377671  3.14209057  0.06671983 -0.50813166
 -0.12707557  3.23293371  0.35132143  0.66891816  1.44148317  1.61910838
 -0.0672386   1.6496159   2.40161389  0.16723921  3.14617649  2.83075197
  1.91939257  0.77039118  0.69405028  2.80309279]
Device (GPU) time: 1.6875 seconds
Iters. done: 598 [Current cost: -21.17776284488621]
Current parameters: [ 2.99563192  1.52632952  3.17547614  3.07981772  3.27386375  2.72359873
  0.14059185  2.61792373  1.8054153   2.70085628 -0.42682016  1.57896838
  0.6391678   0.60554519  1.62738692  1.71700712  2.91572287  0.03995918
  3.41031971  3.02487764  3.15142117  1.91103977  2.66130612  0.42132329
  3.01410907  2.95484576  0.31923178  1.42763385  1.92354027  3.19696099
  2.67680167  2.94625015  3.01668064  1.80277929 -0.18427197 -0.01689498
  1.59198447  2.8541795   3.04078931  2.02633992  1.65390413 -0.19672077
  4.63053145  2.59337323  3.15404178  3.14222989  0.06593494 -0.50779839
 -0.12583221  3.23250313  0.35119064  0.66873299  1.44203088  1.61824583
 -0.06698895  1.64969624  2.40118885  0.1666296   3.14578118  2.83087873
  1.91952666  0.77032755  0.69358877  2.80278287]
Device (GPU) time: 1.1583 seconds
Iters. done: 599 [Current cost: -21.24562148001691]
Current parameters: [ 2.9957993   1.52581225  3.17553556  3.08006557  3.27419321  2.72338507
  0.14078184  2.61774461  1.80408459  2.69983171 -0.42689628  1.57884284
  0.63884241  0.60607405  1.62863697  1.71573158  2.91571946  0.0399707
  3.41043316  3.02367824  3.15144474  1.91041367  2.66205889  0.42111608
  3.0136951   2.95496379  0.31912691  1.42762515  1.92375424  3.1969037
  2.67468685  2.94654459  3.0167107   1.8022474  -0.18391658 -0.01773037
  1.59195898  2.85451496  3.04088592  2.02569796  1.65391924 -0.19675237
  4.63095412  2.59333474  3.15378173  3.1423628   0.0655516  -0.5078548
 -0.1270905   3.23309348  0.35116988  0.66848613  1.44273812  1.6180581
 -0.06725583  1.64964159  2.40132273  0.16655073  3.14600714  2.83100269
  1.91924134  0.77012486  0.69386342  2.80300284]
Device (GPU) time: 1.1771 seconds
Iters. done: 600 [Current cost: -21.151972650227496]
Current parameters: [ 2.99636449  1.5268123   3.17561664  3.07964523  3.2736449   2.72352107
  0.1406029   2.61761744  1.80493004  2.70021682 -0.42635897  1.57883649
  0.63947138  0.60552245  1.62757257  1.71682116  2.91564975  0.04052934
  3.41055714  3.02429507  3.15133016  1.91138636  2.66138427  0.42094842
  3.01449295  2.95583329  0.31942343  1.42746212  1.92293718  3.19743759
  2.67613328  2.94590904  3.01687689  1.8023079  -0.18426265 -0.01651124
  1.59172716  2.85406745  3.04066783  2.02653828  1.65358712 -0.19649129
  4.63031598  2.59349574  3.15427525  3.14238594  0.06620307 -0.50757705
 -0.12611729  3.23292299  0.35140077  0.66851475  1.44212944  1.61784038
 -0.06727261  1.64943245  2.40168927  0.16698002  3.14603049  2.83111676
  1.91924164  0.77023343  0.69384732  2.80271705]
Device (GPU) time: 1.0548 seconds
Iters. done: 601 [Current cost: -21.18126908440727]
Current parameters: [ 2.9960329   1.52688542  3.17648013  3.07970913  3.27367719  2.72357284
  0.13935496  2.61889816  1.80511681  2.70009112 -0.42729114  1.57888142
  0.63880545  0.60593535  1.62733233  1.71612989  2.91658292  0.03894949
  3.41130131  3.02480876  3.15177259  1.9110162   2.66110364  0.42167
  3.01399207  2.95573689  0.31976089  1.42766591  1.92192615  3.19737082
  2.67628659  2.94662847  3.016401    1.80175326 -0.18378342 -0.01682087
  1.5916933   2.85344262  3.04104739  2.02690977  1.65377496 -0.1972711
  4.63127537  2.59358771  3.15423654  3.14217991  0.06667242 -0.50771418
 -0.12612681  3.2326599   0.35133085  0.66881227  1.44259647  1.61879227
 -0.06720655  1.64914283  2.40075145  0.16712076  3.14518623  2.83106432
  1.91977504  0.77044719  0.69368493  2.80235927]
Device (GPU) time: 1.1957 seconds
Iters. done: 602 [Current cost: -21.17177131174672]
Current parameters: [ 2.99602997  1.52660762  3.17562332  3.07950047  3.27375698  2.72339441
  0.14083609  2.61758015  1.80507584  2.70013216 -0.42681799  1.57876012
  0.63921669  0.60556891  1.62684811  1.71677809  2.9152244   0.03979258
  3.41091765  3.02419102  3.15118974  1.91132436  2.66113984  0.42136106
  3.01466464  2.95505067  0.31871867  1.42789828  1.92325946  3.19697794
  2.67635553  2.94616329  3.01686942  1.80261563 -0.18393469 -0.01737264
  1.59159706  2.85381122  3.04082673  2.02634719  1.65453719 -0.19719471
  4.63083711  2.59333188  3.15392477  3.14254035  0.06640567 -0.50746811
 -0.12631255  3.23335547  0.35139563  0.66846968  1.44192607  1.61793273
 -0.06715559  1.64915449  2.40144234  0.1670615   3.14567015  2.83078977
  1.91971436  0.7705901   0.69382321  2.80246214]
Device (GPU) time: 1.1461 seconds
Iters. done: 603 [Current cost: -21.224807890045486]
Current parameters: [ 2.9957902   1.52605408  3.17563183  3.08001327  3.27387768  2.72390628
  0.14027529  2.61783028  1.80534201  2.69983505 -0.4265532   1.57900279
  0.6394746   0.60551827  1.62747723  1.71671781  2.91564628  0.03961989
  3.41065616  3.0244619   3.15133048  1.91128484  2.66150572  0.42111073
  3.01436438  2.95536681  0.31903179  1.42762702  1.9233403   3.19712845
  2.67634556  2.9458661   3.01674595  1.80259478 -0.18424134 -0.01697562
  1.59158959  2.85391132  3.04088829  2.02642933  1.65406925 -0.19704171
  4.63064917  2.59357726  3.15418065  3.142405    0.06639026 -0.50771263
 -0.12620108  3.2329018   0.35145029  0.66859232  1.44203229  1.61804181
 -0.06727508  1.64931802  2.40139873  0.16695487  3.1460363   2.83113672
  1.91932256  0.77025331  0.69367567  2.80270259]
Device (GPU) time: 1.1640 seconds
Iters. done: 604 [Current cost: -21.20527680606044]
Current parameters: [ 2.99565115  1.52574564  3.1755384   3.07968798  3.27375841  2.72295959
  0.14115907  2.61777097  1.80534791  2.69999227 -0.42686504  1.57903527
  0.63875636  0.60562024  1.62747264  1.71692957  2.91575133  0.039657
  3.41111108  3.02447857  3.15118115  1.91091657  2.66149207  0.42120612
  3.01420482  2.95543727  0.31933608  1.42764567  1.92313066  3.19706339
  2.67656708  2.94581296  3.01637572  1.80252746 -0.18370524 -0.01674154
  1.59179535  2.85396118  3.04058041  2.02635855  1.65427988 -0.19698696
  4.63062221  2.59369908  3.15506879  3.14236108  0.06621731 -0.50780108
 -0.12609726  3.23282896  0.35152799  0.66868658  1.4419427   1.61801021
 -0.06752116  1.64919523  2.4017908   0.16714348  3.14597658  2.831233
  1.91926294  0.7701909   0.69365517  2.80281095]
Device (GPU) time: 1.2229 seconds
Iters. done: 605 [Current cost: -21.20005890163399]
Current parameters: [ 2.99577392  1.52627583  3.17569997  3.07999104  3.27402659  2.7236503
  0.14052582  2.61767208  1.80546702  2.69977965 -0.42664058  1.57870823
  0.63905391  0.60528448  1.62732582  1.71652432  2.91559193  0.04003243
  3.4108893   3.02444267  3.15110306  1.91091819  2.66136717  0.4210975
  3.01433987  2.95528925  0.31934037  1.42754622  1.92345392  3.19721931
  2.67641944  2.94609529  3.01670497  1.80232154 -0.18414605 -0.01694275
  1.59177713  2.8540595   3.04056003  2.02631673  1.65393855 -0.1969035
  4.6305461   2.59359254  3.15414646  3.14243412  0.06654484 -0.50755301
 -0.12620895  3.23286663  0.35157838  0.66880663  1.44193969  1.61821285
 -0.0671187   1.64922049  2.40131269  0.16690588  3.14572846  2.83094625
  1.91933043  0.77027551  0.69378042  2.80273375]
Device (GPU) time: 1.1475 seconds
Iters. done: 606 [Current cost: -21.210715822966897]
Current parameters: [ 2.99549143  1.52613374  3.17611636  3.07992485  3.27451632  2.72407688
  0.14080884  2.61737112  1.80541925  2.70041349 -0.42687671  1.57916304
  0.63876474  0.60542603  1.62743301  1.7164569   2.91546517  0.03950457
  3.41081588  3.0241183   3.1512034   1.91121648  2.66104058  0.42099447
  3.01467457  2.95532633  0.31881058  1.42757168  1.92311284  3.19702736
  2.67633516  2.94601419  3.01665086  1.80227742 -0.18435653 -0.01705111
  1.59165234  2.85359252  3.04049455  2.02668884  1.65349379 -0.19673095
  4.63063413  2.59356034  3.15407165  3.14228613  0.06617133 -0.50767351
 -0.12610614  3.23278184  0.35121488  0.66889105  1.4421216   1.61782708
 -0.06737946  1.64971128  2.40186653  0.16731254  3.14557472  2.831059
  1.91930308  0.76999764  0.69363712  2.80255962]
Device (GPU) time: 1.1748 seconds
Iters. done: 607 [Current cost: -21.168490917110287]
Current parameters: [ 2.99562139  1.52646231  3.17563554  3.0799279   3.2737944   2.72350744
  0.14065977  2.61783283  1.80557008  2.69987293 -0.42642751  1.57915843
  0.63911924  0.60536195  1.62755886  1.71660509  2.91570494  0.03969491
  3.41068631  3.02430718  3.15146446  1.91093534  2.6612016   0.42128642
  3.01426283  2.95543331  0.31894027  1.427628    1.92320524  3.1972598
  2.67639761  2.94602358  3.01676413  1.80242257 -0.18419751 -0.01719632
  1.59179342  2.85402239  3.04073669  2.02632566  1.65405583 -0.19685424
  4.6303305   2.59343203  3.15412541  3.14230535  0.06635353 -0.50756968
 -0.1261342   3.2327251   0.35149193  0.66834231  1.44201238  1.61804166
 -0.06730763  1.64932825  2.4014619   0.16708772  3.14564788  2.83113881
  1.91938986  0.77017281  0.69398553  2.80274752]
Device (GPU) time: 1.0713 seconds
Iters. done: 608 [Current cost: -21.198134975319853]
Current parameters: [ 2.99545759  1.52631862  3.17554716  3.08001872  3.27352401  2.72349938
  0.14065429  2.61818361  1.80549626  2.69981416 -0.42717503  1.57837287
  0.63922226  0.60526661  1.62737611  1.71672521  2.91543475  0.03997251
  3.41096566  3.02409547  3.15160356  1.91113784  2.66149998  0.42036075
  3.01402255  2.95527121  0.31865132  1.42752411  1.92316322  3.19733762
  2.67644995  2.94630137  3.01686913  1.80239383 -0.18462696 -0.01677201
  1.59204751  2.85367912  3.04063983  2.02631899  1.65430378 -0.19651012
  4.63088579  2.59380799  3.15398902  3.14249481  0.06629965 -0.50782515
 -0.1258982   3.23286823  0.35137991  0.66844537  1.44206141  1.61823644
 -0.06770781  1.64954634  2.40141125  0.1671932   3.14591632  2.83096637
  1.91935752  0.77018466  0.69371607  2.80261624]
Device (GPU) time: 1.5846 seconds
Iters. done: 609 [Current cost: -21.172800231765297]
Current parameters: [ 2.99569654  1.52633865  3.17560351  3.07998256  3.2740136   2.72334824
  0.14037269  2.61775189  1.80542684  2.70002003 -0.42673292  1.57905623
  0.63913353  0.60546489  1.62763719  1.71653732  2.91537035  0.03980966
  3.41067842  3.02434389  3.15120481  1.9108874   2.661164    0.42092757
  3.01414301  2.95527341  0.31910234  1.4274832   1.92333224  3.1974311
  2.67644056  2.94584971  3.01682471  1.80256862 -0.18411572 -0.01689879
  1.59174964  2.85393443  3.04078933  2.02672756  1.65403519 -0.19688978
  4.630597    2.59365248  3.15410038  3.14238342  0.06624072 -0.5075956
 -0.12625353  3.232815    0.35137789  0.66861361  1.44217087  1.61801743
 -0.06716868  1.64909427  2.4015676   0.16709836  3.14591808  2.83110656
  1.91963836  0.77052707  0.69364532  2.80257755]
Device (GPU) time: 1.1353 seconds
Iters. done: 610 [Current cost: -21.19897348750451]
Current parameters: [ 2.99565468  1.52623013  3.17547053  3.08006696  3.27411399  2.72347669
  0.14066873  2.61818724  1.80527897  2.70051069 -0.42664634  1.57878506
  0.63916958  0.6051349   1.62786291  1.71664347  2.91539137  0.03970378
  3.41073742  3.0245143   3.15172643  1.91104476  2.66180374  0.4210513
  3.01449208  2.95547794  0.31947154  1.42773634  1.92342689  3.1968363
  2.67626192  2.94618104  3.01684941  1.80215092 -0.1840676  -0.01706238
  1.59182764  2.85389398  3.04070521  2.02684371  1.65415465 -0.19697082
  4.63053768  2.5936132   3.1539376   3.14265053  0.06675203 -0.50734034
 -0.12602538  3.23301773  0.35130916  0.6688037   1.44143504  1.61791795
 -0.06716244  1.64922468  2.40164531  0.16710849  3.1460363   2.83153837
  1.92002965  0.7699237   0.69417761  2.80259984]
Device (GPU) time: 1.1574 seconds
Iters. done: 611 [Current cost: -21.226295258055345]
Current parameters: [ 2.99572215  1.52609718  3.17547589  3.07982803  3.27363164  2.72354365
  0.140497    2.61794247  1.80553352  2.70009128 -0.42653836  1.57893693
  0.63909854  0.60538134  1.62732055  1.71644084  2.91547979  0.03981503
  3.41063194  3.02444739  3.15139297  1.91096546  2.66121866  0.42103556
  3.01455817  2.95529328  0.31912514  1.42762407  1.92320258  3.19721582
  2.67599334  2.94609457  3.01680668  1.80252355 -0.18418451 -0.01696107
  1.59179239  2.85409501  3.04085587  2.02632171  1.65403083 -0.19692815
  4.63045167  2.593495    3.15420954  3.14242648  0.06651321 -0.50757111
 -0.1261246   3.23274109  0.35131877  0.66897592  1.44216038  1.6181445
 -0.0672808   1.64937951  2.40160983  0.16736608  3.14588693  2.83101051
  1.91944149  0.77032058  0.6935754   2.8026673 ]
Device (GPU) time: 1.0824 seconds
Iters. done: 612 [Current cost: -21.224838844323834]
Current parameters: [ 2.99587522  1.52589327  3.17560509  3.08001911  3.27385011  2.72351985
  0.14062067  2.61774264  1.80509818  2.70002095 -0.42665663  1.57885185
  0.63908771  0.60547902  1.62734376  1.71672356  2.91592056  0.03980109
  3.41080521  3.0245919   3.15142202  1.91092897  2.66169022  0.42063351
  3.0147818   2.95485487  0.31964624  1.42759936  1.92310967  3.19715272
  2.6765186   2.94556396  3.01716976  1.80258043 -0.18403313 -0.01746328
  1.59176863  2.85414149  3.04075466  2.02646246  1.65379025 -0.19668794
  4.63072789  2.59354169  3.1536967   3.14237609  0.06640256 -0.50779308
 -0.12575306  3.23271457  0.35161465  0.66820032  1.44220716  1.61802186
 -0.06725653  1.64916205  2.40146699  0.16768763  3.14533768  2.83134566
  1.91924683  0.77067663  0.69382353  2.802715  ]
Device (GPU) time: 1.6932 seconds
Iters. done: 613 [Current cost: -21.227274088267094]
Current parameters: [ 2.99580919  1.52623847  3.17574771  3.07994802  3.27394015  2.72352452
  0.14071778  2.61792888  1.80518465  2.6999194  -0.42658865  1.57893727
  0.63895156  0.60530216  1.62741096  1.71660203  2.91577394  0.03982332
  3.41062881  3.02453846  3.15128028  1.91101115  2.66146038  0.42095009
  3.01429379  2.95537425  0.31883887  1.42765784  1.92327265  3.19713504
  2.67608078  2.94598545  3.01682131  1.80273761 -0.18417375 -0.01667434
  1.59173482  2.85384975  3.04062905  2.02648859  1.65408448 -0.196975
  4.63057184  2.59355777  3.15400588  3.14191967  0.06649479 -0.50761103
 -0.12604551  3.23276516  0.35138333  0.66863131  1.44191458  1.61810546
 -0.06701977  1.64921405  2.40154737  0.16706272  3.14574837  2.83111087
  1.91939794  0.77036244  0.69378791  2.80257132]
Device (GPU) time: 1.2053 seconds
Iters. done: 614 [Current cost: -21.158101412735636]
Current parameters: [ 2.99514317  1.52624124  3.17537201  3.0801341   3.27385454  2.72326735
  0.14047885  2.61736431  1.80540065  2.70005402 -0.42637614  1.57858388
  0.63941829  0.60583806  1.62709239  1.71657341  2.9158208   0.03970584
  3.41082718  3.02419616  3.15144021  1.91103214  2.66132028  0.42096982
  3.01427669  2.95537469  0.31905374  1.42782507  1.92346977  3.19706179
  2.67626058  2.94608724  3.01698788  1.80249295 -0.18370406 -0.01681861
  1.59179267  2.85386969  3.04083582  2.02691851  1.65373736 -0.19699538
  4.63075726  2.59350182  3.15417351  3.14211146  0.0667148  -0.50708242
 -0.12578853  3.2329368   0.35166207  0.66856665  1.44256094  1.61838452
 -0.06721048  1.64986672  2.40177956  0.16682749  3.14593924  2.83109915
  1.91948521  0.77039205  0.69400837  2.80306173]
Device (GPU) time: 1.1509 seconds
Iters. done: 615 [Current cost: -21.170668768745973]
Current parameters: [ 2.9955988   1.52631375  3.17568542  3.08000421  3.27373268  2.72349394
  0.14066455  2.6176219   1.80524914  2.69999434 -0.42661361  1.57884067
  0.639164    0.60535831  1.62757944  1.71634225  2.91546024  0.03971045
  3.41087416  3.02464244  3.15153018  1.91115195  2.6612506   0.42088814
  3.0145141   2.95530785  0.3191701   1.4279195   1.92335065  3.19731197
  2.67630252  2.94608385  3.01677746  1.80243917 -0.18402886 -0.01674958
  1.59168424  2.8539123   3.04083189  2.02645326  1.65394347 -0.19705339
  4.63054644  2.59344493  3.15407207  3.14229643  0.06624807 -0.50781581
 -0.12620646  3.23258037  0.35168259  0.66859044  1.4418744   1.61789296
 -0.06738003  1.64937364  2.40137276  0.16698521  3.1457919   2.83103058
  1.91949408  0.77037005  0.69366164  2.80273678]
Device (GPU) time: 1.0459 seconds
Iters. done: 616 [Current cost: -21.19069651194674]
Current parameters: [ 2.99568413  1.52623174  3.17533939  3.0799876   3.27423868  2.72331563
  0.14047428  2.61817645  1.80566928  2.69974818 -0.42666337  1.57883209
  0.63917219  0.60568468  1.62736293  1.71636076  2.91543602  0.03973602
  3.41057132  3.02448744  3.15091313  1.91120054  2.66123415  0.42113638
  3.01468081  2.95557962  0.31927378  1.42817034  1.92346591  3.19725247
  2.67645094  2.94657015  3.01732864  1.80221485 -0.18402539 -0.0167822
  1.5916669   2.85390909  3.04077928  2.02651574  1.65416561 -0.19678284
  4.63070433  2.59345934  3.1542592   3.14250023  0.06599253 -0.50791839
 -0.1260756   3.23277351  0.35083914  0.66839324  1.44183544  1.61809951
 -0.06682537  1.64945759  2.4016144   0.16718828  3.1457399   2.83148605
  1.91873867  0.77051355  0.69390711  2.80266609]
Device (GPU) time: 1.7430 seconds
Iters. done: 617 [Current cost: -21.19271071220965]
Current parameters: [ 2.9959546   1.52618462  3.17572155  3.08022295  3.27387419  2.72333223
  0.14044881  2.61765299  1.80533447  2.69987811 -0.42690054  1.57875908
  0.63908506  0.60555926  1.62742738  1.71654767  2.91539615  0.03956987
  3.41057477  3.024392    3.15142034  1.91129799  2.66135912  0.42110463
  3.01422731  2.95540761  0.31903295  1.42756645  1.92312969  3.19719727
  2.67642073  2.94600591  3.01683666  1.80263897 -0.18389458 -0.01692482
  1.59179142  2.85414013  3.04065433  2.02624995  1.65389343 -0.1968394
  4.63047684  2.5935393   3.15403688  3.14241122  0.06648455 -0.50748197
 -0.12608154  3.23259016  0.35130336  0.66872219  1.44187106  1.61799079
 -0.06721006  1.64944917  2.40150851  0.16714037  3.14582655  2.83106543
  1.91938113  0.77029864  0.69389628  2.80268725]
Device (GPU) time: 1.1504 seconds
Iters. done: 618 [Current cost: -21.206606758044106]
Current parameters: [ 2.99560835  1.52597726  3.17615507  3.08058283  3.27399999  2.72342178
  0.1409339   2.61785974  1.80534517  2.70010218 -0.42618574  1.5781901
  0.63952909  0.60528163  1.62728024  1.71664298  2.91540597  0.03982332
  3.41061294  3.02443431  3.15139412  1.91084894  2.66125569  0.42157808
  3.0143229   2.95533838  0.31904661  1.42755641  1.92301607  3.19690806
  2.67621935  2.94613082  3.0166656   1.80241293 -0.18435603 -0.01687503
  1.59168966  2.85406165  3.04083396  2.02642907  1.65370162 -0.19696982
  4.63039883  2.59375307  3.1544002   3.14263131  0.06639072 -0.50823934
 -0.12612898  3.23276676  0.35114857  0.66825441  1.44220349  1.61816559
 -0.06720401  1.64916569  2.40167734  0.16715091  3.14584467  2.83098504
  1.91979444  0.77085789  0.69381656  2.80252247]
Device (GPU) time: 1.1902 seconds
Iters. done: 619 [Current cost: -21.219979303027255]
Current parameters: [ 2.99597926  1.52626414  3.17567122  3.07999236  3.27395506  2.72340067
  0.14063317  2.61812691  1.80531979  2.70000646 -0.42651645  1.57881866
  0.63915621  0.6054935   1.62746542  1.7165732   2.915488    0.03951958
  3.41082514  3.02453851  3.15138771  1.91103282  2.66121564  0.42114823
  3.01438922  2.95532313  0.31909079  1.42763859  1.92365195  3.19711868
  2.67621684  2.94593298  3.01686337  1.80254935 -0.18413115 -0.01699073
  1.5916852   2.85383299  3.04064289  2.02652851  1.65388415 -0.19649623
  4.63059708  2.59355698  3.15424874  3.14242595  0.06643029 -0.50752279
 -0.12613557  3.23273056  0.35167253  0.66857478  1.44207527  1.61808728
 -0.06734987  1.64945286  2.40150331  0.16702958  3.14583536  2.830926
  1.91929767  0.77037799  0.69373338  2.80240201]
Device (GPU) time: 1.0469 seconds
Iters. done: 620 [Current cost: -21.190153810882258]
Current parameters: [ 2.99570583  1.52596038  3.17587459  3.0803883   3.27375085  2.72361218
  0.14055028  2.61750463  1.80526072  2.70003144 -0.42677105  1.5787507
  0.63911778  0.60540222  1.62747301  1.716585    2.9160265   0.04004775
  3.4103833   3.02467481  3.15125123  1.91090454  2.66078014  0.42139995
  3.01459217  2.95531529  0.31927512  1.42761849  1.9231848   3.19723768
  2.6760237   2.94593395  3.01718746  1.80253302 -0.18414538 -0.01691921
  1.59146836  2.85384353  3.04040994  2.02680244  1.65480186 -0.196514
  4.63072441  2.59362065  3.15411753  3.14249384  0.06626365 -0.50724477
 -0.12619848  3.2326296   0.35110464  0.66863835  1.44184242  1.61808366
 -0.06797121  1.64933417  2.40126082  0.16688471  3.14579915  2.83116249
  1.91948295  0.77033879  0.69377203  2.80290843]
Device (GPU) time: 1.2408 seconds
Iters. done: 621 [Current cost: -21.233322640148742]
Current parameters: [ 2.99575855  1.52633641  3.1754361   3.0800061   3.27381855  2.72364878
  0.14049115  2.61783353  1.80543582  2.70020512 -0.42667375  1.57850107
  0.63900337  0.6055574   1.62755935  1.71656003  2.91584743  0.03976978
  3.41063949  3.02451144  3.15117069  1.91103665  2.66130354  0.42103689
  3.01425351  2.95552722  0.31893087  1.42777328  1.92338339  3.19711974
  2.67634793  2.94589343  3.01673329  1.80253548 -0.18423245 -0.01700272
  1.59185471  2.85395482  3.04068687  2.02653662  1.65395051 -0.19694248
  4.6306726   2.59350788  3.15425321  3.1424528   0.0665297  -0.50765281
 -0.12644814  3.23271253  0.35145434  0.66857452  1.44196597  1.61776892
 -0.06722501  1.64936018  2.40152148  0.16731115  3.14569605  2.83101028
  1.91939878  0.77047644  0.69381634  2.80282551]
Device (GPU) time: 1.1634 seconds
Iters. done: 622 [Current cost: -21.177317333374212]
Current parameters: [ 2.99547896  1.5263194   3.17580261  3.08012989  3.27380969  2.72314129
  0.14059621  2.61766342  1.80534611  2.70068118 -0.4266856   1.57887297
  0.63948201  0.60560472  1.62756786  1.7167452   2.91543827  0.0392511
  3.41059335  3.02439073  3.1513443   1.91070814  2.66132503  0.42070584
  3.0144925   2.95539188  0.31935302  1.42761486  1.92303642  3.19728861
  2.67613956  2.94569113  3.01684986  1.80222423 -0.18443953 -0.01690464
  1.59170471  2.85383833  3.04050985  2.02625619  1.6544265  -0.19713677
  4.63043577  2.5934986   3.1540272   3.14252994  0.06686725 -0.5077164
 -0.12615573  3.23278858  0.35127669  0.66864     1.44214453  1.6179406
 -0.06697334  1.64910489  2.40145518  0.16662087  3.14572371  2.83061601
  1.91856445  0.77027784  0.69387164  2.80257558]
Device (GPU) time: 1.0725 seconds
Iters. done: 623 [Current cost: -21.203478672674304]
Current parameters: [ 2.99555103  1.52625596  3.175917    3.07977975  3.27383496  2.7233298
  0.14056941  2.61786684  1.80529539  2.69996788 -0.42660508  1.57879831
  0.63919862  0.60546166  1.62745928  1.71658249  2.91558251  0.03999278
  3.41079921  3.02438355  3.15144676  1.91105543  2.66124593  0.42106801
  3.01436043  2.95525469  0.3190688   1.42768137  1.92324718  3.19701666
  2.67640381  2.94602759  3.01671895  1.8027685  -0.18409454 -0.01705665
  1.59171608  2.85384625  3.04083012  2.0266319   1.65391767 -0.196756
  4.63052043  2.59354376  3.15399906  3.14251952  0.06665065 -0.50767019
 -0.12648844  3.23258297  0.35131833  0.66866566  1.44196458  1.6181089
 -0.06718329  1.64933355  2.40149208  0.16702341  3.1458876   2.83135387
  1.91911079  0.77028692  0.69366294  2.80273763]
Device (GPU) time: 1.3057 seconds
Iters. done: 624 [Current cost: -21.169436555427133]
Current parameters: [ 2.99580411  1.52618639  3.17541632  3.0800028   3.2739965   2.72333898
  0.14040502  2.61751195  1.80518738  2.69965945 -0.42648509  1.57864559
  0.63897458  0.60532154  1.62732146  1.71685544  2.91585591  0.03996857
  3.4111763   3.02472927  3.15180256  1.91071473  2.66108057  0.42098146
  3.01426311  2.95583192  0.31905084  1.42752394  1.92357518  3.19707295
  2.67646598  2.94597654  3.01668622  1.80229727 -0.18409725 -0.01724251
  1.5913804   2.85417388  3.04091085  2.02654083  1.65420465 -0.19698122
  4.6307145   2.59338748  3.15390476  3.14239918  0.06641104 -0.5078532
 -0.12581403  3.23254082  0.3507718   0.66871456  1.44233506  1.61748781
 -0.06705771  1.64952215  2.40155315  0.16704484  3.14596066  2.8308541
  1.91938951  0.77000427  0.69357171  2.80214119]
Device (GPU) time: 1.2475 seconds
Iters. done: 625 [Current cost: -21.14363677508561]
Current parameters: [ 2.99575496  1.52621682  3.1756414   3.08015194  3.27379352  2.723462
  0.14065914  2.61780636  1.8054507   2.7001523  -0.42680975  1.57887701
  0.63904158  0.60544186  1.62718035  1.71642916  2.91554973  0.0398137
  3.41069502  3.02443003  3.15148283  1.91094848  2.66140413  0.42098731
  3.01429706  2.95566302  0.31930114  1.42768383  1.92333645  3.19732793
  2.67623986  2.94607615  3.01667575  1.80278762 -0.18427618 -0.01723097
  1.59147531  2.85383706  3.04072953  2.02654764  1.65388898 -0.19695392
  4.63040406  2.59370419  3.15418939  3.14229984  0.06630733 -0.50757593
 -0.1261565   3.23302675  0.35138464  0.66850274  1.44193195  1.61801727
 -0.06719793  1.64948007  2.40132465  0.16703259  3.14584199  2.83114889
  1.91930828  0.77043203  0.69369364  2.80268132]
Device (GPU) time: 1.3136 seconds
Iters. done: 626 [Current cost: -21.17774678707429]
Current parameters: [ 2.99553354  1.52609567  3.17569662  3.07991318  3.27381351  2.72315761
  0.14022571  2.61801152  1.8054372   2.70001295 -0.42660797  1.57888121
  0.63891906  0.6053341   1.62709236  1.71695877  2.91529138  0.03993028
  3.41049882  3.02437066  3.15143433  1.91072832  2.66170209  0.42134862
  3.014582    2.95561054  0.31862295  1.42732595  1.92317635  3.19731822
  2.67609574  2.94563629  3.01714674  1.80220529 -0.18397019 -0.01708625
  1.59171874  2.85380944  3.04027213  2.02671969  1.65372106 -0.19704746
  4.63079161  2.59300215  3.1540759   3.14254778  0.0660983  -0.50811981
 -0.12613227  3.23275229  0.35175508  0.66903989  1.44187216  1.61791242
 -0.06731622  1.64954277  2.40106826  0.16688694  3.1458937   2.83125073
  1.91937418  0.77055613  0.69388969  2.80285971]
Device (GPU) time: 1.1183 seconds
Iters. done: 627 [Current cost: -21.17626123178795]
Current parameters: [ 2.99561067  1.52632006  3.17567692  3.07991877  3.27388725  2.72339202
  0.14040497  2.61783993  1.8052981   2.69995611 -0.42678396  1.57881509
  0.63938648  0.60568327  1.62752829  1.71644256  2.91564976  0.03997599
  3.41058829  3.0243587   3.15155984  1.91104204  2.66122559  0.42095928
  3.01465451  2.95538831  0.31906151  1.42765218  1.92350777  3.19702839
  2.67635503  2.94573204  3.01666125  1.80240457 -0.1841691  -0.01707638
  1.59165824  2.85382188  3.04040527  2.02622018  1.65398386 -0.1970088
  4.63051632  2.59361006  3.15437582  3.14229727  0.06630092 -0.50761227
 -0.12607009  3.23266427  0.35127655  0.66863483  1.44189082  1.61829504
 -0.0671669   1.64931616  2.40150389  0.16714787  3.14571437  2.83109962
  1.91957071  0.77040103  0.69378705  2.80257517]
Device (GPU) time: 1.2159 seconds
Iters. done: 628 [Current cost: -21.19590338441138]
Current parameters: [ 2.99570701  1.52627292  3.1756478   3.07993583  3.27387699  2.72347465
  0.14050928  2.61772898  1.80546652  2.69993747 -0.42670959  1.57880562
  0.63915933  0.60540801  1.62752254  1.71654359  2.91551278  0.03980799
  3.41073353  3.02442753  3.15136747  1.91102306  2.66137584  0.42114136
  3.01443634  2.95541699  0.31920396  1.42775658  1.92325186  3.19705831
  2.67621225  2.94590163  3.01678278  1.80267793 -0.18415789 -0.01695959
  1.59183889  2.85385067  3.04061432  2.02655797  1.653995   -0.19688088
  4.63060176  2.59348529  3.15415731  3.14238446  0.06634424 -0.5076989
 -0.126085    3.23274475  0.35135596  0.66854123  1.4420893   1.61808783
 -0.06719084  1.64933008  2.40141907  0.16712465  3.14585627  2.83094329
  1.91939562  0.770249    0.69383107  2.80264476]
Device (GPU) time: 1.2354 seconds
Iters. done: 629 [Current cost: -21.179369968597594]
Current parameters: [ 2.99580481  1.52629769  3.1756537   3.07988523  3.27405282  2.72350264
  0.14080814  2.61772622  1.80543092  2.69990889 -0.42653422  1.57881802
  0.63935345  0.60562955  1.62756169  1.71661642  2.91564215  0.03971136
  3.41079968  3.02446638  3.15121713  1.91103994  2.66125325  0.42093836
  3.01416059  2.95530061  0.3191523   1.42763417  1.92317744  3.19736219
  2.6760666   2.94591222  3.01671732  1.80246136 -0.18415115 -0.01717241
  1.59180798  2.85378492  3.04064979  2.02650247  1.65401211 -0.19690184
  4.6305803   2.59328844  3.1541872   3.14251599  0.06652216 -0.50766392
 -0.12587904  3.23267948  0.35125455  0.66864635  1.44170267  1.61816262
 -0.06714424  1.64955674  2.4012887   0.16715658  3.14592553  2.83112045
  1.91951453  0.77049197  0.69354344  2.80275096]
Device (GPU) time: 1.0690 seconds
Iters. done: 630 [Current cost: -21.179513336450555]
Current parameters: [ 2.99577356  1.52628764  3.17561672  3.08002173  3.27389357  2.72335001
  0.14057641  2.61782536  1.80540648  2.69989458 -0.42660263  1.57888988
  0.63914077  0.60537186  1.62744236  1.71662074  2.91564765  0.03977919
  3.4105999   3.0244456   3.15135941  1.91101249  2.66128564  0.42100803
  3.01445902  2.95526248  0.31915094  1.42766136  1.9232297   3.19715281
  2.67626224  2.94598135  3.01672196  1.80250925 -0.18419642 -0.01697997
  1.59172337  2.85373704  3.04070802  2.02637707  1.65390992 -0.19693409
  4.63073321  2.59363509  3.15417751  3.14246828  0.06638246 -0.50758717
 -0.12615156  3.23272901  0.35136263  0.66860928  1.44202605  1.61793709
 -0.06715035  1.64944601  2.4014822   0.16700966  3.14582615  2.83106401
  1.91945216  0.77033119  0.69378286  2.80274116]
Device (GPU) time: 1.2729 seconds
Iters. done: 631 [Current cost: -21.20160045403561]
Current parameters: [ 2.99562097  1.52622373  3.17524572  3.07993283  3.2740107   2.72349767
  0.14043531  2.61783734  1.80516057  2.69994062 -0.4268109   1.57877185
  0.63948011  0.60527053  1.62735084  1.71651719  2.91554835  0.03966421
  3.41091287  3.02447853  3.15125945  1.91086471  2.66125164  0.42105111
  3.01441149  2.95520875  0.31903874  1.42764121  1.9229283   3.1970442
  2.6762208   2.94601691  3.01685419  1.802578   -0.18420316 -0.0170371
  1.59168467  2.85399337  3.04054495  2.02650041  1.65389734 -0.19673743
  4.63037592  2.59355598  3.15438215  3.1422458   0.06636649 -0.5075766
 -0.12621491  3.2326902   0.35137648  0.66861487  1.44194217  1.61786746
 -0.06717158  1.64938887  2.4013912   0.166915    3.1457054   2.83118314
  1.91946012  0.770332    0.69374122  2.80262905]
Device (GPU) time: 1.1444 seconds
Iters. done: 632 [Current cost: -21.158355279900256]
Current parameters: [ 2.99571113  1.52622858  3.17567332  3.07988218  3.27390632  2.72358966
  0.14064849  2.61780064  1.80542802  2.7000204  -0.42661778  1.57875686
  0.63925227  0.60548204  1.62745421  1.71658261  2.9155786   0.03975529
  3.41074656  3.02443205  3.15137126  1.91087616  2.66144811  0.42101237
  3.01440529  2.95543862  0.31911634  1.42759141  1.92323556  3.1972128
  2.6763496   2.94600503  3.01689774  1.80256839 -0.18403936 -0.01696415
  1.59164518  2.85375903  3.04071449  2.0263559   1.65398813 -0.19686587
  4.63059014  2.59351097  3.15417646  3.1423739   0.0662999  -0.50751958
 -0.12622502  3.23260852  0.35132822  0.66863767  1.44203327  1.61804627
 -0.06718804  1.64934337  2.40144539  0.16708571  3.14584106  2.83103453
  1.91945424  0.77036365  0.69382578  2.80264799]
Device (GPU) time: 1.0481 seconds
Iters. done: 633 [Current cost: -21.21691960214312]
Current parameters: [ 2.99576474  1.52629851  3.1756023   3.08003723  3.27385242  2.72348642
  0.14044626  2.61768028  1.80534253  2.69990426 -0.42670477  1.57868252
  0.63911125  0.60551417  1.62760727  1.71676801  2.91542074  0.03979049
  3.41073521  3.02445101  3.15142824  1.91082251  2.66138648  0.42130919
  3.0144154   2.95546171  0.31913754  1.42770787  1.92320348  3.1969651
  2.67629196  2.94594252  3.0168572   1.80233071 -0.18426484 -0.01705042
  1.59192155  2.85362606  3.04092194  2.02635998  1.65402078 -0.1968829
  4.63045676  2.59363818  3.15404672  3.14219687  0.06625478 -0.50740965
 -0.12603401  3.23274833  0.35149663  0.66866433  1.44185012  1.61806652
 -0.06720173  1.64933907  2.40164177  0.167072    3.1457726   2.83112397
  1.91926082  0.77052024  0.6933657   2.80275711]
Device (GPU) time: 1.1712 seconds
Iters. done: 634 [Current cost: -21.145000900986748]
Current parameters: [ 2.99573917  1.52635659  3.17572001  3.08004301  3.27376261  2.72352101
  0.14053467  2.6178217   1.80528418  2.69994066 -0.42664137  1.57886363
  0.63921289  0.60548513  1.62739137  1.71654793  2.91547695  0.03981159
  3.41069634  3.02454868  3.15125392  1.91089228  2.66144728  0.42101269
  3.01435843  2.95529744  0.31906736  1.4276587   1.92326578  3.19715723
  2.67628369  2.94595084  3.01677329  1.80246557 -0.18412139 -0.01707723
  1.59172202  2.85391034  3.04071614  2.02660347  1.65399797 -0.19693503
  4.63059536  2.59356168  3.15425734  3.1423911   0.06633801 -0.5076088
 -0.12612935  3.23266525  0.35132764  0.66858269  1.44191468  1.61808899
 -0.06721027  1.64944429  2.40160038  0.16709317  3.14575624  2.83099327
  1.91937056  0.77023513  0.69376401  2.8026864 ]
Device (GPU) time: 1.1616 seconds
Iters. done: 635 [Current cost: -21.151833693379828]
Current parameters: [ 2.99559997  1.52604273  3.17541683  3.08012561  3.27375016  2.72353008
  0.14058608  2.61790642  1.80520937  2.70013893 -0.42667461  1.57901768
  0.63912004  0.60538394  1.62752303  1.71672675  2.91542291  0.03992291
  3.41091966  3.02433195  3.15111815  1.91119712  2.66131543  0.42116763
  3.01442789  2.95561586  0.3191002   1.4276169   1.92329508  3.19721999
  2.67618873  2.9459309   3.01670676  1.80249253 -0.18408223 -0.01691047
  1.59161369  2.85380697  3.04063513  2.02635617  1.65396797 -0.19692776
  4.63063467  2.59357226  3.15400512  3.14261352  0.06646542 -0.50751152
 -0.12614226  3.23243656  0.3513676   0.66836616  1.44208322  1.61824392
 -0.06706768  1.64942386  2.40142639  0.16702577  3.14557186  2.83105895
  1.91952149  0.7703455   0.69361828  2.80267125]
Device (GPU) time: 1.1472 seconds
Iters. done: 636 [Current cost: -21.199672403398747]
Current parameters: [ 2.99574348  1.52622237  3.17571836  3.07994125  3.27392463  2.72338251
  0.14050964  2.61783793  1.80542567  2.70001696 -0.42677761  1.57878441
  0.63915686  0.60555093  1.62750751  1.71664712  2.91562003  0.03981729
  3.41083527  3.02445867  3.15133888  1.91104466  2.66131563  0.42108487
  3.01440832  2.95534338  0.31906774  1.42763938  1.92321014  3.19716651
  2.67617131  2.94600679  3.01682498  1.80245523 -0.1842965  -0.01697745
  1.59158113  2.85395318  3.04084989  2.02651622  1.65392225 -0.19695911
  4.63061007  2.59352603  3.15422327  3.1423644   0.06634314 -0.50753415
 -0.12609332  3.23264652  0.35144205  0.66858307  1.44198141  1.61809896
 -0.06716336  1.64931235  2.40140385  0.16709043  3.14577416  2.83105
  1.9194184   0.77029027  0.6938239   2.80268388]
Device (GPU) time: 1.1400 seconds
Iters. done: 637 [Current cost: -21.17825607626029]
Current parameters: [ 2.99586569  1.52627655  3.17570537  3.07993767  3.27375138  2.72356993
  0.14043482  2.61803958  1.80519954  2.69998468 -0.42672298  1.57888131
  0.63916932  0.60557958  1.62738001  1.7164526   2.91577329  0.03958586
  3.41081835  3.02448294  3.151528    1.91110782  2.66125579  0.42121869
  3.01430741  2.95546551  0.31932857  1.42757905  1.9229788   3.1972355
  2.67638566  2.94618529  3.01660418  1.80224167 -0.18406154 -0.01700525
  1.59190157  2.85368561  3.04057745  2.02666115  1.65402448 -0.19698793
  4.630692    2.59354632  3.15410021  3.14229604  0.06637966 -0.50766836
 -0.12622403  3.2326807   0.35132795  0.66874356  1.44223195  1.61821657
 -0.06715772  1.6493182   2.40134501  0.16707639  3.14569474  2.83107522
  1.9194533   0.77048782  0.69380061  2.80261324]
Device (GPU) time: 1.0507 seconds
Iters. done: 638 [Current cost: -21.18146084843883]
Current parameters: [ 2.99574217  1.52621003  3.17561153  3.07995965  3.27380773  2.72352843
  0.14058574  2.61779488  1.80542373  2.69995736 -0.42679235  1.57887471
  0.63930317  0.60540196  1.62750741  1.71667567  2.91559105  0.0398004
  3.41070186  3.02443447  3.15133144  1.91092791  2.66129435  0.42105698
  3.01438797  2.95536706  0.31906676  1.42770535  1.92328617  3.19711295
  2.67620571  2.94599676  3.01657462  1.80241193 -0.18402316 -0.01695239
  1.59162891  2.85388039  3.04070254  2.02653746  1.65396665 -0.19682079
  4.63054059  2.59357588  3.1540471   3.14237892  0.06634938 -0.50762514
 -0.12611125  3.2327231   0.35140064  0.66864238  1.44197783  1.61805251
 -0.06717044  1.6493937   2.40147709  0.1671307   3.14581661  2.83103888
  1.91933195  0.77048769  0.69387678  2.8026676 ]
Device (GPU) time: 1.2249 seconds
Iters. done: 639 [Current cost: -21.230574040057466]
Current parameters: [ 2.99579186  1.52614464  3.17550451  3.07992932  3.27366429  2.72356846
  0.14088192  2.6179021   1.8054252   2.69985947 -0.42661956  1.57869977
  0.63896231  0.60561515  1.62754283  1.71646775  2.9154762   0.0397465
  3.41069012  3.02433635  3.15124025  1.91106952  2.66131879  0.42106536
  3.01454528  2.9552879   0.31905418  1.42776532  1.92315544  3.19711326
  2.67646916  2.94564815  3.01683082  1.80230052 -0.18427845 -0.01704821
  1.59163848  2.8539893   3.04068201  2.02662167  1.65399713 -0.19687192
  4.63041111  2.59372058  3.15402213  3.14226124  0.06639152 -0.50761178
 -0.12616969  3.23265103  0.35128488  0.6686757   1.4421114   1.61809554
 -0.06706863  1.64948406  2.40130848  0.16684008  3.14603823  2.83108131
  1.91949632  0.77037568  0.69381785  2.80265975]
Device (GPU) time: 1.1463 seconds
Iters. done: 640 [Current cost: -21.206662498477765]
Current parameters: [ 2.99561082  1.52642284  3.17560219  3.08008374  3.273881    2.72351751
  0.14060372  2.61787444  1.80536987  2.69993498 -0.42668165  1.57884378
  0.63916694  0.60544224  1.62732887  1.71669035  2.91556271  0.0397283
  3.41082275  3.0244431   3.15132339  1.91108265  2.66129456  0.42107873
  3.0144979   2.95537761  0.31922129  1.42752077  1.92327993  3.19713683
  2.6763189   2.94589785  3.01672216  1.80254015 -0.18423605 -0.0169096
  1.59173528  2.85388114  3.04070255  2.02651491  1.65402621 -0.19693766
  4.63054465  2.59346129  3.15414785  3.14233393  0.06636051 -0.50756153
 -0.12615581  3.2326216   0.3513576   0.66863403  1.44195155  1.61804986
 -0.06721308  1.64938734  2.40148743  0.16716191  3.14590349  2.83108299
  1.91938039  0.77044929  0.69381217  2.80267335]
Device (GPU) time: 1.2691 seconds
Iters. done: 641 [Current cost: -21.206196690053773]
Current parameters: [ 2.99566455  1.52617145  3.17553533  3.08009509  3.27397946  2.72346722
  0.14073511  2.61779938  1.80501839  2.69991966 -0.42672083  1.578852
  0.63912826  0.60561902  1.62764316  1.71647501  2.91557618  0.03980969
  3.41072884  3.02422006  3.15138713  1.91097205  2.66148141  0.42108649
  3.01431109  2.95524166  0.31919963  1.42749041  1.92345908  3.19708192
  2.6759126   2.94611132  3.01670735  1.80244728 -0.18420695 -0.01715405
  1.59184533  2.85403498  3.04069506  2.02632207  1.65404633 -0.1969174
  4.63063816  2.59340081  3.15405096  3.14233794  0.06609707 -0.50762542
 -0.1264224   3.23272194  0.35131615  0.66862112  1.44216563  1.61803648
 -0.06721     1.64942534  2.40147841  0.16702815  3.14593955  2.83106491
  1.91932181  0.77040074  0.69387499  2.80277871]
Device (GPU) time: 1.0731 seconds
Iters. done: 642 [Current cost: -21.202418829750144]
Current parameters: [ 2.99573718  1.52619437  3.17568011  3.08006627  3.27375879  2.72348138
  0.14062886  2.61780957  1.80538618  2.6999464  -0.42674913  1.57898237
  0.63924556  0.60556959  1.62746825  1.71655786  2.91559395  0.03988308
  3.41079013  3.02445615  3.15128222  1.91098515  2.66133812  0.42105793
  3.01436057  2.95535857  0.31910495  1.42761551  1.92332589  3.19702834
  2.67629366  2.94602362  3.01689505  1.80246043 -0.18418674 -0.01693445
  1.59183418  2.85378917  3.04068939  2.02647873  1.65392306 -0.196966
  4.63048367  2.59347423  3.15418612  3.1423978   0.06645221 -0.50758781
 -0.12612589  3.23274099  0.35134602  0.66862339  1.44205647  1.61790784
 -0.06722292  1.64939015  2.40138074  0.16707361  3.1457824   2.83110124
  1.91942462  0.77039727  0.69377542  2.80257308]
Device (GPU) time: 1.6989 seconds
Iters. done: 643 [Current cost: -21.205857097567286]
Current parameters: [ 2.99566808  1.5261478   3.17566272  3.07982132  3.27384269  2.72345416
  0.14071131  2.6177256   1.80529705  2.69990834 -0.42655661  1.57893142
  0.63942824  0.60557257  1.62737418  1.71671735  2.91543743  0.0397588
  3.41065828  3.02440985  3.1512469   1.91101592  2.66124804  0.42108362
  3.01430718  2.95562536  0.31922065  1.42778488  1.92332819  3.19715767
  2.67629959  2.94612788  3.01683266  1.80261834 -0.18445226 -0.01715048
  1.59184191  2.85403822  3.04050983  2.0265129   1.65402289 -0.19696272
  4.63077981  2.59385667  3.15404067  3.14232553  0.06632437 -0.50761745
 -0.12606572  3.23243036  0.35158656  0.66888191  1.4419784   1.61793777
 -0.06721823  1.64931958  2.40151215  0.16712508  3.14576491  2.83112102
  1.91945339  0.77041586  0.69391182  2.80263861]
Device (GPU) time: 1.1752 seconds
Iters. done: 644 [Current cost: -21.21259964317148]
Current parameters: [ 2.99567563  1.5262648   3.17564703  3.07990798  3.27388585  2.72349837
  0.14055134  2.61782677  1.80530539  2.69994232 -0.42667286  1.57874745
  0.63914341  0.6054368   1.62737228  1.7165862   2.91560869  0.03976305
  3.4106462   3.0243792   3.15133677  1.91111043  2.66138148  0.42106953
  3.01425326  2.95530323  0.31915933  1.42769373  1.92331993  3.19714268
  2.67621278  2.94596034  3.01678354  1.80245524 -0.18416315 -0.01698643
  1.59165785  2.85378151  3.04063801  2.02651857  1.65406012 -0.19695523
  4.63036289  2.59355417  3.15416056  3.14251173  0.06628857 -0.50758909
 -0.12604879  3.23260631  0.35143854  0.66864196  1.44210609  1.61797591
 -0.06716519  1.64932993  2.40149047  0.16708899  3.1457627   2.83111112
  1.91939697  0.77034183  0.69374057  2.80266292]
Device (GPU) time: 1.1672 seconds
Iters. done: 645 [Current cost: -21.208046134815238]
Current parameters: [ 2.99605313  1.52625275  3.17535834  3.08023662  3.27401483  2.72344123
  0.14063828  2.61764479  1.80545991  2.70004319 -0.42656848  1.57901272
  0.63923015  0.60561793  1.62739305  1.71660281  2.91563501  0.03989055
  3.41096551  3.02447646  3.15158319  1.91095016  2.66141375  0.42107167
  3.0143931   2.95524447  0.31893543  1.42774833  1.92321138  3.19713095
  2.67635856  2.94603157  3.01683296  1.80256469 -0.18431739 -0.01689421
  1.59162596  2.85374232  3.04049527  2.02655415  1.65409986 -0.19694479
  4.63040832  2.59359072  3.15405191  3.14256772  0.06630927 -0.50774622
 -0.1262824   3.23260704  0.35147878  0.66877195  1.44202469  1.61827053
 -0.06714231  1.64934292  2.40159499  0.16717976  3.14584166  2.83103956
  1.91937683  0.77034668  0.69383311  2.8028161 ]
Device (GPU) time: 1.0927 seconds
Iters. done: 646 [Current cost: -21.22161937424945]
Current parameters: [ 2.99569922  1.52630171  3.17552234  3.07996186  3.27381719  2.72347409
  0.14059839  2.61777484  1.80535156  2.69997587 -0.42666219  1.57879525
  0.63918985  0.60551986  1.62758175  1.7165497   2.91559723  0.03978158
  3.41071268  3.02437158  3.15132782  1.91104837  2.6613609   0.42117846
  3.01447259  2.95531834  0.31910531  1.42742146  1.92329845  3.19718792
  2.67628044  2.94611495  3.01682535  1.80255262 -0.18410844 -0.01702775
  1.59164002  2.85381251  3.0406514   2.02655602  1.65398761 -0.19694692
  4.63056431  2.59366842  3.15415113  3.14233139  0.06645269 -0.50774582
 -0.12605422  3.23267579  0.35140791  0.66862467  1.4419565   1.61801681
 -0.06719265  1.64936559  2.40146646  0.16709894  3.14579298  2.83100542
  1.91935658  0.77033997  0.69372963  2.80267837]
Device (GPU) time: 1.1723 seconds
Iters. done: 647 [Current cost: -21.21274636694]
Current parameters: [ 2.99578329  1.52613511  3.175459    3.07998181  3.2737221   2.72355626
  0.14076764  2.61778979  1.80536138  2.69994287 -0.42675682  1.57867545
  0.63925176  0.60530861  1.62752594  1.71675695  2.91560046  0.0397394
  3.41062683  3.02453932  3.15140672  1.91101572  2.66107689  0.42107517
  3.01433847  2.95528065  0.31909711  1.42762461  1.92330814  3.19727548
  2.67630169  2.9460237   3.01689609  1.80250131 -0.18415589 -0.0170659
  1.59177719  2.85385085  3.0404598   2.02655784  1.65364971 -0.19729629
  4.63061059  2.59341115  3.15408808  3.14243591  0.06624473 -0.50743902
 -0.12621726  3.23273394  0.35135098  0.66853116  1.44197727  1.61825458
 -0.06725979  1.64918942  2.40160507  0.16707131  3.1459476   2.83115576
  1.91920583  0.77022999  0.69373752  2.80248032]
Device (GPU) time: 1.1452 seconds
Iters. done: 648 [Current cost: -21.274009180677385]
Current parameters: [ 2.99570384  1.52617352  3.17543814  3.08000096  3.27379843  2.72363372
  0.14080156  2.61781168  1.8053933   2.69988064 -0.42682457  1.57871108
  0.6391799   0.60529848  1.62762661  1.71682049  2.91558957  0.03984676
  3.41060362  3.02465433  3.15147219  1.91112504  2.66111222  0.42104383
  3.01434422  2.95529901  0.31909955  1.4276591   1.92322117  3.19732203
  2.6762728   2.94603373  3.01695338  1.80254588 -0.18412704 -0.01719372
  1.59177946  2.85385415  3.04049351  2.0265508   1.65367514 -0.19730055
  4.63059084  2.59340249  3.15417992  3.14247502  0.06631288 -0.50745841
 -0.12622527  3.23273369  0.35138582  0.66860269  1.44203224  1.61828451
 -0.06728824  1.6492225   2.40173081  0.16693359  3.14590477  2.83109505
  1.91919288  0.77038567  0.69380761  2.80238819]
Device (GPU) time: 1.0689 seconds
Iters. done: 649 [Current cost: -21.23677073796442]
Current parameters: [ 2.99591186  1.52605777  3.17545404  3.07980644  3.2735087   2.72350341
  0.14076039  2.61758511  1.80553012  2.69983201 -0.42673584  1.57861883
  0.63924772  0.60524844  1.62752959  1.71689925  2.91554385  0.03946028
  3.41071179  3.02459925  3.15145222  1.91112357  2.66116251  0.42094946
  3.01441053  2.95531121  0.31912886  1.42744785  1.92357031  3.19727063
  2.67619887  2.94604894  3.01687728  1.80253179 -0.18431125 -0.01701667
  1.59181529  2.85383932  3.04045885  2.02666919  1.65358958 -0.19719181
  4.63051752  2.59334107  3.15410534  3.14243931  0.0662169  -0.50750567
 -0.12632815  3.23277971  0.35104716  0.66857073  1.44197538  1.6183364
 -0.06730064  1.64910727  2.40172821  0.16683609  3.1455769   2.83127649
  1.91935089  0.7703394   0.69380096  2.80267091]
Device (GPU) time: 1.1567 seconds
Iters. done: 650 [Current cost: -21.21654396726356]
Current parameters: [ 2.99582154  1.52611043  3.17544672  3.07994228  3.27378785  2.7235112
  0.14076437  2.61780913  1.80541865  2.69994297 -0.42689988  1.57866328
  0.63931267  0.60535488  1.62743217  1.71672548  2.91562318  0.03976805
  3.41059242  3.0245837   3.15134289  1.91098452  2.66116746  0.42118164
  3.01439182  2.9552623   0.31912075  1.42767042  1.92334975  3.19742954
  2.67628945  2.94602305  3.01683042  1.80245647 -0.18420549 -0.01708776
  1.59179251  2.85380667  3.04044413  2.02651805  1.65363964 -0.19728135
  4.63058404  2.5933465   3.15398967  3.14234487  0.06636965 -0.50749791
 -0.12624635  3.23264599  0.35135717  0.66844035  1.44202741  1.61821061
 -0.06736046  1.64917985  2.40175171  0.16701333  3.14602277  2.83118648
  1.91928148  0.77017781  0.69370821  2.80247886]
Device (GPU) time: 1.1573 seconds
Iters. done: 651 [Current cost: -21.174247596019484]
Current parameters: [ 2.99588546  1.52603863  3.17538506  3.08004071  3.2738107   2.72354794
  0.14076128  2.6177684   1.80526088  2.69986446 -0.42674298  1.57867938
  0.63914536  0.60534939  1.62751269  1.71697857  2.9154124   0.03973352
  3.41030796  3.02450765  3.15132089  1.91098217  2.6609044   0.42074156
  3.01438789  2.95541074  0.31917695  1.42758692  1.92327624  3.19702494
  2.67642156  2.94628961  3.01685632  1.80244054 -0.18415339 -0.01718539
  1.59165679  2.85371384  3.04051062  2.0266312   1.65369498 -0.19724738
  4.63047593  2.59316346  3.15419985  3.14227673  0.06638971 -0.5075532
 -0.12629119  3.23263738  0.351497    0.66843324  1.44205951  1.61838283
 -0.06731401  1.64907786  2.40148755  0.16714967  3.14602651  2.83105923
  1.91931265  0.7701329   0.6937402   2.80261051]
Device (GPU) time: 1.1715 seconds
Iters. done: 652 [Current cost: -21.134865696933844]
Current parameters: [ 2.99574247  1.52614113  3.17547682  3.07999759  3.27361044  2.72353474
  0.14080296  2.61768297  1.80541669  2.69999929 -0.42677946  1.57868164
  0.63928023  0.60528262  1.62756134  1.71662195  2.91557307  0.03970208
  3.41052624  3.02460182  3.15130765  1.91109226  2.66116515  0.42110656
  3.01434313  2.95522867  0.31908305  1.42755922  1.92323776  3.1972489
  2.67631105  2.94605507  3.01685575  1.80249783 -0.18425056 -0.01705298
  1.59176172  2.85379251  3.040422    2.02653187  1.6536924  -0.19719372
  4.63067171  2.59332819  3.15414308  3.14245526  0.06621769 -0.50738181
 -0.12625703  3.23275783  0.3515251   0.66851731  1.44197238  1.61835336
 -0.06715739  1.64918924  2.40162682  0.16710615  3.14597613  2.83129478
  1.91920349  0.77027683  0.69376744  2.80242093]
Device (GPU) time: 1.0744 seconds
Iters. done: 653 [Current cost: -21.206959093455815]
Current parameters: [ 2.99577644  1.52607687  3.17534751  3.08000229  3.27369399  2.72345518
  0.14070372  2.61752027  1.80529371  2.69984712 -0.42663499  1.57857328
  0.63917127  0.6051945   1.62749873  1.71675961  2.91574305  0.03980614
  3.4107862   3.0247431   3.15159706  1.91094675  2.66098267  0.4210532
  3.01426527  2.95550082  0.31901369  1.42749001  1.92342319  3.19721422
  2.67643821  2.94602599  3.01680422  1.80236642 -0.1841948  -0.01718384
  1.59159232  2.85399359  3.04051342  2.02653378  1.65382136 -0.1972293
  4.63076546  2.59324494  3.15399604  3.14247089  0.06623196 -0.50751496
 -0.12607679  3.23269807  0.35118031  0.66859251  1.44213493  1.61805721
 -0.06706969  1.64926981  2.40165445  0.16709162  3.14605139  2.83120187
  1.91918917  0.7701036   0.69363651  2.80211977]
Device (GPU) time: 1.6654 seconds
Iters. done: 654 [Current cost: -21.186289178705525]
Current parameters: [ 2.99577491  1.52615986  3.17538385  3.08001287  3.27376134  2.72353168
  0.14073777  2.61770549  1.80530199  2.69995632 -0.42665992  1.57866248
  0.63918959  0.60535149  1.62753508  1.7167883   2.91558189  0.03973567
  3.41057767  3.02450139  3.1513781   1.91098517  2.66120256  0.42108046
  3.01442561  2.95523967  0.31901921  1.42770962  1.92331327  3.19736229
  2.67632457  2.94608433  3.01674344  1.80252385 -0.18418595 -0.01704637
  1.59183246  2.85383522  3.04051257  2.02659243  1.65360325 -0.19729062
  4.63060072  2.59342151  3.15413675  3.14246718  0.06626561 -0.50735965
 -0.12616567  3.23268899  0.35126798  0.66856489  1.4419922   1.61827989
 -0.0674123   1.64910965  2.40145278  0.16706967  3.14591905  2.8312133
  1.91914967  0.77026415  0.69377666  2.80232667]
Device (GPU) time: 1.2055 seconds
Iters. done: 655 [Current cost: -21.218582263991802]
Current parameters: [ 2.99574187  1.52591475  3.1756222   3.08004679  3.27366106  2.72367009
  0.14079517  2.61785876  1.80525547  2.6998745  -0.42676169  1.57862642
  0.63930348  0.60530603  1.62764398  1.71694941  2.91546871  0.03979757
  3.41067314  3.02451483  3.15162604  1.91100652  2.66102406  0.42116841
  3.01452643  2.95513309  0.31902529  1.42769045  1.92341778  3.19766016
  2.67641001  2.94612539  3.0168456   1.80256675 -0.1842081  -0.01702821
  1.59188332  2.85386141  3.04029138  2.026658    1.65374847 -0.19722999
  4.63053613  2.59335173  3.15427681  3.14241575  0.06627681 -0.50724587
 -0.12619404  3.23282881  0.35136096  0.66851122  1.44205167  1.61802774
 -0.06687963  1.64923387  2.40155558  0.16723705  3.14595545  2.83109011
  1.91918779  0.77022813  0.69374112  2.80268043]
Device (GPU) time: 1.1621 seconds
Iters. done: 656 [Current cost: -21.216877175647177]
Current parameters: [ 2.99585428  1.52610753  3.17558467  3.07994351  3.27383536  2.72369795
  0.14082408  2.61779204  1.80536431  2.70000536 -0.42684621  1.57876765
  0.6391486   0.60523551  1.62758194  1.71673888  2.91553615  0.03971352
  3.41062983  3.02453016  3.15136553  1.91105884  2.66103695  0.42107995
  3.01441141  2.95527065  0.31906758  1.42757585  1.92324699  3.19726543
  2.67632187  2.94600741  3.0168327   1.80245833 -0.18426909 -0.01711343
  1.59175515  2.85380083  3.04040375  2.02651581  1.65360982 -0.19725033
  4.63059148  2.5934231   3.15407504  3.14247667  0.06614572 -0.50754344
 -0.12627546  3.23270551  0.35127571  0.66858582  1.44189185  1.61815244
 -0.06729296  1.64916023  2.40161215  0.16715262  3.14588727  2.83114281
  1.9191667   0.77016058  0.69367506  2.8023948 ]
Device (GPU) time: 1.0531 seconds
Iters. done: 657 [Current cost: -21.19747434153321]
Current parameters: [ 2.99549846  1.52602222  3.17551981  3.08000529  3.27398434  2.72369541
  0.14082127  2.617512    1.80539409  2.70016419 -0.42665686  1.57870306
  0.63924238  0.60539268  1.62736447  1.71669976  2.91566966  0.03965304
  3.41070052  3.02429882  3.15140684  1.91114599  2.66093521  0.42100252
  3.01437848  2.95527773  0.318968    1.42763187  1.92332581  3.1971964
  2.67634482  2.94603054  3.01695403  1.80236623 -0.18402616 -0.01700182
  1.59182127  2.8538004   3.04043355  2.02674044  1.65342554 -0.1972869
  4.63070853  2.59344191  3.15405887  3.1423074   0.06626409 -0.50729249
 -0.12606008  3.23292249  0.35137381  0.6686065   1.4421704   1.61832907
 -0.06734174  1.64944646  2.4018418   0.16704552  3.14590606  2.83116013
  1.91917487  0.7701489   0.69377749  2.80260116]
Device (GPU) time: 1.6640 seconds
Iters. done: 658 [Current cost: -21.197010538246463]
Current parameters: [ 2.9957528   1.52616903  3.17548703  3.08002472  3.2736327   2.72357497
  0.14072519  2.61777916  1.80538032  2.69994157 -0.4268538   1.57859222
  0.63923371  0.60526366  1.62751196  1.71690495  2.91565976  0.03972299
  3.41067817  3.02438854  3.15141473  1.91100512  2.66108407  0.42095236
  3.01431462  2.9552449   0.31906592  1.42766026  1.92331064  3.1973595
  2.67628327  2.94608739  3.0169737   1.80247091 -0.18419396 -0.01704679
  1.59188099  2.85382901  3.04047147  2.02650756  1.65372835 -0.19722797
  4.63061477  2.59350802  3.15409921  3.14243092  0.06623543 -0.50756817
 -0.12626486  3.23275595  0.35138698  0.66850635  1.4419602   1.61834564
 -0.06728207  1.64932165  2.4015901   0.16709773  3.14598089  2.83120739
  1.91925736  0.77015989  0.69373294  2.8023427 ]
Device (GPU) time: 1.1768 seconds
Iters. done: 659 [Current cost: -21.19093576950384]
Current parameters: [ 2.99567268  1.52608268  3.17533726  3.07993073  3.27366512  2.72352808
  0.14088766  2.61807296  1.80541726  2.69986232 -0.4268506   1.57852364
  0.63935872  0.60523627  1.62748962  1.7166036   2.91543996  0.03990963
  3.41069525  3.02454704  3.15157781  1.9111386   2.66114846  0.42084579
  3.01413534  2.95528944  0.31887774  1.42747563  1.92323976  3.19725073
  2.67646743  2.94608543  3.01685042  1.80243956 -0.18435058 -0.01696564
  1.59184115  2.85381494  3.04040602  2.02649173  1.65375382 -0.19717822
  4.63079526  2.59343938  3.1539645   3.14253032  0.06619473 -0.50737588
 -0.12597611  3.23285093  0.3512852   0.66844176  1.44199933  1.61824802
 -0.06755003  1.64905106  2.40156797  0.16708233  3.14595119  2.83101408
  1.91907668  0.7702633   0.69372823  2.80269359]
Device (GPU) time: 1.1696 seconds
Iters. done: 660 [Current cost: -21.233904259758283]
Current parameters: [ 2.99562402  1.52600029  3.17547356  3.08004868  3.27376145  2.72351293
  0.14070405  2.61786021  1.80546727  2.69989475 -0.42680894  1.578684
  0.63915199  0.60527346  1.62745836  1.71674569  2.91555062  0.03960372
  3.41062673  3.0245636   3.15142619  1.91090153  2.66111145  0.42113019
  3.01433208  2.95522036  0.31896057  1.42761799  1.92337456  3.19724594
  2.6763052   2.94599305  3.01692266  1.80251281 -0.18411469 -0.01717583
  1.59177739  2.85380364  3.04041256  2.02658078  1.65368787 -0.19739688
  4.6306858   2.59335045  3.15404371  3.14244812  0.06625021 -0.50750962
 -0.12623007  3.23268732  0.35140378  0.66861255  1.44193212  1.61827973
 -0.06725856  1.64920279  2.40150069  0.16706389  3.14591343  2.83116959
  1.91923018  0.77027903  0.6937339   2.80249649]
Device (GPU) time: 1.1215 seconds
Iters. done: 661 [Current cost: -21.202449710980208]
Current parameters: [ 2.99589647  1.52620462  3.17546779  3.07984698  3.27364734  2.723408
  0.14064398  2.61784546  1.80524853  2.70006006 -0.42659581  1.57870023
  0.63923896  0.60527222  1.62740483  1.71695638  2.91552647  0.04000604
  3.41048924  3.0244644   3.15146037  1.9110207   2.66119728  0.42116923
  3.01442987  2.95552811  0.31899379  1.4274581   1.9231956   3.1974151
  2.67620231  2.94582557  3.01708939  1.80233334 -0.18404821 -0.01696479
  1.59178115  2.8539331   3.04027529  2.02663208  1.65345037 -0.19726179
  4.63062419  2.59319582  3.1540882   3.14251005  0.06608896 -0.50763928
 -0.12622121  3.23286759  0.35150481  0.66867337  1.44191767  1.61815536
 -0.06732513  1.64924364  2.40148999  0.16695706  3.14603481  2.83126239
  1.91914294  0.77032272  0.6937952   2.80258825]
Device (GPU) time: 1.1712 seconds
Iters. done: 662 [Current cost: -21.19661949155121]
Current parameters: [ 2.99580191  1.52618023  3.17549261  3.07997056  3.27376883  2.7234701
  0.14085243  2.61776621  1.80535383  2.69991908 -0.42683955  1.57875122
  0.63933111  0.60513337  1.62754475  1.71674379  2.91571755  0.03968437
  3.41056053  3.0244624   3.15143116  1.9110538   2.66121757  0.42108721
  3.01438798  2.95534715  0.31905708  1.42766699  1.92334286  3.19724517
  2.67637115  2.94605133  3.01697049  1.80244036 -0.18417624 -0.01707664
  1.59177213  2.85396564  3.04045415  2.02664463  1.65364673 -0.1973112
  4.63061722  2.59340689  3.15413563  3.14245818  0.06627069 -0.50737798
 -0.12627639  3.23268824  0.35132782  0.66853687  1.4420169   1.61830445
 -0.06726481  1.64921396  2.40155826  0.16711475  3.14596217  2.831052
  1.91920676  0.77029738  0.69356239  2.80250396]
Device (GPU) time: 1.1620 seconds
Iters. done: 663 [Current cost: -21.28805517350781]
Current parameters: [ 2.99587021  1.52600623  3.17537092  3.08000684  3.27380149  2.72330235
  0.14094882  2.61775994  1.80517819  2.69995897 -0.42684873  1.57871187
  0.63953884  0.60486309  1.62754548  1.71662198  2.9157628   0.03977726
  3.41053212  3.02445683  3.15133524  1.91117532  2.66110397  0.42120859
  3.01430472  2.95537964  0.31910482  1.42762616  1.92346294  3.19739508
  2.6764909   2.9458007   3.0170354   1.80245983 -0.18419495 -0.0171531
  1.59188615  2.85370871  3.04086112  2.02665038  1.65369043 -0.19735107
  4.63051116  2.59339515  3.15417824  3.14235307  0.06623397 -0.5074437
 -0.12631173  3.23270324  0.35129607  0.66876733  1.44195312  1.61841316
 -0.06724165  1.64927258  2.40149801  0.16723663  3.14584392  2.83091905
  1.91913221  0.7702136   0.69384927  2.80252638]
Device (GPU) time: 1.1234 seconds
Iters. done: 664 [Current cost: -21.17973003012495]
Current parameters: [ 2.99588402  1.52616788  3.17558903  3.08003774  3.27368526  2.72342082
  0.14079487  2.61777264  1.80541834  2.70002478 -0.42675208  1.57870046
  0.63937392  0.60502834  1.62762595  1.71678763  2.91574108  0.03973883
  3.41068036  3.02441091  3.15138857  1.9111152   2.66126009  0.42102574
  3.01436563  2.95528456  0.31903763  1.42761588  1.92330565  3.1972037
  2.67636021  2.94601284  3.01685721  1.80250241 -0.18414798 -0.01722381
  1.59176881  2.85394431  3.04036661  2.02663933  1.65366079 -0.19737885
  4.63057432  2.59338896  3.15411469  3.14233105  0.06625267 -0.50729334
 -0.12627468  3.23263322  0.35138325  0.66860012  1.44207879  1.6182458
 -0.06735536  1.64922497  2.40155982  0.16707669  3.14600033  2.83100268
  1.91927102  0.77030395  0.69353702  2.80250834]
Device (GPU) time: 1.1876 seconds
Iters. done: 665 [Current cost: -21.233668772070317]
Current parameters: [ 2.99587931  1.52614026  3.17543865  3.08004433  3.27389859  2.72333065
  0.1407331   2.61799451  1.80560894  2.69992747 -0.42666     1.57872799
  0.63938883  0.60511902  1.62759901  1.71664229  2.91569489  0.03972058
  3.41061154  3.02443112  3.15114971  1.91124802  2.66117626  0.42104287
  3.01451469  2.95538463  0.31913919  1.427918    1.92341874  3.19725162
  2.67645744  2.94633639  3.01715902  1.80234196 -0.1840199  -0.01708652
  1.5917477   2.85403926  3.04039966  2.02661519  1.65380591 -0.19735889
  4.63062763  2.59336908  3.15415941  3.14235012  0.06603014 -0.50745189
 -0.126236    3.23270243  0.35108398  0.66845364  1.4419629   1.61827921
 -0.06714914  1.64921234  2.40164375  0.16711158  3.14596707  2.83123946
  1.91891931  0.77043023  0.69358196  2.80250784]
Device (GPU) time: 1.2008 seconds
Iters. done: 666 [Current cost: -21.13691484280912]
Current parameters: [ 2.99580358  1.5261702   3.17554512  3.07996138  3.27379817  2.72343977
  0.14084644  2.61779999  1.80529798  2.69990736 -0.42687687  1.57872347
  0.63933933  0.60515588  1.62755868  1.71670374  2.91583019  0.03962992
  3.41058652  3.02455488  3.15132134  1.91101089  2.66117988  0.42101423
  3.01456021  2.95546238  0.31895108  1.42759236  1.92333088  3.19725105
  2.67639012  2.9461037   3.01692497  1.80251965 -0.18415154 -0.01711713
  1.59191676  2.85398125  3.04049676  2.02665162  1.65366595 -0.19733084
  4.63049115  2.59344247  3.15406337  3.14261049  0.06617522 -0.5073686
 -0.12620353  3.23272439  0.35139573  0.66853414  1.44204163  1.61833484
 -0.06723544  1.64920366  2.40158424  0.16704811  3.14603082  2.83104477
  1.9192384   0.77027314  0.69357151  2.80254524]
Device (GPU) time: 1.1561 seconds
Iters. done: 667 [Current cost: -21.225342410705444]
Current parameters: [ 2.99601286  1.52616363  3.17541977  3.08005372  3.27379315  2.72365965
  0.14097981  2.61772074  1.80555297  2.70001857 -0.4268953   1.57876618
  0.63938662  0.60510594  1.62732029  1.71663421  2.91570936  0.03978516
  3.41049825  3.02426916  3.1516671   1.91107614  2.66112821  0.42102119
  3.01444105  2.95534238  0.31902704  1.42752514  1.92339884  3.19718251
  2.67620622  2.94595589  3.01691893  1.80241064 -0.18398649 -0.01711972
  1.59205078  2.8540406   3.04063189  2.02677625  1.65375197 -0.19731517
  4.63075309  2.5934813   3.15431931  3.1424681   0.06626684 -0.50736177
 -0.12622082  3.23238401  0.35143747  0.66840117  1.44193182  1.61820454
 -0.06709385  1.64898024  2.40151828  0.16690459  3.14595641  2.83114922
  1.91912101  0.77029043  0.69351604  2.80247528]
Device (GPU) time: 1.0803 seconds
Iters. done: 668 [Current cost: -21.208147019469948]
Current parameters: [ 2.99582     1.52605558  3.17544742  3.07988434  3.27375712  2.72342415
  0.14095676  2.61777717  1.80535335  2.69981481 -0.42687265  1.57878797
  0.63921807  0.60515013  1.62752285  1.71679874  2.91577325  0.03974179
  3.4106547   3.02447883  3.15140238  1.91109022  2.66126088  0.42117311
  3.01434244  2.95535151  0.31907174  1.42766663  1.92334389  3.19719791
  2.67645053  2.94606084  3.0168784   1.802484   -0.18404855 -0.01704885
  1.5917861   2.85398247  3.04046407  2.02665798  1.65364252 -0.1972993
  4.63064893  2.59344955  3.15433372  3.14243971  0.0661587  -0.50740037
 -0.12626817  3.23270553  0.35136538  0.6685373   1.44197882  1.61831452
 -0.06736161  1.649225    2.40161946  0.16719384  3.14601697  2.83114845
  1.91930549  0.7702772   0.69352374  2.80254224]
Device (GPU) time: 1.1621 seconds
Iters. done: 669 [Current cost: -21.180403418167426]
Current parameters: [ 2.99568291  1.52604841  3.17552298  3.07992643  3.27372346  2.7232117
  0.14101508  2.61769797  1.80531715  2.70021589 -0.4268528   1.5788433
  0.63934456  0.6052512   1.62760385  1.71690492  2.91574084  0.03940865
  3.41059787  3.02447158  3.15141566  1.91092643  2.66124067  0.42099231
  3.01434344  2.95536613  0.31922809  1.4276596   1.9232223   3.19725915
  2.67640647  2.94585543  3.01689216  1.80233657 -0.18413927 -0.01693413
  1.5917757   2.85403908  3.04034454  2.02647573  1.65391579 -0.1974405
  4.63057363  2.59346437  3.15432745  3.14251781  0.06645162 -0.50745883
 -0.12629369  3.23281059  0.35133328  0.66853913  1.44202249  1.61825922
 -0.06727892  1.64903401  2.40163397  0.16695564  3.14597691  2.83089398
  1.91885974  0.77024832  0.6935495   2.80250005]
Device (GPU) time: 1.1434 seconds
Iters. done: 670 [Current cost: -21.16417362303085]
Current parameters: [ 2.99569888  1.52619149  3.17545816  3.08010571  3.27374034  2.72342531
  0.14093752  2.61782921  1.80542784  2.69985978 -0.42681391  1.57872396
  0.63940399  0.60525726  1.62751843  1.71679639  2.91579118  0.03969684
  3.4105129   3.02443688  3.15141851  1.9111218   2.6612489   0.42107658
  3.01440456  2.95536181  0.3190812   1.4277046   1.92329519  3.19727104
  2.67635082  2.94603436  3.01693536  1.80245737 -0.18412058 -0.01709282
  1.5917566   2.85396955  3.04047289  2.02668142  1.65360506 -0.19719729
  4.63062485  2.59334774  3.15406732  3.14244053  0.06618759 -0.50738299
 -0.1263358   3.23276392  0.35135029  0.66865352  1.44197842  1.61826467
 -0.06721991  1.64908074  2.40157003  0.16710397  3.14584819  2.83097903
  1.91925814  0.77016029  0.69345127  2.80244388]
Device (GPU) time: 1.0585 seconds
Iters. done: 671 [Current cost: -21.238967661580183]
Current parameters: [ 2.99566758  1.52592305  3.17545396  3.07984071  3.27365726  2.72343471
  0.14062864  2.61767739  1.80532268  2.69990864 -0.4266688   1.57888201
  0.63921879  0.60516351  1.62740829  1.71668361  2.91588841  0.03971089
  3.41057827  3.0244002   3.15148796  1.91115827  2.66125111  0.4210607
  3.01432766  2.9552734   0.31911944  1.42765694  1.92331249  3.19723283
  2.6763608   2.94614002  3.01703127  1.80235884 -0.1842683  -0.0171186
  1.59184188  2.85390191  3.04042189  2.02670269  1.65352002 -0.1971888
  4.63050636  2.59343473  3.15406171  3.14249747  0.0662283  -0.50727639
 -0.12637074  3.2326105   0.3512789   0.66834871  1.44161629  1.61827096
 -0.06718871  1.64911965  2.40165498  0.16708932  3.14619876  2.83063674
  1.91925601  0.77048004  0.69365854  2.80238333]
Device (GPU) time: 1.1760 seconds
Iters. done: 672 [Current cost: -21.154906049021605]
Current parameters: [ 2.99586865  1.52609658  3.17548912  3.07994462  3.27378126  2.72348593
  0.14083606  2.6178296   1.80535728  2.69987436 -0.42682623  1.57871265
  0.63933774  0.6051522   1.62759463  1.71668747  2.91574086  0.03970221
  3.41051355  3.02428081  3.15144682  1.91095016  2.66120681  0.42108354
  3.01441065  2.95534406  0.31913204  1.42765185  1.92329509  3.19723413
  2.67646441  2.94605622  3.01691269  1.80253949 -0.18424578 -0.01697347
  1.59173671  2.85401907  3.04048232  2.02670471  1.65370583 -0.19739936
  4.63063484  2.59325613  3.15410874  3.14251254  0.0662576  -0.50735913
 -0.12625027  3.23269621  0.35139948  0.66853818  1.44193901  1.61829282
 -0.06729779  1.6493508   2.40165787  0.16704009  3.14583906  2.83103391
  1.91921192  0.77032898  0.69355492  2.80241693]
Device (GPU) time: 1.1494 seconds
Iters. done: 673 [Current cost: -21.196942023281284]
Current parameters: [ 2.99578592  1.52610099  3.17545464  3.0798263   3.27398827  2.72337995
  0.14087781  2.61773942  1.80553073  2.69986437 -0.42671325  1.5786884
  0.63943439  0.60522081  1.62751159  1.71681172  2.91559071  0.03977864
  3.41043184  3.02475736  3.15151978  1.91116305  2.66126007  0.42105141
  3.01439894  2.95531977  0.31907841  1.42744379  1.92328694  3.19721047
  2.67626789  2.94601199  3.0169038   1.80236026 -0.18410597 -0.01696689
  1.59189146  2.85403964  3.04041764  2.02673272  1.65378481 -0.19748459
  4.63048347  2.59363223  3.1539898   3.14239813  0.06622847 -0.50723988
 -0.12657262  3.23274646  0.35138757  0.66833016  1.44204061  1.61829066
 -0.06729905  1.64951646  2.40137513  0.1672693   3.14579151  2.83101138
  1.91919203  0.77024317  0.69351199  2.8023459 ]
Device (GPU) time: 1.1220 seconds
Iters. done: 674 [Current cost: -21.225921868259608]
Current parameters: [ 2.99572257  1.52607073  3.17554608  3.08013971  3.27380723  2.72348786
  0.14082397  2.61782114  1.80541744  2.69988859 -0.42675485  1.57871401
  0.63935236  0.60508694  1.62766966  1.7167008   2.91578068  0.03968431
  3.41050566  3.02451909  3.15147172  1.91097052  2.66125338  0.42106539
  3.01431427  2.95541816  0.31913554  1.42759972  1.92332172  3.19726965
  2.67634738  2.94602427  3.01693925  1.80240768 -0.18424459 -0.01697083
  1.59179941  2.85400363  3.04043812  2.02666782  1.65349551 -0.19725408
  4.63053615  2.59347493  3.15420816  3.14243735  0.06626768 -0.50747045
 -0.12623784  3.23254716  0.35130809  0.66853791  1.44205218  1.61834269
 -0.06727524  1.64923722  2.40158549  0.1671247   3.14599775  2.83110888
  1.91917302  0.77028909  0.69355377  2.80253801]
Device (GPU) time: 1.1493 seconds
Iters. done: 675 [Current cost: -21.182133585591536]
Current parameters: [ 2.99581648  1.52616336  3.17573537  3.08014697  3.2738128   2.72346053
  0.14105748  2.61773629  1.80526338  2.70000489 -0.42662933  1.57847701
  0.63949233  0.60504964  1.62736098  1.7167864   2.91557679  0.03969147
  3.41052853  3.02442277  3.15144523  1.91104905  2.66112002  0.42137674
  3.01438586  2.95525674  0.31894174  1.42768963  1.92324005  3.19710823
  2.67636287  2.94614406  3.01696124  1.80243286 -0.18419529 -0.01706718
  1.59171735  2.85409978  3.0405521   2.02654159  1.65362726 -0.19741047
  4.6305875   2.59347525  3.15416053  3.14258379  0.06631482 -0.50762582
 -0.12629208  3.23288203  0.35122552  0.66834857  1.44208789  1.61835263
 -0.06726204  1.6490412   2.40162809  0.16714737  3.14594615  2.83097768
  1.91948571  0.77058311  0.69358273  2.80241046]
Device (GPU) time: 1.1551 seconds
Iters. done: 676 [Current cost: -21.171289697202766]
Current parameters: [ 2.99576407  1.52623683  3.17546856  3.07998148  3.2738188   2.72346131
  0.14086382  2.61784626  1.80538006  2.70001006 -0.42683924  1.57873692
  0.63934508  0.60507121  1.62763932  1.71673262  2.91562699  0.03966642
  3.41055039  3.02445122  3.15148894  1.9110741   2.66124646  0.42115622
  3.01434137  2.95545368  0.31903477  1.42769228  1.92339853  3.19718521
  2.67632947  2.94615679  3.01691849  1.80236241 -0.18417987 -0.01701147
  1.59178317  2.85392202  3.04044429  2.02671633  1.65370968 -0.19735914
  4.63058642  2.59342037  3.15417132  3.14250847  0.06633469 -0.50729805
 -0.12631918  3.23274316  0.35127551  0.66863784  1.44187632  1.61828366
 -0.06724767  1.64922265  2.40159025  0.16701722  3.14608164  2.83109315
  1.91934796  0.77016493  0.69363048  2.80248335]
Device (GPU) time: 1.1464 seconds
Iters. done: 677 [Current cost: -21.228036398231772]
Current parameters: [ 2.99583367  1.5260789   3.17541947  3.07999503  3.27384932  2.72351698
  0.14087269  2.61786224  1.80523332  2.70010444 -0.42681703  1.57878142
  0.63929942  0.60502516  1.6276522   1.71680706  2.91579319  0.03966073
  3.41058437  3.02453669  3.15158706  1.91102528  2.66148214  0.42092765
  3.01454629  2.95518191  0.31938173  1.42767768  1.92335392  3.19715101
  2.67647116  2.94594491  3.01715263  1.80235004 -0.18408929 -0.01728088
  1.59180903  2.85411072  3.04048985  2.02672327  1.65363476 -0.19725356
  4.63066566  2.59344181  3.15387621  3.14255506  0.06642178 -0.50733729
 -0.12609402  3.23283236  0.35139152  0.6684471   1.44191651  1.61826672
 -0.06728315  1.64906456  2.40159358  0.16735019  3.14586377  2.83132275
  1.9193748   0.77027308  0.69370694  2.80251251]
Device (GPU) time: 1.0485 seconds
Iters. done: 678 [Current cost: -21.200249243269234]
Current parameters: [ 2.99582386  1.52613274  3.17554986  3.08004598  3.27375994  2.72345521
  0.14084609  2.6177122   1.80533053  2.69971754 -0.42681036  1.57871466
  0.6393284   0.60510775  1.62756288  1.71664474  2.91572168  0.03966635
  3.41062595  3.02438185  3.15140651  1.91104036  2.66117296  0.42105659
  3.01447026  2.95546454  0.31904135  1.42766656  1.92327369  3.19730073
  2.67622647  2.94598455  3.01702998  1.80237835 -0.18414921 -0.01709131
  1.59169075  2.85389299  3.0404048   2.02670684  1.65373966 -0.1973188
  4.63063885  2.59345258  3.1541575   3.14249974  0.06636323 -0.50730123
 -0.12635423  3.23272873  0.35135041  0.66851192  1.441996    1.61826316
 -0.06738158  1.64913247  2.40160583  0.16720096  3.14596711  2.83110423
  1.91918435  0.77030224  0.69360395  2.80249877]
Device (GPU) time: 1.1531 seconds
Iters. done: 679 [Current cost: -21.2137566791549]
Current parameters: [ 2.9957838   1.52609169  3.17557846  3.08011849  3.27371386  2.72356549
  0.14083641  2.61764697  1.8053081   2.7000989  -0.42691222  1.57875543
  0.63929431  0.60511795  1.62754565  1.71680774  2.91595851  0.03982633
  3.41032008  3.02465626  3.15140634  1.91101006  2.66093813  0.42128756
  3.01441759  2.95522201  0.31914792  1.42766113  1.92336906  3.19725202
  2.6763467   2.94606947  3.01715392  1.80251598 -0.18417494 -0.01701004
  1.59168726  2.85402941  3.04034383  2.02673737  1.65400648 -0.1970933
  4.63068391  2.59341855  3.15408484  3.14247644  0.06615252 -0.50723099
 -0.12624259  3.23263124  0.35116893  0.66857374  1.44195006  1.61836366
 -0.0675915   1.64925036  2.40139626  0.16694177  3.14595217  2.83106149
  1.9192743   0.77028879  0.69352008  2.80263731]
Device (GPU) time: 1.1857 seconds
Iters. done: 680 [Current cost: -21.21162271015814]
Current parameters: [ 2.99582344  1.52617871  3.17547443  3.07999304  3.27378096  2.7234638
  0.14078551  2.61769915  1.80533362  2.6999012  -0.42683538  1.57867144
  0.63928485  0.60514173  1.62761692  1.71682407  2.91563866  0.03968535
  3.41056211  3.02446728  3.15148753  1.91097071  2.66123623  0.42120112
  3.0144012   2.95541593  0.31906547  1.42771365  1.92330073  3.19716312
  2.67639007  2.94602645  3.01700654  1.80236238 -0.18422585 -0.0171099
  1.59189445  2.85384927  3.04055792  2.02657275  1.65367299 -0.19727813
  4.63058378  2.59344507  3.1540795   3.1423591   0.06621988 -0.50728752
 -0.12623637  3.23273223  0.35137611  0.66854774  1.44194721  1.61832082
 -0.06726471  1.64919911  2.40164048  0.16709495  3.14593781  2.83108716
  1.91914413  0.77037703  0.6933522   2.80255343]
Device (GPU) time: 1.1474 seconds
Iters. done: 681 [Current cost: -21.14046010888958]
Current parameters: [ 2.99586388  1.52662443  3.17536643  3.07979505  3.27360449  2.72364907
  0.140893    2.6177826   1.80531229  2.69984264 -0.42692871  1.57892532
  0.63943636  0.60522946  1.62754347  1.71669599  2.9157372   0.03962424
  3.41059976  3.02447602  3.15146159  1.91104592  2.66108813  0.42107008
  3.01424044  2.95522204  0.31909157  1.42770303  1.92348824  3.19720081
  2.67628259  2.94602293  3.01707576  1.80261952 -0.18408262 -0.01699013
  1.59151606  2.85405745  3.04040303  2.02651882  1.65341093 -0.19746494
  4.63065675  2.59350818  3.15399073  3.1425677   0.06632902 -0.50723456
 -0.1262738   3.23263922  0.35127005  0.66861434  1.44222526  1.61830853
 -0.06710527  1.64922301  2.40132829  0.16720343  3.14599661  2.83092796
  1.91915576  0.77032415  0.693649    2.80261464]
Device (GPU) time: 1.2269 seconds
Iters. done: 682 [Current cost: -21.145360106865933]
Current parameters: [ 2.99565251  1.52622639  3.17552327  3.07989187  3.27386868  2.72350256
  0.14090885  2.61761246  1.80543602  2.69995607 -0.42709799  1.57887965
  0.63926443  0.60496413  1.62743988  1.71681638  2.91563333  0.03965402
  3.41041779  3.02442019  3.15148716  1.91123275  2.66150396  0.42097468
  3.01455417  2.95529536  0.31872927  1.42764124  1.92341519  3.19747561
  2.67647491  2.9461796   3.01696586  1.8022988  -0.18436669 -0.01719657
  1.59175388  2.8539518   3.04034217  2.0266764   1.65368198 -0.19711531
  4.63074575  2.59322442  3.15418236  3.14251147  0.06640317 -0.50751493
 -0.12630835  3.23263612  0.3513231   0.6686538   1.44224691  1.61832069
 -0.06731612  1.64932947  2.4014266   0.16711234  3.14591169  2.83103247
  1.91918618  0.77043707  0.69358022  2.80237414]
Device (GPU) time: 1.0733 seconds
Iters. done: 683 [Current cost: -21.169686609934757]
Current parameters: [ 2.9958345   1.52640123  3.17542934  3.07988392  3.27368574  2.72355899
  0.14087202  2.61777612  1.80533218  2.69988054 -0.42688109  1.57883659
  0.63938435  0.6051832   1.6275453   1.71671913  2.9157283   0.03965473
  3.41058171  3.02446967  3.1514457   1.91104785  2.66114978  0.42107994
  3.01431252  2.95528534  0.31907799  1.42768525  1.92341454  3.19722044
  2.67632581  2.94603571  3.01702304  1.80253131 -0.1841274  -0.01703214
  1.59164464  2.85401158  3.04042992  2.02658153  1.65352874 -0.19739009
  4.63063548  2.59345947  3.15406284  3.1425122   0.06629828 -0.50730491
 -0.12627474  3.23266439  0.35129906  0.66857418  1.44211821  1.6183063
 -0.06718467  1.64921717  2.40144506  0.167159    3.14597992  2.83099036
  1.91918156  0.77030915  0.69360538  2.80256062]
Device (GPU) time: 1.1744 seconds
Iters. done: 684 [Current cost: -21.194072266333723]
Current parameters: [ 2.99578426  1.52618629  3.17548796  3.07999491  3.27374872  2.7234617
  0.14083512  2.61773576  1.80539955  2.69993384 -0.42684587  1.57870751
  0.63939274  0.60516199  1.62754129  1.7167465   2.91565972  0.03967382
  3.41058072  3.0244377   3.15144095  1.91105     2.66118717  0.42113977
  3.01440871  2.95533289  0.31911656  1.42766262  1.92333515  3.19723825
  2.67641557  2.94606311  3.01696175  1.80239147 -0.18417387 -0.01714592
  1.59176069  2.85397863  3.04048603  2.02664249  1.65361844 -0.19730497
  4.63061062  2.59341092  3.15417075  3.14258089  0.06624325 -0.50739627
 -0.12630245  3.23268372  0.35132699  0.66852043  1.44204641  1.61828531
 -0.06730993  1.64923653  2.40154666  0.16712446  3.14598042  2.83103082
  1.91922315  0.77031279  0.69356601  2.80251858]
Device (GPU) time: 1.1684 seconds
Iters. done: 685 [Current cost: -21.095615867770295]
Current parameters: [ 2.99582504  1.52618221  3.17561961  3.08002612  3.273808    2.72348138
  0.14098211  2.61778099  1.80526186  2.69994988 -0.42673464  1.57866736
  0.63935541  0.60506085  1.62744517  1.71676219  2.91570646  0.03969642
  3.41051995  3.02446783  3.15142817  1.91106309  2.66120099  0.42117472
  3.01436335  2.95530232  0.31892906  1.42768145  1.92330656  3.197189
  2.67632399  2.94609045  3.01697599  1.8024947  -0.18418881 -0.01700044
  1.59174259  2.85403165  3.04046468  2.02659013  1.65365376 -0.19736997
  4.63061465  2.59343418  3.15411027  3.14240537  0.06632634 -0.50749333
 -0.12625807  3.23278676  0.35127205  0.66846015  1.44204265  1.61835005
 -0.06721048  1.64910678  2.40159017  0.16712553  3.14593403  2.83102692
  1.91933291  0.77043334  0.69357934  2.80243918]
Device (GPU) time: 1.1444 seconds
Iters. done: 686 [Current cost: -21.147650846463318]
Current parameters: [ 2.99582607  1.52617623  3.17538049  3.08000722  3.27379435  2.72350336
  0.14083243  2.61775667  1.80534525  2.69991477 -0.42687013  1.57875138
  0.63936234  0.60510059  1.62752976  1.71673396  2.91571068  0.03962185
  3.41057021  3.0244805   3.15139766  1.91102574  2.66122457  0.42108686
  3.01439461  2.95534896  0.31905881  1.42766245  1.92330005  3.19725961
  2.67633724  2.94604834  3.01699336  1.80240369 -0.18419568 -0.01706717
  1.59177096  2.85398871  3.04040938  2.02661862  1.65364634 -0.19731673
  4.63060339  2.59340938  3.15419657  3.14241351  0.06621389 -0.50736253
 -0.12621881  3.23271551  0.35134449  0.66852407  1.44202092  1.61826125
 -0.06726581  1.64922367  2.40154156  0.16710266  3.14593424  2.83100548
  1.91927231  0.77030441  0.69358182  2.80248632]
Device (GPU) time: 1.0892 seconds
Iters. done: 687 [Current cost: -21.20621274834661]
Current parameters: [ 2.99571317  1.52616433  3.17541107  3.07987601  3.27383403  2.72342478
  0.14078813  2.61779408  1.80523315  2.6999146  -0.42686534  1.57872931
  0.63943959  0.60504712  1.62750683  1.71670103  2.91571679  0.03969852
  3.41064881  3.02446266  3.15144583  1.91102735  2.66114477  0.42106291
  3.01438388  2.9552708   0.31900378  1.42769636  1.92320519  3.19717325
  2.67638825  2.94606265  3.0169769   1.80255686 -0.18417475 -0.01711498
  1.59177585  2.85401565  3.04041201  2.02667914  1.65359753 -0.19718433
  4.63055095  2.59340365  3.15417132  3.1424257   0.06636665 -0.50738484
 -0.12640878  3.23267011  0.35129561  0.66854602  1.44198412  1.61826834
 -0.06723801  1.64921548  2.40152165  0.16701985  3.14593344  2.83119294
  1.9191468   0.77026651  0.69350341  2.80251751]
Device (GPU) time: 1.1818 seconds
Iters. done: 688 [Current cost: -21.18760440490231]
Current parameters: [ 2.99580246  1.52620132  3.17545663  3.07994448  3.2737734   2.7235029
  0.14082275  2.61777096  1.80535101  2.69992766 -0.42681529  1.5786853
  0.63932489  0.60515365  1.62761204  1.71676726  2.91576973  0.03967656
  3.41055094  3.0244767   3.151376    1.91106943  2.66119976  0.42109619
  3.01438066  2.95532231  0.31899165  1.42768248  1.92335086  3.19720814
  2.67639017  2.94601907  3.01698094  1.80239528 -0.18416819 -0.01703582
  1.59183935  2.85398636  3.0404466   2.02664255  1.65365779 -0.19730908
  4.63066477  2.59337199  3.15414667  3.14248528  0.0663098  -0.50739154
 -0.1263274   3.23263208  0.35134007  0.66854984  1.44202316  1.618261
 -0.06726956  1.64919258  2.40159321  0.1671637   3.14593655  2.83102738
  1.91922289  0.77030486  0.69358421  2.80252916]
Device (GPU) time: 1.1528 seconds
Iters. done: 689 [Current cost: -21.169750469398465]
Current parameters: [ 2.99582072  1.52619094  3.17542747  3.08002624  3.27373835  2.72351471
  0.14085337  2.61777684  1.80538777  2.70007662 -0.42688564  1.57865348
  0.63921659  0.60516826  1.6274837   1.71667038  2.9158135   0.03970009
  3.41051327  3.02448138  3.15143646  1.91105159  2.66122181  0.42103211
  3.01430848  2.95552592  0.31904874  1.42773438  1.92341399  3.19730106
  2.67638712  2.94603946  3.01691037  1.80254562 -0.18424332 -0.01717467
  1.59173892  2.85398517  3.04044525  2.0266707   1.65360925 -0.19733469
  4.63060677  2.59344537  3.15417907  3.14243851  0.06631375 -0.50738123
 -0.12638522  3.23281703  0.35133644  0.6684817   1.44196897  1.61822196
 -0.06726458  1.64925414  2.40152041  0.16717349  3.14592313  2.83107867
  1.9191769   0.77037593  0.69353442  2.8025665 ]
Device (GPU) time: 1.0984 seconds
Iters. done: 690 [Current cost: -21.184708963905976]
Current parameters: [ 2.9957971   1.52618304  3.17548142  3.07995635  3.27382383  2.72346503
  0.14091798  2.61771537  1.80539062  2.69990436 -0.42680425  1.57874373
  0.63936693  0.60514875  1.62758023  1.71676487  2.91570231  0.03969499
  3.4105635   3.02445707  3.15138388  1.91105406  2.6612061   0.42104476
  3.01435207  2.95532552  0.31903846  1.42767582  1.92336948  3.19727558
  2.6763156   2.94600681  3.01697953  1.80247148 -0.18418518 -0.01710864
  1.59177201  2.85397631  3.04045381  2.02662138  1.65364973 -0.19729553
  4.63059667  2.59335196  3.15414356  3.14249604  0.06630345 -0.50738628
 -0.12621131  3.23269139  0.35131249  0.66852582  1.44192813  1.61830674
 -0.06726215  1.64925538  2.40153464  0.16713162  3.14600356  2.83106334
  1.919223    0.77031152  0.69350908  2.80252501]
Device (GPU) time: 1.2155 seconds
Iters. done: 691 [Current cost: -21.13737680562493]
Current parameters: [ 2.99589006  1.52620105  3.17555094  3.07991196  3.27378429  2.72350076
  0.14083562  2.61783697  1.80529399  2.69991665 -0.42681173  1.57877835
  0.63934756  0.60521399  1.62754093  1.71667704  2.91580572  0.03958375
  3.41061471  3.024501    3.1514926   1.9111057   2.66116711  0.42110128
  3.01428826  2.95538819  0.31914774  1.42766396  1.92319687  3.19734942
  2.67636402  2.94610347  3.01688643  1.80233838 -0.1841314  -0.01713393
  1.59188241  2.85388785  3.04040029  2.02671863  1.65367462 -0.19732459
  4.63070318  2.5933322   3.15412255  3.1424372   0.06631825 -0.50741597
 -0.126243    3.23269955  0.35126531  0.66858164  1.44203355  1.61843178
 -0.06723092  1.64924158  2.40145523  0.16711779  3.14593664  2.83106532
  1.91925595  0.77035932  0.6935046   2.80251003]
Device (GPU) time: 1.1621 seconds
Iters. done: 692 [Current cost: -21.165089028907115]
Current parameters: [ 2.99573478  1.52615267  3.17545892  3.07998938  3.2737327   2.72349553
  0.14083894  2.61771144  1.80534422  2.69993186 -0.4268664   1.57878234
  0.63932557  0.6051103   1.62755132  1.71676298  2.91570853  0.03975553
  3.41056467  3.02443186  3.15138809  1.91107032  2.66124463  0.42108304
  3.01439092  2.95538847  0.31906129  1.42766806  1.92326445  3.19726432
  2.67637249  2.94605365  3.01694474  1.80243483 -0.18416708 -0.0170657
  1.59176859  2.85396561  3.04046022  2.02661979  1.65366494 -0.19739683
  4.63062584  2.5934074   3.15409743  3.14248318  0.06627035 -0.50738331
 -0.12627944  3.23264745  0.35126558  0.66850767  1.4420138   1.61832175
 -0.06721705  1.64920615  2.40154804  0.16711616  3.14592511  2.83107358
  1.9192448   0.77028261  0.69354959  2.80256164]
Device (GPU) time: 1.0782 seconds
Iters. done: 693 [Current cost: -21.23833035989707]
Current parameters: [ 2.99582645  1.52610114  3.17542963  3.08002701  3.27375309  2.72346191
  0.14085803  2.61789635  1.80526216  2.70000451 -0.42677945  1.57882475
  0.63928642  0.60509795  1.62756735  1.71677717  2.91562248  0.03966674
  3.4106526   3.02445826  3.1513646   1.91112784  2.66118154  0.42113679
  3.01440322  2.95545028  0.31903887  1.4276751   1.9234608   3.19726812
  2.67633281  2.94600227  3.0169628   1.80245865 -0.18412559 -0.01705383
  1.59173506  2.85393623  3.04041142  2.02659509  1.65361798 -0.19718598
  4.63067645  2.59342235  3.15410902  3.14255206  0.06632888 -0.5073167
 -0.12628441  3.232611    0.35139038  0.66841078  1.44206493  1.61841094
 -0.06725664  1.64926632  2.40155992  0.16706526  3.14586224  2.83100934
  1.91922934  0.77028397  0.69347638  2.80243412]
Device (GPU) time: 1.1523 seconds
Iters. done: 694 [Current cost: -21.204094230731837]
Current parameters: [ 2.99581845  1.52617132  3.17548529  3.07998623  3.27375083  2.72348928
  0.14090723  2.61774793  1.80536152  2.69992404 -0.42681466  1.5787502
  0.63928584  0.60507807  1.62753529  1.71676608  2.91569452  0.03963807
  3.41060536  3.02449686  3.15139111  1.91105118  2.6612432   0.42110009
  3.01434132  2.95533476  0.31907663  1.42768396  1.92329163  3.19727662
  2.67634609  2.94611788  3.01699926  1.80246015 -0.18416851 -0.01703952
  1.59177984  2.85396635  3.04052714  2.02671319  1.65364107 -0.19730128
  4.63063039  2.59338548  3.15408055  3.14247501  0.06627367 -0.50739118
 -0.126293    3.23267888  0.35136931  0.66853038  1.44203592  1.61823267
 -0.06728007  1.64923154  2.40154386  0.16709564  3.14598432  2.83103681
  1.9191703   0.77028805  0.69355753  2.80252895]
Device (GPU) time: 1.2907 seconds
Iters. done: 695 [Current cost: -21.199190030777498]
Current parameters: [ 2.99572559  1.5262126   3.17552576  3.07996857  3.27371641  2.72345906
  0.14086543  2.61768458  1.80527554  2.69993804 -0.42682172  1.57875205
  0.63934358  0.60511261  1.62761147  1.71659696  2.9156755   0.03967496
  3.4106085   3.02454862  3.15156352  1.9111322   2.66115318  0.42098078
  3.01448275  2.95533458  0.31906974  1.4278074   1.92341981  3.19730891
  2.6764048   2.94606053  3.01695009  1.80239226 -0.18411318 -0.01697682
  1.59175185  2.85398942  3.04047703  2.02658169  1.65363212 -0.19738456
  4.63060329  2.59336827  3.15412483  3.14239304  0.06620873 -0.50747855
 -0.12630369  3.23264065  0.35145573  0.66852524  1.44193498  1.61827487
 -0.06735086  1.64920737  2.40151677  0.16707054  3.14593309  2.83105225
  1.91927659  0.77031636  0.69349914  2.8025233 ]
Device (GPU) time: 1.2034 seconds
Iters. done: 696 [Current cost: -21.212689835920678]
Current parameters: [ 2.99582259  1.52612717  3.1754866   3.07999263  3.2737929   2.72346391
  0.1408415   2.6177589   1.80528361  2.69993526 -0.42690319  1.57867679
  0.63934358  0.60516892  1.62753392  1.71673298  2.91568461  0.03970817
  3.41057018  3.02447844  3.15140298  1.91106734  2.66126252  0.42103629
  3.01441359  2.95531884  0.31910605  1.42765762  1.92337143  3.1972143
  2.67631418  2.94604973  3.01696872  1.80245726 -0.18417088 -0.01703832
  1.59176214  2.8539419   3.04044581  2.02667219  1.6536331  -0.19732696
  4.63068001  2.59342335  3.15413671  3.14247483  0.06625274 -0.50738696
 -0.12629758  3.23268168  0.3512963   0.66860321  1.44202742  1.61830526
 -0.0672383   1.6492272   2.40156149  0.16711125  3.14601254  2.83103035
  1.91920352  0.77034073  0.69352297  2.80249378]
Device (GPU) time: 1.0734 seconds
Iters. done: 697 [Current cost: -21.177991969129096]
Current parameters: [ 2.99575662  1.52617793  3.17546002  3.08001378  3.27382248  2.72345859
  0.1409302   2.61777169  1.80521051  2.699891   -0.42681838  1.57880574
  0.63928402  0.60518399  1.62764322  1.71668765  2.91573579  0.03967961
  3.4105574   3.02434922  3.1514789   1.91102107  2.66126407  0.42112206
  3.01433378  2.95531181  0.3190662   1.42760764  1.92341616  3.19723208
  2.67622147  2.94610767  3.01692664  1.80240278 -0.18420439 -0.01719047
  1.59184822  2.85408044  3.04047156  2.02654034  1.6536908  -0.19729122
  4.63063394  2.59331521  3.15408777  3.14241136  0.06614006 -0.50737796
 -0.12641551  3.23271635  0.35130749  0.66848291  1.44208426  1.61831183
 -0.06728989  1.64923958  2.40156443  0.16708377  3.14599097  2.83106573
  1.91916878  0.77028617  0.69363673  2.80257389]
Device (GPU) time: 1.2149 seconds
Iters. done: 698 [Current cost: -21.218775680376865]
Current parameters: [ 2.99580425  1.52617996  3.17549977  3.07996858  3.27372838  2.72346689
  0.14092569  2.61777552  1.80534898  2.6999133  -0.42684009  1.57868537
  0.63932102  0.60512937  1.62749946  1.71674772  2.91575745  0.03969487
  3.4105776   3.02448293  3.1514604   1.91105781  2.66124662  0.42111695
  3.01445087  2.95536275  0.31906981  1.42770166  1.92332208  3.19717991
  2.67632448  2.94609339  3.01696457  1.8024192  -0.18417951 -0.01709572
  1.59177245  2.85394332  3.04041368  2.02659556  1.65362437 -0.19730995
  4.63060093  2.593381    3.1541474   3.14246054  0.06629812 -0.50737001
 -0.12624028  3.23263716  0.35132306  0.6685447   1.44197739  1.61831
 -0.06726203  1.64928191  2.40154156  0.16712585  3.1459207   2.83102989
  1.91915664  0.77026234  0.6936069   2.80252138]
Device (GPU) time: 1.2029 seconds
Iters. done: 699 [Current cost: -21.21524674996807]
Current parameters: [ 2.99576782  1.52629156  3.17548868  3.0799556   3.27378364  2.72324942
  0.14095832  2.61774461  1.80538277  2.69998532 -0.42691026  1.57871331
  0.63918822  0.60510866  1.62756427  1.71667736  2.91564729  0.0397686
  3.41058413  3.02443527  3.15141094  1.91090286  2.66111127  0.42104266
  3.01436032  2.95532539  0.31909535  1.42764259  1.92332161  3.19730305
  2.67636616  2.9460838   3.01699642  1.80241092 -0.18413073 -0.01706381
  1.59183391  2.85395393  3.04037712  2.02671578  1.65361285 -0.19725097
  4.63058159  2.59341312  3.1541143   3.14245018  0.06623774 -0.50732396
 -0.12626278  3.23260737  0.35129507  0.66855322  1.44203563  1.61830087
 -0.06721985  1.64918897  2.40160873  0.16718071  3.14587756  2.83102001
  1.91928197  0.77037072  0.69359324  2.80247102]
Device (GPU) time: 1.2920 seconds
Iters. done: 700 [Current cost: -21.16375761692586]
Current parameters: [ 2.99576892  1.52621353  3.17551259  3.0799681   3.2738107   2.72346228
  0.14079349  2.61775303  1.80534772  2.69994681 -0.42684106  1.57878931
  0.6393949   0.60509225  1.62752339  1.71678014  2.91575455  0.03971036
  3.41058075  3.02448768  3.15144752  1.91102141  2.6612207   0.42108774
  3.01436519  2.95535767  0.31908144  1.42763495  1.92338264  3.19724834
  2.67631369  2.94613414  3.01695707  1.80248035 -0.18416708 -0.0170623
  1.59178349  2.85391082  3.04045349  2.02663047  1.65364758 -0.19733238
  4.63065264  2.59336697  3.15417367  3.1424901   0.06625801 -0.50738455
 -0.12626818  3.23269818  0.35135821  0.66852348  1.44200326  1.61829188
 -0.06729267  1.64917966  2.40159355  0.1671743   3.14590952  2.83104552
  1.91918265  0.77029859  0.69354852  2.80250192]
Device (GPU) time: 1.1801 seconds
Iters. done: 701 [Current cost: -21.173986081550257]
Current parameters: [ 2.99570202  1.52620365  3.17543637  3.0798456   3.27373206  2.72355446
  0.14095299  2.61785189  1.80538615  2.69994237 -0.42672722  1.57877204
  0.63935144  0.60510689  1.62756769  1.71675045  2.9157888   0.03978751
  3.41062789  3.02447372  3.15137757  1.91091863  2.66120933  0.42106815
  3.01449189  2.9553103   0.3190902   1.42771781  1.92339523  3.19721594
  2.67632369  2.94599648  3.01695171  1.80235069 -0.18432033 -0.01711245
  1.5917213   2.85384753  3.04047041  2.02677991  1.65368816 -0.19734518
  4.63064072  2.59343557  3.15417761  3.1424309   0.0662162  -0.50743554
 -0.12630285  3.23272801  0.35135223  0.66849841  1.44209806  1.61833884
 -0.06723694  1.64918988  2.40151897  0.16705857  3.1459861   2.83104482
  1.91922565  0.77031898  0.69351861  2.80249349]
Device (GPU) time: 1.0810 seconds
Iters. done: 702 [Current cost: -21.197195821627343]
Current parameters: [ 2.9957848   1.526154    3.17549922  3.0799347   3.27375071  2.72344649
  0.14088481  2.61776087  1.80532627  2.69992327 -0.42681462  1.57878669
  0.63939682  0.6051754   1.62753737  1.71677686  2.9156815   0.03965544
  3.41053145  3.02445848  3.15143008  1.91106216  2.66119453  0.42108594
  3.01437289  2.95541763  0.31905983  1.42771333  1.92333729  3.19723988
  2.67636543  2.9460697   3.01698865  1.80248325 -0.18424619 -0.01711968
  1.59179967  2.8539939   3.04042903  2.02666513  1.65366011 -0.19731988
  4.63067424  2.59347173  3.15411251  3.14243625  0.06624508 -0.50738386
 -0.12625611  3.2326158   0.35135447  0.66857608  1.4420141   1.61826602
 -0.0672781   1.64921837  2.40158151  0.16713756  3.14595825  2.83107622
  1.91922768  0.77031672  0.69359281  2.80249223]
Device (GPU) time: 1.2142 seconds
Iters. done: 703 [Current cost: -21.18248084739912]
Current parameters: [ 2.99578942  1.52619731  3.17545195  3.07999207  3.27368645  2.72340078
  0.14085415  2.61784313  1.80533503  2.70001008 -0.42688411  1.57879696
  0.63935357  0.60519572  1.62761689  1.71675855  2.91573842  0.03958088
  3.41049542  3.02446505  3.15155983  1.91109223  2.66122549  0.42107169
  3.01443534  2.95532115  0.31893576  1.42767375  1.92325105  3.19720892
  2.67629304  2.94597908  3.01700002  1.80250789 -0.18412861 -0.01706005
  1.59170939  2.85382851  3.04054245  2.02672605  1.6536556  -0.19731801
  4.63057851  2.59333151  3.15416136  3.14245257  0.06619363 -0.50739837
 -0.12624621  3.23264576  0.3511999   0.66841044  1.4420606   1.6182445
 -0.06729027  1.64928815  2.40162568  0.16719996  3.14601265  2.83108588
  1.91922126  0.77031672  0.69354702  2.8024757 ]
Device (GPU) time: 1.1651 seconds
Iters. done: 704 [Current cost: -21.169247242098283]
Current parameters: [ 2.99573092  1.52616049  3.17552674  3.07989585  3.2737053   2.72348785
  0.14083223  2.61781736  1.80535732  2.69991847 -0.42684643  1.57872528
  0.63931271  0.60508953  1.62754356  1.71672409  2.91569491  0.03966546
  3.41049673  3.02445345  3.1513869   1.91106113  2.66118522  0.42108422
  3.01441112  2.95536184  0.3190968   1.42763662  1.92334794  3.19725835
  2.67631717  2.94605888  3.01696295  1.80243043 -0.18414329 -0.01709211
  1.5917982   2.8540165   3.04051439  2.02660978  1.65362614 -0.19730851
  4.63063456  2.59339221  3.1541626   3.14242501  0.06630229 -0.50734503
 -0.12624255  3.23271133  0.35129966  0.66855097  1.44203291  1.61826778
 -0.06728669  1.64921982  2.40154916  0.16713176  3.14596672  2.83104988
  1.91921502  0.77029698  0.69352534  2.80247095]
Device (GPU) time: 1.2520 seconds
Iters. done: 705 [Current cost: -21.201386759373936]
Current parameters: [ 2.99572291  1.52626056  3.17562737  3.07996995  3.27381846  2.72345854
  0.14087302  2.6177486   1.80527627  2.69983571 -0.42693767  1.57867299
  0.63935963  0.60512814  1.62761776  1.71681403  2.91575077  0.0396522
  3.41053709  3.02444776  3.15135474  1.91108722  2.66125737  0.42109978
  3.01432695  2.95539189  0.31909472  1.427629    1.92339443  3.19721992
  2.67647368  2.94599388  3.01695169  1.80242075 -0.18412013 -0.01709904
  1.59174372  2.85387797  3.04042531  2.02670794  1.65358918 -0.19730851
  4.63069641  2.59342055  3.15413576  3.14239299  0.06622074 -0.50735223
 -0.12623451  3.23268494  0.35132738  0.66834873  1.44195593  1.61820623
 -0.06723101  1.64921042  2.40146556  0.16697402  3.14592787  2.83107031
  1.91917937  0.7703041   0.69365236  2.80246231]
Device (GPU) time: 1.0727 seconds
Iters. done: 706 [Current cost: -21.20477911911357]
Current parameters: [ 2.99579371  1.52622076  3.17547277  3.08000158  3.27371605  2.72352452
  0.14087548  2.61775533  1.8053142   2.69988779 -0.42678983  1.57877945
  0.63935315  0.60509708  1.62750845  1.71671232  2.91567765  0.03967654
  3.41050375  3.02447659  3.15141167  1.91101126  2.66125319  0.42106858
  3.01437639  2.95533857  0.31907168  1.42766765  1.92336998  3.19723633
  2.67641716  2.94603428  3.01694898  1.80245635 -0.18410355 -0.01709769
  1.59183243  2.85392657  3.04038624  2.02665919  1.65367464 -0.19729835
  4.63060237  2.5934182   3.15412814  3.14247146  0.06627363 -0.50741091
 -0.12629082  3.2327      0.35128741  0.66854382  1.44201025  1.61828513
 -0.06728107  1.64925597  2.4016153   0.16711652  3.14596883  2.83103914
  1.91919061  0.77030038  0.69354253  2.80249852]
Device (GPU) time: 1.3052 seconds
Iters. done: 707 [Current cost: -21.161723422188633]
Current parameters: [ 2.99586534  1.52623611  3.17561522  3.07999616  3.27372642  2.72345617
  0.14075951  2.61779633  1.80530098  2.69992    -0.42684606  1.57880135
  0.63929386  0.60519941  1.62749149  1.71671466  2.91565654  0.03972933
  3.41058261  3.02456413  3.15140373  1.91099753  2.6612959   0.42102927
  3.01435556  2.95528996  0.31894275  1.42768676  1.92332733  3.19728937
  2.67638397  2.94601984  3.01699991  1.80237043 -0.18422615 -0.01714116
  1.59169307  2.85411128  3.04054844  2.0267402   1.65364763 -0.19733577
  4.63065201  2.59343071  3.15422553  3.14240431  0.06625222 -0.50732232
 -0.12626614  3.23268537  0.3513171   0.66851667  1.44194455  1.6184271
 -0.06724545  1.64922912  2.40163627  0.1670924   3.14589458  2.83101049
  1.91916388  0.77013727  0.69357715  2.80254074]
Device (GPU) time: 1.2362 seconds
Iters. done: 708 [Current cost: -21.196375378349238]
Current parameters: [ 2.99576881  1.52617103  3.17549757  3.07994364  3.27374977  2.72353985
  0.14085171  2.61774696  1.80535461  2.69994615 -0.42688571  1.57871918
  0.63935706  0.60516798  1.62756117  1.71672934  2.91567856  0.03969015
  3.41062124  3.02445298  3.15142409  1.91105357  2.66124946  0.42112856
  3.01436519  2.95540012  0.31905804  1.42766136  1.92336495  3.1972274
  2.6763681   2.94604476  3.01699971  1.80246348 -0.18414978 -0.01706962
  1.59178161  2.85400795  3.04042911  2.02670907  1.65368102 -0.19730131
  4.63053184  2.59335305  3.15412212  3.14242138  0.06625879 -0.50739931
 -0.12625769  3.23267145  0.35133174  0.66853253  1.44202287  1.61835262
 -0.06728486  1.64917034  2.40154266  0.16716163  3.14596553  2.83103365
  1.91917731  0.77030232  0.69357237  2.80245906]
Device (GPU) time: 1.1069 seconds
Iters. done: 709 [Current cost: -21.1826335703537]
Current parameters: [ 2.99583782  1.52619029  3.17551727  3.07993533  3.27381684  2.72339823
  0.14075458  2.61769796  1.80545215  2.69987454 -0.42683366  1.57876774
  0.63924823  0.60505725  1.62759551  1.71668844  2.91567714  0.03970984
  3.41052899  3.02446083  3.15149339  1.91108697  2.66122868  0.42112567
  3.01444352  2.95537521  0.31911733  1.42781262  1.92330716  3.1971798
  2.67633007  2.94595703  3.01696056  1.80260086 -0.18421937 -0.01705404
  1.59188643  2.85397752  3.04040198  2.02666287  1.65364403 -0.19727119
  4.63072487  2.59339248  3.15413718  3.1424534   0.06626488 -0.50744804
 -0.12624626  3.23278504  0.35130625  0.66846748  1.44210705  1.61836028
 -0.06723626  1.64918955  2.40151179  0.16710104  3.14600091  2.83095072
  1.91921526  0.7701546   0.69361124  2.80252647]
Device (GPU) time: 1.3154 seconds
Iters. done: 710 [Current cost: -21.169930526797526]
Current parameters: [ 2.99577086  1.52623096  3.17545971  3.07992666  3.27381936  2.72348625
  0.14084734  2.6177715   1.80533841  2.69992864 -0.4267915   1.57865671
  0.63929593  0.60509378  1.62752528  1.71675923  2.91571432  0.03962648
  3.41053577  3.02444244  3.15145792  1.9110833   2.66123247  0.42110096
  3.01440833  2.95534426  0.31908239  1.42762844  1.92332552  3.19731436
  2.67637977  2.94604043  3.01696155  1.80248021 -0.18416938 -0.01709789
  1.59171164  2.85396673  3.04043922  2.02664453  1.65367998 -0.19731646
  4.63063082  2.59343009  3.15413475  3.14245651  0.06622567 -0.50737824
 -0.12627861  3.23263363  0.35134075  0.66853804  1.44200131  1.61835597
 -0.067256    1.64919133  2.40159981  0.16712584  3.14598441  2.83103959
  1.91919685  0.7702714   0.69355068  2.80253566]
Device (GPU) time: 1.1797 seconds
Iters. done: 711 [Current cost: -21.1951120294267]
Current parameters: [ 2.99577716  1.52621376  3.17551384  3.08000981  3.27377877  2.72344754
  0.14088123  2.61778531  1.80531702  2.69991415 -0.42676396  1.57876229
  0.63924481  0.60522628  1.62749124  1.71666979  2.91572692  0.03969776
  3.41060229  3.02445552  3.15143151  1.91113542  2.66126199  0.42109582
  3.01438857  2.95533345  0.31910138  1.42755121  1.92336517  3.19724885
  2.67646083  2.94606253  3.01721671  1.80251156 -0.18429968 -0.01707175
  1.59186324  2.8538942   3.04042744  2.02659018  1.65364134 -0.19743128
  4.63057921  2.59335524  3.15423299  3.14246257  0.06631384 -0.50733847
 -0.12629009  3.23265853  0.3512987   0.6685325   1.44207433  1.61824372
 -0.06728885  1.64918332  2.40151565  0.16707294  3.14595954  2.83109584
  1.91926101  0.77020152  0.69348032  2.80246   ]
Device (GPU) time: 1.0737 seconds
Iters. done: 712 [Current cost: -21.20125999029491]
Current parameters: [ 2.99578532  1.52622701  3.17547342  3.08002588  3.2737641   2.7234791
  0.14087614  2.61777714  1.80538079  2.69992123 -0.42684082  1.57878217
  0.6393452   0.60513858  1.62754443  1.71677563  2.91570179  0.03967394
  3.41062039  3.02448507  3.15142873  1.91103293  2.66119053  0.42109205
  3.01447811  2.95537546  0.31907114  1.42759897  1.92332637  3.19724947
  2.67641246  2.94604094  3.01695891  1.80247471 -0.18419165 -0.01705499
  1.59179573  2.85399681  3.04047553  2.02663901  1.65362695 -0.19730499
  4.63069181  2.59337984  3.15413144  3.14239089  0.06629918 -0.50737184
 -0.1263178   3.23269679  0.35129694  0.6685327   1.44196001  1.61833406
 -0.06728251  1.64923214  2.40155568  0.16713699  3.146011    2.8310368
  1.91920063  0.77032997  0.69358695  2.80250508]
Device (GPU) time: 1.1719 seconds
Iters. done: 713 [Current cost: -21.183984720258174]
Current parameters: [ 2.99572932  1.52629219  3.17552811  3.08005769  3.27380301  2.72344514
  0.14079547  2.61783785  1.80531268  2.69986183 -0.42686343  1.57879936
  0.6392637   0.60509511  1.62736816  1.71680865  2.91571335  0.03966287
  3.41059815  3.02446326  3.15140916  1.91118211  2.66116827  0.42106728
  3.01436065  2.95532648  0.31914654  1.42773393  1.92337065  3.19717285
  2.67633784  2.94591336  3.01685056  1.80239271 -0.18429957 -0.01700448
  1.59181485  2.85401786  3.04047368  2.02669124  1.65373319 -0.19730995
  4.63050605  2.59333766  3.1541266   3.14249583  0.06624158 -0.50733111
 -0.1262411   3.23265671  0.35135002  0.66855589  1.44203824  1.61827012
 -0.06725508  1.64923928  2.40157274  0.16715664  3.1459819   2.83111342
  1.91920517  0.7703662   0.69357888  2.80253415]
Device (GPU) time: 1.1762 seconds
Iters. done: 714 [Current cost: -21.18353570803376]
Current parameters: [ 2.99578851  1.52622191  3.17549161  3.07997184  3.27377714  2.72344481
  0.14081335  2.61776456  1.80534222  2.69992233 -0.4268156   1.57877695
  0.63931803  0.60518456  1.6275661   1.71669715  2.91571972  0.03969624
  3.41058035  3.02442532  3.15141253  1.91107096  2.6612577   0.42112186
  3.01441419  2.95534595  0.31906625  1.42761316  1.92334675  3.1972195
  2.67635868  2.94607396  3.0169526   1.80245368 -0.18416552 -0.0170689
  1.5917418   2.85396502  3.0404902   2.02665876  1.65371263 -0.19725238
  4.63060386  2.59347568  3.15414405  3.14243312  0.06632179 -0.50745221
 -0.12622789  3.23268456  0.35134291  0.66855178  1.44200484  1.61825204
 -0.06724617  1.64924877  2.4015323   0.16712213  3.1459279   2.83101738
  1.91922841  0.77031441  0.69355579  2.80255363]
Device (GPU) time: 1.2382 seconds
Iters. done: 715 [Current cost: -21.18773408513111]
Current parameters: [ 2.99580977  1.52619011  3.17537023  3.08003316  3.27368611  2.72340498
  0.14085696  2.61774719  1.80530619  2.699878   -0.42690479  1.57875537
  0.63929436  0.60510425  1.62762389  1.71677177  2.91573215  0.03969288
  3.41050844  3.0244553   3.15141977  1.91117567  2.66109884  0.42118155
  3.01441222  2.95524935  0.31903516  1.42759017  1.92339114  3.19725548
  2.67633089  2.94611521  3.01693252  1.80241063 -0.18424486 -0.01713599
  1.59180084  2.85400976  3.04036     2.02679034  1.65356874 -0.19744609
  4.63061034  2.59345674  3.15410299  3.14245156  0.06633671 -0.50747464
 -0.12619314  3.23274921  0.35137581  0.66851049  1.44197037  1.61834209
 -0.06728867  1.6491903   2.40160463  0.16711543  3.14596298  2.83106974
  1.9191      0.77025803  0.69349302  2.80247075]
Device (GPU) time: 1.1681 seconds
Iters. done: 716 [Current cost: -21.11328985935804]
Current parameters: [ 2.99580577  1.52623192  3.17545985  3.07995653  3.27378979  2.72344367
  0.14084598  2.61774232  1.80538487  2.69993749 -0.42684851  1.57876849
  0.63930939  0.60512188  1.62751638  1.7167038   2.91575245  0.03966285
  3.41054519  3.02446245  3.15137718  1.91105817  2.6612415   0.4210648
  3.01435089  2.95538328  0.3190633   1.42765186  1.92331596  3.19715641
  2.67634528  2.94602781  3.01698663  1.80241855 -0.18416792 -0.01709399
  1.59174976  2.85396252  3.04049129  2.02662358  1.65362173 -0.19732533
  4.63063777  2.5934184   3.15409366  3.14246657  0.0662612  -0.50743474
 -0.12628972  3.23266207  0.35132704  0.66855117  1.44199768  1.61836421
 -0.06736131  1.64921109  2.40156769  0.16707371  3.1459565   2.83107131
  1.91921234  0.7703025   0.69355593  2.80244117]
Device (GPU) time: 1.1105 seconds
Iters. done: 717 [Current cost: -21.16689990426266]
Current parameters: [ 2.99584471  1.52618954  3.17556265  3.07999737  3.27380553  2.72348286
  0.14079654  2.61761947  1.80533684  2.69995357 -0.42681106  1.57883705
  0.6392673   0.60514898  1.62756357  1.71683219  2.91579743  0.03959583
  3.41051347  3.02445422  3.15136132  1.91099958  2.66120677  0.42120157
  3.01450681  2.95533909  0.31913482  1.42774192  1.92338339  3.19728059
  2.67630235  2.94602874  3.01699477  1.80246018 -0.1840895  -0.01713516
  1.59174265  2.85398172  3.04046794  2.02668446  1.65359717 -0.19736261
  4.63052876  2.59337944  3.15420452  3.14241431  0.06630048 -0.50740615
 -0.12640198  3.23263097  0.35136595  0.66859779  1.44201812  1.61831057
 -0.06711723  1.64928769  2.40156824  0.1671052   3.14595652  2.83112623
  1.91926762  0.77029622  0.69356337  2.80238865]
Device (GPU) time: 1.2029 seconds
Iters. done: 718 [Current cost: -21.205997948762704]
Current parameters: [ 2.99578482  1.52620387  3.17549285  3.08001304  3.27380681  2.72347081
  0.14085096  2.61782773  1.80531717  2.69993039 -0.42686468  1.57876577
  0.63932516  0.60513058  1.62755391  1.716719    2.91572704  0.03975236
  3.41052613  3.02446172  3.15141786  1.91102092  2.66122332  0.42112202
  3.01437721  2.9553399   0.31904558  1.42770985  1.92327807  3.19725999
  2.67639574  2.94604989  3.01697011  1.80243528 -0.18415672 -0.01710176
  1.59176359  2.85396882  3.04045251  2.02660714  1.65367854 -0.19733172
  4.63063606  2.59341371  3.15413678  3.14246829  0.06627861 -0.50738175
 -0.12626757  3.23265834  0.35140358  0.66852789  1.44200532  1.61828577
 -0.06725748  1.64922042  2.40150965  0.1671717   3.14605383  2.83102806
  1.91917636  0.77028165  0.69353907  2.80243403]
Device (GPU) time: 1.1520 seconds
Iters. done: 719 [Current cost: -21.17159281562842]
Current parameters: [ 2.99567066  1.52613355  3.17551969  3.07999619  3.27391933  2.72354929
  0.14088036  2.61766939  1.8053435   2.70003885 -0.42678469  1.57877816
  0.63933417  0.60519893  1.6274672   1.71668812  2.91575693  0.0396914
  3.410585    3.02434651  3.15142861  1.91110111  2.66111842  0.42106768
  3.01438958  2.9553378   0.31900404  1.42769167  1.9233187   3.19720437
  2.67641004  2.9460491   3.01699143  1.8023762  -0.18408913 -0.01703585
  1.59177313  2.85393867  3.04044471  2.02670378  1.65354355 -0.19732071
  4.63066428  2.59343788  3.15410728  3.14238699  0.06628463 -0.50728027
 -0.12618096  3.23277867  0.35137494  0.66856002  1.44211521  1.61831906
 -0.06728575  1.64932956  2.40165695  0.16713336  3.14599561  2.83103866
  1.91916672  0.77023261  0.69358603  2.80255364]
Device (GPU) time: 1.1678 seconds
Iters. done: 720 [Current cost: -21.214892273396966]
Current parameters: [ 2.99582548  1.52620174  3.17551162  3.07994121  3.27375715  2.72345771
  0.14083591  2.61781908  1.80534106  2.69995712 -0.42682364  1.57876998
  0.63933954  0.60514525  1.62752424  1.71678352  2.91568067  0.03972569
  3.41051334  3.02441508  3.15141378  1.9110628   2.66125114  0.42110808
  3.01441532  2.95536148  0.31904951  1.42765393  1.9233045   3.19728093
  2.67633021  2.94601082  3.0170221   1.80242855 -0.18414813 -0.01703722
  1.59180136  2.85395977  3.04040986  2.02666186  1.65358146 -0.19731551
  4.63059666  2.59339251  3.15414771  3.14246772  0.06623935 -0.50740704
 -0.12629696  3.23272131  0.35138134  0.66855583  1.44197923  1.61831288
 -0.06730568  1.64921265  2.40152607  0.16709077  3.14596261  2.83106648
  1.91919639  0.77033151  0.69359014  2.80258025]
Device (GPU) time: 1.1003 seconds
Iters. done: 721 [Current cost: -21.201825121682134]
Current parameters: [ 2.99586124  1.5261702   3.17544434  3.07992316  3.27371611  2.72338861
  0.14078658  2.61769038  1.80529339  2.6999094  -0.42672016  1.57872026
  0.6393124   0.60510582  1.62749209  1.71679627  2.91575643  0.03980141
  3.41059692  3.02452722  3.15153958  1.91102514  2.66117616  0.42109769
  3.01436278  2.95550421  0.31901448  1.42755543  1.92337048  3.19725137
  2.67639771  2.9459847   3.01699361  1.80234614 -0.18414118 -0.01706
  1.59167818  2.85404575  3.04042565  2.02664064  1.65365047 -0.19727915
  4.6306659   2.59329343  3.15407672  3.14247781  0.06621896 -0.50743654
 -0.12621005  3.2327353   0.35129724  0.66859316  1.44207352  1.61818673
 -0.06717834  1.64924285  2.40155016  0.16707929  3.1460295   2.83110309
  1.91917695  0.77025968  0.69356543  2.80243789]
Device (GPU) time: 1.1764 seconds
Iters. done: 722 [Current cost: -21.200725093354453]
Current parameters: [ 2.99583058  1.52615069  3.17547432  3.07998384  3.27379112  2.72346276
  0.14084931  2.61776262  1.8053234   2.69990488 -0.42682301  1.57874698
  0.63931033  0.60514807  1.6275352   1.71679732  2.91566923  0.03968926
  3.41048673  3.02445729  3.15141329  1.91104741  2.661166    0.42100378
  3.01439709  2.95538341  0.31908186  1.42765464  1.92333544  3.19718086
  2.67640077  2.94611269  3.016963    1.80242325 -0.18417052 -0.01710227
  1.59174357  2.85393631  3.04046897  2.0266665   1.65366099 -0.19729879
  4.63058381  2.59334466  3.15416374  3.14241444  0.06630566 -0.50740684
 -0.12628919  3.23267165  0.35135822  0.66850557  1.44203665  1.61833034
 -0.06727302  1.6491845   2.40153389  0.16713097  3.14597998  2.83102533
  1.9192317   0.77027     0.69356762  2.80254693]
Device (GPU) time: 1.2195 seconds
Iters. done: 723 [Current cost: -21.249081232135392]
Current parameters: [ 2.99590539  1.5261621   3.17548872  3.07990961  3.27371524  2.72352483
  0.14086639  2.61781125  1.80544092  2.69981829 -0.42691238  1.57886408
  0.63931653  0.60514757  1.62758347  1.71675505  2.91578971  0.03966347
  3.41054314  3.02444261  3.15152918  1.91104922  2.66118513  0.42102246
  3.01434391  2.9552798   0.31902341  1.42767625  1.92342961  3.19725707
  2.67643115  2.94607894  3.01696764  1.80246928 -0.18416476 -0.01697884
  1.59165362  2.85392548  3.04045548  2.02652788  1.65361456 -0.19732219
  4.6305291   2.59350245  3.15403829  3.14243143  0.06629174 -0.50722014
 -0.12630371  3.23271505  0.35131697  0.66860244  1.4421078   1.61834067
 -0.0671792   1.64913082  2.40149724  0.16707469  3.14595198  2.83108131
  1.91917696  0.77029925  0.69363138  2.8025455 ]
Device (GPU) time: 1.0366 seconds
Iters. done: 724 [Current cost: -21.14247928204301]
Current parameters: [ 2.99577445  1.52612768  3.17551758  3.07996847  3.27380278  2.72346057
  0.14086088  2.61773867  1.80539263  2.69992399 -0.42689347  1.57877073
  0.6393022   0.60508525  1.62752971  1.71676246  2.91571225  0.0396829
  3.41052938  3.02444913  3.15145458  1.91109225  2.66129566  0.4210642
  3.01443621  2.95534066  0.31897661  1.42765895  1.92335113  3.19730731
  2.67641134  2.94608057  3.01695502  1.80239141 -0.18422797 -0.0170971
  1.59178947  2.85394654  3.04043669  2.0266497   1.65368116 -0.1972514
  4.63062866  2.5933743   3.15414874  3.14245415  0.06629003 -0.50740083
 -0.12628623  3.23268949  0.35133066  0.66856317  1.44204728  1.6183101
 -0.06728472  1.64922743  2.40155622  0.16709454  3.14594376  2.83107206
  1.91920281  0.77032569  0.69356363  2.80246346]
Device (GPU) time: 1.1884 seconds
Iters. done: 725 [Current cost: -21.191215907482224]
Current parameters: [ 2.99580897  1.52618796  3.17547986  3.07995844  3.27378238  2.72345135
  0.14084668  2.61779241  1.80537429  2.69990154 -0.42682097  1.57874947
  0.63933891  0.60513423  1.62754707  1.7167311   2.91568921  0.03967108
  3.41058986  3.02443972  3.15141685  1.91107069  2.66124511  0.42106252
  3.01439223  2.95536183  0.3190521   1.42768275  1.92334491  3.19724504
  2.67637882  2.94606603  3.01696219  1.80242593 -0.18416695 -0.0170853
  1.59178019  2.85396271  3.04046295  2.02663192  1.6536177  -0.19733799
  4.63061083  2.59340343  3.15414189  3.14244887  0.06626943 -0.50739867
 -0.12627771  3.23269515  0.35133022  0.66852744  1.44202129  1.61829624
 -0.06722179  1.64920964  2.40158034  0.16713325  3.14596338  2.83106191
  1.91918126  0.77030642  0.69356861  2.80248959]
Device (GPU) time: 1.1746 seconds
Iters. done: 726 [Current cost: -21.1953203220747]
Current parameters: [ 2.99582249  1.52615048  3.17549847  3.08000571  3.27378854  2.72345019
  0.14082474  2.6178024   1.80540419  2.69994699 -0.42680811  1.57874706
  0.63933828  0.60512811  1.62755288  1.7167292   2.91574688  0.03971109
  3.41054293  3.02448209  3.15137219  1.91109009  2.66117014  0.42110131
  3.01441551  2.95533292  0.31908422  1.42771937  1.92336243  3.19724926
  2.67638844  2.94611099  3.01703121  1.80242966 -0.18414288 -0.01706847
  1.59175591  2.85398872  3.04042985  2.0266465   1.65372997 -0.19729472
  4.63062395  2.59340519  3.15413223  3.14243215  0.06620589 -0.5073725
 -0.12626597  3.23268859  0.35125358  0.66852001  1.44199644  1.61830785
 -0.06727753  1.64921157  2.4015567   0.16708628  3.14595912  2.83109582
  1.91915505  0.77032044  0.69356773  2.80251993]
Device (GPU) time: 1.0563 seconds
Iters. done: 727 [Current cost: -21.19553758424572]
Current parameters: [ 2.99580715  1.52617891  3.17548655  3.07995749  3.27379544  2.72347547
  0.14084555  2.61776764  1.8053755   2.69989521 -0.42682472  1.57873878
  0.63934173  0.60513632  1.62753769  1.71674153  2.91570265  0.03971111
  3.41054395  3.0244933   3.15144186  1.91107309  2.6612209   0.42108885
  3.0143919   2.95534301  0.31904969  1.42764304  1.92334356  3.19724055
  2.67635809  2.94605867  3.01696758  1.80243811 -0.18417097 -0.01707271
  1.59178483  2.85396958  3.04045676  2.02666462  1.65364597 -0.19732254
  4.63060519  2.59342742  3.15410801  3.14244829  0.06625512 -0.50735795
 -0.12630786  3.23268752  0.35133433  0.66851426  1.44201852  1.61830546
 -0.0672677   1.6492579   2.40153422  0.16714073  3.14594203  2.8310564
  1.91922584  0.77029432  0.69355742  2.80248634]
Device (GPU) time: 1.2255 seconds
Iters. done: 728 [Current cost: -21.191026756142215]
Current parameters: [ 2.99577965  1.52613169  3.17550046  3.07994258  3.2737814   2.72340171
  0.14089305  2.61774928  1.80536438  2.69997875 -0.4268289   1.57876504
  0.63934255  0.60516966  1.6275496   1.71678732  2.91571444  0.03963649
  3.41055745  3.02450063  3.15144114  1.91103766  2.66122483  0.42106252
  3.014377    2.95534283  0.31909373  1.42763742  1.92330982  3.19724508
  2.67637063  2.94600008  3.01694009  1.80241255 -0.18415891 -0.01703202
  1.59178808  2.85398916  3.04042846  2.02661505  1.65372345 -0.1973589
  4.63058871  2.59344967  3.15416128  3.14246184  0.06630444 -0.5073775
 -0.12631467  3.23272612  0.35133722  0.6685116   1.44201995  1.61829486
 -0.06727109  1.6492035   2.40155548  0.16709302  3.14594522  2.83101514
  1.91913521  0.7702755   0.69355871  2.80248493]
Device (GPU) time: 1.1486 seconds
Iters. done: 729 [Current cost: -21.21588646209634]
Current parameters: [ 2.99581766  1.52619175  3.17549521  3.07997613  3.27376857  2.72350118
  0.14085738  2.61776237  1.80538672  2.69992609 -0.42684418  1.57875542
  0.63932091  0.605151    1.62752298  1.7167423   2.91571377  0.03968717
  3.41055706  3.02444405  3.15146106  1.91104678  2.66121743  0.42107106
  3.01440006  2.95534442  0.31905007  1.42765576  1.92333906  3.19722753
  2.6763459   2.9460611   3.01695997  1.80243644 -0.18415604 -0.01707565
  1.59179129  2.8539925   3.04044051  2.02665709  1.65365384 -0.19730884
  4.63063803  2.59341515  3.15415007  3.14246729  0.0662727  -0.50737111
 -0.12626799  3.23265723  0.3513414   0.66850622  1.44201368  1.6182863
 -0.06724999  1.64918658  2.40155902  0.16708452  3.14597096  2.83107148
  1.91920434  0.77030299  0.69353599  2.8024996 ]
Device (GPU) time: 1.1541 seconds
Iters. done: 730 [Current cost: -21.19375230506392]
Current parameters: [ 2.99585088  1.52613826  3.17546304  3.07999082  3.2737757   2.72346678
  0.1408892   2.61775892  1.80534609  2.69994385 -0.42685107  1.57874608
  0.63937823  0.60507586  1.6275078   1.7167022   2.91572878  0.03971794
  3.41054727  3.02443319  3.15145032  1.91107911  2.66117821  0.42110131
  3.01437715  2.95534762  0.31905877  1.42763822  1.92337585  3.19726784
  2.67637193  2.94598517  3.01697426  1.80244211 -0.18415445 -0.01709827
  1.59183506  2.85392345  3.04056285  2.02666171  1.6536706  -0.1973172
  4.63061464  2.59341722  3.15416817  3.14243669  0.06626491 -0.50738791
 -0.12627412  3.23264904  0.35133679  0.66856121  1.44199159  1.61831288
 -0.06723209  1.64918439  2.4015413   0.16710272  3.14593755  2.83104233
  1.9191834   0.77027622  0.69361805  2.80250448]
Device (GPU) time: 1.1025 seconds
Iters. done: 731 [Current cost: -21.192588150899784]
Current parameters: [ 2.99581482  1.52618833  3.1754883   3.07998319  3.27378538  2.72347747
  0.14087082  2.61778303  1.80534443  2.69993831 -0.4268495   1.57874425
  0.6393363   0.60512012  1.62756642  1.7167542   2.91571271  0.0396801
  3.41056131  3.02447402  3.15144284  1.91104261  2.66124175  0.42107326
  3.01440797  2.95533654  0.31908549  1.4276685   1.92334606  3.19723659
  2.67638207  2.94603429  3.01698366  1.80243742 -0.1841612  -0.0170931
  1.59177076  2.85398505  3.0404601   2.02664866  1.65365461 -0.19731461
  4.63062987  2.59340813  3.1541154   3.14246518  0.06628891 -0.50738156
 -0.12625102  3.23270801  0.35133792  0.668542    1.44203589  1.61830317
 -0.06727244  1.64920651  2.40155527  0.16713976  3.14593493  2.83111003
  1.91922027  0.77028116  0.69356986  2.80251349]
Device (GPU) time: 1.1558 seconds
Iters. done: 732 [Current cost: -21.15903998799422]
Current parameters: [ 2.99578112  1.52610685  3.17548163  3.07994813  3.27375357  2.72346838
  0.14080976  2.6177641   1.80532657  2.69994155 -0.4268022   1.57878322
  0.63929972  0.6051246   1.62753168  1.71674107  2.91576982  0.03968637
  3.41057026  3.02446209  3.15146658  1.91106905  2.66126022  0.42106058
  3.01439424  2.95530503  0.31911164  1.42766853  1.92333774  3.19723063
  2.67638813  2.94605394  3.01700524  1.80241542 -0.18418562 -0.01711183
  1.59178699  2.85397237  3.04045217  2.02666412  1.65361682 -0.19727519
  4.63059802  2.59341872  3.15408299  3.14247799  0.06628335 -0.50734953
 -0.12626946  3.23269941  0.3513251   0.66848746  1.44192211  1.61829581
 -0.06725148  1.6491685   2.40158544  0.16713841  3.14599636  2.83100697
  1.91924791  0.77032727  0.69360586  2.80248188]
Device (GPU) time: 1.1378 seconds
Iters. done: 733 [Current cost: -21.155113749323817]
Current parameters: [ 2.99584338  1.52620701  3.17549713  3.07995538  3.27375734  2.72347137
  0.14086726  2.61774022  1.80533286  2.69993938 -0.42683941  1.57874958
  0.63935684  0.60513028  1.62755031  1.71673969  2.91573288  0.03969731
  3.41055311  3.02443944  3.1514119   1.91107161  2.66122738  0.42108056
  3.01440053  2.95535342  0.3190764   1.42766992  1.92333462  3.19725957
  2.67637733  2.94606469  3.01695195  1.80242646 -0.18420376 -0.01704468
  1.59177825  2.8539713   3.04045837  2.02663882  1.65363785 -0.19727972
  4.63060447  2.59341837  3.15413914  3.14245317  0.06626544 -0.50736656
 -0.12628188  3.23268995  0.35131579  0.66851249  1.44202118  1.61830249
 -0.06727278  1.64921022  2.40156669  0.16713425  3.14597582  2.83106226
  1.91920441  0.7702719   0.69354731  2.80248869]
Device (GPU) time: 1.1810 seconds
Iters. done: 734 [Current cost: -21.186357156301877]
Current parameters: [ 2.99580082  1.52613335  3.17551102  3.07997796  3.27374612  2.72342553
  0.14082597  2.61776646  1.8053661   2.69993741 -0.42683398  1.5787406
  0.63933761  0.6051218   1.62748502  1.7167128   2.91571446  0.03960196
  3.41056411  3.02441306  3.15140147  1.91098195  2.66122266  0.42111575
  3.01439042  2.95532141  0.31901596  1.42765461  1.92339477  3.19722707
  2.67638836  2.94604531  3.01694621  1.80241946 -0.1841918  -0.01704699
  1.59177359  2.85395029  3.0404266   2.02665074  1.65364497 -0.19732543
  4.63064345  2.59339544  3.15408741  3.142444    0.06624413 -0.50738857
 -0.12628254  3.23267345  0.35132503  0.66852451  1.44198357  1.61830269
 -0.06725837  1.64920312  2.40147753  0.16717498  3.14597448  2.83108587
  1.91921956  0.77024004  0.69352499  2.8025346 ]
Device (GPU) time: 1.1522 seconds
Iters. done: 735 [Current cost: -21.176399449081796]
Current parameters: [ 2.99579444  1.52618629  3.17546682  3.0799824   3.27376927  2.72346565
  0.14083495  2.61775392  1.80533471  2.69991639 -0.42679989  1.57873747
  0.63931328  0.60515552  1.62754557  1.71676474  2.91571159  0.03968857
  3.41056226  3.02445039  3.1514356   1.91103945  2.66122881  0.42107726
  3.0143961   2.95533838  0.31904299  1.42768779  1.92334728  3.19726047
  2.67637076  2.94606321  3.0169438   1.8024538  -0.18416707 -0.01706807
  1.59178757  2.85396408  3.04047273  2.02665266  1.6536384  -0.19731761
  4.63061382  2.59341899  3.15414703  3.14246548  0.06627366 -0.50735997
 -0.12625484  3.23268687  0.35130533  0.6685465   1.44201994  1.61831134
 -0.06729654  1.64919942  2.40151695  0.16710882  3.14595302  2.83106236
  1.91919318  0.77030419  0.6935849   2.8024752 ]
Device (GPU) time: 1.1371 seconds
Iters. done: 736 [Current cost: -21.212718438853337]
Current parameters: [ 2.99578181  1.52619221  3.17550296  3.07999232  3.27371311  2.72348256
  0.1408224   2.61778107  1.80536017  2.69990785 -0.42686833  1.57870226
  0.63932433  0.60512635  1.62753555  1.71682353  2.91574367  0.03968468
  3.41060649  3.02439758  3.15145421  1.9110421   2.66118066  0.42101857
  3.01434969  2.95533664  0.31905538  1.42767567  1.92334791  3.19726576
  2.6763534   2.94606919  3.01703297  1.80243743 -0.18416777 -0.01706432
  1.59181281  2.85396048  3.0404623   2.02661813  1.65368887 -0.1972931
  4.63061803  2.59346131  3.15413583  3.14245218  0.06626241 -0.50744235
 -0.12628962  3.23271663  0.3513468   0.66852593  1.44200854  1.61834382
 -0.06725206  1.64928455  2.4015598   0.16711637  3.14597565  2.83106269
  1.91923474  0.77026235  0.69357575  2.80247124]
Device (GPU) time: 1.1503 seconds
Iters. done: 737 [Current cost: -21.1932436031546]
Current parameters: [ 2.99582192  1.52617563  3.17550774  3.07996045  3.27381069  2.72349111
  0.14085578  2.61778782  1.80534457  2.6999161  -0.42685425  1.57876505
  0.63931451  0.60512441  1.6275436   1.71676698  2.91571773  0.03968738
  3.41057829  3.02444763  3.15144397  1.91104486  2.66120065  0.42108495
  3.01440045  2.95535749  0.31905518  1.42767557  1.92335032  3.19725255
  2.6763738   2.94604346  3.01696969  1.80243188 -0.18417554 -0.01708699
  1.59177235  2.85397213  3.04045305  2.02664511  1.65363206 -0.19732514
  4.63060166  2.59342329  3.15412129  3.14245823  0.06626611 -0.50740442
 -0.12627929  3.23267559  0.3512816   0.66854511  1.44200812  1.61827011
 -0.0672931   1.64921021  2.40155774  0.16711906  3.1459503   2.83102021
  1.91920376  0.77027843  0.69354163  2.80250418]
Device (GPU) time: 1.1485 seconds
Iters. done: 738 [Current cost: -21.19721321959561]
Current parameters: [ 2.99580408  1.5261667   3.17553324  3.07997313  3.27375845  2.72354397
  0.14085672  2.61775045  1.8053511   2.69995307 -0.42681781  1.57876754
  0.63926762  0.60513676  1.62758654  1.71672573  2.91565915  0.03967611
  3.41056916  3.02447922  3.1514121   1.91107866  2.66116135  0.42106632
  3.01438509  2.95532303  0.31904671  1.42761977  1.92329278  3.19720752
  2.67636612  2.94604443  3.01694164  1.80245308 -0.18421258 -0.01708131
  1.59175724  2.85392229  3.0404347   2.02661407  1.65364378 -0.19727936
  4.63062556  2.59341341  3.1541535   3.14249055  0.06619834 -0.50740167
 -0.126281    3.23271728  0.35133579  0.66857393  1.44196828  1.61828807
 -0.06723121  1.64919986  2.40154023  0.16714753  3.14592516  2.83108715
  1.91917567  0.77027993  0.69359784  2.80246239]
Device (GPU) time: 1.1619 seconds
Iters. done: 739 [Current cost: -21.191231097202586]
Current parameters: [ 2.99580711  1.52616753  3.17548515  3.07996317  3.27377418  2.72347807
  0.14083896  2.61777675  1.80536037  2.6999217  -0.42684934  1.57874048
  0.63932161  0.60516877  1.62752563  1.71674034  2.91570714  0.03969993
  3.41056399  3.02448592  3.15141488  1.9110422   2.66121201  0.42109817
  3.01438653  2.95533393  0.31906201  1.42766803  1.92334484  3.19727778
  2.67635247  2.94604523  3.01694714  1.80244815 -0.18418155 -0.01707147
  1.59177683  2.85393681  3.04044915  2.02662295  1.6536484  -0.19730667
  4.63061216  2.59339603  3.15410678  3.14242602  0.06629062 -0.50739686
 -0.12626852  3.2326814   0.35133298  0.66852185  1.4420157   1.61829017
 -0.06727674  1.64920575  2.40159292  0.16709621  3.14597079  2.83107744
  1.91921801  0.77027512  0.69358725  2.80249812]
Device (GPU) time: 1.0590 seconds
Iters. done: 740 [Current cost: -21.157311440688307]
Current parameters: [ 2.99578135  1.52617759  3.1755145   3.07999429  3.27373231  2.7234534
  0.14083475  2.61773723  1.80539258  2.69991637 -0.42685654  1.57871786
  0.63938751  0.60516426  1.62753197  1.71673435  2.91567357  0.03967317
  3.41057556  3.0244604   3.15145177  1.9110481   2.66117073  0.42115935
  3.01438027  2.95532422  0.31908539  1.4276748   1.92333554  3.19724506
  2.67642517  2.94606038  3.01696567  1.80240983 -0.18418897 -0.01713711
  1.59172634  2.85397234  3.04048247  2.02662517  1.65361582 -0.19730366
  4.6306051   2.59340223  3.15417582  3.14256691  0.06626031 -0.50738106
 -0.12631153  3.23270443  0.35132289  0.6685286   1.44207087  1.61830959
 -0.06728969  1.64922377  2.40155707  0.16708468  3.14597945  2.83101572
  1.91923409  0.77032482  0.69357945  2.80253614]
Device (GPU) time: 1.7430 seconds
Iters. done: 741 [Current cost: -21.17750780808225]
Current parameters: [ 2.99578533  1.52615746  3.17550665  3.08000518  3.27377497  2.7234726
  0.14084737  2.61777743  1.80536535  2.69991078 -0.4268228   1.57874562
  0.63933472  0.60512217  1.62757027  1.71673388  2.91573296  0.03968369
  3.41054841  3.02447549  3.15144121  1.91103714  2.66122379  0.42108369
  3.01436985  2.95536155  0.3190691   1.42765447  1.92333856  3.19724945
  2.67636767  2.94604567  3.01696566  1.8024357  -0.18419155 -0.01705361
  1.59177411  2.85397396  3.0404504   2.02664862  1.65361574 -0.19729966
  4.63060038  2.59342038  3.15415195  3.14245269  0.06627118 -0.50739428
 -0.12626952  3.23266186  0.35132313  0.66853878  1.44202637  1.61831561
 -0.06726386  1.64921756  2.40156342  0.16711347  3.14596876  2.83106115
  1.91920029  0.77029778  0.69356081  2.80251284]
Device (GPU) time: 1.1783 seconds
Iters. done: 742 [Current cost: -21.154116748611447]
Current parameters: [ 2.99580368  1.52617567  3.17550451  3.07997441  3.27377228  2.72347176
  0.14085173  2.61776254  1.80535332  2.69990311 -0.42683338  1.57874746
  0.63933252  0.60513234  1.62754208  1.71673325  2.91571713  0.03968244
  3.41056906  3.02445583  3.15142951  1.91104664  2.66121942  0.42107998
  3.01439387  2.9553624   0.31905612  1.42767113  1.92333385  3.19724946
  2.67635999  2.9460421   3.01697774  1.80243662 -0.18417073 -0.0170751
  1.59176351  2.85395738  3.04045441  2.02664331  1.65365884 -0.19730544
  4.63061974  2.5934085   3.15413952  3.14246183  0.06627599 -0.50736662
 -0.12628754  3.23268941  0.35132719  0.66853531  1.44201723  1.6182993
 -0.06727384  1.64920754  2.40156034  0.16712218  3.14596215  2.83105581
  1.91921042  0.77029967  0.69356935  2.80250501]
Device (GPU) time: 1.1866 seconds
Iters. done: 743 [Current cost: -21.19361243019431]
Current parameters: [ 2.99580508  1.52617854  3.17547495  3.07998552  3.27374893  2.72345559
  0.14085388  2.6177565   1.80534292  2.69989216 -0.42685276  1.57875342
  0.63932322  0.60512472  1.62756089  1.71674112  2.91572349  0.03968318
  3.41055522  3.02445461  3.15142886  1.91107721  2.66118949  0.42110349
  3.01439718  2.95533747  0.31904737  1.42765365  1.9233483   3.19725098
  2.67635469  2.94605853  3.0169706   1.80243162 -0.18418674 -0.01708832
  1.59176517  2.85396666  3.04043177  2.02667474  1.65364187 -0.1973375
  4.63061754  2.59341859  3.15413107  3.14246046  0.06629129 -0.50738396
 -0.12626871  3.23270641  0.35133919  0.6685346   1.4420094   1.61831071
 -0.06727542  1.64920197  2.40156954  0.16711818  3.14596288  2.83105537
  1.9191843   0.77029372  0.69355377  2.8024999 ]
Device (GPU) time: 1.0697 seconds
Iters. done: 744 [Current cost: -21.23010745132772]
Current parameters: [ 2.99580166  1.52618138  3.17550318  3.07996598  3.27376984  2.72346537
  0.14084997  2.61776602  1.80534775  2.69990449 -0.42683506  1.57876203
  0.63934121  0.60513213  1.62754852  1.71674985  2.91570564  0.03968465
  3.41056566  3.02446481  3.15142873  1.91105138  2.66122036  0.42108961
  3.01439404  2.95532833  0.31905407  1.42766166  1.92333574  3.19724151
  2.67636861  2.94605176  3.01697714  1.80242848 -0.18417142 -0.01707005
  1.59177311  2.85396872  3.04045837  2.02664605  1.65365036 -0.19731005
  4.63062028  2.59340354  3.15413495  3.14245835  0.06626579 -0.50737589
 -0.12626517  3.23267535  0.35132622  0.66854136  1.44201799  1.61831596
 -0.06726429  1.64921161  2.40156525  0.16710895  3.14596326  2.83104777
  1.91920809  0.77028444  0.69356473  2.80249953]
Device (GPU) time: 1.2144 seconds
Iters. done: 745 [Current cost: -21.229429308030266]
Current parameters: [ 2.9958113   1.52619381  3.17550441  3.07997157  3.27375246  2.72346993
  0.1408416   2.61777106  1.80534225  2.69993648 -0.42684957  1.57875561
  0.63931435  0.60514528  1.62753176  1.71673636  2.91571953  0.03969132
  3.4105566   3.02448745  3.15142522  1.9110453   2.66123028  0.4210738
  3.014367    2.95534969  0.31903013  1.42768164  1.92335105  3.19725282
  2.67637833  2.94604877  3.01697099  1.80244585 -0.18419124 -0.0170962
  1.59175693  2.85399088  3.04046852  2.02666054  1.65364451 -0.19731962
  4.63062663  2.59340604  3.15415708  3.14244597  0.06626788 -0.50736214
 -0.12628188  3.23270239  0.35132634  0.66853584  1.4420013   1.61831918
 -0.06725277  1.64922539  2.40156816  0.16710854  3.14594423  2.83103675
  1.91919979  0.77028272  0.69355664  2.80252139]
Device (GPU) time: 1.2031 seconds
Iters. done: 746 [Current cost: -21.213565118052]
Current parameters: [ 2.99581231  1.52617222  3.17549022  3.07996906  3.27377387  2.72347193
  0.14085053  2.61777701  1.80535978  2.69991476 -0.42683987  1.5787485
  0.63933071  0.60513603  1.62754233  1.71675156  2.91572238  0.03968631
  3.41055364  3.02444375  3.151422    1.9110409   2.66122178  0.4210956
  3.01438197  2.95534781  0.31906072  1.42765497  1.92333347  3.19723924
  2.67637457  2.9460511   3.01696826  1.80245084 -0.18418575 -0.01707766
  1.59177129  2.8539674   3.0404541   2.02665344  1.6536517  -0.19731121
  4.63061944  2.59340025  3.15413467  3.14246662  0.06627495 -0.50736915
 -0.12627265  3.23269281  0.3513222   0.6685377   1.44201844  1.61830632
 -0.06726     1.6492231   2.40156803  0.16711325  3.14595627  2.8310509
  1.91920182  0.77029831  0.69356691  2.80249648]
Device (GPU) time: 1.0821 seconds
Iters. done: 747 [Current cost: -21.179045452066177]
Current parameters: [ 2.99580048  1.5261726   3.17549543  3.07996392  3.27376228  2.72347026
  0.14085377  2.61776364  1.80534385  2.69991605 -0.42683709  1.57874752
  0.63933304  0.60513184  1.62756152  1.71671612  2.91571794  0.03968466
  3.41055872  3.02444734  3.15145396  1.91105189  2.66120492  0.42107411
  3.01440223  2.95534381  0.31906825  1.42768537  1.92334827  3.19725062
  2.67639319  2.94605452  3.01695945  1.8024519  -0.18417814 -0.01704613
  1.59176279  2.85397564  3.04046036  2.02664175  1.65365331 -0.19733475
  4.63061711  2.59337746  3.15412886  3.14245691  0.06626021 -0.5073879
 -0.12627674  3.23268572  0.35135627  0.66853751  1.44199696  1.61829948
 -0.06727809  1.64923298  2.40156444  0.16709394  3.14594036  2.83104693
  1.91921824  0.77030857  0.69355217  2.8024948 ]
Device (GPU) time: 1.1866 seconds
Iters. done: 748 [Current cost: -21.18000510898868]
Current parameters: [ 2.99578844  1.52618193  3.17548338  3.07997622  3.2737724   2.72347007
  0.14086285  2.61777055  1.80535503  2.69990732 -0.4268436   1.57875263
  0.63933371  0.60514999  1.62753718  1.71674478  2.91572153  0.03968158
  3.41054869  3.02446399  3.15143312  1.91105476  2.66121703  0.42109062
  3.01439078  2.95535256  0.31906025  1.42767336  1.92334179  3.19724998
  2.67637036  2.94605268  3.01697559  1.80243739 -0.18417395 -0.01706777
  1.59177118  2.8539674   3.04046158  2.02664779  1.65364259 -0.1972979
  4.63062075  2.59340362  3.15413187  3.14246556  0.06626561 -0.50738417
 -0.12628102  3.23269777  0.35132572  0.6685414   1.44200973  1.61830545
 -0.06725519  1.64920308  2.40155905  0.16711654  3.14595089  2.83104984
  1.91920626  0.77028651  0.69355568  2.80249909]
Device (GPU) time: 1.1600 seconds
Iters. done: 749 [Current cost: -21.233477321672506]
Current parameters: [ 2.99579961  1.52618083  3.17550267  3.0799978   3.27375135  2.72345587
  0.14085649  2.61777476  1.80537328  2.69992856 -0.42682368  1.57874109
  0.63934712  0.6051325   1.62755304  1.71675835  2.91573239  0.03969366
  3.41057221  3.02445281  3.15142451  1.91107505  2.66122688  0.42107771
  3.01438535  2.95533866  0.31905537  1.42766525  1.92333219  3.19724123
  2.67636803  2.94604398  3.01694896  1.80245352 -0.18416388 -0.01710134
  1.59176894  2.85396184  3.04044219  2.02664618  1.65364261 -0.1973059
  4.63061094  2.59339666  3.15412266  3.14243517  0.06625706 -0.50736555
 -0.12628476  3.23269176  0.35133877  0.66856326  1.4420238   1.61829095
 -0.06727031  1.64919601  2.4015574   0.16710578  3.145954    2.83103345
  1.91922447  0.77028244  0.69354338  2.80249777]
Device (GPU) time: 1.1567 seconds
Iters. done: 750 [Current cost: -21.207848371970936]
Current parameters: [ 2.99580535  1.52618276  3.17548293  3.07996982  3.27376618  2.72345484
  0.14085834  2.61776587  1.80536198  2.69992968 -0.42683783  1.5787544
  0.63931832  0.60513208  1.62754079  1.71673361  2.91571007  0.03969294
  3.41056377  3.02446124  3.15143562  1.91104051  2.66120704  0.421083
  3.01439048  2.95534217  0.31905721  1.4276678   1.92333783  3.19725137
  2.67636432  2.94605748  3.01697375  1.80243947 -0.18417691 -0.0170741
  1.59177813  2.85397117  3.04045052  2.02664531  1.65364834 -0.19730697
  4.6306085   2.59340666  3.15413387  3.14246219  0.06627187 -0.50737583
 -0.12627867  3.23268283  0.35132552  0.66855149  1.44202291  1.61831153
 -0.06726393  1.64921223  2.40156841  0.1671293   3.14595855  2.83104835
  1.91921387  0.77030191  0.69355865  2.80250445]
Device (GPU) time: 1.1445 seconds
Iters. done: 751 [Current cost: -21.16722711951099]
Current parameters: [ 2.99578319  1.52620864  3.17551041  3.07996346  3.27377646  2.72343935
  0.14087077  2.61775701  1.8053454   2.69991763 -0.42686786  1.57873776
  0.63931534  0.60512635  1.62755938  1.71674799  2.91571559  0.03968826
  3.41055965  3.02446116  3.15141883  1.91104402  2.6612075   0.42108504
  3.01437233  2.95535047  0.31906536  1.42765994  1.92335312  3.19724679
  2.67638796  2.94604848  3.01697315  1.8024353  -0.18416142 -0.0170784
  1.59177567  2.85394716  3.04043802  2.02665808  1.65363255 -0.19730345
  4.63062449  2.59341051  3.15413314  3.14244655  0.06625884 -0.50736527
 -0.12626785  3.23267826  0.35132298  0.66851201  1.44201461  1.61828906
 -0.06725016  1.64920998  2.40154486  0.16709942  3.14595062  2.83104847
  1.91921223  0.77031312  0.69358066  2.80249787]
Device (GPU) time: 1.1894 seconds
Iters. done: 752 [Current cost: -21.17669958400639]
Current parameters: [ 2.99580606  1.52617778  3.17549224  3.07996531  3.27377056  2.72346795
  0.14084454  2.61776068  1.80536244  2.69991696 -0.4268457   1.57875144
  0.6393339   0.60512128  1.62755225  1.71674689  2.91571443  0.03968483
  3.41055533  3.02446302  3.15143446  1.91104866  2.66121444  0.42108866
  3.01439098  2.95534998  0.31905667  1.42768522  1.92333897  3.19724085
  2.67636103  2.9460451   3.01694915  1.80244341 -0.18416824 -0.0170757
  1.59177131  2.85397231  3.04045345  2.02665031  1.65364698 -0.19729876
  4.63062657  2.59341025  3.15412754  3.14245755  0.06626685 -0.50738537
 -0.12627345  3.23269639  0.35132896  0.66853329  1.44201717  1.61831253
 -0.06726121  1.64921528  2.40155914  0.16711756  3.14596453  2.83104256
  1.91920275  0.77029752  0.69357201  2.80250885]
Device (GPU) time: 1.1881 seconds
Iters. done: 753 [Current cost: -21.195072717283455]
Current parameters: [ 2.99580084  1.52618465  3.17549424  3.07996293  3.27377348  2.72346548
  0.1408416   2.61775389  1.80536029  2.69991417 -0.42683141  1.57875951
  0.63931228  0.60512962  1.62754601  1.71673137  2.91571616  0.03968367
  3.41056018  3.02446898  3.15144204  1.91107861  2.66122582  0.4210981
  3.01439274  2.95535048  0.31906714  1.4276778   1.9233478   3.19723085
  2.67637646  2.94604082  3.01700143  1.80247742 -0.18419722 -0.01707341
  1.59180091  2.85395408  3.04044189  2.02663215  1.65364697 -0.19732236
  4.63062883  2.59339763  3.15414913  3.14245754  0.06627607 -0.50738405
 -0.12627284  3.23270167  0.35132055  0.66852874  1.442042    1.61830536
 -0.0672609   1.64920766  2.40153874  0.16710467  3.14597653  2.83103997
  1.91921252  0.7702702   0.69355717  2.8025087 ]
Device (GPU) time: 1.0606 seconds
Iters. done: 754 [Current cost: -21.180368399872094]
Current parameters: [ 2.99579958  1.52619085  3.17549272  3.07997851  3.27376391  2.72346887
  0.14084431  2.61777032  1.80535312  2.69993314 -0.42684048  1.57875176
  0.63934115  0.60513669  1.62755182  1.7167408   2.91571475  0.03967295
  3.41054894  3.02446137  3.15144193  1.91105359  2.66121509  0.42107921
  3.01439483  2.95534527  0.31904816  1.42766746  1.92333691  3.19724646
  2.6763597   2.94604555  3.0169796   1.80244146 -0.18418276 -0.01707777
  1.59176689  2.85395469  3.04045949  2.02664931  1.65364768 -0.1973126
  4.63061234  2.59339835  3.15412244  3.14245955  0.06627353 -0.50737725
 -0.12627477  3.23268351  0.35131653  0.66852853  1.44202258  1.61829914
 -0.06725949  1.64921865  2.40155827  0.16711482  3.14596164  2.83104684
  1.91919982  0.77029977  0.69356432  2.80249943]
Device (GPU) time: 1.1826 seconds
Iters. done: 755 [Current cost: -21.174795305142293]
Current parameters: [ 2.99580175  1.5261638   3.17547924  3.07995891  3.27375312  2.72345862
  0.14086926  2.61777812  1.805348    2.69991881 -0.42685214  1.57876616
  0.63932104  0.60514385  1.62754976  1.71675732  2.91573238  0.03967476
  3.4105649   3.02446878  3.15144677  1.91106992  2.66122398  0.42109922
  3.01438508  2.9553426   0.31903717  1.42766665  1.92333462  3.19723223
  2.67637502  2.9460456   3.01696207  1.80245433 -0.1841506  -0.01707071
  1.59176029  2.85394703  3.04046906  2.02665184  1.65364719 -0.19731245
  4.63061357  2.59340422  3.15416767  3.14245396  0.06624515 -0.50738281
 -0.12627242  3.23268597  0.35131579  0.66852163  1.44201928  1.61829791
 -0.06728037  1.64922569  2.40157228  0.16713487  3.14598098  2.83107214
  1.91922182  0.77030389  0.69355412  2.80250864]
Device (GPU) time: 1.2060 seconds
Iters. done: 756 [Current cost: -21.20727264694829]
Current parameters: [ 2.99580737  1.52617482  3.17549255  3.07996765  3.27376209  2.72346814
  0.14084873  2.61775563  1.80534919  2.69991014 -0.42683525  1.57875148
  0.63932913  0.60513842  1.62753401  1.7167469   2.9157275   0.03969043
  3.41056283  3.02446587  3.15142911  1.91105065  2.66121365  0.4210809
  3.01439167  2.95534322  0.3190581   1.42766027  1.92333866  3.19725112
  2.67637579  2.94603866  3.01697639  1.80244427 -0.18417444 -0.01708238
  1.5917679   2.85397264  3.04045403  2.02663775  1.65364103 -0.19730542
  4.63062223  2.5934012   3.15413006  3.14245424  0.06626245 -0.50738781
 -0.12626965  3.23268421  0.35133202  0.66852969  1.44203197  1.61830179
 -0.06726365  1.64921466  2.40155495  0.16712311  3.14595358  2.83104973
  1.91919186  0.77030849  0.69355583  2.80250362]
Device (GPU) time: 1.0816 seconds
Iters. done: 757 [Current cost: -21.198485476769978]
Current parameters: [ 2.99580733  1.52618362  3.17547989  3.07995992  3.27376271  2.72346148
  0.14084282  2.61775739  1.80534166  2.69992576 -0.42681832  1.57874654
  0.63933173  0.60512157  1.62753997  1.71675567  2.91571992  0.03970262
  3.41056726  3.02447663  3.15145272  1.91105436  2.66121268  0.42109719
  3.01437643  2.95538479  0.31904603  1.4276468   1.9233578   3.19724055
  2.67637578  2.94605167  3.01697072  1.80241439 -0.1841694  -0.01706929
  1.59175349  2.85397716  3.04044761  2.0266428   1.65365302 -0.19731098
  4.63062239  2.59338981  3.15412739  3.14246508  0.06626896 -0.50738158
 -0.12626922  3.23270164  0.35132162  0.66856084  1.44201478  1.61828247
 -0.06724689  1.64921963  2.40155435  0.16709713  3.14598818  2.83106476
  1.91921101  0.77028614  0.69356731  2.80249381]
Device (GPU) time: 1.2205 seconds
Iters. done: 758 [Current cost: -21.20561679909461]
Current parameters: [ 2.99579154  1.52618121  3.1754837   3.07995923  3.27376353  2.72347558
  0.14086387  2.61778274  1.80535759  2.69991848 -0.42683297  1.57874711
  0.63933687  0.60513031  1.6275453   1.71673837  2.91571774  0.03969842
  3.41056887  3.02446381  3.15143199  1.9110471   2.66121757  0.42107798
  3.01438791  2.95534466  0.31905427  1.42766598  1.92334419  3.19724066
  2.67637229  2.94604863  3.01696741  1.80243198 -0.18419325 -0.01707537
  1.59177008  2.85395541  3.04045446  2.02665229  1.65365313 -0.19731041
  4.63062488  2.59341095  3.15413427  3.14245917  0.06626445 -0.50738029
 -0.12627001  3.23269533  0.35132717  0.66852972  1.44202322  1.61830664
 -0.06727247  1.64920705  2.40155447  0.16711096  3.14596438  2.83104652
  1.91920409  0.77029899  0.69355907  2.80251099]
Device (GPU) time: 1.1906 seconds
Iters. done: 759 [Current cost: -21.160650436447707]
Current parameters: [ 2.99579428  1.52618443  3.17549598  3.07995769  3.27376983  2.72348845
  0.14085782  2.61775319  1.80535482  2.69992799 -0.42682358  1.5787697
  0.63932551  0.60513171  1.62754978  1.71676027  2.91574074  0.03968039
  3.41056192  3.02446426  3.15141113  1.91103213  2.6612153   0.4211041
  3.01441749  2.95533922  0.31907287  1.42768531  1.92336071  3.19724657
  2.67635727  2.94604505  3.01697161  1.80243099 -0.18418091 -0.01709112
  1.59175973  2.85395239  3.04045853  2.02666289  1.65364422 -0.19732542
  4.63060412  2.59340977  3.15415248  3.14244746  0.06627104 -0.50738717
 -0.12630179  3.23268441  0.35133939  0.6685452   1.44202624  1.61831195
 -0.06723806  1.64922178  2.40155143  0.16710336  3.14596621  2.83106263
  1.91921801  0.77030399  0.69355696  2.80248819]
Device (GPU) time: 1.1902 seconds
Iters. done: 760 [Current cost: -21.186069658571817]
Current parameters: [ 2.99579017  1.52618769  3.17549185  3.07998122  3.27377     2.72346624
  0.14084903  2.61776732  1.80535447  2.69991483 -0.42684345  1.57875347
  0.63932468  0.60512503  1.62753073  1.71675316  2.91571124  0.03968932
  3.41055992  3.02445993  3.15142569  1.91106051  2.6612173   0.4210847
  3.01439255  2.95534314  0.31905887  1.42767221  1.92335471  3.19723281
  2.67636908  2.94603752  3.01696643  1.80244356 -0.18418866 -0.01706723
  1.59176807  2.8539747   3.04045917  2.02664382  1.65365171 -0.19731044
  4.63060316  2.59340649  3.15413563  3.14246239  0.06626509 -0.50737185
 -0.126276    3.2326848   0.35133355  0.66853567  1.44201772  1.6182935
 -0.06726644  1.6492142   2.40156622  0.167118    3.1459655   2.83105587
  1.919203    0.77029853  0.69356776  2.8025058 ]
Device (GPU) time: 1.1905 seconds
Iters. done: 761 [Current cost: -21.19857419849647]
Current parameters: [ 2.99580702  1.52619595  3.17550561  3.07997209  3.27377675  2.723478
  0.14084355  2.6177837   1.80533818  2.69991178 -0.42684289  1.57876287
  0.63932833  0.60514098  1.62752245  1.71674343  2.91573179  0.03965997
  3.41057294  3.02447085  3.1514359   1.91108472  2.6612035   0.42108889
  3.01436351  2.9553487   0.31907902  1.42767425  1.92332805  3.19725301
  2.67637074  2.94604849  3.01694297  1.80241816 -0.18418213 -0.01707735
  1.59179492  2.85396095  3.04044751  2.02665217  1.65366094 -0.19731442
  4.63061398  2.59339022  3.15413292  3.14245957  0.06627926 -0.50737365
 -0.12626865  3.23268636  0.35132332  0.66855082  1.44201862  1.61832254
 -0.06725848  1.64922049  2.40153993  0.16711764  3.1459625   2.83106139
  1.91921389  0.77032084  0.69355513  2.80251406]
Device (GPU) time: 1.1188 seconds
Iters. done: 762 [Current cost: -21.179471305416197]
Current parameters: [ 2.995803    1.52618093  3.17549457  3.07997942  3.27376958  2.72347168
  0.14086276  2.61776503  1.80534876  2.69991695 -0.42683631  1.57875718
  0.63932088  0.60514278  1.62755544  1.71674145  2.91571921  0.03968337
  3.41055526  3.0244527   3.15143427  1.91105275  2.66122572  0.42109124
  3.01438345  2.95534832  0.31906108  1.42766028  1.92335715  3.19724831
  2.67635747  2.94605539  3.01696634  1.80243062 -0.18417859 -0.0170841
  1.59177825  2.85397254  3.04045803  2.02663408  1.65365324 -0.19731674
  4.63062267  2.59339907  3.15412948  3.1424564   0.06625438 -0.50737766
 -0.12628091  3.23269132  0.35132782  0.66853195  1.44202443  1.61830705
 -0.06726852  1.64921623  2.40156075  0.16711769  3.14596645  2.83104521
  1.91920671  0.77029797  0.69357219  2.80250926]
Device (GPU) time: 1.2247 seconds
Iters. done: 763 [Current cost: -21.20670302538479]
Current parameters: [ 2.99578286  1.52617485  3.17547436  3.07995948  3.27378596  2.72346491
  0.14085065  2.61776917  1.80531728  2.69991597 -0.42684512  1.57875391
  0.63934646  0.60512343  1.62754996  1.71673129  2.91571927  0.03968297
  3.41057406  3.02445151  3.15143799  1.91104827  2.66121114  0.42108888
  3.01437925  2.95532919  0.31904557  1.42766459  1.92333023  3.19723163
  2.67636154  2.94606475  3.01696882  1.80245652 -0.18417696 -0.01709602
  1.59177979  2.8539869   3.04044892  2.0266318   1.65364153 -0.19728851
  4.63060585  2.59340087  3.15413683  3.14244655  0.06627489 -0.50737622
 -0.12631537  3.23268968  0.3513222   0.66853475  1.44201694  1.61830045
 -0.06726308  1.64921547  2.40155067  0.16709218  3.14596117  2.83107649
  1.91919236  0.77029357  0.69356041  2.80251654]
Device (GPU) time: 1.2150 seconds
Iters. done: 764 [Current cost: -21.21110384727797]
Current parameters: [ 2.99580261  1.52618112  3.17548693  3.07997232  3.27376655  2.7234727
  0.14085032  2.61776034  1.80535828  2.69991946 -0.42683586  1.57875064
  0.63932848  0.60513158  1.62754633  1.71675078  2.91570378  0.03968954
  3.41055815  3.02445388  3.15144377  1.91105452  2.66122187  0.42109865
  3.01437228  2.95533904  0.31906741  1.4276759   1.9233423   3.19724133
  2.67637012  2.9460454   3.01697622  1.80242976 -0.18418056 -0.01707415
  1.5917634   2.85395951  3.04045429  2.02664109  1.65364597 -0.19730803
  4.63062777  2.59340506  3.15414019  3.14243986  0.06627765 -0.50737524
 -0.12628165  3.2326866   0.35132335  0.66853756  1.44201178  1.61830224
 -0.06726758  1.64921433  2.4015591   0.16712024  3.14595473  2.83105409
  1.91920127  0.77030286  0.69355311  2.80250205]
Device (GPU) time: 1.1589 seconds
Iters. done: 765 [Current cost: -21.17469562663523]
Current parameters: [ 2.99580781  1.52617643  3.17549651  3.07997419  3.27377275  2.72347086
  0.14084196  2.61775473  1.80534629  2.69991646 -0.4268448   1.57873439
  0.63932582  0.60513542  1.62755799  1.71675655  2.91571289  0.03967689
  3.41056066  3.02447365  3.15143089  1.9110395   2.66121827  0.42110424
  3.01440269  2.95536807  0.31904436  1.42766834  1.92333801  3.19723112
  2.67638222  2.94605768  3.01697547  1.80243471 -0.18417994 -0.01708461
  1.5918032   2.85394572  3.04047672  2.02662442  1.65365088 -0.1973096
  4.63059854  2.59342339  3.15411931  3.14245303  0.06625826 -0.50735902
 -0.1262633   3.23270132  0.3513442   0.66854099  1.44200454  1.61831283
 -0.06726179  1.64920709  2.40157315  0.16710292  3.14596442  2.83105598
  1.91919936  0.77031394  0.69352576  2.80251801]
Device (GPU) time: 1.0422 seconds
Iters. done: 766 [Current cost: -21.19219468132075]
Current parameters: [ 2.99580012  1.52618873  3.17549856  3.07996395  3.27376988  2.72347215
  0.14085229  2.61775375  1.80536359  2.6999096  -0.42684634  1.57874502
  0.63933585  0.60513698  1.6275425   1.71674061  2.91572763  0.0396859
  3.41055071  3.02446255  3.15143819  1.91104605  2.6612214   0.42108144
  3.01438605  2.95533649  0.319059    1.42766586  1.92333168  3.19724256
  2.67637506  2.94605705  3.01697145  1.80243954 -0.18418059 -0.01707759
  1.5917746   2.8539681   3.0404584   2.02664824  1.65364942 -0.19732403
  4.63061073  2.59340646  3.15413687  3.14244804  0.06626522 -0.50738297
 -0.12627567  3.2326957   0.3513218   0.66855095  1.44201259  1.61829401
 -0.06726528  1.64920791  2.40155738  0.16712004  3.14597265  2.83105611
  1.91920375  0.77029914  0.69357179  2.80251142]
Device (GPU) time: 1.1755 seconds
Iters. done: 767 [Current cost: -21.225974705152037]
Current parameters: [ 2.9958125   1.52617532  3.17548567  3.07996117  3.27376103  2.72349549
  0.14086132  2.61777175  1.80536283  2.69991747 -0.42685553  1.57877063
  0.63934081  0.60513146  1.62754701  1.71674874  2.9157237   0.03967199
  3.410554    3.0244666   3.15142161  1.91106871  2.66121887  0.42107897
  3.01437826  2.95534348  0.31904476  1.42765997  1.92336734  3.19725005
  2.67638556  2.94607172  3.01697721  1.80245646 -0.18415586 -0.01705976
  1.59174751  2.85396263  3.04044688  2.02661116  1.65363689 -0.19731536
  4.63061047  2.59343128  3.15412448  3.14246304  0.06629083 -0.50735849
 -0.12627858  3.23268064  0.35133816  0.66855389  1.44201804  1.61831529
 -0.06726103  1.64920511  2.40154054  0.16711062  3.14596663  2.8310422
  1.91920427  0.7703043   0.69357493  2.80251222]
Device (GPU) time: 1.1678 seconds
Iters. done: 768 [Current cost: -21.17315485067266]
Current parameters: [ 2.99579945  1.52618053  3.1754799   3.07996548  3.27376427  2.72346916
  0.1408388   2.61776412  1.80536417  2.69991626 -0.42685022  1.57875804
  0.63933073  0.60514203  1.62755413  1.7167419   2.91571666  0.03968304
  3.41056531  3.02446164  3.1514315   1.91105238  2.66121819  0.42108022
  3.01439064  2.95535096  0.31907153  1.42766559  1.92334614  3.19725077
  2.67637686  2.94604775  3.01696946  1.80243404 -0.1841749  -0.01708615
  1.59177441  2.85395941  3.04045409  2.02664942  1.6536449  -0.19730524
  4.63061729  2.5934043   3.15413883  3.14246672  0.06626483 -0.50736719
 -0.126279    3.23267828  0.35133326  0.66854379  1.44201532  1.6182993
 -0.06727151  1.64922501  2.40155496  0.16711371  3.14596556  2.83105404
  1.91919503  0.77028398  0.69356118  2.80251102]
Device (GPU) time: 1.0913 seconds
Iters. done: 769 [Current cost: -21.17282813393506]
Current parameters: [ 2.9957985   1.52617584  3.17550818  3.07998429  3.27376399  2.72346976
  0.14085016  2.61775378  1.8053613   2.69993314 -0.42684022  1.5787265
  0.63935595  0.60514321  1.62752991  1.71674145  2.91569523  0.03967937
  3.41056643  3.0244676   3.15142839  1.91106198  2.66120577  0.42111606
  3.01438933  2.95533734  0.31906172  1.42766659  1.9233412   3.19724885
  2.67639353  2.94606519  3.01696696  1.80243059 -0.18417394 -0.0171024
  1.59176396  2.85397719  3.0404636   2.02663637  1.65363138 -0.19731659
  4.63061559  2.5934138   3.15415442  3.14249788  0.06627524 -0.50739707
 -0.12628655  3.2326963   0.3513255   0.6685217   1.44202387  1.61830303
 -0.06727913  1.64921433  2.40155721  0.16710692  3.14596753  2.83104452
  1.91922677  0.77030432  0.69357058  2.80250589]
Device (GPU) time: 1.1702 seconds
Iters. done: 770 [Current cost: -21.137665566865838]
Current parameters: [ 2.99581287  1.52618149  3.17549152  3.07996788  3.27375644  2.72346185
  0.14085025  2.61777391  1.8053572   2.69990789 -0.42684823  1.57874985
  0.63932902  0.60512397  1.62755124  1.71675051  2.91571324  0.03968368
  3.410556    3.02447269  3.15143271  1.91105166  2.66123223  0.4210876
  3.01439097  2.95534776  0.31905713  1.42766402  1.9233456   3.19725306
  2.6763698   2.9460534   3.01696759  1.80244347 -0.18418787 -0.01708184
  1.59177322  2.85396701  3.04045386  2.02663928  1.65365884 -0.19730647
  4.63061339  2.59340168  3.15413926  3.14246479  0.06627056 -0.50738908
 -0.12628627  3.23267952  0.3513236   0.66853636  1.44200916  1.61830339
 -0.06726421  1.64920364  2.40154849  0.16711172  3.14595782  2.83105452
  1.91921038  0.77030554  0.6935602   2.80249675]
Device (GPU) time: 1.1669 seconds
Iters. done: 771 [Current cost: -21.20416523969216]
Current parameters: [ 2.99577915  1.52615746  3.17550308  3.07997218  3.27379351  2.72347332
  0.14085878  2.61774762  1.8053634   2.69993359 -0.42685541  1.57875905
  0.63932102  0.60511723  1.62753313  1.71674677  2.91571903  0.039683
  3.41054887  3.02445287  3.15143225  1.911075    2.66124356  0.42107681
  3.01440591  2.95534755  0.31902153  1.42766347  1.92334407  3.1972658
  2.67638766  2.94606471  3.01696851  1.80242073 -0.18418638 -0.01708202
  1.59178186  2.85395849  3.04044446  2.02665201  1.65365415 -0.19729149
  4.6306281   2.5933963   3.1541421   3.14244968  0.06628155 -0.50738462
 -0.12627159  3.23269227  0.35133451  0.66854975  1.4420271   1.61830748
 -0.06727621  1.64922897  2.40156394  0.16710991  3.14595927  2.8310558
  1.91920236  0.77030406  0.69356297  2.80249141]
Device (GPU) time: 1.0746 seconds
Iters. done: 772 [Current cost: -21.202979712205735]
Current parameters: [ 2.99579634  1.52618626  3.17551027  3.0799649   3.27376586  2.72346154
  0.14085055  2.61776751  1.80535369  2.69992018 -0.4268316   1.57875453
  0.63932446  0.60514519  1.6275499   1.71673931  2.91571892  0.03969583
  3.41056156  3.02445473  3.15143406  1.91106047  2.66122165  0.42109175
  3.01439032  2.95534671  0.31905799  1.42766074  1.92335016  3.19723956
  2.67637492  2.94605473  3.01696454  1.8024479  -0.18417177 -0.01707714
  1.59176839  2.8539619   3.04046592  2.02665059  1.65365532 -0.19730271
  4.63061769  2.5934154   3.15412705  3.14246202  0.06628632 -0.50739004
 -0.12627925  3.23268344  0.35132713  0.66854083  1.4420147   1.61830452
 -0.06726224  1.64921692  2.40155755  0.16711762  3.14596217  2.8310549
  1.91919916  0.77029848  0.69355845  2.80251319]
Device (GPU) time: 1.1710 seconds
Iters. done: 773 [Current cost: -21.16523374247098]
Current parameters: [ 2.99580452  1.52619057  3.17546414  3.07998166  3.27377785  2.72347028
  0.14083486  2.61776293  1.80534605  2.69992062 -0.42683976  1.57875953
  0.63933439  0.60514012  1.62754757  1.71672556  2.91571841  0.03967061
  3.41056952  3.02445785  3.1514155   1.91105417  2.66123087  0.42109813
  3.01439665  2.95534782  0.3190593   1.42764891  1.92333384  3.19724114
  2.6763598   2.94605841  3.01697204  1.80243592 -0.18417659 -0.01707162
  1.59176256  2.85397266  3.04045263  2.02664293  1.65366647 -0.19729661
  4.6306092   2.5934307   3.15415651  3.14243734  0.06627233 -0.50739672
 -0.12624574  3.2326956   0.35133736  0.6685373   1.44201167  1.61827766
 -0.0672582   1.6492271   2.40154546  0.16711201  3.14594397  2.83102869
  1.91923123  0.77030314  0.6935656   2.80251494]
Device (GPU) time: 1.1551 seconds
Iters. done: 774 [Current cost: -21.147309267233478]
Current parameters: [ 2.99581227  1.52618137  3.17549931  3.07996444  3.27377687  2.72345957
  0.14085854  2.617775    1.80535657  2.69992182 -0.4268334   1.57874641
  0.63933338  0.60514074  1.62754388  1.71674406  2.91571863  0.03966713
  3.41055943  3.02447148  3.15143961  1.91104943  2.66121346  0.42108569
  3.01438651  2.95533934  0.31905954  1.42766413  1.92335445  3.19724149
  2.67637058  2.94604657  3.01697267  1.80243909 -0.1841762  -0.01707484
  1.59177447  2.85396772  3.04045079  2.02664673  1.6536499  -0.19729969
  4.63061332  2.59341035  3.15414479  3.14245382  0.06627365 -0.50737719
 -0.12627928  3.23269881  0.35134032  0.66854008  1.44201745  1.61830036
 -0.06727431  1.64921478  2.40155995  0.16711311  3.14596772  2.83104474
  1.91919335  0.77029835  0.69356433  2.80249142]
Device (GPU) time: 1.2654 seconds
Iters. done: 775 [Current cost: -21.184776737142727]
Current parameters: [ 2.99578159  1.52615688  3.17548955  3.07996391  3.27376761  2.72345001
  0.14086531  2.61775042  1.80535452  2.69994423 -0.4268394   1.57876082
  0.63933468  0.6051412   1.62754729  1.7167627   2.91571516  0.03967917
  3.41055994  3.02447351  3.15142455  1.91105327  2.66122499  0.42107675
  3.01438332  2.95535449  0.31907033  1.4276564   1.92331724  3.19724847
  2.67637139  2.94603416  3.01695615  1.80243056 -0.18416617 -0.01705862
  1.59177894  2.85397534  3.04044467  2.02663018  1.65367624 -0.19734743
  4.63060902  2.5934228   3.15413939  3.14246287  0.06628288 -0.5073788
 -0.12629142  3.23269469  0.35132089  0.6685215   1.44201409  1.6183051
 -0.06725811  1.6492094   2.40155552  0.16710754  3.14595005  2.83104226
  1.9191873   0.77028594  0.69355849  2.80250634]
Device (GPU) time: 1.1728 seconds
Iters. done: 776 [Current cost: -21.201072282742437]
Current parameters: [ 2.99580013  1.52618135  3.17549469  3.07996821  3.27376476  2.7234671
  0.14085692  2.61777005  1.80535206  2.69991752 -0.42684286  1.57874092
  0.63933539  0.60513991  1.62753881  1.71674152  2.91572686  0.03969205
  3.41055742  3.02446118  3.15144099  1.91105477  2.66121884  0.42109025
  3.014404    2.95535123  0.31905656  1.42767028  1.92334622  3.19723075
  2.67636701  2.94604935  3.01696581  1.80243444 -0.18417776 -0.01708448
  1.59177119  2.85396202  3.04043826  2.02662796  1.65364392 -0.19731229
  4.63061293  2.59340557  3.15414464  3.14245637  0.06627465 -0.50737501
 -0.12626851  3.23268137  0.35132168  0.66853895  1.44200817  1.61831464
 -0.06726239  1.64922244  2.40155748  0.16711899  3.14595273  2.83105047
  1.91920355  0.77029305  0.69357007  2.80250347]
Device (GPU) time: 1.1206 seconds
Iters. done: 777 [Current cost: -21.225094684667788]
Current parameters: [ 2.99580824  1.52617598  3.17549295  3.07997642  3.27375206  2.72347594
  0.14088839  2.61776245  1.80535332  2.69991997 -0.42683193  1.57873403
  0.63931326  0.60511321  1.62753     1.71675094  2.91572215  0.03967213
  3.41057937  3.02448033  3.15142483  1.91105614  2.661232    0.42109913
  3.01438806  2.95534792  0.31906517  1.427682    1.92332197  3.19723896
  2.67635255  2.94608447  3.01697949  1.8024423  -0.18417368 -0.01707008
  1.59177485  2.85396088  3.04046624  2.02665465  1.65363727 -0.19731001
  4.63061751  2.59339385  3.15412248  3.14246332  0.06627839 -0.50737925
 -0.12627202  3.23267274  0.3513397   0.66853609  1.44201076  1.61828432
 -0.06726789  1.64923654  2.40154928  0.16711001  3.14595871  2.83104202
  1.91918357  0.77028424  0.69357245  2.80251663]
Device (GPU) time: 1.1920 seconds
Iters. done: 778 [Current cost: -21.23425591496888]
Current parameters: [ 2.99579697  1.52618127  3.1754871   3.0799791   3.27376471  2.72347848
  0.14085789  2.61775601  1.80535141  2.69990903 -0.4268365   1.57875131
  0.63933223  0.60512717  1.62754403  1.71673343  2.91571918  0.03967648
  3.41056196  3.02447204  3.15143185  1.91104737  2.661216    0.42108153
  3.01438202  2.95534374  0.31906005  1.42766928  1.92335248  3.1972381
  2.67638339  2.94605621  3.01695927  1.8024442  -0.1841726  -0.01708574
  1.59177415  2.85396213  3.0404538   2.0266434   1.65366099 -0.19730899
  4.63061899  2.59341063  3.15413272  3.1424581   0.06627633 -0.50737687
 -0.12627458  3.23268401  0.3513141   0.66853447  1.44202251  1.61830079
 -0.06725978  1.64921903  2.40157029  0.16711901  3.14596286  2.83104807
  1.91920665  0.77029196  0.6935554   2.80249043]
Device (GPU) time: 1.1636 seconds
Iters. done: 779 [Current cost: -21.232771611904884]
Current parameters: [ 2.9958053   1.5261971   3.17549148  3.07997593  3.27374769  2.72348623
  0.14085554  2.61777448  1.80533527  2.6999186  -0.42681933  1.5787655
  0.63933941  0.60512194  1.62752783  1.71674127  2.91569751  0.03969112
  3.41053055  3.02445819  3.15141892  1.91104446  2.6612357   0.42108595
  3.01438856  2.95534849  0.31905829  1.42766491  1.92334405  3.19725165
  2.67637902  2.94603743  3.01697724  1.80244449 -0.18414396 -0.01707481
  1.59179949  2.85395224  3.04042017  2.02665489  1.65363834 -0.19731094
  4.63060786  2.593408    3.15413768  3.14246379  0.06626379 -0.50739473
 -0.12628574  3.23270101  0.35132672  0.66854265  1.4420033   1.61830161
 -0.06727848  1.64922681  2.40156979  0.16710765  3.14596491  2.83105189
  1.91920084  0.77030502  0.69356225  2.8025203 ]
Device (GPU) time: 1.1860 seconds
Iters. done: 780 [Current cost: -21.181604184936617]
Current parameters: [ 2.99580487  1.52617209  3.17549352  3.07996817  3.27377439  2.72346221
  0.14085356  2.61776396  1.80535452  2.69992326 -0.42683443  1.5787574
  0.63933304  0.60513287  1.62753818  1.71672728  2.91571311  0.03967329
  3.41055391  3.02446584  3.15142363  1.91104601  2.66122392  0.42110167
  3.01439421  2.95534535  0.31905185  1.42766397  1.92334901  3.19723955
  2.67637621  2.94604774  3.01695762  1.802438   -0.18417965 -0.01707459
  1.591766    2.85396438  3.04044917  2.02664952  1.65363999 -0.19731589
  4.6306206   2.59339693  3.15412914  3.1424572   0.06626841 -0.50736948
 -0.1262752   3.23268189  0.35132455  0.6685369   1.44201374  1.61829812
 -0.06726587  1.64920163  2.40154729  0.16712254  3.14596174  2.83105485
  1.91920417  0.77029512  0.69355529  2.80251317]
Device (GPU) time: 1.1150 seconds
Iters. done: 781 [Current cost: -21.135854877405382]
Current parameters: [ 2.99579677  1.52616903  3.175502    3.07997989  3.27374687  2.72346118
  0.14083577  2.61776985  1.80535707  2.69992268 -0.42684654  1.57873411
  0.63933039  0.60512665  1.627525    1.71675605  2.91572519  0.03965942
  3.41057485  3.02443163  3.15142696  1.91103192  2.66120788  0.42107631
  3.01437649  2.95533806  0.3190421   1.42766596  1.92336036  3.19724632
  2.67637246  2.9460559   3.01698176  1.802435   -0.18417774 -0.01706429
  1.59178398  2.85396162  3.04044758  2.02664033  1.65365441 -0.19731409
  4.63062638  2.59341908  3.15412305  3.14245125  0.06626046 -0.50739784
 -0.12628146  3.23269243  0.35133329  0.66852896  1.4420027   1.61831655
 -0.06725822  1.64922932  2.40153396  0.16713229  3.14597002  2.83106681
  1.91922071  0.77026878  0.69355409  2.8025038 ]
Device (GPU) time: 1.3662 seconds
Iters. done: 782 [Current cost: -21.149440537068582]
Current parameters: [ 2.99580187  1.52616964  3.17549636  3.07995733  3.27376691  2.72346539
  0.14085363  2.61776384  1.80534594  2.69991936 -0.42683578  1.57875181
  0.6393385   0.60513865  1.62754374  1.7167439   2.91571467  0.03968174
  3.41054762  3.02445853  3.15143136  1.91105805  2.6612182   0.42108632
  3.01437267  2.95535315  0.31905542  1.42768358  1.92334447  3.19724378
  2.67636431  2.94605549  3.01697479  1.80244151 -0.18418405 -0.01708598
  1.59177265  2.85396516  3.04044742  2.0266484   1.65365154 -0.19731336
  4.63061454  2.59342016  3.15413292  3.14246484  0.06626285 -0.50737972
 -0.12626743  3.23267658  0.35133616  0.66854312  1.4420248   1.6182946
 -0.06726414  1.64921194  2.40156198  0.16711478  3.14595448  2.8310577
  1.91921066  0.77029541  0.69356318  2.80250211]
Device (GPU) time: 1.1486 seconds
Iters. done: 783 [Current cost: -21.193165964627088]
Current parameters: [ 2.99579274  1.52618522  3.1754898   3.079978    3.27376202  2.72346703
  0.14086804  2.61776761  1.80535179  2.69992186 -0.42683342  1.57877065
  0.63935279  0.60514538  1.62754361  1.71676234  2.91570484  0.03967401
  3.41057027  3.02447024  3.15142922  1.91105398  2.66120106  0.42108784
  3.01440816  2.95537681  0.31906067  1.42766126  1.92333654  3.19724634
  2.6763829   2.946055    3.01697482  1.80246431 -0.18419971 -0.01708317
  1.59178698  2.85398429  3.04045325  2.02664986  1.65364243 -0.19731452
  4.63065549  2.59341845  3.15413015  3.14243128  0.06627148 -0.50737673
 -0.12628231  3.2326713   0.35132671  0.66854605  1.44199749  1.61830398
 -0.0672725   1.64921982  2.40156489  0.16712494  3.14597556  2.83105488
  1.91921276  0.77031189  0.69357905  2.80250076]
Device (GPU) time: 1.1513 seconds
Iters. done: 784 [Current cost: -21.121304389142367]
Current parameters: [ 2.99579674  1.52618765  3.17549211  3.07997205  3.27377089  2.72347304
  0.14085638  2.61776974  1.80534118  2.69991659 -0.42684783  1.5787545
  0.63932898  0.60513374  1.62754473  1.71674237  2.9157149   0.03969038
  3.410558    3.02445961  3.15143847  1.91104364  2.66122491  0.42109062
  3.01438263  2.95534795  0.31905144  1.42766564  1.92333053  3.19724694
  2.67637268  2.94604244  3.01696163  1.80244113 -0.18417856 -0.01708133
  1.59177315  2.85396272  3.04045725  2.02663913  1.65363942 -0.19731624
  4.6306188   2.59340862  3.15413614  3.14246331  0.06628111 -0.50737886
 -0.12627674  3.2326842   0.35134935  0.66853795  1.4420185   1.61830116
 -0.06726194  1.64921541  2.40155121  0.16712641  3.14597555  2.83104231
  1.91921013  0.7702916   0.69355859  2.80249193]
Device (GPU) time: 1.0640 seconds
Iters. done: 785 [Current cost: -21.211354626475867]
Current parameters: [ 2.99580317  1.5261781   3.17549464  3.0799939   3.27378638  2.7234661
  0.1408428   2.6177941   1.80535598  2.69993141 -0.42683851  1.57875291
  0.63932984  0.60512892  1.62755124  1.71673184  2.91573099  0.03971267
  3.41054683  3.02447007  3.15140817  1.91105917  2.66120447  0.42109992
  3.01439057  2.95534195  0.31906022  1.42769453  1.92333037  3.19725174
  2.67638364  2.9460694   3.01699025  1.80243723 -0.18415861 -0.01708181
  1.59176503  2.85397446  3.04044741  2.02663495  1.65367662 -0.19731574
  4.63062438  2.59340762  3.15413807  3.14245306  0.06625471 -0.50737712
 -0.12627049  3.23268135  0.35132857  0.66852831  1.44200506  1.61830273
 -0.06726477  1.64921395  2.40154496  0.16712091  3.14598837  2.83105761
  1.91918449  0.77029901  0.69355708  2.80248773]
Device (GPU) time: 1.1884 seconds
Iters. done: 786 [Current cost: -21.179107087755987]
Current parameters: [ 2.99579598  1.52618623  3.17549566  3.07996719  3.27376723  2.72347129
  0.14085641  2.61776431  1.80536175  2.69992114 -0.42684102  1.57875168
  0.63933707  0.60513124  1.62754847  1.71673425  2.91572635  0.03968395
  3.41057532  3.02446314  3.15143228  1.91105508  2.6612272   0.42110158
  3.01438434  2.95533885  0.31905121  1.4276699   1.9233457   3.19725948
  2.67636243  2.94603688  3.01697243  1.80244535 -0.18417783 -0.0170732
  1.59177779  2.85397201  3.04045119  2.0266391   1.65364405 -0.19731286
  4.63062279  2.59341641  3.15413046  3.14246879  0.06626543 -0.50737269
 -0.12627051  3.2326917   0.35132101  0.66854251  1.44200843  1.61829943
 -0.06726305  1.64922192  2.40156188  0.1671124   3.14596076  2.83105788
  1.91920265  0.77030354  0.69355861  2.80249652]
Device (GPU) time: 1.2596 seconds
Iters. done: 787 [Current cost: -21.22950997840215]
Current parameters: [ 2.9958038   1.52617733  3.17548703  3.07996765  3.2737924   2.72346878
  0.14087734  2.61774472  1.80536319  2.69991231 -0.42682481  1.57874763
  0.63934108  0.60513911  1.62755874  1.71675761  2.91570863  0.03968961
  3.41055508  3.02446196  3.15141032  1.91105694  2.6612061   0.42106073
  3.01437292  2.95534313  0.31905089  1.42766877  1.92335305  3.19725165
  2.67635343  2.94604104  3.01697505  1.80245215 -0.18417784 -0.01709199
  1.59176901  2.85396765  3.04045612  2.02663886  1.65364597 -0.19730622
  4.63060486  2.59337875  3.15414439  3.14246789  0.06628795 -0.50738314
 -0.12625204  3.23269     0.35132509  0.66852814  1.44198228  1.61831051
 -0.06726316  1.64922639  2.40154717  0.16711985  3.14598001  2.83105357
  1.91921815  0.77029919  0.6935425   2.80251725]
Device (GPU) time: 1.0663 seconds
Iters. done: 788 [Current cost: -21.155827271550418]
Current parameters: [ 2.99580546  1.52616415  3.17549723  3.07997597  3.27375869  2.72346731
  0.140849    2.61776527  1.80535414  2.6999197  -0.42684448  1.57877091
  0.63933442  0.60513959  1.62754699  1.71674074  2.91572309  0.03969495
  3.41056598  3.02446603  3.15142986  1.91105013  2.66121957  0.42108178
  3.01438515  2.95534355  0.31905814  1.42767381  1.92334556  3.19723096
  2.67637096  2.94605363  3.01697556  1.80243066 -0.18417798 -0.01707636
  1.59178468  2.85396644  3.04045668  2.02664674  1.65363776 -0.19730697
  4.63061316  2.5934039   3.1541304   3.14246048  0.06628003 -0.50737524
 -0.12627532  3.23269897  0.35132543  0.66853161  1.44201045  1.61829431
 -0.06726507  1.64921338  2.40155362  0.16711557  3.1459613   2.83105027
  1.91921262  0.77030502  0.69356859  2.80249581]
Device (GPU) time: 1.1780 seconds
Iters. done: 789 [Current cost: -21.19484623192918]
Current parameters: [ 2.99578952  1.52616523  3.17548238  3.07995469  3.27377444  2.72347557
  0.14083495  2.61776652  1.80533943  2.69992992 -0.42681824  1.57874117
  0.63931076  0.60511983  1.62753725  1.71674573  2.91573677  0.03967369
  3.41056016  3.02446115  3.15144885  1.91106992  2.66123511  0.42107881
  3.01439313  2.95533329  0.31908021  1.42765817  1.92333819  3.19725424
  2.67637942  2.94605174  3.01698274  1.80244095 -0.18417494 -0.01709308
  1.59176548  2.85397024  3.04045125  2.02665344  1.65363901 -0.19730394
  4.63061362  2.59341621  3.15411988  3.14246366  0.06626641 -0.50736725
 -0.12627506  3.23268291  0.35133054  0.6685183   1.44198035  1.61831483
 -0.06725669  1.64919182  2.4015777   0.16712276  3.14597683  2.83103542
  1.91922164  0.77030116  0.69357544  2.80250236]
Device (GPU) time: 1.1359 seconds
Iters. done: 790 [Current cost: -21.206098250917044]
Current parameters: [ 2.9957993   1.52619539  3.17548901  3.07996528  3.27376807  2.7234674
  0.1408532   2.61776402  1.80536875  2.69991916 -0.42683114  1.57876488
  0.63932623  0.60512639  1.62754249  1.71673992  2.91572735  0.0396778
  3.41055696  3.02445997  3.151428    1.91105235  2.66121405  0.42109184
  3.01437899  2.95535642  0.31905051  1.42766633  1.92333483  3.19723763
  2.67637623  2.94604833  3.01697298  1.80243479 -0.18417591 -0.01708484
  1.59177057  2.85396881  3.04046053  2.02663755  1.65364535 -0.19731076
  4.63061053  2.59340598  3.15412969  3.14245681  0.0662721  -0.50738444
 -0.12627501  3.23268563  0.35133249  0.66852879  1.44201266  1.61831255
 -0.06728212  1.64921156  2.40155907  0.16710963  3.14595375  2.83105794
  1.91920802  0.77029152  0.69356747  2.80249685]
Device (GPU) time: 1.1609 seconds
Iters. done: 791 [Current cost: -21.191520610583943]
Current parameters: [ 2.9958099   1.52618113  3.17548204  3.0799742   3.2737814   2.72346204
  0.14084701  2.61775638  1.8053414   2.6999294  -0.42686164  1.57873442
  0.63932619  0.60513792  1.6275341   1.71672875  2.9157201   0.0396848
  3.41055942  3.02446906  3.15140675  1.91106249  2.66123514  0.42106602
  3.01438251  2.95535151  0.31907062  1.4276592   1.92334313  3.19721163
  2.67634879  2.94604499  3.01697591  1.80244028 -0.18417074 -0.0170704
  1.591762    2.85395865  3.04046338  2.02664707  1.65363265 -0.197323
  4.63064067  2.59341527  3.15412696  3.14246406  0.06626286 -0.50739667
 -0.12628691  3.23268042  0.35131908  0.66855955  1.44201455  1.61832532
 -0.06728482  1.64921631  2.40156265  0.16709777  3.14597359  2.83105203
  1.91920908  0.77030945  0.69354966  2.80248331]
Device (GPU) time: 1.0544 seconds
Iters. done: 792 [Current cost: -21.193547242996523]
Current parameters: [ 2.99581374  1.52616949  3.17548535  3.07997352  3.273764    2.72347106
  0.14086603  2.61776722  1.80535406  2.69991857 -0.42684087  1.57874476
  0.63932893  0.60513104  1.62754241  1.71673245  2.91571362  0.03968563
  3.41055577  3.02445449  3.1514316   1.91106232  2.66121157  0.42108903
  3.01438976  2.95534583  0.31905366  1.42766722  1.92334205  3.19724779
  2.67637921  2.94603005  3.01697287  1.80243472 -0.18417405 -0.01708178
  1.59178011  2.85396769  3.04047006  2.02664932  1.65364999 -0.19730926
  4.63061178  2.59341406  3.15413493  3.14245038  0.06627166 -0.50737846
 -0.12627741  3.23268086  0.35132493  0.66854195  1.44201523  1.61830725
 -0.06725582  1.64921452  2.40155078  0.16710482  3.14596598  2.83105165
  1.91920674  0.77029423  0.6935723   2.80250401]
Device (GPU) time: 1.7191 seconds
Iters. done: 793 [Current cost: -21.183284614940955]
Current parameters: [ 2.99580656  1.52617869  3.17549132  3.0799765   3.27378301  2.72346915
  0.14084425  2.61776016  1.80534847  2.6999341  -0.42684449  1.57875933
  0.63936166  0.60510379  1.62752916  1.71674321  2.91573215  0.03970194
  3.4105639   3.02446391  3.15144127  1.91105494  2.66120581  0.4210908
  3.01437719  2.95535177  0.31906257  1.42764864  1.92336451  3.19725407
  2.67635503  2.94605943  3.01696829  1.80245428 -0.18416546 -0.01707735
  1.59179323  2.85393884  3.0404841   2.02664662  1.65365087 -0.19732255
  4.6306268   2.593398    3.1541597   3.14246032  0.06626537 -0.50738149
 -0.12627417  3.23268184  0.35133991  0.66853873  1.44200655  1.61830484
 -0.06726157  1.64919505  2.40156478  0.16712655  3.14593859  2.83104777
  1.91919444  0.7702906   0.69357348  2.80250426]
Device (GPU) time: 1.1551 seconds
Iters. done: 794 [Current cost: -21.168736722306406]
Current parameters: [ 2.9958137   1.52618605  3.17548262  3.07997974  3.27377988  2.72347113
  0.14085218  2.61775833  1.80535291  2.69992021 -0.42683548  1.57874753
  0.6393334   0.60514306  1.62755309  1.71674988  2.91572761  0.03968655
  3.41056991  3.02446561  3.1514318   1.91105448  2.66122076  0.42108879
  3.01438328  2.95534172  0.3190426   1.42767389  1.92334299  3.19723851
  2.67638237  2.94604618  3.016973    1.80243654 -0.18418071 -0.01706914
  1.59177596  2.85395975  3.04044328  2.02665013  1.65365147 -0.19731139
  4.63062011  2.59340509  3.15413251  3.14246694  0.0662702  -0.50738507
 -0.12628815  3.23267763  0.35133396  0.66853611  1.44201501  1.61830524
 -0.06726177  1.6492104   2.40156399  0.16711786  3.14595832  2.83104937
  1.91920735  0.77029836  0.69357115  2.80251246]
Device (GPU) time: 1.1604 seconds
Iters. done: 795 [Current cost: -21.205520735848015]
Current parameters: [ 2.99578469  1.52618279  3.17549074  3.07994489  3.27375414  2.72348671
  0.14083676  2.61778002  1.80535175  2.69992158 -0.42683458  1.57872226
  0.63932242  0.60512841  1.62756788  1.71674749  2.91572983  0.03967703
  3.41054268  3.02446724  3.15140193  1.91106335  2.66120241  0.42108907
  3.01439034  2.95534367  0.3190438   1.42766449  1.92334676  3.19723793
  2.67636519  2.94604491  3.01697281  1.80242488 -0.18416458 -0.01706599
  1.5917991   2.85398596  3.04046502  2.02663611  1.65364264 -0.19731244
  4.63063687  2.59339189  3.15414881  3.14245811  0.06629139 -0.50737312
 -0.12628519  3.23267796  0.35132501  0.6685441   1.44202378  1.61828311
 -0.06727046  1.64920842  2.40156828  0.16713222  3.14595448  2.83104368
  1.9192157   0.7702987   0.69355971  2.8025053 ]
Device (GPU) time: 1.0556 seconds
Iters. done: 796 [Current cost: -21.197366436151302]
Current parameters: [ 2.99579649  1.52618067  3.17548762  3.07996628  3.27376729  2.72346972
  0.14085166  2.61776555  1.8053543   2.6999182  -0.42684949  1.57874425
  0.63934391  0.60513794  1.6275412   1.71674416  2.91572023  0.03968632
  3.41056817  3.02445872  3.15143274  1.9110502   2.66123008  0.42109643
  3.01438486  2.95535835  0.31905863  1.42767286  1.92335321  3.19724791
  2.67637144  2.94605129  3.01697899  1.80244203 -0.18416727 -0.01707496
  1.59177551  2.85397786  3.04045318  2.02665837  1.65365228 -0.19731422
  4.63060353  2.5933979   3.15413119  3.14244818  0.06627922 -0.50737775
 -0.12627303  3.23268167  0.35132735  0.66853113  1.44202463  1.61831398
 -0.06727249  1.6492096   2.4015586   0.16711681  3.14596805  2.83104407
  1.91920687  0.77030071  0.69355889  2.80250343]
Device (GPU) time: 1.2459 seconds
Iters. done: 797 [Current cost: -21.132253336274076]
Current parameters: [ 2.99579383  1.52617428  3.17550787  3.07996506  3.27376017  2.72351319
  0.14085276  2.61775604  1.80535127  2.6999366  -0.42684714  1.57874645
  0.63931718  0.60514299  1.62756289  1.71673524  2.91568946  0.03968353
  3.410581    3.02446693  3.15142363  1.91106386  2.66120854  0.42109163
  3.01438033  2.95535586  0.31905318  1.42765108  1.923334    3.19723088
  2.67636966  2.94605011  3.01697041  1.8024524  -0.18417867 -0.01707522
  1.59176875  2.85396574  3.04044016  2.02665417  1.65365234 -0.1973017
  4.63059554  2.59339445  3.15414003  3.14245665  0.06624568 -0.50738961
 -0.12627256  3.23269509  0.35133108  0.66854589  1.44200502  1.61831475
 -0.0672591   1.64919772  2.40154899  0.16713486  3.14595149  2.83105836
  1.91919083  0.77029217  0.69357469  2.80247976]
Device (GPU) time: 1.1475 seconds
Iters. done: 798 [Current cost: -21.210891123850836]
Current parameters: [ 2.99580695  1.52618609  3.17548905  3.07997155  3.27376747  2.72348117
  0.14085451  2.61776637  1.80536655  2.69992793 -0.42684352  1.57875421
  0.63932676  0.60514028  1.62753794  1.71674728  2.91571647  0.03968619
  3.41055571  3.02445826  3.15144318  1.91105379  2.66121688  0.42108394
  3.01438999  2.95534026  0.31905498  1.42766098  1.92334495  3.19723691
  2.67636603  2.94605859  3.01696358  1.8024403  -0.18417101 -0.01707658
  1.59178279  2.85397913  3.04044887  2.02664989  1.6536442  -0.19731245
  4.63062383  2.59340954  3.1541397   3.14246008  0.06626936 -0.50738011
 -0.12626872  3.23267579  0.35133311  0.66852597  1.44201569  1.61829978
 -0.06725566  1.64920624  2.40155779  0.16710044  3.14596556  2.83105798
  1.91920433  0.77029857  0.69354969  2.80250199]
Device (GPU) time: 1.0437 seconds
Iters. done: 799 [Current cost: -21.24116841441299]
Current parameters: [ 2.99581163  1.52617792  3.17552025  3.07998221  3.27377294  2.72348486
  0.1408503   2.61775731  1.80535581  2.69989099 -0.42683346  1.57874499
  0.63932244  0.60513309  1.6275347   1.71672702  2.91571697  0.03968099
  3.41057683  3.02445157  3.1514365   1.9110477   2.66121489  0.42106655
  3.01440149  2.95537546  0.31904867  1.42767099  1.92332431  3.19725365
  2.67634606  2.94604561  3.01698202  1.80243811 -0.1841573  -0.01707254
  1.59175582  2.85395952  3.04044724  2.02664558  1.65366324 -0.19730881
  4.63063063  2.59341395  3.15415603  3.14246629  0.06628071 -0.5073493
 -0.12629563  3.23269212  0.35133096  0.66852345  1.44201819  1.61829383
 -0.06727206  1.64919552  2.40156425  0.16710859  3.14596327  2.83106627
  1.91921873  0.77029969  0.69356439  2.80250846]
Device (GPU) time: 1.1994 seconds
Iters. done: 800 [Current cost: -21.200900556645976]
Current parameters: [ 2.99581163  1.52617792  3.17552025  3.07998221  3.27377294  2.72348486
  0.1408503   2.61775731  1.80535581  2.69989099 -0.42683346  1.57874499
  0.63932244  0.60513309  1.6275347   1.71672702  2.91571697  0.03968099
  3.41057683  3.02445157  3.1514365   1.9110477   2.66121489  0.42106655
  3.01440149  2.95537546  0.31904867  1.42767099  1.92332431  3.19725365
  2.67634606  2.94604561  3.01698202  1.80243811 -0.1841573  -0.01707254
  1.59175582  2.85395952  3.04044724  2.02664558  1.65366324 -0.19730881
  4.63063063  2.59341395  3.15415603  3.14246629  0.06628071 -0.5073493
 -0.12629563  3.23269212  0.35133096  0.66852345  1.44201819  1.61829383
 -0.06727206  1.64919552  2.40156425  0.16710859  3.14596327  2.83106627
  1.91921873  0.77029969  0.69356439  2.80250846]
Device (GPU) time: 1.1590 seconds

Total time: 941.9484858513 seconds
Total device time: 941.1474652290 seconds
Total classical optimizer time 0.8010206223 
 message: Optimization terminated successfully.
 success: True
  status: 1
     fun: -21.200900556645976
       x: [ 2.996e+00  1.526e+00 ...  6.936e-01  2.803e+00]
    nfev: 800
   maxcv: 0.0

=== GROUND STATE ENERGY ===
 
* Electronic ground state energy (Hartree): -68.975053571228
  - computed part:      -21.200900556646
  - FreezeCoreTransformer extracted energy part: -47.774153014582
~ Nuclear repulsion energy (Hartree): 14.033695679786
> Total ground state energy (Hartree): -54.941357891443
 
=== MEASURED OBSERVABLES ===
 
 
=== DIPOLE MOMENTS ===
 
~ Nuclear dipole moment (a.u.): [0.0  0.0  0.0]
 
calculting using numpy
=== GROUND STATE ENERGY ===
 
* Electronic ground state energy (Hartree): -69.770627941648
  - computed part:      -21.996474927066
  - FreezeCoreTransformer extracted energy part: -47.774153014582
~ Nuclear repulsion energy (Hartree): 14.033695679786
> Total ground state energy (Hartree): -55.736932261862
 
=== MEASURED OBSERVABLES ===
 
 
=== DIPOLE MOMENTS ===
 
~ Nuclear dipole moment (a.u.): [0.0  0.0  0.0]
 

real    15m46.493s
user    56m8.210s
sys     27m45.410s