using usscd = 64

Iters. done: 1 [Current cost: -15.940247140129575]
Current parameters: [3.82288861 3.07715371 3.06207342 1.74361005 2.43133216 1.67577375
 1.98401322 1.32694335 1.27290691 2.15837534 1.31499772 2.26336911
 2.45135447 0.64015928 2.33542843 2.66007347 0.92895159 2.95007937
 0.78071761 2.61340011 2.70821483 0.6941094  2.09120353 1.53207241
 0.28271397 2.83435207 1.71909814 1.26215495 1.64085997 0.02559122
 1.03250918 1.69423325 0.58658253 0.32614734 2.2800034  2.4048562
 2.40500862 3.102408   0.78066605 2.28915634 1.36432398 1.52211619
 0.16468513 1.08872054 1.96316765 1.48512391 0.11297189 3.05083083
 0.05827629 0.18332817 0.99934521 0.71072326 0.18646609 0.67511379
 0.60754359 0.96212934 1.19208833 0.62353422 0.78343828 1.89616011
 2.74233394 1.98876174 2.7308623  1.97285367]
Device (GPU) time: 1.2108 seconds
Iters. done: 2 [Current cost: -15.915071848306415]
Current parameters: [2.82288861 4.07715371 3.06207342 1.74361005 2.43133216 1.67577375
 1.98401322 1.32694335 1.27290691 2.15837534 1.31499772 2.26336911
 2.45135447 0.64015928 2.33542843 2.66007347 0.92895159 2.95007937
 0.78071761 2.61340011 2.70821483 0.6941094  2.09120353 1.53207241
 0.28271397 2.83435207 1.71909814 1.26215495 1.64085997 0.02559122
 1.03250918 1.69423325 0.58658253 0.32614734 2.2800034  2.4048562
 2.40500862 3.102408   0.78066605 2.28915634 1.36432398 1.52211619
 0.16468513 1.08872054 1.96316765 1.48512391 0.11297189 3.05083083
 0.05827629 0.18332817 0.99934521 0.71072326 0.18646609 0.67511379
 0.60754359 0.96212934 1.19208833 0.62353422 0.78343828 1.89616011
 2.74233394 1.98876174 2.7308623  1.97285367]
Device (GPU) time: 1.2527 seconds
Iters. done: 3 [Current cost: -16.197843769203015]
Current parameters: [2.82288861 4.07715371 4.06207342 1.74361005 2.43133216 1.67577375
 1.98401322 1.32694335 1.27290691 2.15837534 1.31499772 2.26336911
 2.45135447 0.64015928 2.33542843 2.66007347 0.92895159 2.95007937
 0.78071761 2.61340011 2.70821483 0.6941094  2.09120353 1.53207241
 0.28271397 2.83435207 1.71909814 1.26215495 1.64085997 0.02559122
 1.03250918 1.69423325 0.58658253 0.32614734 2.2800034  2.4048562
 2.40500862 3.102408   0.78066605 2.28915634 1.36432398 1.52211619
 0.16468513 1.08872054 1.96316765 1.48512391 0.11297189 3.05083083
 0.05827629 0.18332817 0.99934521 0.71072326 0.18646609 0.67511379
 0.60754359 0.96212934 1.19208833 0.62353422 0.78343828 1.89616011
 2.74233394 1.98876174 2.7308623  1.97285367]
Device (GPU) time: 1.1604 seconds
Iters. done: 4 [Current cost: -16.017700563805043]
Current parameters: [2.82288861 4.07715371 3.06207342 2.74361005 2.43133216 1.67577375
 1.98401322 1.32694335 1.27290691 2.15837534 1.31499772 2.26336911
 2.45135447 0.64015928 2.33542843 2.66007347 0.92895159 2.95007937
 0.78071761 2.61340011 2.70821483 0.6941094  2.09120353 1.53207241
 0.28271397 2.83435207 1.71909814 1.26215495 1.64085997 0.02559122
 1.03250918 1.69423325 0.58658253 0.32614734 2.2800034  2.4048562
 2.40500862 3.102408   0.78066605 2.28915634 1.36432398 1.52211619
 0.16468513 1.08872054 1.96316765 1.48512391 0.11297189 3.05083083
 0.05827629 0.18332817 0.99934521 0.71072326 0.18646609 0.67511379
 0.60754359 0.96212934 1.19208833 0.62353422 0.78343828 1.89616011
 2.74233394 1.98876174 2.7308623  1.97285367]
Device (GPU) time: 1.1385 seconds
Iters. done: 5 [Current cost: -16.417507078689834]
Current parameters: [2.82288861 4.07715371 3.06207342 2.74361005 3.43133216 1.67577375
 1.98401322 1.32694335 1.27290691 2.15837534 1.31499772 2.26336911
 2.45135447 0.64015928 2.33542843 2.66007347 0.92895159 2.95007937
 0.78071761 2.61340011 2.70821483 0.6941094  2.09120353 1.53207241
 0.28271397 2.83435207 1.71909814 1.26215495 1.64085997 0.02559122
 1.03250918 1.69423325 0.58658253 0.32614734 2.2800034  2.4048562
 2.40500862 3.102408   0.78066605 2.28915634 1.36432398 1.52211619
 0.16468513 1.08872054 1.96316765 1.48512391 0.11297189 3.05083083
 0.05827629 0.18332817 0.99934521 0.71072326 0.18646609 0.67511379
 0.60754359 0.96212934 1.19208833 0.62353422 0.78343828 1.89616011
 2.74233394 1.98876174 2.7308623  1.97285367]
Device (GPU) time: 1.0250 seconds
Iters. done: 6 [Current cost: -16.528429657237627]
Current parameters: [2.82288861 4.07715371 3.06207342 2.74361005 3.43133216 2.67577375
 1.98401322 1.32694335 1.27290691 2.15837534 1.31499772 2.26336911
 2.45135447 0.64015928 2.33542843 2.66007347 0.92895159 2.95007937
 0.78071761 2.61340011 2.70821483 0.6941094  2.09120353 1.53207241
 0.28271397 2.83435207 1.71909814 1.26215495 1.64085997 0.02559122
 1.03250918 1.69423325 0.58658253 0.32614734 2.2800034  2.4048562
 2.40500862 3.102408   0.78066605 2.28915634 1.36432398 1.52211619
 0.16468513 1.08872054 1.96316765 1.48512391 0.11297189 3.05083083
 0.05827629 0.18332817 0.99934521 0.71072326 0.18646609 0.67511379
 0.60754359 0.96212934 1.19208833 0.62353422 0.78343828 1.89616011
 2.74233394 1.98876174 2.7308623  1.97285367]
Device (GPU) time: 1.1078 seconds
Iters. done: 7 [Current cost: -16.08068794519974]
Current parameters: [2.82288861 4.07715371 3.06207342 2.74361005 3.43133216 1.67577375
 2.98401322 1.32694335 1.27290691 2.15837534 1.31499772 2.26336911
 2.45135447 0.64015928 2.33542843 2.66007347 0.92895159 2.95007937
 0.78071761 2.61340011 2.70821483 0.6941094  2.09120353 1.53207241
 0.28271397 2.83435207 1.71909814 1.26215495 1.64085997 0.02559122
 1.03250918 1.69423325 0.58658253 0.32614734 2.2800034  2.4048562
 2.40500862 3.102408   0.78066605 2.28915634 1.36432398 1.52211619
 0.16468513 1.08872054 1.96316765 1.48512391 0.11297189 3.05083083
 0.05827629 0.18332817 0.99934521 0.71072326 0.18646609 0.67511379
 0.60754359 0.96212934 1.19208833 0.62353422 0.78343828 1.89616011
 2.74233394 1.98876174 2.7308623  1.97285367]
Device (GPU) time: 1.1095 seconds
Iters. done: 8 [Current cost: -16.250868730288822]
Current parameters: [2.82288861 4.07715371 3.06207342 2.74361005 3.43133216 1.67577375
 1.98401322 2.32694335 1.27290691 2.15837534 1.31499772 2.26336911
 2.45135447 0.64015928 2.33542843 2.66007347 0.92895159 2.95007937
 0.78071761 2.61340011 2.70821483 0.6941094  2.09120353 1.53207241
 0.28271397 2.83435207 1.71909814 1.26215495 1.64085997 0.02559122
 1.03250918 1.69423325 0.58658253 0.32614734 2.2800034  2.4048562
 2.40500862 3.102408   0.78066605 2.28915634 1.36432398 1.52211619
 0.16468513 1.08872054 1.96316765 1.48512391 0.11297189 3.05083083
 0.05827629 0.18332817 0.99934521 0.71072326 0.18646609 0.67511379
 0.60754359 0.96212934 1.19208833 0.62353422 0.78343828 1.89616011
 2.74233394 1.98876174 2.7308623  1.97285367]
Device (GPU) time: 1.0738 seconds
Iters. done: 9 [Current cost: -16.59164847025773]
Current parameters: [2.82288861 4.07715371 3.06207342 2.74361005 3.43133216 1.67577375
 1.98401322 2.32694335 2.27290691 2.15837534 1.31499772 2.26336911
 2.45135447 0.64015928 2.33542843 2.66007347 0.92895159 2.95007937
 0.78071761 2.61340011 2.70821483 0.6941094  2.09120353 1.53207241
 0.28271397 2.83435207 1.71909814 1.26215495 1.64085997 0.02559122
 1.03250918 1.69423325 0.58658253 0.32614734 2.2800034  2.4048562
 2.40500862 3.102408   0.78066605 2.28915634 1.36432398 1.52211619
 0.16468513 1.08872054 1.96316765 1.48512391 0.11297189 3.05083083
 0.05827629 0.18332817 0.99934521 0.71072326 0.18646609 0.67511379
 0.60754359 0.96212934 1.19208833 0.62353422 0.78343828 1.89616011
 2.74233394 1.98876174 2.7308623  1.97285367]
Device (GPU) time: 1.1589 seconds
Iters. done: 10 [Current cost: -16.61792622884666]
Current parameters: [2.82288861 4.07715371 3.06207342 2.74361005 3.43133216 1.67577375
 1.98401322 2.32694335 2.27290691 3.15837534 1.31499772 2.26336911
 2.45135447 0.64015928 2.33542843 2.66007347 0.92895159 2.95007937
 0.78071761 2.61340011 2.70821483 0.6941094  2.09120353 1.53207241
 0.28271397 2.83435207 1.71909814 1.26215495 1.64085997 0.02559122
 1.03250918 1.69423325 0.58658253 0.32614734 2.2800034  2.4048562
 2.40500862 3.102408   0.78066605 2.28915634 1.36432398 1.52211619
 0.16468513 1.08872054 1.96316765 1.48512391 0.11297189 3.05083083
 0.05827629 0.18332817 0.99934521 0.71072326 0.18646609 0.67511379
 0.60754359 0.96212934 1.19208833 0.62353422 0.78343828 1.89616011
 2.74233394 1.98876174 2.7308623  1.97285367]
Device (GPU) time: 1.1483 seconds
Iters. done: 11 [Current cost: -16.499233295452875]
Current parameters: [2.82288861 4.07715371 3.06207342 2.74361005 3.43133216 1.67577375
 1.98401322 2.32694335 2.27290691 2.15837534 2.31499772 2.26336911
 2.45135447 0.64015928 2.33542843 2.66007347 0.92895159 2.95007937
 0.78071761 2.61340011 2.70821483 0.6941094  2.09120353 1.53207241
 0.28271397 2.83435207 1.71909814 1.26215495 1.64085997 0.02559122
 1.03250918 1.69423325 0.58658253 0.32614734 2.2800034  2.4048562
 2.40500862 3.102408   0.78066605 2.28915634 1.36432398 1.52211619
 0.16468513 1.08872054 1.96316765 1.48512391 0.11297189 3.05083083
 0.05827629 0.18332817 0.99934521 0.71072326 0.18646609 0.67511379
 0.60754359 0.96212934 1.19208833 0.62353422 0.78343828 1.89616011
 2.74233394 1.98876174 2.7308623  1.97285367]
Device (GPU) time: 1.1381 seconds
Iters. done: 12 [Current cost: -16.643281227406025]
Current parameters: [2.82288861 4.07715371 3.06207342 2.74361005 3.43133216 1.67577375
 1.98401322 2.32694335 2.27290691 2.15837534 2.31499772 3.26336911
 2.45135447 0.64015928 2.33542843 2.66007347 0.92895159 2.95007937
 0.78071761 2.61340011 2.70821483 0.6941094  2.09120353 1.53207241
 0.28271397 2.83435207 1.71909814 1.26215495 1.64085997 0.02559122
 1.03250918 1.69423325 0.58658253 0.32614734 2.2800034  2.4048562
 2.40500862 3.102408   0.78066605 2.28915634 1.36432398 1.52211619
 0.16468513 1.08872054 1.96316765 1.48512391 0.11297189 3.05083083
 0.05827629 0.18332817 0.99934521 0.71072326 0.18646609 0.67511379
 0.60754359 0.96212934 1.19208833 0.62353422 0.78343828 1.89616011
 2.74233394 1.98876174 2.7308623  1.97285367]
Device (GPU) time: 0.9992 seconds
Iters. done: 13 [Current cost: -16.61415045444738]
Current parameters: [2.82288861 4.07715371 3.06207342 2.74361005 3.43133216 1.67577375
 1.98401322 2.32694335 2.27290691 2.15837534 2.31499772 2.26336911
 3.45135447 0.64015928 2.33542843 2.66007347 0.92895159 2.95007937
 0.78071761 2.61340011 2.70821483 0.6941094  2.09120353 1.53207241
 0.28271397 2.83435207 1.71909814 1.26215495 1.64085997 0.02559122
 1.03250918 1.69423325 0.58658253 0.32614734 2.2800034  2.4048562
 2.40500862 3.102408   0.78066605 2.28915634 1.36432398 1.52211619
 0.16468513 1.08872054 1.96316765 1.48512391 0.11297189 3.05083083
 0.05827629 0.18332817 0.99934521 0.71072326 0.18646609 0.67511379
 0.60754359 0.96212934 1.19208833 0.62353422 0.78343828 1.89616011
 2.74233394 1.98876174 2.7308623  1.97285367]
Device (GPU) time: 1.1374 seconds
Iters. done: 14 [Current cost: -16.587018016779197]
Current parameters: [2.82288861 4.07715371 3.06207342 2.74361005 3.43133216 1.67577375
 1.98401322 2.32694335 2.27290691 2.15837534 2.31499772 2.26336911
 2.45135447 1.64015928 2.33542843 2.66007347 0.92895159 2.95007937
 0.78071761 2.61340011 2.70821483 0.6941094  2.09120353 1.53207241
 0.28271397 2.83435207 1.71909814 1.26215495 1.64085997 0.02559122
 1.03250918 1.69423325 0.58658253 0.32614734 2.2800034  2.4048562
 2.40500862 3.102408   0.78066605 2.28915634 1.36432398 1.52211619
 0.16468513 1.08872054 1.96316765 1.48512391 0.11297189 3.05083083
 0.05827629 0.18332817 0.99934521 0.71072326 0.18646609 0.67511379
 0.60754359 0.96212934 1.19208833 0.62353422 0.78343828 1.89616011
 2.74233394 1.98876174 2.7308623  1.97285367]
Device (GPU) time: 1.1278 seconds
Iters. done: 15 [Current cost: -16.605978645900667]
Current parameters: [2.82288861 4.07715371 3.06207342 2.74361005 3.43133216 1.67577375
 1.98401322 2.32694335 2.27290691 2.15837534 2.31499772 2.26336911
 2.45135447 0.64015928 3.33542843 2.66007347 0.92895159 2.95007937
 0.78071761 2.61340011 2.70821483 0.6941094  2.09120353 1.53207241
 0.28271397 2.83435207 1.71909814 1.26215495 1.64085997 0.02559122
 1.03250918 1.69423325 0.58658253 0.32614734 2.2800034  2.4048562
 2.40500862 3.102408   0.78066605 2.28915634 1.36432398 1.52211619
 0.16468513 1.08872054 1.96316765 1.48512391 0.11297189 3.05083083
 0.05827629 0.18332817 0.99934521 0.71072326 0.18646609 0.67511379
 0.60754359 0.96212934 1.19208833 0.62353422 0.78343828 1.89616011
 2.74233394 1.98876174 2.7308623  1.97285367]
Device (GPU) time: 1.0144 seconds
Iters. done: 16 [Current cost: -16.482718887257345]
Current parameters: [2.82288861 4.07715371 3.06207342 2.74361005 3.43133216 1.67577375
 1.98401322 2.32694335 2.27290691 2.15837534 2.31499772 2.26336911
 2.45135447 0.64015928 2.33542843 3.66007347 0.92895159 2.95007937
 0.78071761 2.61340011 2.70821483 0.6941094  2.09120353 1.53207241
 0.28271397 2.83435207 1.71909814 1.26215495 1.64085997 0.02559122
 1.03250918 1.69423325 0.58658253 0.32614734 2.2800034  2.4048562
 2.40500862 3.102408   0.78066605 2.28915634 1.36432398 1.52211619
 0.16468513 1.08872054 1.96316765 1.48512391 0.11297189 3.05083083
 0.05827629 0.18332817 0.99934521 0.71072326 0.18646609 0.67511379
 0.60754359 0.96212934 1.19208833 0.62353422 0.78343828 1.89616011
 2.74233394 1.98876174 2.7308623  1.97285367]
Device (GPU) time: 1.2045 seconds
Iters. done: 17 [Current cost: -16.744473749504333]
Current parameters: [2.82288861 4.07715371 3.06207342 2.74361005 3.43133216 1.67577375
 1.98401322 2.32694335 2.27290691 2.15837534 2.31499772 2.26336911
 2.45135447 0.64015928 2.33542843 3.66007347 1.92895159 2.95007937
 0.78071761 2.61340011 2.70821483 0.6941094  2.09120353 1.53207241
 0.28271397 2.83435207 1.71909814 1.26215495 1.64085997 0.02559122
 1.03250918 1.69423325 0.58658253 0.32614734 2.2800034  2.4048562
 2.40500862 3.102408   0.78066605 2.28915634 1.36432398 1.52211619
 0.16468513 1.08872054 1.96316765 1.48512391 0.11297189 3.05083083
 0.05827629 0.18332817 0.99934521 0.71072326 0.18646609 0.67511379
 0.60754359 0.96212934 1.19208833 0.62353422 0.78343828 1.89616011
 2.74233394 1.98876174 2.7308623  1.97285367]
Device (GPU) time: 1.1376 seconds
Iters. done: 18 [Current cost: -16.34124010307617]
Current parameters: [2.82288861 4.07715371 3.06207342 2.74361005 3.43133216 1.67577375
 1.98401322 2.32694335 2.27290691 2.15837534 2.31499772 2.26336911
 2.45135447 0.64015928 2.33542843 3.66007347 0.92895159 3.95007937
 0.78071761 2.61340011 2.70821483 0.6941094  2.09120353 1.53207241
 0.28271397 2.83435207 1.71909814 1.26215495 1.64085997 0.02559122
 1.03250918 1.69423325 0.58658253 0.32614734 2.2800034  2.4048562
 2.40500862 3.102408   0.78066605 2.28915634 1.36432398 1.52211619
 0.16468513 1.08872054 1.96316765 1.48512391 0.11297189 3.05083083
 0.05827629 0.18332817 0.99934521 0.71072326 0.18646609 0.67511379
 0.60754359 0.96212934 1.19208833 0.62353422 0.78343828 1.89616011
 2.74233394 1.98876174 2.7308623  1.97285367]
Device (GPU) time: 1.0391 seconds
Iters. done: 19 [Current cost: -16.98161743955769]
Current parameters: [2.82288861 4.07715371 3.06207342 2.74361005 3.43133216 1.67577375
 1.98401322 2.32694335 2.27290691 2.15837534 2.31499772 2.26336911
 2.45135447 0.64015928 2.33542843 3.66007347 0.92895159 3.95007937
 1.78071761 2.61340011 2.70821483 0.6941094  2.09120353 1.53207241
 0.28271397 2.83435207 1.71909814 1.26215495 1.64085997 0.02559122
 1.03250918 1.69423325 0.58658253 0.32614734 2.2800034  2.4048562
 2.40500862 3.102408   0.78066605 2.28915634 1.36432398 1.52211619
 0.16468513 1.08872054 1.96316765 1.48512391 0.11297189 3.05083083
 0.05827629 0.18332817 0.99934521 0.71072326 0.18646609 0.67511379
 0.60754359 0.96212934 1.19208833 0.62353422 0.78343828 1.89616011
 2.74233394 1.98876174 2.7308623  1.97285367]
Device (GPU) time: 1.1396 seconds
Iters. done: 20 [Current cost: -16.375514316915115]
Current parameters: [2.82288861 4.07715371 3.06207342 2.74361005 3.43133216 1.67577375
 1.98401322 2.32694335 2.27290691 2.15837534 2.31499772 2.26336911
 2.45135447 0.64015928 2.33542843 3.66007347 0.92895159 3.95007937
 0.78071761 3.61340011 2.70821483 0.6941094  2.09120353 1.53207241
 0.28271397 2.83435207 1.71909814 1.26215495 1.64085997 0.02559122
 1.03250918 1.69423325 0.58658253 0.32614734 2.2800034  2.4048562
 2.40500862 3.102408   0.78066605 2.28915634 1.36432398 1.52211619
 0.16468513 1.08872054 1.96316765 1.48512391 0.11297189 3.05083083
 0.05827629 0.18332817 0.99934521 0.71072326 0.18646609 0.67511379
 0.60754359 0.96212934 1.19208833 0.62353422 0.78343828 1.89616011
 2.74233394 1.98876174 2.7308623  1.97285367]
Device (GPU) time: 1.1335 seconds
Iters. done: 21 [Current cost: -17.411271878019885]
Current parameters: [2.82288861 4.07715371 3.06207342 2.74361005 3.43133216 1.67577375
 1.98401322 2.32694335 2.27290691 2.15837534 2.31499772 2.26336911
 2.45135447 0.64015928 2.33542843 3.66007347 0.92895159 3.95007937
 0.78071761 3.61340011 3.70821483 0.6941094  2.09120353 1.53207241
 0.28271397 2.83435207 1.71909814 1.26215495 1.64085997 0.02559122
 1.03250918 1.69423325 0.58658253 0.32614734 2.2800034  2.4048562
 2.40500862 3.102408   0.78066605 2.28915634 1.36432398 1.52211619
 0.16468513 1.08872054 1.96316765 1.48512391 0.11297189 3.05083083
 0.05827629 0.18332817 0.99934521 0.71072326 0.18646609 0.67511379
 0.60754359 0.96212934 1.19208833 0.62353422 0.78343828 1.89616011
 2.74233394 1.98876174 2.7308623  1.97285367]
Device (GPU) time: 1.0906 seconds
Iters. done: 22 [Current cost: -17.134543674641556]
Current parameters: [2.82288861 4.07715371 3.06207342 2.74361005 3.43133216 1.67577375
 1.98401322 2.32694335 2.27290691 2.15837534 2.31499772 2.26336911
 2.45135447 0.64015928 2.33542843 3.66007347 0.92895159 3.95007937
 0.78071761 3.61340011 2.70821483 1.6941094  2.09120353 1.53207241
 0.28271397 2.83435207 1.71909814 1.26215495 1.64085997 0.02559122
 1.03250918 1.69423325 0.58658253 0.32614734 2.2800034  2.4048562
 2.40500862 3.102408   0.78066605 2.28915634 1.36432398 1.52211619
 0.16468513 1.08872054 1.96316765 1.48512391 0.11297189 3.05083083
 0.05827629 0.18332817 0.99934521 0.71072326 0.18646609 0.67511379
 0.60754359 0.96212934 1.19208833 0.62353422 0.78343828 1.89616011
 2.74233394 1.98876174 2.7308623  1.97285367]
Device (GPU) time: 1.1584 seconds
Iters. done: 23 [Current cost: -17.318153604869575]
Current parameters: [2.82288861 4.07715371 3.06207342 2.74361005 3.43133216 1.67577375
 1.98401322 2.32694335 2.27290691 2.15837534 2.31499772 2.26336911
 2.45135447 0.64015928 2.33542843 3.66007347 0.92895159 3.95007937
 0.78071761 3.61340011 2.70821483 0.6941094  3.09120353 1.53207241
 0.28271397 2.83435207 1.71909814 1.26215495 1.64085997 0.02559122
 1.03250918 1.69423325 0.58658253 0.32614734 2.2800034  2.4048562
 2.40500862 3.102408   0.78066605 2.28915634 1.36432398 1.52211619
 0.16468513 1.08872054 1.96316765 1.48512391 0.11297189 3.05083083
 0.05827629 0.18332817 0.99934521 0.71072326 0.18646609 0.67511379
 0.60754359 0.96212934 1.19208833 0.62353422 0.78343828 1.89616011
 2.74233394 1.98876174 2.7308623  1.97285367]
Device (GPU) time: 1.0302 seconds
Iters. done: 24 [Current cost: -17.737944202717276]
Current parameters: [2.82288861 4.07715371 3.06207342 2.74361005 3.43133216 1.67577375
 1.98401322 2.32694335 2.27290691 2.15837534 2.31499772 2.26336911
 2.45135447 0.64015928 2.33542843 3.66007347 0.92895159 3.95007937
 0.78071761 3.61340011 2.70821483 0.6941094  3.09120353 2.53207241
 0.28271397 2.83435207 1.71909814 1.26215495 1.64085997 0.02559122
 1.03250918 1.69423325 0.58658253 0.32614734 2.2800034  2.4048562
 2.40500862 3.102408   0.78066605 2.28915634 1.36432398 1.52211619
 0.16468513 1.08872054 1.96316765 1.48512391 0.11297189 3.05083083
 0.05827629 0.18332817 0.99934521 0.71072326 0.18646609 0.67511379
 0.60754359 0.96212934 1.19208833 0.62353422 0.78343828 1.89616011
 2.74233394 1.98876174 2.7308623  1.97285367]
Device (GPU) time: 1.2097 seconds
Iters. done: 25 [Current cost: -17.59839412570437]
Current parameters: [2.82288861 4.07715371 3.06207342 2.74361005 3.43133216 1.67577375
 1.98401322 2.32694335 2.27290691 2.15837534 2.31499772 2.26336911
 2.45135447 0.64015928 2.33542843 3.66007347 0.92895159 3.95007937
 0.78071761 3.61340011 2.70821483 0.6941094  3.09120353 1.53207241
 1.28271397 2.83435207 1.71909814 1.26215495 1.64085997 0.02559122
 1.03250918 1.69423325 0.58658253 0.32614734 2.2800034  2.4048562
 2.40500862 3.102408   0.78066605 2.28915634 1.36432398 1.52211619
 0.16468513 1.08872054 1.96316765 1.48512391 0.11297189 3.05083083
 0.05827629 0.18332817 0.99934521 0.71072326 0.18646609 0.67511379
 0.60754359 0.96212934 1.19208833 0.62353422 0.78343828 1.89616011
 2.74233394 1.98876174 2.7308623  1.97285367]
Device (GPU) time: 1.1258 seconds
Iters. done: 26 [Current cost: -17.49742801610019]
Current parameters: [2.82288861 4.07715371 3.06207342 2.74361005 3.43133216 1.67577375
 1.98401322 2.32694335 2.27290691 2.15837534 2.31499772 2.26336911
 2.45135447 0.64015928 2.33542843 3.66007347 0.92895159 3.95007937
 0.78071761 3.61340011 2.70821483 0.6941094  3.09120353 1.53207241
 0.28271397 3.83435207 1.71909814 1.26215495 1.64085997 0.02559122
 1.03250918 1.69423325 0.58658253 0.32614734 2.2800034  2.4048562
 2.40500862 3.102408   0.78066605 2.28915634 1.36432398 1.52211619
 0.16468513 1.08872054 1.96316765 1.48512391 0.11297189 3.05083083
 0.05827629 0.18332817 0.99934521 0.71072326 0.18646609 0.67511379
 0.60754359 0.96212934 1.19208833 0.62353422 0.78343828 1.89616011
 2.74233394 1.98876174 2.7308623  1.97285367]
Device (GPU) time: 1.1426 seconds
Iters. done: 27 [Current cost: -17.62225345559385]
Current parameters: [2.82288861 4.07715371 3.06207342 2.74361005 3.43133216 1.67577375
 1.98401322 2.32694335 2.27290691 2.15837534 2.31499772 2.26336911
 2.45135447 0.64015928 2.33542843 3.66007347 0.92895159 3.95007937
 0.78071761 3.61340011 2.70821483 0.6941094  3.09120353 1.53207241
 0.28271397 2.83435207 2.71909814 1.26215495 1.64085997 0.02559122
 1.03250918 1.69423325 0.58658253 0.32614734 2.2800034  2.4048562
 2.40500862 3.102408   0.78066605 2.28915634 1.36432398 1.52211619
 0.16468513 1.08872054 1.96316765 1.48512391 0.11297189 3.05083083
 0.05827629 0.18332817 0.99934521 0.71072326 0.18646609 0.67511379
 0.60754359 0.96212934 1.19208833 0.62353422 0.78343828 1.89616011
 2.74233394 1.98876174 2.7308623  1.97285367]
Device (GPU) time: 1.0172 seconds
Iters. done: 28 [Current cost: -17.667618532493222]
Current parameters: [2.82288861 4.07715371 3.06207342 2.74361005 3.43133216 1.67577375
 1.98401322 2.32694335 2.27290691 2.15837534 2.31499772 2.26336911
 2.45135447 0.64015928 2.33542843 3.66007347 0.92895159 3.95007937
 0.78071761 3.61340011 2.70821483 0.6941094  3.09120353 1.53207241
 0.28271397 2.83435207 1.71909814 2.26215495 1.64085997 0.02559122
 1.03250918 1.69423325 0.58658253 0.32614734 2.2800034  2.4048562
 2.40500862 3.102408   0.78066605 2.28915634 1.36432398 1.52211619
 0.16468513 1.08872054 1.96316765 1.48512391 0.11297189 3.05083083
 0.05827629 0.18332817 0.99934521 0.71072326 0.18646609 0.67511379
 0.60754359 0.96212934 1.19208833 0.62353422 0.78343828 1.89616011
 2.74233394 1.98876174 2.7308623  1.97285367]
Device (GPU) time: 1.1797 seconds
Iters. done: 29 [Current cost: -17.235507922035122]
Current parameters: [2.82288861 4.07715371 3.06207342 2.74361005 3.43133216 1.67577375
 1.98401322 2.32694335 2.27290691 2.15837534 2.31499772 2.26336911
 2.45135447 0.64015928 2.33542843 3.66007347 0.92895159 3.95007937
 0.78071761 3.61340011 2.70821483 0.6941094  3.09120353 1.53207241
 0.28271397 2.83435207 1.71909814 1.26215495 2.64085997 0.02559122
 1.03250918 1.69423325 0.58658253 0.32614734 2.2800034  2.4048562
 2.40500862 3.102408   0.78066605 2.28915634 1.36432398 1.52211619
 0.16468513 1.08872054 1.96316765 1.48512391 0.11297189 3.05083083
 0.05827629 0.18332817 0.99934521 0.71072326 0.18646609 0.67511379
 0.60754359 0.96212934 1.19208833 0.62353422 0.78343828 1.89616011
 2.74233394 1.98876174 2.7308623  1.97285367]
Device (GPU) time: 1.1720 seconds
Iters. done: 30 [Current cost: -17.46542756845056]
Current parameters: [2.82288861 4.07715371 3.06207342 2.74361005 3.43133216 1.67577375
 1.98401322 2.32694335 2.27290691 2.15837534 2.31499772 2.26336911
 2.45135447 0.64015928 2.33542843 3.66007347 0.92895159 3.95007937
 0.78071761 3.61340011 2.70821483 0.6941094  3.09120353 1.53207241
 0.28271397 2.83435207 1.71909814 1.26215495 1.64085997 1.02559122
 1.03250918 1.69423325 0.58658253 0.32614734 2.2800034  2.4048562
 2.40500862 3.102408   0.78066605 2.28915634 1.36432398 1.52211619
 0.16468513 1.08872054 1.96316765 1.48512391 0.11297189 3.05083083
 0.05827629 0.18332817 0.99934521 0.71072326 0.18646609 0.67511379
 0.60754359 0.96212934 1.19208833 0.62353422 0.78343828 1.89616011
 2.74233394 1.98876174 2.7308623  1.97285367]
Device (GPU) time: 1.0707 seconds
Iters. done: 31 [Current cost: -17.253069658662113]
Current parameters: [2.82288861 4.07715371 3.06207342 2.74361005 3.43133216 1.67577375
 1.98401322 2.32694335 2.27290691 2.15837534 2.31499772 2.26336911
 2.45135447 0.64015928 2.33542843 3.66007347 0.92895159 3.95007937
 0.78071761 3.61340011 2.70821483 0.6941094  3.09120353 1.53207241
 0.28271397 2.83435207 1.71909814 1.26215495 1.64085997 0.02559122
 2.03250918 1.69423325 0.58658253 0.32614734 2.2800034  2.4048562
 2.40500862 3.102408   0.78066605 2.28915634 1.36432398 1.52211619
 0.16468513 1.08872054 1.96316765 1.48512391 0.11297189 3.05083083
 0.05827629 0.18332817 0.99934521 0.71072326 0.18646609 0.67511379
 0.60754359 0.96212934 1.19208833 0.62353422 0.78343828 1.89616011
 2.74233394 1.98876174 2.7308623  1.97285367]
Device (GPU) time: 1.1451 seconds
Iters. done: 32 [Current cost: -17.607088125209387]
Current parameters: [2.82288861 4.07715371 3.06207342 2.74361005 3.43133216 1.67577375
 1.98401322 2.32694335 2.27290691 2.15837534 2.31499772 2.26336911
 2.45135447 0.64015928 2.33542843 3.66007347 0.92895159 3.95007937
 0.78071761 3.61340011 2.70821483 0.6941094  3.09120353 1.53207241
 0.28271397 2.83435207 1.71909814 1.26215495 1.64085997 0.02559122
 1.03250918 2.69423325 0.58658253 0.32614734 2.2800034  2.4048562
 2.40500862 3.102408   0.78066605 2.28915634 1.36432398 1.52211619
 0.16468513 1.08872054 1.96316765 1.48512391 0.11297189 3.05083083
 0.05827629 0.18332817 0.99934521 0.71072326 0.18646609 0.67511379
 0.60754359 0.96212934 1.19208833 0.62353422 0.78343828 1.89616011
 2.74233394 1.98876174 2.7308623  1.97285367]
Device (GPU) time: 1.1810 seconds
Iters. done: 33 [Current cost: -17.61036138006969]
Current parameters: [2.82288861 4.07715371 3.06207342 2.74361005 3.43133216 1.67577375
 1.98401322 2.32694335 2.27290691 2.15837534 2.31499772 2.26336911
 2.45135447 0.64015928 2.33542843 3.66007347 0.92895159 3.95007937
 0.78071761 3.61340011 2.70821483 0.6941094  3.09120353 1.53207241
 0.28271397 2.83435207 1.71909814 1.26215495 1.64085997 0.02559122
 1.03250918 1.69423325 1.58658253 0.32614734 2.2800034  2.4048562
 2.40500862 3.102408   0.78066605 2.28915634 1.36432398 1.52211619
 0.16468513 1.08872054 1.96316765 1.48512391 0.11297189 3.05083083
 0.05827629 0.18332817 0.99934521 0.71072326 0.18646609 0.67511379
 0.60754359 0.96212934 1.19208833 0.62353422 0.78343828 1.89616011
 2.74233394 1.98876174 2.7308623  1.97285367]
Device (GPU) time: 1.0214 seconds
Iters. done: 34 [Current cost: -16.965488535074925]
Current parameters: [2.82288861 4.07715371 3.06207342 2.74361005 3.43133216 1.67577375
 1.98401322 2.32694335 2.27290691 2.15837534 2.31499772 2.26336911
 2.45135447 0.64015928 2.33542843 3.66007347 0.92895159 3.95007937
 0.78071761 3.61340011 2.70821483 0.6941094  3.09120353 1.53207241
 0.28271397 2.83435207 1.71909814 1.26215495 1.64085997 0.02559122
 1.03250918 1.69423325 0.58658253 1.32614734 2.2800034  2.4048562
 2.40500862 3.102408   0.78066605 2.28915634 1.36432398 1.52211619
 0.16468513 1.08872054 1.96316765 1.48512391 0.11297189 3.05083083
 0.05827629 0.18332817 0.99934521 0.71072326 0.18646609 0.67511379
 0.60754359 0.96212934 1.19208833 0.62353422 0.78343828 1.89616011
 2.74233394 1.98876174 2.7308623  1.97285367]
Device (GPU) time: 1.1164 seconds
Iters. done: 35 [Current cost: -18.101888171791945]
Current parameters: [2.82288861 4.07715371 3.06207342 2.74361005 3.43133216 1.67577375
 1.98401322 2.32694335 2.27290691 2.15837534 2.31499772 2.26336911
 2.45135447 0.64015928 2.33542843 3.66007347 0.92895159 3.95007937
 0.78071761 3.61340011 2.70821483 0.6941094  3.09120353 1.53207241
 0.28271397 2.83435207 1.71909814 1.26215495 1.64085997 0.02559122
 1.03250918 1.69423325 0.58658253 1.32614734 3.2800034  2.4048562
 2.40500862 3.102408   0.78066605 2.28915634 1.36432398 1.52211619
 0.16468513 1.08872054 1.96316765 1.48512391 0.11297189 3.05083083
 0.05827629 0.18332817 0.99934521 0.71072326 0.18646609 0.67511379
 0.60754359 0.96212934 1.19208833 0.62353422 0.78343828 1.89616011
 2.74233394 1.98876174 2.7308623  1.97285367]
Device (GPU) time: 1.1218 seconds
Iters. done: 36 [Current cost: -17.741541188957193]
Current parameters: [2.82288861 4.07715371 3.06207342 2.74361005 3.43133216 1.67577375
 1.98401322 2.32694335 2.27290691 2.15837534 2.31499772 2.26336911
 2.45135447 0.64015928 2.33542843 3.66007347 0.92895159 3.95007937
 0.78071761 3.61340011 2.70821483 0.6941094  3.09120353 1.53207241
 0.28271397 2.83435207 1.71909814 1.26215495 1.64085997 0.02559122
 1.03250918 1.69423325 0.58658253 1.32614734 2.2800034  3.4048562
 2.40500862 3.102408   0.78066605 2.28915634 1.36432398 1.52211619
 0.16468513 1.08872054 1.96316765 1.48512391 0.11297189 3.05083083
 0.05827629 0.18332817 0.99934521 0.71072326 0.18646609 0.67511379
 0.60754359 0.96212934 1.19208833 0.62353422 0.78343828 1.89616011
 2.74233394 1.98876174 2.7308623  1.97285367]
Device (GPU) time: 1.0960 seconds
Iters. done: 37 [Current cost: -17.826800032279014]
Current parameters: [2.82288861 4.07715371 3.06207342 2.74361005 3.43133216 1.67577375
 1.98401322 2.32694335 2.27290691 2.15837534 2.31499772 2.26336911
 2.45135447 0.64015928 2.33542843 3.66007347 0.92895159 3.95007937
 0.78071761 3.61340011 2.70821483 0.6941094  3.09120353 1.53207241
 0.28271397 2.83435207 1.71909814 1.26215495 1.64085997 0.02559122
 1.03250918 1.69423325 0.58658253 1.32614734 2.2800034  2.4048562
 3.40500862 3.102408   0.78066605 2.28915634 1.36432398 1.52211619
 0.16468513 1.08872054 1.96316765 1.48512391 0.11297189 3.05083083
 0.05827629 0.18332817 0.99934521 0.71072326 0.18646609 0.67511379
 0.60754359 0.96212934 1.19208833 0.62353422 0.78343828 1.89616011
 2.74233394 1.98876174 2.7308623  1.97285367]
Device (GPU) time: 1.1322 seconds
Iters. done: 38 [Current cost: -17.901735784315107]
Current parameters: [2.82288861 4.07715371 3.06207342 2.74361005 3.43133216 1.67577375
 1.98401322 2.32694335 2.27290691 2.15837534 2.31499772 2.26336911
 2.45135447 0.64015928 2.33542843 3.66007347 0.92895159 3.95007937
 0.78071761 3.61340011 2.70821483 0.6941094  3.09120353 1.53207241
 0.28271397 2.83435207 1.71909814 1.26215495 1.64085997 0.02559122
 1.03250918 1.69423325 0.58658253 1.32614734 2.2800034  2.4048562
 2.40500862 4.102408   0.78066605 2.28915634 1.36432398 1.52211619
 0.16468513 1.08872054 1.96316765 1.48512391 0.11297189 3.05083083
 0.05827629 0.18332817 0.99934521 0.71072326 0.18646609 0.67511379
 0.60754359 0.96212934 1.19208833 0.62353422 0.78343828 1.89616011
 2.74233394 1.98876174 2.7308623  1.97285367]
Device (GPU) time: 1.0720 seconds
Iters. done: 39 [Current cost: -17.805950583168425]
Current parameters: [2.82288861 4.07715371 3.06207342 2.74361005 3.43133216 1.67577375
 1.98401322 2.32694335 2.27290691 2.15837534 2.31499772 2.26336911
 2.45135447 0.64015928 2.33542843 3.66007347 0.92895159 3.95007937
 0.78071761 3.61340011 2.70821483 0.6941094  3.09120353 1.53207241
 0.28271397 2.83435207 1.71909814 1.26215495 1.64085997 0.02559122
 1.03250918 1.69423325 0.58658253 1.32614734 2.2800034  2.4048562
 2.40500862 3.102408   1.78066605 2.28915634 1.36432398 1.52211619
 0.16468513 1.08872054 1.96316765 1.48512391 0.11297189 3.05083083
 0.05827629 0.18332817 0.99934521 0.71072326 0.18646609 0.67511379
 0.60754359 0.96212934 1.19208833 0.62353422 0.78343828 1.89616011
 2.74233394 1.98876174 2.7308623  1.97285367]
Device (GPU) time: 1.1684 seconds
Iters. done: 40 [Current cost: -18.227871740499456]
Current parameters: [2.82288861 4.07715371 3.06207342 2.74361005 3.43133216 1.67577375
 1.98401322 2.32694335 2.27290691 2.15837534 2.31499772 2.26336911
 2.45135447 0.64015928 2.33542843 3.66007347 0.92895159 3.95007937
 0.78071761 3.61340011 2.70821483 0.6941094  3.09120353 1.53207241
 0.28271397 2.83435207 1.71909814 1.26215495 1.64085997 0.02559122
 1.03250918 1.69423325 0.58658253 1.32614734 2.2800034  2.4048562
 2.40500862 3.102408   1.78066605 3.28915634 1.36432398 1.52211619
 0.16468513 1.08872054 1.96316765 1.48512391 0.11297189 3.05083083
 0.05827629 0.18332817 0.99934521 0.71072326 0.18646609 0.67511379
 0.60754359 0.96212934 1.19208833 0.62353422 0.78343828 1.89616011
 2.74233394 1.98876174 2.7308623  1.97285367]
Device (GPU) time: 1.1626 seconds
Iters. done: 41 [Current cost: -18.038561984767874]
Current parameters: [2.82288861 4.07715371 3.06207342 2.74361005 3.43133216 1.67577375
 1.98401322 2.32694335 2.27290691 2.15837534 2.31499772 2.26336911
 2.45135447 0.64015928 2.33542843 3.66007347 0.92895159 3.95007937
 0.78071761 3.61340011 2.70821483 0.6941094  3.09120353 1.53207241
 0.28271397 2.83435207 1.71909814 1.26215495 1.64085997 0.02559122
 1.03250918 1.69423325 0.58658253 1.32614734 2.2800034  2.4048562
 2.40500862 3.102408   1.78066605 2.28915634 2.36432398 1.52211619
 0.16468513 1.08872054 1.96316765 1.48512391 0.11297189 3.05083083
 0.05827629 0.18332817 0.99934521 0.71072326 0.18646609 0.67511379
 0.60754359 0.96212934 1.19208833 0.62353422 0.78343828 1.89616011
 2.74233394 1.98876174 2.7308623  1.97285367]
Device (GPU) time: 1.1159 seconds
Iters. done: 42 [Current cost: -18.195956351726547]
Current parameters: [2.82288861 4.07715371 3.06207342 2.74361005 3.43133216 1.67577375
 1.98401322 2.32694335 2.27290691 2.15837534 2.31499772 2.26336911
 2.45135447 0.64015928 2.33542843 3.66007347 0.92895159 3.95007937
 0.78071761 3.61340011 2.70821483 0.6941094  3.09120353 1.53207241
 0.28271397 2.83435207 1.71909814 1.26215495 1.64085997 0.02559122
 1.03250918 1.69423325 0.58658253 1.32614734 2.2800034  2.4048562
 2.40500862 3.102408   1.78066605 2.28915634 1.36432398 2.52211619
 0.16468513 1.08872054 1.96316765 1.48512391 0.11297189 3.05083083
 0.05827629 0.18332817 0.99934521 0.71072326 0.18646609 0.67511379
 0.60754359 0.96212934 1.19208833 0.62353422 0.78343828 1.89616011
 2.74233394 1.98876174 2.7308623  1.97285367]
Device (GPU) time: 1.0336 seconds
Iters. done: 43 [Current cost: -18.267879642046523]
Current parameters: [2.82288861 4.07715371 3.06207342 2.74361005 3.43133216 1.67577375
 1.98401322 2.32694335 2.27290691 2.15837534 2.31499772 2.26336911
 2.45135447 0.64015928 2.33542843 3.66007347 0.92895159 3.95007937
 0.78071761 3.61340011 2.70821483 0.6941094  3.09120353 1.53207241
 0.28271397 2.83435207 1.71909814 1.26215495 1.64085997 0.02559122
 1.03250918 1.69423325 0.58658253 1.32614734 2.2800034  2.4048562
 2.40500862 3.102408   1.78066605 2.28915634 1.36432398 2.52211619
 1.16468513 1.08872054 1.96316765 1.48512391 0.11297189 3.05083083
 0.05827629 0.18332817 0.99934521 0.71072326 0.18646609 0.67511379
 0.60754359 0.96212934 1.19208833 0.62353422 0.78343828 1.89616011
 2.74233394 1.98876174 2.7308623  1.97285367]
Device (GPU) time: 1.1408 seconds
Iters. done: 44 [Current cost: -18.051251319759356]
Current parameters: [2.82288861 4.07715371 3.06207342 2.74361005 3.43133216 1.67577375
 1.98401322 2.32694335 2.27290691 2.15837534 2.31499772 2.26336911
 2.45135447 0.64015928 2.33542843 3.66007347 0.92895159 3.95007937
 0.78071761 3.61340011 2.70821483 0.6941094  3.09120353 1.53207241
 0.28271397 2.83435207 1.71909814 1.26215495 1.64085997 0.02559122
 1.03250918 1.69423325 0.58658253 1.32614734 2.2800034  2.4048562
 2.40500862 3.102408   1.78066605 2.28915634 1.36432398 2.52211619
 0.16468513 2.08872054 1.96316765 1.48512391 0.11297189 3.05083083
 0.05827629 0.18332817 0.99934521 0.71072326 0.18646609 0.67511379
 0.60754359 0.96212934 1.19208833 0.62353422 0.78343828 1.89616011
 2.74233394 1.98876174 2.7308623  1.97285367]
Device (GPU) time: 1.1349 seconds
Iters. done: 45 [Current cost: -18.360431076957752]
Current parameters: [2.82288861 4.07715371 3.06207342 2.74361005 3.43133216 1.67577375
 1.98401322 2.32694335 2.27290691 2.15837534 2.31499772 2.26336911
 2.45135447 0.64015928 2.33542843 3.66007347 0.92895159 3.95007937
 0.78071761 3.61340011 2.70821483 0.6941094  3.09120353 1.53207241
 0.28271397 2.83435207 1.71909814 1.26215495 1.64085997 0.02559122
 1.03250918 1.69423325 0.58658253 1.32614734 2.2800034  2.4048562
 2.40500862 3.102408   1.78066605 2.28915634 1.36432398 2.52211619
 0.16468513 2.08872054 2.96316765 1.48512391 0.11297189 3.05083083
 0.05827629 0.18332817 0.99934521 0.71072326 0.18646609 0.67511379
 0.60754359 0.96212934 1.19208833 0.62353422 0.78343828 1.89616011
 2.74233394 1.98876174 2.7308623  1.97285367]
Device (GPU) time: 1.1502 seconds
Iters. done: 46 [Current cost: -18.489145701002155]
Current parameters: [2.82288861 4.07715371 3.06207342 2.74361005 3.43133216 1.67577375
 1.98401322 2.32694335 2.27290691 2.15837534 2.31499772 2.26336911
 2.45135447 0.64015928 2.33542843 3.66007347 0.92895159 3.95007937
 0.78071761 3.61340011 2.70821483 0.6941094  3.09120353 1.53207241
 0.28271397 2.83435207 1.71909814 1.26215495 1.64085997 0.02559122
 1.03250918 1.69423325 0.58658253 1.32614734 2.2800034  2.4048562
 2.40500862 3.102408   1.78066605 2.28915634 1.36432398 2.52211619
 0.16468513 2.08872054 2.96316765 2.48512391 0.11297189 3.05083083
 0.05827629 0.18332817 0.99934521 0.71072326 0.18646609 0.67511379
 0.60754359 0.96212934 1.19208833 0.62353422 0.78343828 1.89616011
 2.74233394 1.98876174 2.7308623  1.97285367]
Device (GPU) time: 1.0109 seconds
Iters. done: 47 [Current cost: -18.28437666148381]
Current parameters: [2.82288861 4.07715371 3.06207342 2.74361005 3.43133216 1.67577375
 1.98401322 2.32694335 2.27290691 2.15837534 2.31499772 2.26336911
 2.45135447 0.64015928 2.33542843 3.66007347 0.92895159 3.95007937
 0.78071761 3.61340011 2.70821483 0.6941094  3.09120353 1.53207241
 0.28271397 2.83435207 1.71909814 1.26215495 1.64085997 0.02559122
 1.03250918 1.69423325 0.58658253 1.32614734 2.2800034  2.4048562
 2.40500862 3.102408   1.78066605 2.28915634 1.36432398 2.52211619
 0.16468513 2.08872054 2.96316765 1.48512391 1.11297189 3.05083083
 0.05827629 0.18332817 0.99934521 0.71072326 0.18646609 0.67511379
 0.60754359 0.96212934 1.19208833 0.62353422 0.78343828 1.89616011
 2.74233394 1.98876174 2.7308623  1.97285367]
Device (GPU) time: 1.1440 seconds
Iters. done: 48 [Current cost: -17.758602007512497]
Current parameters: [2.82288861 4.07715371 3.06207342 2.74361005 3.43133216 1.67577375
 1.98401322 2.32694335 2.27290691 2.15837534 2.31499772 2.26336911
 2.45135447 0.64015928 2.33542843 3.66007347 0.92895159 3.95007937
 0.78071761 3.61340011 2.70821483 0.6941094  3.09120353 1.53207241
 0.28271397 2.83435207 1.71909814 1.26215495 1.64085997 0.02559122
 1.03250918 1.69423325 0.58658253 1.32614734 2.2800034  2.4048562
 2.40500862 3.102408   1.78066605 2.28915634 1.36432398 2.52211619
 0.16468513 2.08872054 2.96316765 1.48512391 0.11297189 4.05083083
 0.05827629 0.18332817 0.99934521 0.71072326 0.18646609 0.67511379
 0.60754359 0.96212934 1.19208833 0.62353422 0.78343828 1.89616011
 2.74233394 1.98876174 2.7308623  1.97285367]
Device (GPU) time: 1.2026 seconds
Iters. done: 49 [Current cost: -17.66406492322094]
Current parameters: [2.82288861 4.07715371 3.06207342 2.74361005 3.43133216 1.67577375
 1.98401322 2.32694335 2.27290691 2.15837534 2.31499772 2.26336911
 2.45135447 0.64015928 2.33542843 3.66007347 0.92895159 3.95007937
 0.78071761 3.61340011 2.70821483 0.6941094  3.09120353 1.53207241
 0.28271397 2.83435207 1.71909814 1.26215495 1.64085997 0.02559122
 1.03250918 1.69423325 0.58658253 1.32614734 2.2800034  2.4048562
 2.40500862 3.102408   1.78066605 2.28915634 1.36432398 2.52211619
 0.16468513 2.08872054 2.96316765 1.48512391 0.11297189 3.05083083
 1.05827629 0.18332817 0.99934521 0.71072326 0.18646609 0.67511379
 0.60754359 0.96212934 1.19208833 0.62353422 0.78343828 1.89616011
 2.74233394 1.98876174 2.7308623  1.97285367]
Device (GPU) time: 1.0545 seconds
Iters. done: 50 [Current cost: -18.03604270584632]
Current parameters: [2.82288861 4.07715371 3.06207342 2.74361005 3.43133216 1.67577375
 1.98401322 2.32694335 2.27290691 2.15837534 2.31499772 2.26336911
 2.45135447 0.64015928 2.33542843 3.66007347 0.92895159 3.95007937
 0.78071761 3.61340011 2.70821483 0.6941094  3.09120353 1.53207241
 0.28271397 2.83435207 1.71909814 1.26215495 1.64085997 0.02559122
 1.03250918 1.69423325 0.58658253 1.32614734 2.2800034  2.4048562
 2.40500862 3.102408   1.78066605 2.28915634 1.36432398 2.52211619
 0.16468513 2.08872054 2.96316765 1.48512391 0.11297189 3.05083083
 0.05827629 1.18332817 0.99934521 0.71072326 0.18646609 0.67511379
 0.60754359 0.96212934 1.19208833 0.62353422 0.78343828 1.89616011
 2.74233394 1.98876174 2.7308623  1.97285367]
Device (GPU) time: 1.1371 seconds
Iters. done: 51 [Current cost: -18.331969946329252]
Current parameters: [2.82288861 4.07715371 3.06207342 2.74361005 3.43133216 1.67577375
 1.98401322 2.32694335 2.27290691 2.15837534 2.31499772 2.26336911
 2.45135447 0.64015928 2.33542843 3.66007347 0.92895159 3.95007937
 0.78071761 3.61340011 2.70821483 0.6941094  3.09120353 1.53207241
 0.28271397 2.83435207 1.71909814 1.26215495 1.64085997 0.02559122
 1.03250918 1.69423325 0.58658253 1.32614734 2.2800034  2.4048562
 2.40500862 3.102408   1.78066605 2.28915634 1.36432398 2.52211619
 0.16468513 2.08872054 2.96316765 1.48512391 0.11297189 3.05083083
 0.05827629 0.18332817 1.99934521 0.71072326 0.18646609 0.67511379
 0.60754359 0.96212934 1.19208833 0.62353422 0.78343828 1.89616011
 2.74233394 1.98876174 2.7308623  1.97285367]
Device (GPU) time: 1.1345 seconds
Iters. done: 52 [Current cost: -17.905505936782983]
Current parameters: [2.82288861 4.07715371 3.06207342 2.74361005 3.43133216 1.67577375
 1.98401322 2.32694335 2.27290691 2.15837534 2.31499772 2.26336911
 2.45135447 0.64015928 2.33542843 3.66007347 0.92895159 3.95007937
 0.78071761 3.61340011 2.70821483 0.6941094  3.09120353 1.53207241
 0.28271397 2.83435207 1.71909814 1.26215495 1.64085997 0.02559122
 1.03250918 1.69423325 0.58658253 1.32614734 2.2800034  2.4048562
 2.40500862 3.102408   1.78066605 2.28915634 1.36432398 2.52211619
 0.16468513 2.08872054 2.96316765 1.48512391 0.11297189 3.05083083
 0.05827629 0.18332817 0.99934521 1.71072326 0.18646609 0.67511379
 0.60754359 0.96212934 1.19208833 0.62353422 0.78343828 1.89616011
 2.74233394 1.98876174 2.7308623  1.97285367]
Device (GPU) time: 1.1125 seconds
Iters. done: 53 [Current cost: -18.463119376008265]
Current parameters: [2.82288861 4.07715371 3.06207342 2.74361005 3.43133216 1.67577375
 1.98401322 2.32694335 2.27290691 2.15837534 2.31499772 2.26336911
 2.45135447 0.64015928 2.33542843 3.66007347 0.92895159 3.95007937
 0.78071761 3.61340011 2.70821483 0.6941094  3.09120353 1.53207241
 0.28271397 2.83435207 1.71909814 1.26215495 1.64085997 0.02559122
 1.03250918 1.69423325 0.58658253 1.32614734 2.2800034  2.4048562
 2.40500862 3.102408   1.78066605 2.28915634 1.36432398 2.52211619
 0.16468513 2.08872054 2.96316765 1.48512391 0.11297189 3.05083083
 0.05827629 0.18332817 0.99934521 0.71072326 1.18646609 0.67511379
 0.60754359 0.96212934 1.19208833 0.62353422 0.78343828 1.89616011
 2.74233394 1.98876174 2.7308623  1.97285367]
Device (GPU) time: 1.0566 seconds
Iters. done: 54 [Current cost: -18.67219144521057]
Current parameters: [2.82288861 4.07715371 3.06207342 2.74361005 3.43133216 1.67577375
 1.98401322 2.32694335 2.27290691 2.15837534 2.31499772 2.26336911
 2.45135447 0.64015928 2.33542843 3.66007347 0.92895159 3.95007937
 0.78071761 3.61340011 2.70821483 0.6941094  3.09120353 1.53207241
 0.28271397 2.83435207 1.71909814 1.26215495 1.64085997 0.02559122
 1.03250918 1.69423325 0.58658253 1.32614734 2.2800034  2.4048562
 2.40500862 3.102408   1.78066605 2.28915634 1.36432398 2.52211619
 0.16468513 2.08872054 2.96316765 1.48512391 0.11297189 3.05083083
 0.05827629 0.18332817 0.99934521 0.71072326 1.18646609 1.67511379
 0.60754359 0.96212934 1.19208833 0.62353422 0.78343828 1.89616011
 2.74233394 1.98876174 2.7308623  1.97285367]
Device (GPU) time: 1.2573 seconds
Iters. done: 55 [Current cost: -18.735398942870532]
Current parameters: [2.82288861 4.07715371 3.06207342 2.74361005 3.43133216 1.67577375
 1.98401322 2.32694335 2.27290691 2.15837534 2.31499772 2.26336911
 2.45135447 0.64015928 2.33542843 3.66007347 0.92895159 3.95007937
 0.78071761 3.61340011 2.70821483 0.6941094  3.09120353 1.53207241
 0.28271397 2.83435207 1.71909814 1.26215495 1.64085997 0.02559122
 1.03250918 1.69423325 0.58658253 1.32614734 2.2800034  2.4048562
 2.40500862 3.102408   1.78066605 2.28915634 1.36432398 2.52211619
 0.16468513 2.08872054 2.96316765 1.48512391 0.11297189 3.05083083
 0.05827629 0.18332817 0.99934521 0.71072326 1.18646609 1.67511379
 1.60754359 0.96212934 1.19208833 0.62353422 0.78343828 1.89616011
 2.74233394 1.98876174 2.7308623  1.97285367]
Device (GPU) time: 1.1290 seconds
Iters. done: 56 [Current cost: -18.417613434646952]
Current parameters: [2.82288861 4.07715371 3.06207342 2.74361005 3.43133216 1.67577375
 1.98401322 2.32694335 2.27290691 2.15837534 2.31499772 2.26336911
 2.45135447 0.64015928 2.33542843 3.66007347 0.92895159 3.95007937
 0.78071761 3.61340011 2.70821483 0.6941094  3.09120353 1.53207241
 0.28271397 2.83435207 1.71909814 1.26215495 1.64085997 0.02559122
 1.03250918 1.69423325 0.58658253 1.32614734 2.2800034  2.4048562
 2.40500862 3.102408   1.78066605 2.28915634 1.36432398 2.52211619
 0.16468513 2.08872054 2.96316765 1.48512391 0.11297189 3.05083083
 0.05827629 0.18332817 0.99934521 0.71072326 1.18646609 1.67511379
 0.60754359 1.96212934 1.19208833 0.62353422 0.78343828 1.89616011
 2.74233394 1.98876174 2.7308623  1.97285367]
Device (GPU) time: 1.1246 seconds
Iters. done: 57 [Current cost: -18.60733803384896]
Current parameters: [2.82288861 4.07715371 3.06207342 2.74361005 3.43133216 1.67577375
 1.98401322 2.32694335 2.27290691 2.15837534 2.31499772 2.26336911
 2.45135447 0.64015928 2.33542843 3.66007347 0.92895159 3.95007937
 0.78071761 3.61340011 2.70821483 0.6941094  3.09120353 1.53207241
 0.28271397 2.83435207 1.71909814 1.26215495 1.64085997 0.02559122
 1.03250918 1.69423325 0.58658253 1.32614734 2.2800034  2.4048562
 2.40500862 3.102408   1.78066605 2.28915634 1.36432398 2.52211619
 0.16468513 2.08872054 2.96316765 1.48512391 0.11297189 3.05083083
 0.05827629 0.18332817 0.99934521 0.71072326 1.18646609 1.67511379
 0.60754359 0.96212934 2.19208833 0.62353422 0.78343828 1.89616011
 2.74233394 1.98876174 2.7308623  1.97285367]
Device (GPU) time: 1.0387 seconds
Iters. done: 58 [Current cost: -18.67119724716163]
Current parameters: [2.82288861 4.07715371 3.06207342 2.74361005 3.43133216 1.67577375
 1.98401322 2.32694335 2.27290691 2.15837534 2.31499772 2.26336911
 2.45135447 0.64015928 2.33542843 3.66007347 0.92895159 3.95007937
 0.78071761 3.61340011 2.70821483 0.6941094  3.09120353 1.53207241
 0.28271397 2.83435207 1.71909814 1.26215495 1.64085997 0.02559122
 1.03250918 1.69423325 0.58658253 1.32614734 2.2800034  2.4048562
 2.40500862 3.102408   1.78066605 2.28915634 1.36432398 2.52211619
 0.16468513 2.08872054 2.96316765 1.48512391 0.11297189 3.05083083
 0.05827629 0.18332817 0.99934521 0.71072326 1.18646609 1.67511379
 0.60754359 0.96212934 1.19208833 1.62353422 0.78343828 1.89616011
 2.74233394 1.98876174 2.7308623  1.97285367]
Device (GPU) time: 1.1426 seconds
Iters. done: 59 [Current cost: -18.779851416934548]
Current parameters: [2.82288861 4.07715371 3.06207342 2.74361005 3.43133216 1.67577375
 1.98401322 2.32694335 2.27290691 2.15837534 2.31499772 2.26336911
 2.45135447 0.64015928 2.33542843 3.66007347 0.92895159 3.95007937
 0.78071761 3.61340011 2.70821483 0.6941094  3.09120353 1.53207241
 0.28271397 2.83435207 1.71909814 1.26215495 1.64085997 0.02559122
 1.03250918 1.69423325 0.58658253 1.32614734 2.2800034  2.4048562
 2.40500862 3.102408   1.78066605 2.28915634 1.36432398 2.52211619
 0.16468513 2.08872054 2.96316765 1.48512391 0.11297189 3.05083083
 0.05827629 0.18332817 0.99934521 0.71072326 1.18646609 1.67511379
 0.60754359 0.96212934 1.19208833 1.62353422 1.78343828 1.89616011
 2.74233394 1.98876174 2.7308623  1.97285367]
Device (GPU) time: 1.1025 seconds
Iters. done: 60 [Current cost: -18.60661403319421]
Current parameters: [2.82288861 4.07715371 3.06207342 2.74361005 3.43133216 1.67577375
 1.98401322 2.32694335 2.27290691 2.15837534 2.31499772 2.26336911
 2.45135447 0.64015928 2.33542843 3.66007347 0.92895159 3.95007937
 0.78071761 3.61340011 2.70821483 0.6941094  3.09120353 1.53207241
 0.28271397 2.83435207 1.71909814 1.26215495 1.64085997 0.02559122
 1.03250918 1.69423325 0.58658253 1.32614734 2.2800034  2.4048562
 2.40500862 3.102408   1.78066605 2.28915634 1.36432398 2.52211619
 0.16468513 2.08872054 2.96316765 1.48512391 0.11297189 3.05083083
 0.05827629 0.18332817 0.99934521 0.71072326 1.18646609 1.67511379
 0.60754359 0.96212934 1.19208833 1.62353422 0.78343828 2.89616011
 2.74233394 1.98876174 2.7308623  1.97285367]
Device (GPU) time: 1.0819 seconds
Iters. done: 61 [Current cost: -18.6075411857871]
Current parameters: [2.82288861 4.07715371 3.06207342 2.74361005 3.43133216 1.67577375
 1.98401322 2.32694335 2.27290691 2.15837534 2.31499772 2.26336911
 2.45135447 0.64015928 2.33542843 3.66007347 0.92895159 3.95007937
 0.78071761 3.61340011 2.70821483 0.6941094  3.09120353 1.53207241
 0.28271397 2.83435207 1.71909814 1.26215495 1.64085997 0.02559122
 1.03250918 1.69423325 0.58658253 1.32614734 2.2800034  2.4048562
 2.40500862 3.102408   1.78066605 2.28915634 1.36432398 2.52211619
 0.16468513 2.08872054 2.96316765 1.48512391 0.11297189 3.05083083
 0.05827629 0.18332817 0.99934521 0.71072326 1.18646609 1.67511379
 0.60754359 0.96212934 1.19208833 1.62353422 0.78343828 1.89616011
 3.74233394 1.98876174 2.7308623  1.97285367]
Device (GPU) time: 1.1403 seconds
Iters. done: 62 [Current cost: -18.684058589092686]
Current parameters: [2.82288861 4.07715371 3.06207342 2.74361005 3.43133216 1.67577375
 1.98401322 2.32694335 2.27290691 2.15837534 2.31499772 2.26336911
 2.45135447 0.64015928 2.33542843 3.66007347 0.92895159 3.95007937
 0.78071761 3.61340011 2.70821483 0.6941094  3.09120353 1.53207241
 0.28271397 2.83435207 1.71909814 1.26215495 1.64085997 0.02559122
 1.03250918 1.69423325 0.58658253 1.32614734 2.2800034  2.4048562
 2.40500862 3.102408   1.78066605 2.28915634 1.36432398 2.52211619
 0.16468513 2.08872054 2.96316765 1.48512391 0.11297189 3.05083083
 0.05827629 0.18332817 0.99934521 0.71072326 1.18646609 1.67511379
 0.60754359 0.96212934 1.19208833 1.62353422 0.78343828 1.89616011
 2.74233394 2.98876174 2.7308623  1.97285367]
Device (GPU) time: 1.1121 seconds
Iters. done: 63 [Current cost: -18.71773381306274]
Current parameters: [2.82288861 4.07715371 3.06207342 2.74361005 3.43133216 1.67577375
 1.98401322 2.32694335 2.27290691 2.15837534 2.31499772 2.26336911
 2.45135447 0.64015928 2.33542843 3.66007347 0.92895159 3.95007937
 0.78071761 3.61340011 2.70821483 0.6941094  3.09120353 1.53207241
 0.28271397 2.83435207 1.71909814 1.26215495 1.64085997 0.02559122
 1.03250918 1.69423325 0.58658253 1.32614734 2.2800034  2.4048562
 2.40500862 3.102408   1.78066605 2.28915634 1.36432398 2.52211619
 0.16468513 2.08872054 2.96316765 1.48512391 0.11297189 3.05083083
 0.05827629 0.18332817 0.99934521 0.71072326 1.18646609 1.67511379
 0.60754359 0.96212934 1.19208833 1.62353422 0.78343828 1.89616011
 2.74233394 1.98876174 3.7308623  1.97285367]
Device (GPU) time: 1.1070 seconds
Iters. done: 64 [Current cost: -18.639213001657453]
Current parameters: [2.82288861 4.07715371 3.06207342 2.74361005 3.43133216 1.67577375
 1.98401322 2.32694335 2.27290691 2.15837534 2.31499772 2.26336911
 2.45135447 0.64015928 2.33542843 3.66007347 0.92895159 3.95007937
 0.78071761 3.61340011 2.70821483 0.6941094  3.09120353 1.53207241
 0.28271397 2.83435207 1.71909814 1.26215495 1.64085997 0.02559122
 1.03250918 1.69423325 0.58658253 1.32614734 2.2800034  2.4048562
 2.40500862 3.102408   1.78066605 2.28915634 1.36432398 2.52211619
 0.16468513 2.08872054 2.96316765 1.48512391 0.11297189 3.05083083
 0.05827629 0.18332817 0.99934521 0.71072326 1.18646609 1.67511379
 0.60754359 0.96212934 1.19208833 1.62353422 0.78343828 1.89616011
 2.74233394 1.98876174 2.7308623  2.97285367]
Device (GPU) time: 1.0010 seconds
Iters. done: 65 [Current cost: -18.722371454569277]
Current parameters: [ 2.81208007  4.18774805  2.98473227  2.83791842  3.47895472  1.48354414
  1.86484758  2.35408517  2.28418878  2.10741673  2.32588342  2.25086236
  2.42719891  0.62414411  2.26649397  3.7035186   0.7558307   4.05189262
  0.52049847  3.79786428  2.5894067   0.65413079  3.23145424  1.47215917
  0.17945281  2.7846824   1.68890512  1.04644325  1.52386    -0.18258068
  0.97632855  1.63945793  0.254943    1.48239994  2.1252951   2.28675221
  2.3190769   2.97535268  1.83475476  2.20787971  1.3506217   2.53929284
  0.07167978  2.12845578  3.01842889  1.39721012 -0.2006735   2.69659769
 -0.13625509  0.11584767  0.7487703   0.69954934  1.26505339  1.70225076
  0.47110827  0.90714876  1.16452452  1.64261907  0.70906202  1.82218191
  2.70120707  1.9620927   2.6704818   1.94817571]
Device (GPU) time: 1.7110 seconds
Iters. done: 66 [Current cost: -19.304322975277934]
Current parameters: [ 2.80833208  4.22609796  2.9579133   2.87062098  3.49546841  1.41688622
  1.82352546  2.36349693  2.2881009   2.08974622  2.32965817  2.24652549
  2.41882267  0.61859065  2.24259011  3.71858372  0.69579895  4.08719758
  1.46278203  3.86182944  2.54820856  0.64026773  3.28008786  1.45138353
  0.14364576  2.76745884  1.67843533  0.97164262  1.48328886 -0.25476678
  0.95684724  1.62046393  0.13994302  1.53658241  2.07164814  2.24579823
  2.28927904  2.93129473  1.85351067  2.17969606  1.34587027  2.54524905
  0.03942905  2.14223446  3.03759139  1.36672496 -0.3094338   2.5737631
 -0.20371118  0.092448    0.66188044  0.69567465  1.29230448  1.71166083
  0.42379768  0.88808358  1.15496644  1.64923697  0.68327116  1.79652908
  2.68694583  1.95284489  2.64954414  1.93961833]
Device (GPU) time: 1.0992 seconds
Iters. done: 67 [Current cost: -19.05557531144944]
Current parameters: [ 2.31445096  4.13911403  2.98473227  2.83791842  3.47895472  1.48354414
  1.86484758  2.35408517  2.28418878  2.10741673  2.32588342  2.25086236
  2.42719891  0.62414411  2.26649397  3.7035186   0.7558307   4.05189262
  0.52049847  3.79786428  2.5894067   0.65413079  3.23145424  1.47215917
  0.17945281  2.7846824   1.68890512  1.04644325  1.52386    -0.18258068
  0.97632855  1.63945793  0.254943    1.48239994  2.1252951   2.28675221
  2.3190769   2.97535268  1.83475476  2.20787971  1.3506217   2.53929284
  0.07167978  2.12845578  3.01842889  1.39721012 -0.2006735   2.69659769
 -0.13625509  0.11584767  0.7487703   0.69954934  1.26505339  1.70225076
  0.47110827  0.90714876  1.16452452  1.64261907  0.70906202  1.82218191
  2.70120707  1.9620927   2.6704818   1.94817571]
Device (GPU) time: 1.1312 seconds
Iters. done: 68 [Current cost: -18.990414592308994]
Current parameters: [ 2.94800212  3.20763666  2.97327089  2.85189422  3.48601202  1.45505715
  1.84718812  2.35810739  2.28586066  2.09986505  2.3274966   2.24900895
  2.42361923  0.62177078  2.2562784   3.70995685  0.73017548  4.06698058
  0.49396402  3.82520049  2.57180023  0.64820626  3.25223835  1.46328047
  0.16415027  2.77732172  1.68443074  1.01447639  1.50652148 -0.2134302
  0.968003    1.63134063  0.2057965   1.50555541  2.10236849  2.26925008
  2.30634246  2.95652404  1.8427703   2.19583512  1.34859113  2.5418383
  0.05789708  2.13434425  3.02661819  1.38418195 -0.2471534   2.64410299
 -0.16508318  0.10584757  0.71163697  0.69789345  1.27669944  1.70627226
  0.45088957  0.89900105  1.16043977  1.6454473   0.69804002  1.81121889
  2.69511237  1.95814055  2.66153386  1.94451862]
Device (GPU) time: 0.9945 seconds
Iters. done: 69 [Current cost: -19.079082069458824]
Current parameters: [ 2.81208007  4.18774805  3.37134952  3.15497852  3.47895472  1.48354414
  1.86484758  2.35408517  2.28418878  2.10741673  2.32588342  2.25086236
  2.42719891  0.62414411  2.26649397  3.7035186   0.7558307   4.05189262
  0.52049847  3.79786428  2.5894067   0.65413079  3.23145424  1.47215917
  0.17945281  2.7846824   1.68890512  1.04644325  1.52386    -0.18258068
  0.97632855  1.63945793  0.254943    1.48239994  2.1252951   2.28675221
  2.3190769   2.97535268  1.83475476  2.20787971  1.3506217   2.53929284
  0.07167978  2.12845578  3.01842889  1.39721012 -0.2006735   2.69659769
 -0.13625509  0.11584767  0.7487703   0.69954934  1.26505339  1.70225076
  0.47110827  0.90714876  1.16452452  1.64261907  0.70906202  1.82218191
  2.70120707  1.9620927   2.6704818   1.94817571]
Device (GPU) time: 1.1513 seconds
Iters. done: 70 [Current cost: -19.161163240535974]
Current parameters: [ 2.85340126  4.21426462  3.59467824  2.06272952  3.48667642  1.45237531
  1.84552561  2.35848605  2.28601806  2.09915411  2.32764847  2.24883446
  2.42328223  0.62154735  2.25531667  3.71056296  0.72776023  4.068401
  0.49146599  3.82777399  2.57014271  0.64764851  3.25419502  1.46244461
  0.16270965  2.77662877  1.68400951  1.01146694  1.50488919 -0.21633445
  0.96721921  1.63057645  0.20116972  1.50773533  2.10021011  2.26760238
  2.30514361  2.95475146  1.84352491  2.19470121  1.34839996  2.54207793
  0.05659954  2.13489861  3.02738915  1.38295545 -0.25152914  2.639161
 -0.16779714  0.10490613  0.70814114  0.69773756  1.27779583  1.70665085
  0.44898613  0.898234    1.16005522  1.64571356  0.69700238  1.81018681
  2.6945386   1.95776848  2.66069148  1.94417433]
Device (GPU) time: 1.1658 seconds
Iters. done: 71 [Current cost: -18.845435191249486]
Current parameters: [ 2.81208007  4.18774805  2.98473227  2.83791842  3.47895472  1.74698728
  1.43987968  2.35408517  2.28418878  2.10741673  2.32588342  2.25086236
  2.42719891  0.62414411  2.26649397  3.7035186   0.7558307   4.05189262
  0.52049847  3.79786428  2.5894067   0.65413079  3.23145424  1.47215917
  0.17945281  2.7846824   1.68890512  1.04644325  1.52386    -0.18258068
  0.97632855  1.63945793  0.254943    1.48239994  2.1252951   2.28675221
  2.3190769   2.97535268  1.83475476  2.20787971  1.3506217   2.53929284
  0.07167978  2.12845578  3.01842889  1.39721012 -0.2006735   2.69659769
 -0.13625509  0.11584767  0.7487703   0.69954934  1.26505339  1.70225076
  0.47110827  0.90714876  1.16452452  1.64261907  0.70906202  1.82218191
  2.70120707  1.9620927   2.6704818   1.94817571]
Device (GPU) time: 1.0336 seconds
Iters. done: 72 [Current cost: -19.064126237535724]
Current parameters: [ 2.88808241  4.23652015  2.91013842  2.87106368  3.49315729  2.25861848
  2.41769618  2.36217973  2.28755339  2.09221924  2.32912989  2.24713244
  2.41999494  0.61936787  2.2459355   3.71647533  0.7042005   4.08225659
  0.46709885  3.85287741  2.55397431  0.64220789  3.2732815   1.45429112
  0.14865702  2.76986931  1.67990059  0.9821111   1.48896686 -0.24466421
  0.95957368  1.62312217  0.15603746  1.52899948  2.07915612  2.25152981
  2.2934493   2.93746071  1.85088575  2.18364041  1.34653524  2.54441547
  0.0439426   2.14030611  3.03490956  1.37099141 -0.29421261  2.59095401
 -0.19427058  0.09572282  0.67404082  0.69621692  1.28849064  1.71034387
  0.43041888  0.89075179  1.15630411  1.64831078  0.68688064  1.80011924
  2.68894172  1.95413914  2.6524744   1.94081595]
Device (GPU) time: 1.2060 seconds
Iters. done: 73 [Current cost: -19.06982005691666]
Current parameters: [ 2.81208007  4.18774805  2.98473227  2.83791842  3.89033355  1.48354414
  1.86484758  2.35408517  2.28418878  2.10741673  2.32588342  2.25086236
  2.42719891  0.62414411  2.55069013  3.7035186   0.7558307   4.05189262
  0.52049847  3.79786428  2.5894067   0.65413079  3.23145424  1.47215917
  0.17945281  2.7846824   1.68890512  1.04644325  1.52386    -0.18258068
  0.97632855  1.63945793  0.254943    1.48239994  2.1252951   2.28675221
  2.3190769   2.97535268  1.83475476  2.20787971  1.3506217   2.53929284
  0.07167978  2.12845578  3.01842889  1.39721012 -0.2006735   2.69659769
 -0.13625509  0.11584767  0.7487703   0.69954934  1.26505339  1.70225076
  0.47110827  0.90714876  1.16452452  1.64261907  0.70906202  1.82218191
  2.70120707  1.9620927   2.6704818   1.94817571]
Device (GPU) time: 1.1164 seconds
Iters. done: 74 [Current cost: -18.94874257100969]
Current parameters: [ 2.83994328  4.20562838  2.95738543  2.8500698   2.88727335  1.45226419
  1.87198826  2.35705272  2.28542228  2.10184518  2.32707361  2.24949493
  2.42455786  0.62239309  3.06423146  3.70826867  0.73690256  4.06302435
  0.50092164  3.81803263  2.57641684  0.64975974  3.24678853  1.46560857
  0.16816276  2.77925177  1.68560397  1.02285845  1.51106783 -0.20534112
  0.97018605  1.63346908  0.21868325  1.49948379  2.10838009  2.27383933
  2.30968157  2.96146111  1.84066854  2.19899334  1.34912357  2.54117085
  0.06151105  2.13280023  3.02447087  1.38759808 -0.23496586  2.65786767
 -0.15752414  0.1084697   0.72137373  0.69832764  1.27364572  1.70521778
  0.45619114  0.90113747  1.16151083  1.64470571  0.70093011  1.81409352
  2.69671047  1.95917685  2.66388011  1.94547755]
Device (GPU) time: 1.2111 seconds
Iters. done: 75 [Current cost: -19.091499402858414]
Current parameters: [ 2.81208007  4.18774805  2.98473227  2.83791842  3.47895472  1.48354414
  1.86484758  1.91277896  2.28418878  1.87236605  2.32588342  2.25086236
  2.42719891  0.62414411  2.26649397  3.7035186   0.7558307   4.05189262
  0.52049847  3.79786428  2.5894067   0.65413079  3.23145424  1.47215917
  0.17945281  2.7846824   1.68890512  1.04644325  1.52386    -0.18258068
  0.97632855  1.63945793  0.254943    1.48239994  2.1252951   2.28675221
  2.3190769   2.97535268  1.83475476  2.20787971  1.3506217   2.53929284
  0.07167978  2.12845578  3.01842889  1.39721012 -0.2006735   2.69659769
 -0.13625509  0.11584767  0.7487703   0.69954934  1.26505339  1.70225076
  0.47110827  0.90714876  1.16452452  1.64261907  0.70906202  1.82218191
  2.70120707  1.9620927   2.6704818   1.94817571]
Device (GPU) time: 1.0237 seconds
Iters. done: 76 [Current cost: -19.34289083400443]
Current parameters: [ 2.8311411   4.19997986  2.96602448  2.8462311   3.46619687  1.46214574
  1.86973247  1.44212842  2.28503261  2.75074051  2.32669762  2.24992691
  2.42539219  0.62294625  2.24478337  3.70676809  0.74288209  4.05950776
  0.50710609  3.81166131  2.58052042  0.65114059  3.24194432  1.46767795
  0.17172937  2.78096734  1.68664683  1.03030905  1.51510897 -0.19815094
  0.9721265   1.63536099  0.23013795  1.49408689  2.11372366  2.27791859
  2.31264962  2.96584956  1.83880034  2.20180061  1.34959684  2.54057758
  0.06472342  2.13142779  3.02256216  1.39063459 -0.22413267  2.67010275
 -0.1508051   0.11080045  0.73002849  0.69871358  1.27093134  1.70428048
  0.46090356  0.90303647  1.16246288  1.64404652  0.70349903  1.8166487
  2.69813098  1.96009799  2.66596563  1.94632992]
Device (GPU) time: 1.1408 seconds
Iters. done: 77 [Current cost: -19.29592453083949]
Current parameters: [ 2.81208007  4.18774805  2.98473227  2.83791842  3.47895472  1.48354414
  1.86484758  1.91277896  2.73721369  1.87236605  2.32588342  2.25086236
  2.63878441  0.62414411  2.26649397  3.7035186   0.7558307   4.05189262
  0.52049847  3.79786428  2.5894067   0.65413079  3.23145424  1.47215917
  0.17945281  2.7846824   1.68890512  1.04644325  1.52386    -0.18258068
  0.97632855  1.63945793  0.254943    1.48239994  2.1252951   2.28675221
  2.3190769   2.97535268  1.83475476  2.20787971  1.3506217   2.53929284
  0.07167978  2.12845578  3.01842889  1.39721012 -0.2006735   2.69659769
 -0.13625509  0.11584767  0.7487703   0.69954934  1.26505339  1.70225076
  0.47110827  0.90714876  1.16452452  1.64261907  0.70906202  1.82218191
  2.70120707  1.9620927   2.6704818   1.94817571]
Device (GPU) time: 1.1497 seconds
Iters. done: 78 [Current cost: -19.252826035264654]
Current parameters: [ 2.82087735  4.19339342  2.97609803  2.84175499  3.47306656  1.47366809
  1.86710211  1.9126712   1.85891452  1.87013653  2.3262592   2.25043062
  3.33144335  0.62359126  2.25647383  3.70501834  0.7498545   4.05540725
  0.51431746  3.80423205  2.5853054   0.65275072  3.23629575  1.47009094
  0.17588819  2.78296778  1.68786285  1.0389968   1.51982112 -0.18976685
  0.97438917  1.63756706  0.24349468  1.48779384  2.11995451  2.28267521
  2.3161105   2.97096669  1.83662192  2.20507401  1.3501487   2.53988579
  0.0684692   2.12982746  3.02033653  1.3941753  -0.21150066  2.68436942
 -0.14297038  0.11351822  0.74012035  0.69916361  1.26776625  1.70318754
  0.46639847  0.90525081  1.163573    1.64327788  0.70649452  1.81962815
  2.69978735  1.96117208  2.66839744  1.94732382]
Device (GPU) time: 1.0198 seconds
Iters. done: 79 [Current cost: -19.205900104870086]
Current parameters: [ 2.81208007  4.18774805  2.98473227  2.83791842  3.47895472  1.48354414
  1.86484758  1.91277896  2.28418878  1.87236605  2.32588342  1.85678935
  2.42719891  0.93188826  2.26649397  3.7035186   0.7558307   4.05189262
  0.52049847  3.79786428  2.5894067   0.65413079  3.23145424  1.47215917
  0.17945281  2.7846824   1.68890512  1.04644325  1.52386    -0.18258068
  0.97632855  1.63945793  0.254943    1.48239994  2.1252951   2.28675221
  2.3190769   2.97535268  1.83475476  2.20787971  1.3506217   2.53929284
  0.07167978  2.12845578  3.01842889  1.39721012 -0.2006735   2.69659769
 -0.13625509  0.11584767  0.7487703   0.69954934  1.26505339  1.70225076
  0.47110827  0.90714876  1.16452452  1.64261907  0.70906202  1.82218191
  2.70120707  1.9620927   2.6704818   1.94817571]
Device (GPU) time: 1.1758 seconds
Iters. done: 80 [Current cost: -19.172485060369798]
Current parameters: [ 2.81877342  4.19204329  2.97816297  2.84083745  3.47447476  1.47603002
  1.86656292  1.91269697  2.2831859   1.87066974  2.32616933  2.86910823
  2.42454625  1.40957732  2.25887022  3.70465967  0.75128375  4.0545667
  0.51579569  3.80270915  2.58628625  0.65308077  3.23513787  1.47058557
  0.17674069  2.78337784  1.68811211  1.04077767  1.52078705 -0.18804823
  0.97485299  1.63801927  0.24623262  1.48650385  2.12123175  2.28365025
  2.31681994  2.97201563  1.83617538  2.20574501  1.35026182  2.53974398
  0.06923703  2.12949941  3.0198803   1.3949011  -0.20891127  2.6872939
 -0.14136437  0.11407532  0.74218905  0.69925586  1.26711745  1.7029635
  0.46752485  0.90570472  1.16380057  1.64312032  0.70710856  1.8202389
  2.70012689  1.96139225  2.66889593  1.94752755]
Device (GPU) time: 1.1798 seconds
Iters. done: 81 [Current cost: -19.240250243037448]
Current parameters: [ 2.81208007  4.18774805  2.98473227  2.83791842  3.47895472  1.48354414
  1.86484758  1.91277896  2.28418878  1.87236605  1.82686895  2.25086236
  2.42719891  0.62414411  2.26649397  3.7035186   0.72445308  4.05189262
  0.52049847  3.79786428  2.5894067   0.65413079  3.23145424  1.47215917
  0.17945281  2.7846824   1.68890512  1.04644325  1.52386    -0.18258068
  0.97632855  1.63945793  0.254943    1.48239994  2.1252951   2.28675221
  2.3190769   2.97535268  1.83475476  2.20787971  1.3506217   2.53929284
  0.07167978  2.12845578  3.01842889  1.39721012 -0.2006735   2.69659769
 -0.13625509  0.11584767  0.7487703   0.69954934  1.26505339  1.70225076
  0.47110827  0.90714876  1.16452452  1.64261907  0.70906202  1.82218191
  2.70120707  1.9620927   2.6704818   1.94817571]
Device (GPU) time: 1.0471 seconds
Iters. done: 82 [Current cost: -19.33470377194746]
Current parameters: [ 2.86954462  4.2246241   2.92833267  2.8629792   3.44049281  1.41903297
  1.87957437  1.91207509  2.27557877  1.85780267  2.26673898  2.26891235
  2.40442502  0.59365136  2.20104159  3.71331505  1.72169494  4.07485049
  0.48012359  3.83945911  2.56261665  0.64511602  3.26307938  1.45864933
  0.15616844  2.77348238  1.6820969   0.9978024   1.49747767 -0.22952137
  0.96366037  1.62710664  0.18016159  1.51763335  2.09040992  2.26012093
  2.29970015  2.94670297  1.84695123  2.18955264  1.34753198  2.54316601
  0.05070799  2.13741569  3.03088975  1.37738643 -0.27139742  2.61672164
 -0.18011998  0.10063149  0.69226815  0.69702973  1.28277404  1.70836988
  0.44034346  0.89475119  1.15830915  1.64692251  0.69229092  1.80550056
  2.69193337  1.9560791   2.6568666   1.94261108]
Device (GPU) time: 1.1062 seconds
Iters. done: 83 [Current cost: -18.151263288214864]
Current parameters: [ 2.81208007  4.18774805  2.98473227  2.83791842  3.47895472  1.48354414
  1.86484758  1.91277896  2.28418878  1.87236605  2.32588342  2.25086236
  2.42719891  0.62414411  2.26649397  4.10479087  0.7558307   4.26281982
  0.52049847  3.58693708  2.5894067   0.65413079  3.23145424  1.47215917
  0.17945281  2.7846824   1.68890512  1.04644325  1.52386    -0.18258068
  0.97632855  1.63945793  0.254943    1.48239994  2.1252951   2.28675221
  2.3190769   2.97535268  1.83475476  2.20787971  1.3506217   2.53929284
  0.07167978  2.12845578  3.01842889  1.39721012 -0.2006735   2.69659769
 -0.13625509  0.11584767  0.7487703   0.69954934  1.26505339  1.70225076
  0.47110827  0.90714876  1.16452452  1.64261907  0.70906202  1.82218191
  2.70120707  1.9620927   2.6704818   1.94817571]
Device (GPU) time: 1.1153 seconds
Iters. done: 84 [Current cost: -19.27430838666092]
Current parameters: [ 2.83386116  4.20172537  2.96335484  2.84741734  3.4643763   1.45909213
  1.87042955  1.91251217  2.28092528  1.86684601  2.32981725  2.25770394
  2.4185668   0.61258628  2.24168521  3.10646184  0.70284328  4.62608751
  0.50519497  3.24813713  2.57925233  0.65071387  3.24344128  1.46703846
  0.17062721  2.78043719  1.68632456  1.02800665  1.51386017 -0.20037285
  0.97152686  1.63477635  0.22659821  1.49575464  2.11207239  2.27665802
  2.31173243  2.96449344  1.83937765  2.2009331   1.34945059  2.54076091
  0.06373073  2.1318519   3.02315199  1.38969624 -0.22748036  2.66632185
 -0.15288143  0.1100802   0.72735399  0.69859432  1.27177014  1.70457012
  0.45944732  0.90244964  1.16216868  1.64425022  0.70270518  1.81585909
  2.69769201  1.95981334  2.66532116  1.94606652]
Device (GPU) time: 1.1125 seconds
Iters. done: 85 [Current cost: -18.82895223092969]
Current parameters: [ 2.81208007  4.18774805  2.98473227  2.83791842  3.47895472  1.48354414
  1.86484758  1.91277896  2.28418878  1.87236605  2.32588342  2.25086236
  2.42719891  0.62414411  2.26649397  3.7035186   0.7558307   3.87293346
  0.52049847  3.61890512  2.1581907   0.65413079  3.23145424  1.47215917
  0.17945281  2.7846824   1.68890512  1.04644325  1.52386    -0.18258068
  0.97632855  1.63945793  0.254943    1.48239994  2.1252951   2.28675221
  2.3190769   2.97535268  1.83475476  2.20787971  1.3506217   2.53929284
  0.07167978  2.12845578  3.01842889  1.39721012 -0.2006735   2.69659769
 -0.13625509  0.11584767  0.7487703   0.69954934  1.26505339  1.70225076
  0.47110827  0.90714876  1.16452452  1.64261907  0.70906202  1.82218191
  2.70120707  1.9620927   2.6704818   1.94817571]
Device (GPU) time: 1.1025 seconds
Iters. done: 86 [Current cost: -19.258324369995197]
Current parameters: [ 2.88103096  4.2319951   2.91705919  2.86798848  3.43280482  1.40613811
  1.88251805  1.9119344   2.27385776  1.85489165  2.33833648  2.27252028
  2.39987284  0.5875563   2.18795859  3.73721806  0.58809208  3.43661433
  0.47205323  3.28446596  3.08059981  0.64331409  3.26940079  1.45594891
  0.15151423  2.77124365  1.68073603  0.9880798   1.49220422 -0.23890414
  0.96112819  1.62463779  0.16521385  1.524676    2.08343687  2.25479772
  2.29582702  2.94097631  1.84938913  2.18588932  1.34691438  2.5439402
  0.04651604  2.13920664  3.0333805   1.37342396 -0.28553411  2.60075556
 -0.18888794  0.09758999  0.68097417  0.6965261   1.28631615  1.709593
  0.43419402  0.89227309  1.15706679  1.64778271  0.68893861  1.8021662
  2.69007969  1.95487707  2.65414512  1.94149879]
Device (GPU) time: 1.0183 seconds
Iters. done: 87 [Current cost: -19.590041961072888]
Current parameters: [ 2.88103096  4.2319951   2.91705919  2.86798848  3.43280482  1.40613811
  1.88251805  1.9119344   2.27385776  1.85489165  2.33833648  2.27252028
  2.39987284  0.5875563   2.18795859  3.73721806  0.58809208  3.43661433
  0.47205323  3.28446596  3.08059981  0.14690795  3.26940079  1.45594891
  0.15151423  2.77124365  1.68073603  0.9880798   1.49220422 -0.23890414
  0.96112819  1.62463779  0.22505481  1.524676    2.08343687  2.25479772
  2.29582702  2.94097631  1.84938913  2.18588932  1.34691438  2.5439402
  0.04651604  2.13920664  3.0333805   1.37342396 -0.28553411  2.60075556
 -0.18888794  0.09758999  0.68097417  0.6965261   1.28631615  1.709593
  0.43419402  0.89227309  1.15706679  1.64778271  0.68893861  1.8021662
  2.69007969  1.95487707  2.65414512  1.94149879]
Device (GPU) time: 1.1226 seconds
Iters. done: 88 [Current cost: -19.633863340971423]
Current parameters: [ 2.98209207  4.29684788  2.81787096  2.91206208  3.36516306  1.29268433
  1.90841761  1.91069653  2.25871561  1.82927949  2.35658888  2.30426424
  2.35982111  0.53392965  2.07284953  3.78661126  0.3422381   3.40259045
  0.40104719  3.39976726  3.08025814  0.23590802  3.32501894  1.43218957
  0.11056474  2.75154653  1.66876261  0.90253666  1.44580644 -0.32145728
  0.93884906  1.60291596  1.08802681  1.5866399   2.02208538  2.20796213
  2.26174973  2.89059095  1.87083867  2.15365807  1.34148058  2.55075181
  0.00963361  2.15496414  3.05529502  1.33856066 -0.40991406  2.46028004
 -0.26603176  0.07082977  0.5816056   0.69209494  1.31748091  1.7203545
  0.38008891  0.87046986  1.14613602  1.65535104  0.65944379  1.77282923
  2.67377032  1.94430113  2.63020049  1.93171244]
Device (GPU) time: 1.1718 seconds
Iters. done: 89 [Current cost: -19.42902088977778]
Current parameters: [ 2.88103096  4.2319951   2.91705919  2.86798848  3.43280482  1.40613811
  1.88251805  1.9119344   2.27385776  1.85489165  2.33833648  2.27252028
  2.39987284  0.5875563   2.18795859  3.73721806  0.58809208  3.43661433
  0.47205323  3.28446596  3.08059981  0.14690795  3.26940079  1.45594891
  0.15151423  2.77124365  1.68073603  1.33528945  1.49220422 -0.59868943
  0.96112819  1.62463779  0.22505481  1.524676    2.08343687  2.25479772
  2.29582702  2.94097631  1.84938913  2.18588932  1.34691438  2.5439402
  0.04651604  2.13920664  3.0333805   1.37342396 -0.28553411  2.60075556
 -0.18888794  0.09758999  0.68097417  0.6965261   1.28631615  1.709593
  0.43419402  0.89227309  1.15706679  1.64778271  0.68893861  1.8021662
  2.69007969  1.95487707  2.65414512  1.94149879]
Device (GPU) time: 1.1241 seconds
Iters. done: 90 [Current cost: -19.54970180683774]
Current parameters: [ 2.96858526  4.28818031  2.83112746  2.90617165  3.37420338  1.30784742
  1.90495613  1.91086197  2.26073936  1.83270255  2.35414945  2.30002166
  2.36517402  0.54109685  2.08823385  3.78000986  0.37509647  3.40713774
  0.41053714  3.38435725  3.08030381  0.11669866  3.31758558  1.43536501
  0.11603764  2.75417905  1.67036286  1.61568422  1.45200751  0.40126739
  0.94182667  1.60581908  0.08247119  1.57835843  2.03028501  2.2142217
  2.26630416  2.89732495  1.86797194  2.15796577  1.3422068   2.54984144
  0.01456295  2.15285815  3.05236615  1.34322014 -0.39329069  2.47905459
 -0.25572149  0.07440627  0.59488621  0.69268717  1.31331574  1.71891623
  0.38732005  0.87338386  1.14759692  1.65433953  0.66338577  1.77675011
  2.67595006  1.9457146   2.63340069  1.93302038]
Device (GPU) time: 1.0065 seconds
Iters. done: 91 [Current cost: -19.683650344112266]
Current parameters: [ 2.96858526  4.28818031  2.83112746  2.90617165  3.37420338  1.30784742
  1.90495613  1.91086197  2.26073936  1.83270255  2.35414945  2.30002166
  2.36517402  0.54109685  2.08823385  3.78000986  0.37509647  3.40713774
  0.41053714  3.38435725  3.08030381  0.11669866  2.99729248  1.43536501
  0.11603764  2.75417905  1.67036286  1.61568422  1.06806437  0.40126739
  0.94182667  1.60581908  0.08247119  1.57835843  2.03028501  2.2142217
  2.26630416  2.89732495  1.86797194  2.15796577  1.3422068   2.54984144
  0.01456295  2.15285815  3.05236615  1.34322014 -0.39329069  2.47905459
 -0.25572149  0.07440627  0.59488621  0.69268717  1.31331574  1.71891623
  0.38732005  0.87338386  1.14759692  1.65433953  0.66338577  1.77675011
  2.67595006  1.9457146   2.63340069  1.93302038]
Device (GPU) time: 1.6613 seconds
Iters. done: 92 [Current cost: -19.632079122551133]
Current parameters: [ 3.02225805  4.32262313  2.77844934  2.92957881  3.33827935  1.24759297
  1.91871119  1.91020455  2.25269748  1.81910012  2.36384316  2.31688064
  2.34390285  0.51261614  2.02710029  3.80624222  0.24452527  3.38906791
  0.37282637  3.4455929   3.08012235  0.09817967  2.58549652  1.4227466
  0.09428967  2.74371806  1.66400387  1.56217178  2.07487643  0.37077705
  0.92999439  1.59428278 -0.00493584  1.61126698  1.9977017   2.18934767
  2.24820597  2.87056567  1.87936363  2.140848    1.33932095  2.55345904
 -0.00502503  2.16122684  3.06400479  1.32470451 -0.45934795  2.40444909
 -0.29669199  0.06019412  0.5421123   0.69033381  1.32986711  1.72463158
  0.35858524  0.86180433  1.14179167  1.65835901  0.64772129  1.76116947
  2.66728828  1.9400978   2.62068387  1.92782293]
Device (GPU) time: 1.1093 seconds
Iters. done: 93 [Current cost: -19.578226331003897]
Current parameters: [ 2.96858526  4.28818031  2.83112746  2.90617165  3.37420338  1.30784742
  1.90495613  1.91086197  2.26073936  1.83270255  2.35414945  2.30002166
  2.36517402  0.54109685  2.08823385  3.78000986  0.37509647  3.40713774
  0.41053714  3.38435725  3.08030381  0.11669866  3.31758558  1.00288897
  0.36696488  2.75417905  1.67036286  1.61568422  1.45200751  0.40126739
  0.94182667  1.60581908  0.08247119  1.57835843  2.03028501  2.2142217
  2.26630416  2.89732495  1.86797194  2.15796577  1.3422068   2.54984144
  0.01456295  2.15285815  3.05236615  1.34322014 -0.39329069  2.47905459
 -0.25572149  0.07440627  0.59488621  0.69268717  1.31331574  1.71891623
  0.38732005  0.87338386  1.14759692  1.65433953  0.66338577  1.77675011
  2.67595006  1.9457146   2.63340069  1.93302038]
Device (GPU) time: 1.1669 seconds
Iters. done: 94 [Current cost: -19.69696797196726]
Current parameters: [ 3.00331745e+00  4.31046860e+00  2.79703893e+00  2.92131865e+00
  3.35095659e+00  1.26885617e+00  1.91385717e+00  1.91043655e+00
  2.25553538e+00  1.82390028e+00  2.36042235e+00  2.31093127e+00
  2.35140923e+00  5.22666706e-01  2.04867372e+00  3.79698508e+00
  2.90602558e-01  3.39544458e+00  3.86134127e-01  3.42398344e+00
  3.08018638e+00  1.04714840e-01  3.34567308e+00  1.49514037e+00
  1.21847140e+00  2.74740964e+00  1.66624789e+00  1.58105579e+00
  1.43643581e+00  3.81536789e-01  9.34169887e-01  1.59835383e+00
  2.59092426e-02  1.59965388e+00  2.00920003e+00  2.19812547e+00
  2.25459264e+00  2.88000876e+00  1.87534362e+00  2.14688869e+00
  1.34033934e+00  2.55218242e+00  1.88737605e-03  2.15827361e+00
  3.05989762e+00  1.33123849e+00 -4.36036992e-01  2.43077664e+00
 -2.82233902e-01  6.52094485e-02  5.60735693e-01  6.91164288e-01
  1.32402630e+00  1.72261469e+00  3.68725470e-01  8.65890634e-01
  1.14384029e+00  1.65694058e+00  6.53249131e-01  1.76666773e+00
  2.67034494e+00  1.94207991e+00  2.62517151e+00  1.92965706e+00]
Device (GPU) time: 1.0099 seconds
Iters. done: 95 [Current cost: -19.713402844108522]
Current parameters: [ 3.00331745e+00  4.31046860e+00  2.79703893e+00  2.92131865e+00
  3.35095659e+00  1.26885617e+00  1.91385717e+00  1.91043655e+00
  2.25553538e+00  1.82390028e+00  2.36042235e+00  2.31093127e+00
  2.35140923e+00  5.22666706e-01  2.04867372e+00  3.79698508e+00
  2.90602558e-01  3.39544458e+00  3.86134127e-01  3.42398344e+00
  3.08018638e+00  1.04714840e-01  3.34567308e+00  1.49514037e+00
  1.21847140e+00  2.74740964e+00  1.66624789e+00  1.58105579e+00
  1.43643581e+00  3.81536789e-01  1.28321736e+00  1.24035123e+00
  2.59092426e-02  1.59965388e+00  2.00920003e+00  2.19812547e+00
  2.25459264e+00  2.88000876e+00  1.87534362e+00  2.14688869e+00
  1.34033934e+00  2.55218242e+00  1.88737605e-03  2.15827361e+00
  3.05989762e+00  1.33123849e+00 -4.36036992e-01  2.43077664e+00
 -2.82233902e-01  6.52094485e-02  5.60735693e-01  6.91164288e-01
  1.32402630e+00  1.72261469e+00  3.68725470e-01  8.65890634e-01
  1.14384029e+00  1.65694058e+00  6.53249131e-01  1.76666773e+00
  2.67034494e+00  1.94207991e+00  2.62517151e+00  1.92965706e+00]
Device (GPU) time: 1.1193 seconds
Iters. done: 96 [Current cost: -19.672708795052984]
Current parameters: [ 3.02616093  4.32512768  2.77461878  2.93128089  3.33566709  1.2432115
  1.91971141  1.91015674  2.25211271  1.818111    2.36454805  2.31810656
  2.34235609  0.51054514  2.02265489  3.80814973  0.23503062  3.38775394
  0.37008418  3.45004572  3.08010916  0.09683304  3.36414632  1.48908294
  1.21007385  2.74295737  1.66354147  1.55828056  1.42619426  0.36855991
  1.64289382  2.29372412 -0.01129174  1.61365997  1.99533236  2.18753892
  2.24688994  2.86861984  1.88019199  2.13960326  1.3391111   2.55372209
 -0.00644939  2.16183538  3.0648511   1.32335812 -0.46415138  2.39902407
 -0.29967121  0.05916067  0.53827478  0.69016269  1.33107066  1.72504718
  0.35649575  0.86096231  1.14136954  1.6586513   0.64658223  1.7600365
  2.66665843  1.93968937  2.61975915  1.92744499]
Device (GPU) time: 1.1038 seconds
Iters. done: 97 [Current cost: -19.516126415826516]
Current parameters: [ 3.00331745e+00  4.31046860e+00  2.79703893e+00  2.92131865e+00
  3.35095659e+00  1.26885617e+00  1.91385717e+00  1.91043655e+00
  2.25553538e+00  1.82390028e+00  2.36042235e+00  2.31093127e+00
  2.35140923e+00  5.22666706e-01  2.04867372e+00  3.79698508e+00
  2.90602558e-01  3.39544458e+00  3.86134127e-01  3.42398344e+00
  3.08018638e+00  1.04714840e-01  3.34567308e+00  1.49514037e+00
  1.21847140e+00  3.00712765e+00  1.23899322e+00  1.58105579e+00
  1.43643581e+00  3.81536789e-01  9.34169887e-01  1.59835383e+00
  2.59092426e-02  1.59965388e+00  2.00920003e+00  2.19812547e+00
  2.25459264e+00  2.88000876e+00  1.87534362e+00  2.14688869e+00
  1.34033934e+00  2.55218242e+00  1.88737605e-03  2.15827361e+00
  3.05989762e+00  1.33123849e+00 -4.36036992e-01  2.43077664e+00
 -2.82233902e-01  6.52094485e-02  5.60735693e-01  6.91164288e-01
  1.32402630e+00  1.72261469e+00  3.68725470e-01  8.65890634e-01
  1.14384029e+00  1.65694058e+00  6.53249131e-01  1.76666773e+00
  2.67034494e+00  1.94207991e+00  2.62517151e+00  1.92965706e+00]
Device (GPU) time: 1.0069 seconds
Iters. done: 98 [Current cost: -19.603208102271207]
Current parameters: [ 3.02010979e+00  4.32124455e+00  2.78055779e+00  2.92864193e+00
  3.33971722e+00  1.25000466e+00  1.91816064e+00  1.91023086e+00
  2.25301936e+00  1.81964456e+00  2.36345517e+00  2.31620586e+00
  2.34475423e+00  5.13756089e-01  2.02954717e+00  3.80519226e+00
  2.49751398e-01  3.38979116e+00  3.74335745e-01  3.44314193e+00
  3.08012961e+00  9.89208972e-02  3.35925284e+00  1.49068753e+00
  1.21229833e+00  3.59533907e+00  2.18898050e+00  1.56431362e+00
  1.42890720e+00  3.71997429e-01  9.24777831e-01  1.59241241e+00
 -1.43735872e-03  1.60994981e+00  1.99900585e+00  2.19034325e+00
  2.24893035e+00  2.87163671e+00  1.87890768e+00  2.14153314e+00
  1.33943646e+00  2.55331424e+00 -4.24101635e-03  2.16089189e+00
  3.06353895e+00  1.32544560e+00 -4.56703996e-01  2.40743519e+00
 -2.95052138e-01  6.07629630e-02  5.44224586e-01  6.90428006e-01
  1.32920464e+00  1.72440282e+00  3.59735352e-01  8.62267804e-01
  1.14202403e+00  1.65819813e+00  6.48348264e-01  1.76179309e+00
  2.66763497e+00  1.94032261e+00  2.62119286e+00  1.92803096e+00]
Device (GPU) time: 1.1194 seconds
Iters. done: 99 [Current cost: -19.70895098240411]
Current parameters: [ 3.00331745e+00  4.31046860e+00  2.79703893e+00  2.92131865e+00
  3.35095659e+00  1.26885617e+00  1.91385717e+00  1.91043655e+00
  2.25553538e+00  1.82390028e+00  2.36042235e+00  2.31093127e+00
  2.35140923e+00  5.22666706e-01  2.04867372e+00  3.79698508e+00
  2.90602558e-01  3.39544458e+00  3.86134127e-01  3.42398344e+00
  3.08018638e+00  1.04714840e-01  3.34567308e+00  1.49514037e+00
  1.21847140e+00  2.74740964e+00  1.66624789e+00  1.58105579e+00
  1.43643581e+00  3.81536789e-01  9.34169887e-01  1.59835383e+00
  2.59092426e-02  1.24786065e+00  1.65389519e+00  2.19812547e+00
  2.25459264e+00  2.88000876e+00  1.87534362e+00  2.14688869e+00
  1.34033934e+00  2.55218242e+00  1.88737605e-03  2.15827361e+00
  3.05989762e+00  1.33123849e+00 -4.36036992e-01  2.43077664e+00
 -2.82233902e-01  6.52094485e-02  5.60735693e-01  6.91164288e-01
  1.32402630e+00  1.72261469e+00  3.68725470e-01  8.65890634e-01
  1.14384029e+00  1.65694058e+00  6.53249131e-01  1.76666773e+00
  2.67034494e+00  1.94207991e+00  2.62517151e+00  1.92965706e+00]
Device (GPU) time: 1.1338 seconds
Iters. done: 100 [Current cost: -19.46182223336773]
Current parameters: [ 3.06666343  4.35111888  2.73486689  2.94894436  3.30855815  1.19774236
  1.93009123  1.90966064  2.24604415  1.80784636  2.37186311  2.33082866
  2.32630446  0.48905306  1.97652236  3.82794516  0.13649916  3.37411811
  0.34162693  3.49625529  3.07997222  0.08285827  3.39690019  1.47834285
  1.19518461  2.72192393  1.67827984  1.51789907  1.40803553  0.34555133
  0.8987401   1.57594094 -0.07725072  0.96750112  2.71066905  2.16876851
  2.23323271  2.84842678  1.88878838  2.12668586  1.33693338  2.556452
 -0.02123084  2.16815055  3.07363384  1.30938588 -0.51399942  2.34272537
 -0.33058831  0.04843591  0.49845061  0.6883868   1.34356064  1.72936009
  0.33481192  0.85222418  1.13698879  1.66168447  0.63476152  1.74827906
  2.66012208  1.93545083  2.61016281  1.92352289]
Device (GPU) time: 1.1438 seconds
Iters. done: 101 [Current cost: -19.453077879311373]
Current parameters: [ 3.00331745e+00  4.31046860e+00  2.79703893e+00  2.92131865e+00
  3.35095659e+00  1.26885617e+00  1.91385717e+00  1.91043655e+00
  2.25553538e+00  1.82390028e+00  2.36042235e+00  2.31093127e+00
  2.35140923e+00  5.22666706e-01  2.04867372e+00  3.79698508e+00
  2.90602558e-01  3.39544458e+00  3.86134127e-01  3.42398344e+00
  3.08018638e+00  1.04714840e-01  3.34567308e+00  1.49514037e+00
  1.21847140e+00  2.74740964e+00  1.66624789e+00  1.58105579e+00
  1.43643581e+00  3.81536789e-01  9.34169887e-01  1.59835383e+00
  2.59092426e-02  1.59965388e+00  2.00920003e+00  1.83190707e+00
  2.25459264e+00  3.22042627e+00  1.87534362e+00  2.14688869e+00
  1.34033934e+00  2.55218242e+00  1.88737605e-03  2.15827361e+00
  3.05989762e+00  1.33123849e+00 -4.36036992e-01  2.43077664e+00
 -2.82233902e-01  6.52094485e-02  5.60735693e-01  6.91164288e-01
  1.32402630e+00  1.72261469e+00  3.68725470e-01  8.65890634e-01
  1.14384029e+00  1.65694058e+00  6.53249131e-01  1.76666773e+00
  2.67034494e+00  1.94207991e+00  2.62517151e+00  1.92965706e+00]
Device (GPU) time: 1.0375 seconds
Iters. done: 102 [Current cost: -19.71480668144494]
Current parameters: [ 3.05172642  4.34153352  2.74952708  2.94243021  3.31855572  1.21451103
  1.92626323  1.9098436   2.24828219  1.81163188  2.36916537  2.32613685
  2.33222418  0.49697918  1.99353569  3.82064476  0.17283681  3.3791469
  0.35212174  3.47921355  3.08002272  0.08801206  3.38482081  1.48230371
  1.20067565  2.72793347  1.6754427   1.53279146  1.41473233  0.35403671
  0.90709446  1.58122591 -0.05292555  1.67614402  1.99121187  2.48889509
  2.23826939  3.92754497  1.8856181   2.1314497   1.33773651  2.55544523
 -0.01577956  2.16582157  3.07039483  1.31453873 -0.49561584  2.3634879
 -0.31918632  0.05239112  0.51313746  0.68904173  1.33895443  1.72776952
  0.34280875  0.85544674  1.13860437  1.66056586  0.63912091  1.75261512
  2.66253264  1.93701397  2.61370187  1.92496933]
Device (GPU) time: 1.1094 seconds
Iters. done: 103 [Current cost: -19.27464352454574]
Current parameters: [ 3.00331745e+00  4.31046860e+00  2.79703893e+00  2.92131865e+00
  3.35095659e+00  1.26885617e+00  1.91385717e+00  1.91043655e+00
  2.25553538e+00  1.82390028e+00  2.36042235e+00  2.31093127e+00
  2.35140923e+00  5.22666706e-01  2.04867372e+00  3.79698508e+00
  2.90602558e-01  3.39544458e+00  3.86134127e-01  3.42398344e+00
  3.08018638e+00  1.04714840e-01  3.34567308e+00  1.49514037e+00
  1.21847140e+00  2.74740964e+00  1.66624789e+00  1.58105579e+00
  1.43643581e+00  3.81536789e-01  9.34169887e-01  1.59835383e+00
  2.59092426e-02  1.59965388e+00  2.00920003e+00  1.83190707e+00
  2.59816998e+00  3.22042627e+00  1.87534362e+00  1.78363311e+00
  1.34033934e+00  2.55218242e+00  1.88737605e-03  2.15827361e+00
  3.05989762e+00  1.33123849e+00 -4.36036992e-01  2.43077664e+00
 -2.82233902e-01  6.52094485e-02  5.60735693e-01  6.91164288e-01
  1.32402630e+00  1.72261469e+00  3.68725470e-01  8.65890634e-01
  1.14384029e+00  1.65694058e+00  6.53249131e-01  1.76666773e+00
  2.67034494e+00  1.94207991e+00  2.62517151e+00  1.92965706e+00]
Device (GPU) time: 1.1168 seconds
Iters. done: 104 [Current cost: -19.35590013585267]
Current parameters: [ 3.03506379  4.33084081  2.76588091  2.9351635   3.32970827  1.23321692
  1.921993    1.9100477   2.25077878  1.81585473  2.36615598  2.32090301
  2.33882778  0.50582096  2.01251449  3.81250097  0.21337241  3.38475665
  0.36382899  3.46020305  3.08007906  0.09376125  3.37134595  1.48672216
  1.20680104  2.73463727  1.6722778   1.5494043   1.42220279  0.36350239
  0.91641397  1.58712143 -0.02579019  1.6498157   1.99740349  1.79939356
  2.94266619  3.18566906  1.88208157  2.85053044  1.33863242  2.55432215
 -0.0096985   2.16322352  3.06678164  1.32028688 -0.47510848  2.38664904
 -0.3064671   0.05680326  0.52952103  0.68977233  1.33381609  1.7259952
  0.35172943  0.85904158  1.1404066   1.65931802  0.64398392  1.7574521
  2.66522167  1.93875769  2.61764978  1.92658287]
Device (GPU) time: 1.0631 seconds
Iters. done: 105 [Current cost: -19.077165286313722]
Current parameters: [ 3.00331745e+00  4.31046860e+00  2.79703893e+00  2.92131865e+00
  3.35095659e+00  1.26885617e+00  1.91385717e+00  1.91043655e+00
  2.25553538e+00  1.82390028e+00  2.36042235e+00  2.31093127e+00
  2.35140923e+00  5.22666706e-01  2.04867372e+00  3.79698508e+00
  2.90602558e-01  3.39544458e+00  3.86134127e-01  3.42398344e+00
  3.08018638e+00  1.04714840e-01  3.34567308e+00  1.49514037e+00
  1.21847140e+00  2.74740964e+00  1.66624789e+00  1.58105579e+00
  1.43643581e+00  3.81536789e-01  9.34169887e-01  1.59835383e+00
  2.59092426e-02  1.59965388e+00  2.00920003e+00  1.83190707e+00
  2.25459264e+00  3.22042627e+00  1.75255743e+00  2.14688869e+00
  8.55650209e-01  2.55218242e+00  1.88737605e-03  2.15827361e+00
  3.05989762e+00  1.33123849e+00 -4.36036992e-01  2.43077664e+00
 -2.82233902e-01  6.52094485e-02  5.60735693e-01  6.91164288e-01
  1.32402630e+00  1.72261469e+00  3.68725470e-01  8.65890634e-01
  1.14384029e+00  1.65694058e+00  6.53249131e-01  1.76666773e+00
  2.67034494e+00  1.94207991e+00  2.62517151e+00  1.92965706e+00]
Device (GPU) time: 1.1386 seconds
Iters. done: 106 [Current cost: -19.600194671654613]
Current parameters: [ 3.01776466e+00  4.31973964e+00  2.78285945e+00  2.92761920e+00
  3.34128685e+00  1.25263737e+00  1.91755964e+00  1.91025959e+00
  2.25337073e+00  1.82023889e+00  2.36303162e+00  2.31546924e+00
  2.34568363e+00  5.15000499e-01  2.03221828e+00  3.80404609e+00
  2.55456454e-01  3.39058069e+00  3.75983444e-01  3.44046636e+00
  3.08013754e+00  9.97300486e-02  3.35735636e+00  1.49130939e+00
  1.21316043e+00  2.74159716e+00  1.66899200e+00  1.56665174e+00
  1.42995861e+00  3.73329645e-01  9.26089476e-01  1.59324216e+00
  2.38172276e-03  1.62248166e+00  2.00383163e+00  1.81711074e+00
  2.22518746e+00  3.20460887e+00  9.10934546e-01  2.14312412e+00
  1.59040821e+00  2.55315618e+00 -3.38515754e-03  2.16052623e+00
  3.06303042e+00  1.32625460e+00 -4.53817751e-01  2.41069493e+00
 -2.93262012e-01  6.13839356e-02  5.46530439e-01  6.90530831e-01
  1.32848146e+00  1.72415310e+00  3.60990864e-01  8.62773750e-01
  1.14227768e+00  1.65802251e+00  6.49032693e-01  1.76247385e+00
  2.66801343e+00  1.94056803e+00  2.62174850e+00  1.92825805e+00]
Device (GPU) time: 1.1203 seconds
Iters. done: 107 [Current cost: -19.1582808939697]
Current parameters: [ 3.00331745  4.3104686   2.79703893  2.92131865  3.35095659  1.26885617
  1.91385717  1.91043655  2.25553538  1.82390028  2.36042235  2.31093127
  2.35140923  0.52266671  2.04867372  3.79698508  0.29060256  3.39544458
  0.38613413  3.42398344  3.08018638  0.10471484  3.34567308  1.49514037
  1.2184714   2.74740964  1.66624789  1.58105579  1.43643581  0.38153679
  0.93416989  1.59835383  0.02590924  1.59965388  2.00920003  1.83190707
  2.25459264  3.22042627  1.87534362  2.14688869  1.34033934  3.04386744
  0.092694    2.15827361  3.05989762  1.33123849 -0.43603699  2.43077664
 -0.2822339   0.06520945  0.56073569  0.69116429  1.3240263   1.72261469
  0.36872547  0.86589063  1.14384029  1.65694058  0.65324913  1.76666773
  2.67034494  1.94207991  2.62517151  1.92965706]
Device (GPU) time: 1.1070 seconds
Iters. done: 108 [Current cost: -19.667487881386528]
Current parameters: [ 3.027421    4.32593629  2.77338207  2.93183041  3.33482371  1.24179691
  1.92003433  1.91014131  2.25192391  1.81779166  2.36477563  2.31850236
  2.34185671  0.5098765   2.02121967  3.80876559  0.23196523  3.38732972
  0.36919885  3.45148334  3.0801049   0.09639827  3.36516532  1.4887488
  1.20961063  2.73771216  1.67082613  1.55702426  1.42562932  0.36784409
  0.92068863  1.58982558 -0.01334379  1.63773947  2.00024345  1.80722105
  2.20553339  3.19403671  1.90644243  2.14060793  1.34206322  2.36874842
  0.97395608  2.16203185  3.06512434  1.32292343 -0.4657022   2.39727256
 -0.30063307  0.05882701  0.53703582  0.69010744  1.33145924  1.72518135
  0.35582115  0.86069046  1.14123325  1.65874566  0.64621448  1.75967072
  2.66645508  1.9395575   2.6194606   1.92732297]
Device (GPU) time: 1.0381 seconds
Iters. done: 109 [Current cost: -19.718203243522805]
Current parameters: [ 3.027421    4.32593629  2.77338207  2.93183041  3.33482371  1.24179691
  1.92003433  1.91014131  2.25192391  1.81779166  2.36477563  2.31850236
  2.34185671  0.5098765   2.02121967  3.80876559  0.23196523  3.38732972
  0.36919885  3.45148334  3.0801049   0.09639827  3.36516532  1.4887488
  1.20961063  2.73771216  1.67082613  1.55702426  1.42562932  0.36784409
  0.92068863  1.58982558 -0.01334379  1.63773947  2.00024345  1.80722105
  2.20553339  3.19403671  1.90644243  2.14060793  1.34206322  2.36874842
  0.97395608  1.66514815  3.06512434  1.32292343 -0.4657022   2.34153584
 -0.30063307  0.05882701  0.53703582  0.69010744  1.33145924  1.72518135
  0.35582115  0.86069046  1.14123325  1.65874566  0.64621448  1.75967072
  2.66645508  1.9395575   2.6194606   1.92732297]
Device (GPU) time: 1.1487 seconds
Iters. done: 110 [Current cost: -19.575454572937353]
Current parameters: [ 3.11575436  4.38262143  2.68668572  2.97035333  3.27570083  1.14263163
  1.94267207  1.90905934  2.23868878  1.79540512  2.38072931  2.34624844
  2.30684914  0.46300366  1.92060757  3.85193815  0.01707438  3.35759085
  0.30713539  3.55226346  3.07980626  0.06592019  3.43659942  1.46532535
  1.17713816  2.7021734   1.68760418  1.46895482  1.3860263   0.31766384
  0.87128326  1.55857173 -0.15719611  1.77731342  1.96741991  1.71675307
  2.02574377  3.09732569  2.02041162  2.11759055  1.34838082  2.36320896
  0.92640397  2.10944849  3.08427893  1.29245086 -0.57441759  3.24717667
 -0.3680613   0.035437    0.45018184  0.68623435  1.35869907  1.73458754
  0.3085301   0.84163316  1.13167911  1.66536083  0.62043427  1.73402848
  2.65219973  1.93031351  2.59853159  1.91876912]
Device (GPU) time: 1.1174 seconds
Iters. done: 111 [Current cost: -19.402768440403015]
Current parameters: [ 3.027421    4.32593629  2.77338207  2.93183041  3.33482371  1.24179691
  1.92003433  1.91014131  2.25192391  1.81779166  2.36477563  2.31850236
  2.34185671  0.5098765   2.02121967  3.80876559  0.23196523  3.38732972
  0.36919885  3.45148334  3.0801049   0.09639827  3.36516532  1.4887488
  1.20961063  2.73771216  1.67082613  1.55702426  1.42562932  0.36784409
  0.92068863  1.58982558 -0.01334379  1.63773947  2.00024345  1.80722105
  2.20553339  3.19403671  1.90644243  2.14060793  1.34206322  2.36874842
  0.97395608  2.16203185  3.06512434  1.32292343 -0.15361401  2.39727256
 -0.30063307  0.05882701  0.14639408  0.69010744  1.33145924  1.72518135
  0.35582115  0.86069046  1.14123325  1.65874566  0.64621448  1.75967072
  2.66645508  1.9395575   2.6194606   1.92732297]
Device (GPU) time: 1.0221 seconds
Iters. done: 112 [Current cost: -19.786303875343553]
Current parameters: [ 3.11698415  4.38341061  2.68547871  2.97088965  3.27487771  1.14125103
  1.94298724  1.90904428  2.23850452  1.79509345  2.38095142  2.34663473
  2.30636175  0.46235109  1.91920683  3.8525392   0.01408263  3.35717682
  0.30627133  3.55366654  3.0798021   0.06549586  3.43759394  1.46499925
  1.17668608  2.70167862  1.68783777  1.4677287   1.38547494  0.31696522
  0.87059542  1.5581366  -0.15919885  1.77925659  1.96696294  1.71549356
  2.0232407   3.09597926  2.02199832  2.11727009  1.34846877  2.36313184
  0.92574194  2.23020328  3.0845456   1.29202661  0.50501733  2.17597379
 -0.36900005  0.03511136  0.64627823  0.68618042  1.35907831  1.73471849
  0.3078717   0.84136784  1.1315461   1.66545293  0.62007535  1.73367149
  2.65200126  1.93018482  2.59824021  1.91865004]
Device (GPU) time: 1.5138 seconds
Iters. done: 113 [Current cost: -19.91619321016408]
Current parameters: [ 3.11698415  4.38341061  2.68547871  2.97088965  3.27487771  1.14125103
  1.94298724  1.90904428  2.23850452  1.79509345  2.38095142  2.34663473
  2.30636175  0.46235109  1.91920683  3.8525392   0.01408263  3.35717682
  0.30627133  3.55366654  3.0798021   0.06549586  3.43759394  1.46499925
  1.17668608  2.70167862  1.68783777  1.4677287   1.38547494  0.31696522
  0.87059542  1.5581366  -0.15919885  1.77925659  1.96696294  1.71549356
  2.0232407   3.09597926  2.02199832  2.11727009  1.34846877  2.36313184
  0.92574194  2.23020328  3.0845456   0.83639485  0.50501733  2.17597379
 -0.16308819  0.03511136  0.64627823  0.68618042  1.35907831  1.73471849
  0.3078717   0.84136784  1.1315461   1.66545293  0.62007535  1.73367149
  2.65200126  1.93018482  2.59824021  1.91865004]
Device (GPU) time: 1.1487 seconds
Iters. done: 114 [Current cost: -19.930040024413923]
Current parameters: [ 3.16357269  4.41330733  2.63975356  2.99120731  3.24369528  1.08894955
  1.95492677  1.90847363  2.23152409  1.7832864   2.38936566  2.3612685
  2.28789815  0.43762954  1.86614227  3.87530916 -0.09925453  3.34149202
  0.27353799  3.60681972  3.07964459  0.04942119  3.47526951  1.45264531
  1.15955953  2.68293486  1.6966868   1.42127935  1.36458762  0.29049929
  0.84453818  1.54165278 -0.23506905  1.85287031  1.94965123  1.66777919
  1.92841654  3.04497219  2.08210765  2.10513033  1.35180078  2.36021023
  0.90066214  2.26566437  3.09464806  1.22649031  0.43587425  2.06085963
  0.70537411  0.02277506  0.57735633  0.68413769  1.37344507  1.73967948
  0.28292959  0.83131669  1.12650708  1.66894188  0.60647842  1.72014733
  2.64448275  1.92530937  2.58720188  1.91413859]
Device (GPU) time: 1.1112 seconds
Iters. done: 115 [Current cost: -19.678499350643097]
Current parameters: [ 3.11698415  4.38341061  2.68547871  2.97088965  3.27487771  1.14125103
  1.94298724  1.90904428  2.23850452  1.79509345  2.38095142  2.34663473
  2.30636175  0.46235109  1.91920683  3.8525392   0.01408263  3.35717682
  0.30627133  3.55366654  3.0798021   0.06549586  3.43759394  1.46499925
  1.17668608  2.70167862  1.68783777  1.4677287   1.38547494  0.31696522
  0.87059542  1.5581366  -0.15919885  1.77925659  1.96696294  1.71549356
  2.0232407   3.09597926  2.02199832  2.11727009  1.34846877  2.36313184
  0.92574194  2.23020328  3.47138395  0.83639485  0.50501733  2.17597379
 -0.16308819  0.35190165  0.64627823  0.68618042  1.35907831  1.73471849
  0.3078717   0.84136784  1.1315461   1.66545293  0.62007535  1.73367149
  2.65200126  1.93018482  2.59824021  1.91865004]
Device (GPU) time: 1.0078 seconds
Iters. done: 116 [Current cost: -19.869368983300443]
Current parameters: [ 3.13545591  4.39526428  2.66734928  2.97894534  3.26251428  1.12051417
  1.94772111  1.90881802  2.23573687  1.79041211  2.38428756  2.35243683
  2.29904117  0.45254931  1.89816742  3.8615672  -0.0308541   3.350958
  0.29329298  3.57474109  3.07973965  0.05912246  3.45253182  1.46010107
  1.16989562  2.69424696  1.6913463   1.44931213  1.37719338  0.30647182
  0.86026406  1.55160098 -0.18928041  1.80844349  1.96009907  1.69657543
  1.98564414  3.07575561  2.04583089  2.11245683  1.34978987  2.36197346
  0.91579812  2.24426315  2.45301068  0.82305668  0.47760299  2.13033251
 -0.1905096   0.80033019  0.61895159  0.68537051  1.36477455  1.73668546
  0.29798248  0.83738269  1.12954819  1.66683625  0.61468434  1.72830933
  2.64902027  1.92825177  2.59386365  1.91686131]
Device (GPU) time: 1.6198 seconds
Iters. done: 117 [Current cost: -19.718705405939186]
Current parameters: [ 3.11698415  4.38341061  2.68547871  2.97088965  3.27487771  1.14125103
  1.94298724  1.90904428  2.23850452  1.79509345  2.38095142  2.34663473
  2.30636175  0.46235109  1.91920683  3.8525392   0.01408263  3.35717682
  0.30627133  3.55366654  3.0798021   0.06549586  3.43759394  1.46499925
  1.17668608  2.70167862  1.68783777  1.4677287   1.38547494  0.31696522
  0.87059542  1.5581366  -0.15919885  1.77925659  1.96696294  1.71549356
  2.0232407   3.09597926  2.02199832  2.11727009  1.34846877  2.36313184
  0.92574194  2.23020328  3.0845456   0.83639485  0.50501733  2.17597379
 -0.16308819  0.03511136  0.64627823  0.19115919  1.28869381  1.73471849
  0.3078717   0.84136784  1.1315461   1.66545293  0.62007535  1.73367149
  2.65200126  1.93018482  2.59824021  1.91865004]
Device (GPU) time: 1.1072 seconds
Iters. done: 118 [Current cost: -19.91078282379805]
Current parameters: [ 3.13363854  4.39409804  2.66913296  2.97815277  3.26373067  1.12255439
  1.94725536  1.90884028  2.23600917  1.79087269  2.38395933  2.35186598
  2.29976142  0.45351367  1.9002374   3.86067897 -0.02643295  3.35156984
  0.29456987  3.57266765  3.0797458   0.05974952  3.45106214  1.46058298
  1.17056371  2.69497813  1.69100111  1.45112406  1.37800817  0.30750423
  0.86128052  1.55224399 -0.1863208   1.8055719   1.96077438  1.69843671
  1.98934312  3.07774534  2.0434861   2.11293039  1.3496599   2.36208743
  0.91677646  2.24287985  3.09102086  0.82436897  0.48030018  2.13482298
 -0.18781171  0.02183078  0.62164015  0.82711001  0.375583    1.73649194
  0.29895544  0.83777477  1.12974476  1.66670015  0.61521474  1.72883689
  2.64931356  1.92844195  2.59429425  1.91703729]
Device (GPU) time: 1.1074 seconds
Iters. done: 119 [Current cost: -19.433826578271837]
Current parameters: [ 3.11698415  4.38341061  2.68547871  2.97088965  3.27487771  1.14125103
  1.94298724  1.90904428  2.23850452  1.79509345  2.38095142  2.34663473
  2.30636175  0.46235109  1.91920683  3.8525392   0.01408263  3.35717682
  0.30627133  3.55366654  3.0798021   0.06549586  3.43759394  1.46499925
  1.17668608  2.70167862  1.68783777  1.4677287   1.38547494  0.31696522
  0.87059542  1.5581366  -0.15919885  1.77925659  1.96696294  1.71549356
  2.0232407   3.09597926  2.02199832  2.11727009  1.34846877  2.36313184
  0.92574194  2.23020328  3.0845456   0.83639485  0.50501733  2.17597379
 -0.16308819  0.03511136  0.64627823  0.68618042  1.35907831  1.73471849
  0.49475744  0.37760743  1.1315461   1.66545293  0.62007535  1.73367149
  2.65200126  1.93018482  2.59824021  1.91865004]
Device (GPU) time: 1.0192 seconds
Iters. done: 120 [Current cost: -19.794952068460937]
Current parameters: [ 3.14723993  4.4028263   2.65578364  2.98408445  3.25462706  1.10728513
  1.95074107  1.90867369  2.23397125  1.78742565  2.38641584  2.35613827
  2.29437103  0.44629629  1.88474537  3.86732659 -0.05952138  3.34699072
  0.28501348  3.58818555  3.07969981  0.05505657  3.4620614   1.45697629
  1.16556367  2.68950595  1.69358455  1.43756332  1.37191019  0.29977758
  0.85367319  1.54743159 -0.20847087  1.8270632   1.95572028  1.68450665
  1.9616595   3.06285399  2.06103483  2.10938622  1.35063267  2.36123447
  0.90945449  2.25323261  3.09630911  0.81454762  0.46011407  2.10121576
 -0.20800302  0.01098474  0.60151862  0.68258149  1.39833581  1.73794028
  1.2096418   1.21960975  1.12827363  1.66771874  0.61124516  1.72488856
  2.64711855  1.92701858  2.59107164  1.91572019]
Device (GPU) time: 1.6942 seconds
Iters. done: 121 [Current cost: -19.825141782225213]
Current parameters: [ 3.11698415  4.38341061  2.68547871  2.97088965  3.27487771  1.14125103
  1.94298724  1.90904428  2.23850452  1.79509345  2.38095142  2.34663473
  2.30636175  0.46235109  1.91920683  3.8525392   0.01408263  3.35717682
  0.30627133  3.55366654  3.0798021   0.06549586  3.43759394  1.46499925
  1.17668608  2.70167862  1.68783777  1.4677287   1.38547494  0.31696522
  0.87059542  1.5581366  -0.15919885  1.77925659  1.96696294  1.71549356
  2.0232407   3.09597926  2.02199832  2.11727009  1.34846877  2.36313184
  0.92574194  2.23020328  3.0845456   0.83639485  0.50501733  2.17597379
 -0.16308819  0.03511136  0.64627823  0.68618042  1.35907831  1.73471849
  0.3078717   0.84136784  0.66270672  1.66545293  0.79382701  1.73367149
  2.65200126  1.93018482  2.59824021  1.91865004]
Device (GPU) time: 1.1171 seconds
Iters. done: 122 [Current cost: -19.83410055067377]
Current parameters: [ 3.13311275  4.39376063  2.66964901  2.97792347  3.26408259  1.12314466
  1.94712061  1.90884672  2.23608795  1.79100594  2.38386437  2.35170083
  2.2999698   0.45379268  1.90083629  3.86042199 -0.02515383  3.35174686
  0.2949393   3.57206776  3.07974757  0.05993093  3.45063693  1.46072241
  1.170757    2.69518967  1.69090124  1.45164829  1.37824391  0.30780292
  0.8615746   1.55243003 -0.18546453  1.8047411   1.96096976  1.69897521
  1.9904133   3.078321    2.04280771  2.1130674   1.34962229  2.3621204
  0.91705951  2.24247964  3.09081643  0.82474863  0.48108052  2.13612215
 -0.18703116  0.02225006  0.622418    0.68426192  1.38000551  1.73643595
  0.28912874  0.84172961  1.48170978  1.66666077  1.54992939  1.72898953
  2.64939841  1.92849698  2.59441882  1.91708821]
Device (GPU) time: 1.1030 seconds
Iters. done: 123 [Current cost: -19.887255431314983]
Current parameters: [ 3.11698415  4.38341061  2.68547871  2.97088965  3.27487771  1.14125103
  1.94298724  1.90904428  2.23850452  1.79509345  2.38095142  2.34663473
  2.30636175  0.46235109  1.91920683  3.8525392   0.01408263  3.35717682
  0.30627133  3.55366654  3.0798021   0.06549586  3.43759394  1.46499925
  1.17668608  2.70167862  1.68783777  1.4677287   1.38547494  0.31696522
  0.87059542  1.5581366  -0.15919885  1.77925659  1.96696294  1.71549356
  2.0232407   3.09597926  2.02199832  2.11727009  1.34846877  2.36313184
  0.92574194  2.23020328  3.0845456   0.83639485  0.50501733  2.17597379
 -0.16308819  0.03511136  0.64627823  0.68618042  1.35907831  1.26530418
  0.3078717   0.84136784  1.1315461   1.66545293  0.62007535  1.56147914
  2.65200126  1.93018482  2.59824021  1.91865004]
Device (GPU) time: 1.0350 seconds
Iters. done: 124 [Current cost: -19.95166406802359]
Current parameters: [ 3.13294397  4.39365232  2.66981467  2.97784986  3.26419556  1.12333414
  1.94707736  1.90884879  2.23611324  1.79104872  2.38383388  2.35164781
  2.30003669  0.45388224  1.90102853  3.8603395  -0.02474322  3.35180369
  0.29505789  3.5718752   3.07974814  0.05998917  3.45050044  1.46076717
  1.17081904  2.69525758  1.69086918  1.45181657  1.37831958  0.3078988
  0.86166901  1.55248975 -0.18518966  1.80447441  1.96103247  1.69914807
  1.99075684  3.07850579  2.04258994  2.11311138  1.34961022  2.36213098
  0.91715037  2.24235117  3.09075081  0.82487051  0.48133102  2.13653919
 -0.1867806   0.02238466  0.62266769  0.684282    1.37978651  0.92199972
  0.28932488  0.84172583  1.13329878  1.66664813  0.60995843  2.49398636
  2.64942565  1.92851464  2.59445882  1.91710455]
Device (GPU) time: 1.1018 seconds
Iters. done: 125 [Current cost: -19.918242722819166]
Current parameters: [ 3.11698415  4.38341061  2.68547871  2.97088965  3.27487771  1.14125103
  1.94298724  1.90904428  2.23850452  1.79509345  2.38095142  2.34663473
  2.30636175  0.46235109  1.91920683  3.8525392   0.01408263  3.35717682
  0.30627133  3.55366654  3.0798021   0.06549586  3.43759394  1.46499925
  1.17668608  2.70167862  1.68783777  1.4677287   1.38547494  0.31696522
  0.87059542  1.5581366  -0.15919885  1.77925659  1.96696294  1.71549356
  2.0232407   3.09597926  2.02199832  2.11727009  1.34846877  2.36313184
  0.92574194  2.23020328  3.0845456   0.83639485  0.50501733  2.17597379
 -0.16308819  0.03511136  0.64627823  0.68618042  1.35907831  1.26530418
  0.3078717   0.84136784  1.1315461   1.66545293  0.62007535  1.56147914
  2.23875497  1.93018482  2.87971402  1.91865004]
Device (GPU) time: 1.1116 seconds
Iters. done: 126 [Current cost: -19.91678189056685]
Current parameters: [ 3.13173     4.39287329  2.67100614  2.97732044  3.26500809  1.12469697
  1.94676625  1.90886366  2.23629513  1.79135637  2.38361463  2.3512665
  2.3005178   0.45452641  1.90241124  3.85974618 -0.02178998  3.35221239
  0.29591083  3.57049018  3.07975225  0.06040803  3.44951872  1.46108907
  1.17126531  2.69574599  1.6906386   1.4530269   1.37886384  0.30858843
  0.86234798  1.55291927 -0.1832127   1.80255625  1.96148357  1.70039137
  1.99322768  3.07983489  2.04102366  2.11342771  1.3495234   2.36220711
  0.91780387  2.24142715  3.09027882  0.8257471   0.48313269  2.13953874
 -0.18497847  0.0233527   0.6244636   0.6844264   1.37821136  1.2670257
  0.29073562  0.8416986   1.13316546  1.66655722  0.61072796  1.5536664
  3.21333831  1.92864168  3.41928961  1.91722211]
Device (GPU) time: 1.0252 seconds
Iters. done: 127 [Current cost: -19.869882327987966]
Current parameters: [ 3.11698415  4.38341061  2.68547871  2.97088965  3.27487771  1.14125103
  1.94298724  1.90904428  2.23850452  1.79509345  2.38095142  2.34663473
  2.30636175  0.46235109  1.91920683  3.8525392   0.01408263  3.35717682
  0.30627133  3.55366654  3.0798021   0.06549586  3.43759394  1.46499925
  1.17668608  2.70167862  1.68783777  1.4677287   1.38547494  0.31696522
  0.87059542  1.5581366  -0.15919885  1.77925659  1.96696294  1.71549356
  2.0232407   3.09597926  2.02199832  2.11727009  1.34846877  2.36313184
  0.92574194  2.23020328  3.0845456   0.83639485  0.50501733  2.17597379
 -0.16308819  0.03511136  0.64627823  0.68618042  1.35907831  1.26530418
  0.3078717   0.84136784  1.1315461   1.66545293  0.62007535  1.56147914
  2.65200126  2.26977323  2.59824021  1.55166269]
Device (GPU) time: 1.1368 seconds
Iters. done: 128 [Current cost: -19.937412111532883]
Current parameters: [ 3.12429248e+00  4.38810050e+00  2.67830582e+00  2.97407688e+00
  3.26998613e+00  1.13304651e+00  1.94486019e+00  1.90895476e+00
  2.23740950e+00  1.79324128e+00  2.38227136e+00  2.34893033e+00
  2.30346537e+00  4.58473024e-01  1.91088261e+00  3.85611112e+00
 -3.69654255e-03  3.35471635e+00  3.01136462e-01  3.56200466e+00
  3.07977739e+00  6.29742342e-02  3.44350409e+00  1.46306129e+00
  1.17399944e+00  2.69873829e+00  1.68922591e+00  1.46044220e+00
  1.38219835e+00  3.12813520e-01  8.66507831e-01  1.55555079e+00
 -1.71100586e-01  1.79080436e+00  1.96424725e+00  1.70800862e+00
  2.00836566e+00  3.08797779e+00  2.03142765e+00  2.11536573e+00
  1.34899147e+00  2.36267353e+00  9.21807680e-01  2.23576605e+00
  3.08738710e+00  8.31117612e-01  4.94170874e-01  2.15791587e+00
 -1.73937441e-01  2.92835356e-02  6.35466473e-01  6.85311095e-01
  1.36856103e+00  1.26615740e+00  2.99378726e-01  8.41531769e-01
  1.13234869e+00  1.66600024e+00  6.15442601e-01  1.55760699e+00
  2.65030641e+00  2.66294223e+00  2.59422609e+00  2.59717862e+00]
Device (GPU) time: 1.1043 seconds
Iters. done: 129 [Current cost: -20.010741186497814]
Current parameters: [ 3.12429248  4.3881005   2.67830582  2.97407688  3.26998613  1.13304651
  1.94486019  1.90895476  2.2374095   1.79324128  2.38326804  2.34893033
  2.30346537  0.45847302  1.91088261  3.85647397 -0.01954722  3.35556669
  0.30113646  3.5635453   3.07878512  0.06264034  3.44467546  1.4625609
  1.17313701  2.69832345  1.68897374  1.45864059  1.38122117  0.31107488
  0.86603861  1.55509331 -0.17387042  1.79210937  1.96295514  1.70702223
  2.00764796  3.08691664  2.0318794   2.11468692  1.34887703  2.36281698
  0.92103091  2.23609792  3.08784863  0.83038336  0.49155133  2.15495734
 -0.17556215  0.02871994  0.63337369  0.68521777  1.36921738  1.26638405
  0.29823923  0.84107257  1.13211848  1.16630921  0.61482142  1.55698913
  2.64996292  2.66271949  2.59372179  2.59697251]
Device (GPU) time: 1.1025 seconds
Iters. done: 130 [Current cost: -19.96118489955357]
Current parameters: [ 3.26362309  4.47751152  2.54155731  3.03484012  3.17673001  0.97663042
  1.98056731  1.90724814  2.21653338  1.75793038  2.33509031  2.39269498
  2.24824698  0.38453922  1.75218442  3.89787035  0.80789361  3.24608551
  0.20324208  3.60913897  3.15133217  0.0391368   3.47115394  1.46243643
  1.18538042  2.6727936   1.73399451  1.45230019  1.39066107  0.35986425
  0.82263814  1.53946003 -0.19695078  1.91623212  2.0062636   1.63690998
  1.77687354  3.01245845  2.17840381  2.12833265  1.36726321  2.34352287
  0.90318569  2.31772926  3.10805776  0.78380568  0.47753055  2.02839731
 -0.26284233 -0.0409126   0.58125199  0.67551171  1.50170294  1.26597227
  0.22017534  0.87798824  1.16435994  1.6664184   0.57221059  1.52863425
  2.6429273   2.66200109  2.5543032   2.60542345]
Device (GPU) time: 1.0563 seconds
Iters. done: 131 [Current cost: -19.477254775700956]
Current parameters: [ 3.12906168  4.33930147  2.47534258  3.22156652  3.25180143  1.20644952
  1.99036367  1.89859064  2.23310151  1.81269986  2.37811465  2.35370604
  2.31268919  0.46458843  1.93720528  3.83952157  0.06240979  3.31583889
  0.41595645  3.4915669   3.12514435  0.07824009  3.38994927  1.4859392
  1.21342978  2.71770469  1.70075514  1.54281186  1.42687487  0.3923041
  0.88796044  1.57646678 -0.04446381  1.7311392   2.02332272  1.75310671
  2.04117874  3.13649395  2.01077384  2.14640127  1.35422369  2.35611461
  0.95732184  2.22059312  3.06628555  0.86468755  0.61393658  2.29318003
 -0.09965551  0.05505101  0.73114867  0.68957786  1.33855241  1.25579513
  0.35147664  0.86252614  1.14287395  1.65871268  0.64384323  1.58585562
  2.66601074  2.67312582  2.61728242  2.60660191]
Device (GPU) time: 1.1424 seconds
Iters. done: 132 [Current cost: -19.86550743015588]
Current parameters: [ 3.22211593  4.33921801  3.12338087  2.36475962  3.16068303  1.2394117
  2.09416778  1.87898587  2.2122798   1.82530493  2.38337681  2.3897472
  2.29448343  0.42906372  1.88454794  3.85151431  0.01720947  3.21418399
  0.48683636  3.46068748  3.20907454  0.07637245  3.3613265   1.50519621
  1.254448    2.71769122  1.73878998  1.60844214  1.47056515  0.49014454
  0.87881834  1.58431999  0.0480594   1.7587117   2.10046518  1.74716294
  1.92389262  3.13070797  2.08539387  2.18120585  1.37019953  2.33844698
  0.97612268  2.25906667  3.06115098  0.86378984  0.70634574  2.32796832
 -0.09172289  0.03307144  0.77926119  0.68708465  1.39644426  1.24677872
  0.34645197  0.90346721  1.1720298   1.67220555  0.64106944  1.59191176
  2.67486205  2.68128102  2.6119979   2.61987654]
Device (GPU) time: 1.1184 seconds
Iters. done: 133 [Current cost: -19.95397307335819]
Current parameters: [ 3.12333013  4.39794741  2.66825287  2.98633527  3.27426405  1.1157786
  1.93415559  1.9113929   2.23842295  1.78866369  2.38332935  2.34780685
  2.30129549  0.45703439  1.90469025  3.98821942 -0.02052234  3.24963212
  0.72909177  3.708246    3.06269676  0.05722665  3.46366745  1.45444777
  1.15915394  2.69159745  1.68488517  1.42943008  1.36537767  0.28288537
  0.85843094  1.54767593 -0.21877924  1.81326825  1.94200538  1.69102922
  1.99601156  3.06971149  2.0392038   2.10368087  1.34702154  2.36514295
  0.90843662  2.24147865  3.09533181  0.81847855  0.44907917  2.106989
 -0.20190454  0.0195821   0.59944219  0.68370466  1.37985925  1.27005879
  0.2797639   0.8336274   1.12838593  1.668744    0.60474978  1.5469714
  2.64439374  2.65910811  2.58554539  2.59363075]
Device (GPU) time: 0.9975 seconds
Iters. done: 134 [Current cost: -19.934860867481444]
Current parameters: [ 3.19708732  4.44153842  2.64123813  2.96343291  3.22310397  1.04153093
  1.95803301  1.90934042  2.22694397  1.77222364  2.39307836  2.37139783
  2.27322733  0.4187592   1.82400131  3.3287634  -0.14329568  3.83540526
  0.65373851  3.07967012  3.10471514  0.04611912  3.47314092  1.45629514
  1.16890198  2.67973167  1.7095706   1.43297671  1.3740872   0.31523911
  0.83735703  1.54118767 -0.22035146  1.87367951  1.96976421  1.65785803
  1.87716034  3.03453623  2.11468044  2.11346586  1.3571467   2.35442847
  0.90200353  2.28322146  3.10421557  0.79674377  0.45170591  2.0516148
 -0.24168128 -0.01495268  0.57997983  0.67894731  1.44715662  1.26897537
  0.24298828  0.8548337   1.14625402  1.68461243  0.5846729   1.53439326
  2.6419998   2.65958109  2.56670363  2.59887148]
Device (GPU) time: 1.1532 seconds
Iters. done: 135 [Current cost: -19.470767438852427]
Current parameters: [ 3.08547158  4.7853207   2.66885715  2.98559841  3.27150421  1.38744117
  2.10256275  1.90981997  2.23776914  1.79161686  2.38261836  2.34853164
  2.30269536  0.4579625   1.90868517  3.85749603 -0.00921515  3.35796187
  0.29542872  3.56788487  3.07599012  0.06169983  3.44797489  1.46115142
  1.17070776  2.69715496  1.68826344  1.45356591  1.37846872  0.30617758
  0.86471695  1.55380471 -0.18167233  1.79578525  1.95931558  1.7042438
  2.0056264   3.08392763  2.03315185  2.11277486  1.34855468  2.36322107
  0.91884293  2.2370327   3.08914867  0.82831517  0.48417273  2.1466239
 -0.18013856  0.02713245  0.62747884  0.6849549   1.37106617  1.26702245
  0.29502955  0.83977914  1.13147003  1.66660861  0.61307169  1.55524877
  2.6489954   2.66209209  2.59230132  2.59639195]
Device (GPU) time: 1.1115 seconds
Iters. done: 136 [Current cost: -19.895598629277483]
Current parameters: [ 3.2326968   3.80802166  2.62552689  3.00141963  3.23989795  1.72197277
  2.35627816  1.9097728   2.23070639  1.77825421  2.38989465  2.36356334
  2.28292212  0.43181761  1.85186657  3.88265858 -0.10354398  3.34115094
  0.20884586  3.62559862  3.07509186  0.04466333  3.48819228  1.44787803
  1.15218178  2.67727081  1.69731957  1.40371851  1.35592985  0.27724892
  0.83715383  1.53624947 -0.26296505  1.87363796  1.94027847  1.65367792
  1.90605421  3.02986733  2.09626859  2.09959322  1.35195025  2.3602756
  0.89207331  2.27431633  3.10840929  0.79263517  0.41001746  2.02420231
 -0.25357681 -0.01208731  0.55394411  0.6790977   1.43468964  1.27287097
  0.23763871  0.84053106  1.13664363  1.68174488  0.58176644  1.52901023
  2.63745668  2.65595219  2.56520146  2.59389407]
Device (GPU) time: 1.0191 seconds
Iters. done: 137 [Current cost: -19.506349085739288]
Current parameters: [ 3.12412596  4.38980442  2.67638165  2.97642317  3.12827556  1.13084497
  1.94349542  1.90855092  2.42073884  1.79399949  2.38240643  2.34877514
  1.91093961  0.4582743   2.1160111   3.85665021 -0.0058447   3.35597969
  0.29891469  3.56429357  3.07830317  0.06247816  3.44524438  1.46231786
  1.17271813  2.69812197  1.68885127  1.45776556  1.38074657  0.31023044
  0.86581072  1.55487112 -0.1752157   1.7927432   1.96232757  1.70654314
  2.00729938  3.08640124  2.03209881  2.11435722  1.34882144  2.36288666
  0.92065363  2.2362591   3.0880728   0.83002674  0.49027904  2.1535204
 -0.17635127  0.02844621  0.63235724  0.68517244  1.36953617  1.26649413
  0.29768578  0.84084955  1.13200666  1.66623705  0.61451971  1.55668904
  2.64979609  2.66261131  2.59347686  2.5968724 ]
Device (GPU) time: 1.1333 seconds
Iters. done: 138 [Current cost: -19.933964529325014]
Current parameters: [ 3.15914641  4.41474605  2.65578899  2.97472161  2.75403249  1.0704794
  1.93963686  1.90673317  2.01567676  1.78766887  2.38631548  2.36122771
  2.75294002  0.4413393   2.58343804  3.86944276 -0.05251852  3.33106805
  0.25859377  3.58302635  3.09251278  0.05513815  3.45683372  1.46019705
  1.17221446  2.68993139  1.69918758  1.44863918  1.37905456  0.31531355
  0.85287223  1.5490061  -0.19261961  1.82959234  1.96788855  1.68468777
  1.94592209  3.06313429  2.07105233  2.11497496  1.35299489  2.35860468
  0.91289587  2.25829563  3.09511234  0.81517788  0.4757945   2.10915061
 -0.20521495  0.00847756  0.61043347  0.68232737  1.40579251  1.26733629
  0.27317957  0.84827105  1.1392018   1.67481397  0.60114646  1.5469361
  2.64658204  2.66149955  2.58139924  2.59814972]
Device (GPU) time: 1.0947 seconds
Iters. done: 139 [Current cost: -19.46200848739168]
Current parameters: [ 3.12459414e+00  4.38501394e+00  2.68179135e+00  2.96982668e+00
  3.26817363e+00  1.13703451e+00  1.94733240e+00  2.09840284e+00
  2.23731535e+00  1.43755368e+00  2.38202668e+00  2.53055870e+00
  2.30366696e+00  6.91052062e-01  1.91350623e+00  3.85513460e+00
  1.94736024e-04  3.35242787e+00  3.05161099e-01  3.55785842e+00
  3.08244787e+00  6.38728426e-02  3.44035165e+00  1.46440797e+00
  1.17632046e+00  2.69985473e+00  1.68990457e+00  1.46529080e+00
  1.38482819e+00  3.17492649e-01  8.67770616e-01  1.55678199e+00
 -1.63646247e-01  1.78729223e+00  1.96772467e+00  1.71066327e+00
  2.01029717e+00  3.09083365e+00  2.03021189e+00  2.11719261e+00
  1.34929946e+00  2.36228744e+00  9.23898183e-01  2.23487291e+00
  3.08614498e+00  8.33093671e-01  5.01220755e-01  2.16587805e+00
 -1.69564915e-01  3.08003105e-02  6.41098704e-01  6.85562254e-01
  1.36679460e+00  1.26554744e+00  3.02445414e-01  8.42767580e-01
  1.13296825e+00  1.66557126e+00  6.17114373e-01  1.55926981e+00
  2.65123083e+00  2.66354167e+00  2.59558327e+00  2.59773331e+00]
Device (GPU) time: 1.1151 seconds
Iters. done: 140 [Current cost: -19.889769213885188]
Current parameters: [ 3.14004411  4.40205778  2.66600472  2.97682548  3.26800519  1.10215513
  1.94104608  1.62930966  2.23579864  2.31382119  2.38426051  2.84934007
  2.29536481  1.08423425  1.87980186  3.86276657 -0.02825152  3.34523208
  0.27937368  3.57400408  3.08405467  0.05887485  3.45141497  1.46097498
  1.1718437   2.69406954  1.69338585  1.45224953  1.37924343  0.3112542
  0.85954821  1.55184945 -0.1852373   1.81055559  1.96390326  1.69581987
  1.97871811  3.07497713  2.05023531  2.11413237  1.35064292  2.36103727
  0.91652858  2.24657617  3.09163417  0.82269333  0.48170366  2.13103633
 -0.1907537   0.0189009   0.62077618  0.68380273  1.38659311  1.26704826
  0.28563689  0.84389761  1.13512235  1.67027518  0.60794501  1.55177105
  2.64807089  2.66193691  2.5875815   2.59730207]
Device (GPU) time: 1.1316 seconds
Iters. done: 141 [Current cost: -19.687698740349028]
Current parameters: [ 3.49734984e+00  4.42455994e+00  2.67830582e+00  2.97407688e+00
  3.54224176e+00  1.13304651e+00  1.94486019e+00  1.90895476e+00
  2.23740950e+00  1.79324128e+00  2.38227136e+00  2.34893033e+00
  2.30346537e+00  4.58473024e-01  2.09896716e+00  3.85611112e+00
 -3.69654255e-03  3.35471635e+00  3.01136462e-01  3.56200466e+00
  3.07977739e+00  6.29742342e-02  3.44350409e+00  1.46306129e+00
  1.17399944e+00  2.69873829e+00  1.68922591e+00  1.46044220e+00
  1.38219835e+00  3.12813520e-01  8.66507831e-01  1.55555079e+00
 -1.71100586e-01  1.79080436e+00  1.96424725e+00  1.70800862e+00
  2.00836566e+00  3.08797779e+00  2.03142765e+00  2.11536573e+00
  1.34899147e+00  2.36267353e+00  9.21807680e-01  2.23576605e+00
  3.08738710e+00  8.31117612e-01  4.94170874e-01  2.15791587e+00
 -1.73937441e-01  2.92835356e-02  6.35466473e-01  6.85311095e-01
  1.36856103e+00  1.26615740e+00  2.99378726e-01  8.41531769e-01
  1.13234869e+00  1.66600024e+00  6.15442601e-01  1.55760699e+00
  2.65030641e+00  2.66294223e+00  2.59422609e+00  2.59717862e+00]
Device (GPU) time: 1.0772 seconds
Iters. done: 142 [Current cost: -19.704914743620623]
Current parameters: [ 2.44166084  4.3443248   2.66371963  2.90650396  3.82321422  0.99918629
  1.96873014  1.89670732  2.2179438   1.78521632  2.39113805  2.35180405
  2.2646723   0.35747264  2.16513902  3.88255693 -0.09538178  3.24193973
  0.23162677  3.56100732  3.16406913  0.05274781  3.43429819  1.4760036
  1.20633909  2.68898955  1.73205771  1.50229416  1.41527091  0.39742484
  0.84378374  1.55488406 -0.11749433  1.85675624  2.0328058   1.6772514
  1.8412099   3.05566904  2.13766163  2.14404897  1.36678228  2.34339513
  0.92768181  2.29286073  3.09163337  0.81274266  0.55115643  2.13309957
 -0.20188393 -0.0121076   0.64803626  0.67992643  1.4581552   1.2599183
  0.26620793  0.88323186  1.16431587  1.68703255  0.5973155   1.55087476
  2.65359296  2.66816924  2.57562321  2.60935704]
Device (GPU) time: 1.1824 seconds
Iters. done: 143 [Current cost: -19.454532544835853]
Current parameters: [ 3.12429248e+00  4.38810050e+00  2.34620114e+00  2.70172188e+00
  3.26998613e+00  1.26792244e+00  1.72728786e+00  1.90895476e+00
  2.23740950e+00  1.79324128e+00  2.38227136e+00  2.34893033e+00
  2.30346537e+00  4.58473024e-01  1.91088261e+00  3.85611112e+00
 -3.69654255e-03  3.35471635e+00  3.01136462e-01  3.56200466e+00
  3.07977739e+00  6.29742342e-02  3.44350409e+00  1.46306129e+00
  1.17399944e+00  2.69873829e+00  1.68922591e+00  1.46044220e+00
  1.38219835e+00  3.12813520e-01  8.66507831e-01  1.55555079e+00
 -1.71100586e-01  1.79080436e+00  1.96424725e+00  1.70800862e+00
  2.00836566e+00  3.08797779e+00  2.03142765e+00  2.11536573e+00
  1.34899147e+00  2.36267353e+00  9.21807680e-01  2.23576605e+00
  3.08738710e+00  8.31117612e-01  4.94170874e-01  2.15791587e+00
 -1.73937441e-01  2.92835356e-02  6.35466473e-01  6.85311095e-01
  1.36856103e+00  1.26615740e+00  2.99378726e-01  8.41531769e-01
  1.13234869e+00  1.66600024e+00  6.15442601e-01  1.55760699e+00
  2.65030641e+00  2.66294223e+00  2.59422609e+00  2.59717862e+00]
Device (GPU) time: 1.1611 seconds
Iters. done: 144 [Current cost: -19.488663924026298]
Current parameters: [ 3.11871438  4.40107572  3.15149054  3.32935232  3.22451901  1.48522393
  1.26354826  1.90173601  2.22593625  1.7885113   2.38749746  2.35062412
  2.2806004   0.39894251  1.8040664   3.87169851 -0.05773662  3.28824482
  0.26016684  3.56141682  3.12945968  0.05694669  3.43807805  1.4706896
  1.19306072  2.6929923   1.71447135  1.48511011  1.40169161  0.36268417
  0.85311405  1.55515781 -0.13950459  1.82967698  2.00465626  1.68988005
  1.90984259  3.06893473  2.09404289  2.13227189  1.35947753  2.35131067
  0.92526994  2.26941815  3.08988988  0.82028725  0.52775866  2.14328892
 -0.19040935  0.00488724  0.64287522  0.68213733  1.42136862  1.26248002
  0.27982757  0.86611017  1.15119042  1.67839686  0.60475833  1.55363895
  2.65224353  2.66602307  2.58326139  2.60435669]
Device (GPU) time: 1.1312 seconds
Iters. done: 145 [Current cost: -20.389849593391748]
Current parameters: [ 3.11871438  4.40107572  3.15149054  3.32935232  3.22451901  1.48522393
  1.26354826  1.90173601  1.82541258  1.7885113   2.38749746  2.16648182
  2.09353564  0.54274509  1.8040664   3.87169851 -0.05773662  3.28824482
  0.26016684  3.56141682  3.12945968  0.05694669  3.43807805  1.4706896
  1.19306072  2.6929923   1.71447135  1.48511011  1.40169161  0.36268417
  0.85311405  1.55515781 -0.13950459  1.82967698  2.00465626  1.68988005
  1.90984259  3.06893473  2.09404289  2.13227189  1.35947753  2.35131067
  0.92526994  2.26941815  3.08988988  0.82028725  0.52775866  2.14328892
 -0.19040935  0.00488724  0.64287522  0.68213733  1.42136862  1.26248002
  0.27982757  0.86611017  1.15119042  1.67839686  0.60475833  1.55363895
  2.65224353  2.66602307  2.58326139  2.60435669]
Device (GPU) time: 0.9941 seconds
Iters. done: 146 [Current cost: -20.32232641491105]
Current parameters: [ 3.11457102  4.4107136   3.22734389  3.36721182  3.19074643  1.43170321
  1.26579705  1.89637399  2.65401168  1.78499791  2.39137936  1.65217102
  2.46752964  0.90115055  1.72472427  3.88327669 -0.09787712  3.23887035
  0.22973497  3.56098017  3.16636325  0.05246948  3.43404764  1.47635584
  1.20721926  2.68872422  1.73322343  1.50343322  1.41617102  0.39972766
  0.84316527  1.55486591 -0.11603536  1.85855121  2.03467172  1.6764143
  1.83666052  3.05478971  2.14055293  2.14482963  1.36726648  2.34287045
  0.92784168  2.29441464  3.09174893  0.81224255  0.55270737  2.13242415
 -0.20264453 -0.01323412  0.64837837  0.67977988  1.46059363  1.25974849
  0.26530514  0.88436679  1.1651859   1.68760497  0.59682214  1.55069153
  2.65368241  2.6683115   2.57511691  2.60968849]
Device (GPU) time: 1.1183 seconds
Iters. done: 147 [Current cost: -20.08353313935671]
Current parameters: [ 3.11871438  4.40107572  3.15149054  3.32935232  3.22451901  1.48522393
  1.26354826  1.90173601  2.22593625  1.7885113   2.38749746  2.35062412
  2.2806004   0.39894251  1.8040664   3.5600351  -0.05773662  3.01169642
  0.26016684  3.61251773  2.85784305  0.05694669  3.43807805  1.4706896
  1.19306072  2.6929923   1.71447135  1.48511011  1.40169161  0.36268417
  0.85311405  1.55515781 -0.13950459  1.82967698  2.00465626  1.68988005
  1.90984259  3.06893473  2.09404289  2.13227189  1.35947753  2.35131067
  0.92526994  2.26941815  3.08988988  0.82028725  0.52775866  2.14328892
 -0.19040935  0.00488724  0.64287522  0.68213733  1.42136862  1.26248002
  0.27982757  0.86611017  1.15119042  1.67839686  0.60475833  1.55363895
  2.65224353  2.66602307  2.58326139  2.60435669]
Device (GPU) time: 1.1134 seconds
Iters. done: 148 [Current cost: -20.201136289038427]
Current parameters: [ 3.11640176  4.40645511  3.19382818  3.35048365  3.2056688   1.45535128
  1.26480343  1.89874319  2.22498348  1.7865503   2.38966415  2.35558824
  2.27289744  0.37093352  1.75978149  4.39605351 -0.08014109  3.25802224
  0.24318126  3.01405247  2.48768285  0.05444773  3.43582847  1.47385222
  1.20096333  2.69061007  1.72493785  1.49533718  1.40977331  0.38336004
  0.84756113  1.55499489 -0.12640521  1.84579317  2.02140943  1.68236413
  1.86899593  3.06103967  2.12000253  2.139281    1.36382494  2.34659975
  0.92670536  2.28336997  3.09092751  0.81579709  0.54168381  2.13722474
 -0.19723843 -0.00522722  0.64594681  0.68082152  1.44326211  1.26095541
  0.27172186  0.87630012  1.15900202  1.68353638  0.60032874  1.55199384
  2.65304664  2.66730036  2.57871554  2.60733264]
Device (GPU) time: 1.0123 seconds
Iters. done: 149 [Current cost: -20.18180904159122]
Current parameters: [ 3.11871438  4.40107572  3.15149054  3.32935232  3.22451901  1.48522393
  1.26354826  1.99337319  2.22593625  1.83731954  2.87563503  2.35062412
  2.2806004   0.39894251  1.8040664   3.87169851 -0.02704294  3.28824482
  0.26016684  3.56141682  3.12945968  0.05694669  3.43807805  1.4706896
  1.19306072  2.6929923   1.71447135  1.48511011  1.40169161  0.36268417
  0.85311405  1.55515781 -0.13950459  1.82967698  2.00465626  1.68988005
  1.90984259  3.06893473  2.09404289  2.13227189  1.35947753  2.35131067
  0.92526994  2.26941815  3.08988988  0.82028725  0.52775866  2.14328892
 -0.19040935  0.00488724  0.64287522  0.68213733  1.42136862  1.26248002
  0.27982757  0.86611017  1.15119042  1.67839686  0.60475833  1.55363895
  2.65224353  2.66602307  2.58326139  2.60435669]
Device (GPU) time: 1.1642 seconds
Iters. done: 150 [Current cost: -20.275298673281647]
Current parameters: [ 3.11788212e+00  4.40301164e+00  3.16672689e+00  3.33695700e+00
  3.21773525e+00  1.47447344e+00  1.26399996e+00  2.76366346e+00
  2.22559337e+00  2.24746327e+00  2.17723941e+00  2.35241059e+00
  2.27782828e+00  3.88862714e-01  1.78812927e+00  3.87727991e+00
 -7.90693639e-02  3.28181359e+00  2.54054116e-01  3.56139280e+00
  3.14114949e+00  5.60473718e-02  3.43726848e+00  1.47182776e+00
  1.19590469e+00  2.69213499e+00  1.71823800e+00  1.48879060e+00
  1.40460003e+00  3.70124947e-01  8.51115680e-01  1.55509918e+00
 -1.34790422e-01  1.83547683e+00  2.01068535e+00  1.68717524e+00
  1.89514281e+00  3.06609348e+00  2.10338517e+00  2.13479431e+00
  1.36104206e+00  2.34961532e+00  9.25786520e-01  2.27443910e+00
  3.09026330e+00  8.18671346e-01  5.32770005e-01  2.14110656e+00
 -1.92866977e-01  1.24727341e-03  6.43980612e-01  6.81663798e-01
  1.42924759e+00  1.26193135e+00  2.76910510e-01  8.69777301e-01
  1.15400164e+00  1.68024646e+00  6.03164217e-01  1.55304691e+00
  2.65253256e+00  2.66648274e+00  2.58162544e+00  2.60542766e+00]
Device (GPU) time: 1.1125 seconds
Iters. done: 151 [Current cost: -19.76010387784717]
Current parameters: [ 3.05904643  4.36278569  3.21005272  3.30333062  3.26445569  1.55220871
  1.24825678  1.90246687  2.23487639  1.8036331   2.37672097  2.33188202
  2.30424753  0.43060447  1.87202848  3.84253605  0.08741917  3.49415675
  0.30208985  3.67916498  2.97542381  0.02127828  3.40524029  1.48471746
  1.21723789  2.70462177  1.72154063  1.53561603  1.42908553  0.41142475
  0.86626797  1.5679827  -0.43538924  1.79309259  2.04087908  1.71753247
  1.92996232  3.09868298  2.08137876  2.15130169  1.36268573  2.347289
  0.94704587  2.2601147   3.07695123  0.84087105  0.6011944   2.22622772
 -0.14486251  0.02068686  0.70154388  0.68475355  1.40296849  1.25612627
  0.31177202  0.87898311  1.15764411  1.67392841  0.6221725   1.57095993
  2.66187282  2.67226726  2.59739865  2.61013469]
Device (GPU) time: 1.1366 seconds
Iters. done: 152 [Current cost: -20.116437440116893]
Current parameters: [ 3.12482118  4.41518892  3.20501017  3.36490016  3.19013414  1.43014192
  1.2678579   1.85970912  2.22309143  1.76322575  2.38539329  2.36099451
  2.26537759  0.35227725  1.72742142  3.89939795 -0.11466975  3.73066229
  0.22823387  4.04437725  2.78576074  0.12814976  3.43998796  1.47314382
  1.20093227  2.68759422  1.72888688  1.49222387  1.40931477  0.38559995
  0.84276273  1.55286494  0.50140215  1.8594649   2.02374738  1.67429455
  1.84595516  3.05245093  2.13462621  2.13963947  1.36542176  2.34495661
  0.92391971  2.29162871  3.09350017  0.81032633  0.53669842  2.12101862
 -0.20783625 -0.01266247  0.63805552  0.67976457  1.45682971  1.26123156
  0.26267969  0.87918685  1.16176103  1.68674521  0.59539423  1.54842558
  2.65189654  2.66692171  2.57424863  2.60785292]
Device (GPU) time: 1.0495 seconds
Iters. done: 153 [Current cost: -19.625117958323003]
Current parameters: [ 3.11871438  4.40107572  3.15149054  3.32935232  3.22451901  1.48522393
  1.26354826  1.90173601  2.22593625  1.7885113   2.38749746  2.35062412
  2.2806004   0.39894251  1.8040664   3.87169851 -0.05773662  3.28824482
  0.26016684  3.56141682  3.12945968 -0.38335024  3.43807805  1.4706896
  1.19306072  2.6929923   1.71447135  1.6454615   1.40169161  0.196525
  0.85311405  1.55515781 -0.08642751  1.82967698  2.00465626  1.68988005
  1.90984259  3.06893473  2.09404289  2.13227189  1.35947753  2.35131067
  0.92526994  2.26941815  3.08988988  0.82028725  0.52775866  2.14328892
 -0.19040935  0.00488724  0.64287522  0.68213733  1.42136862  1.26248002
  0.27982757  0.86611017  1.15119042  1.67839686  0.60475833  1.55363895
  2.65224353  2.66602307  2.58326139  2.60435669]
Device (GPU) time: 1.1286 seconds
Iters. done: 154 [Current cost: -20.16888459651476]
Current parameters: [ 3.11460387e+00  4.40407979e+00  3.18846132e+00  3.34575903e+00
  3.21050269e+00  1.46314858e+00  1.26401378e+00  1.87856881e+00
  2.22548411e+00  1.77641577e+00  2.38498016e+00  2.35401068e+00
  2.27514409e+00  3.77091117e-01  1.77018013e+00  3.88336741e+00
 -7.10235192e-02  3.26867676e+00  2.47756827e-01  3.55321913e+00
  3.16083489e+00  5.25977249e-01  3.43501288e+00  1.47380878e+00
  1.20045207e+00  2.69146470e+00  1.72333676e+00  2.10706550e+00
  1.40934929e+00 -2.52347865e-01  8.49036547e-01  1.55549879e+00
 -2.11151680e-01  1.84157002e+00  2.01976896e+00  1.68472581e+00
  1.87701101e+00  3.06354644e+00  2.11491318e+00  2.13873817e+00
  1.36316997e+00  2.34728930e+00  9.27256245e-01  2.28054227e+00
  3.09026371e+00  8.17358488e-01  5.41924685e-01  2.14137529e+00
 -1.94336362e-01 -2.84194932e-03  6.47572614e-01  6.81152589e-01
  1.43868406e+00  1.26099149e+00  2.74347450e-01  8.74963159e-01
  1.15785066e+00  1.68245616e+00  6.01761979e-01  1.55292804e+00
  2.65326028e+00  2.66730425e+00  2.58004813e+00  2.60701693e+00]
Device (GPU) time: 1.1530 seconds
Iters. done: 155 [Current cost: -19.720593818139374]
Current parameters: [ 3.16965191  4.43376327  3.10149699  3.3515666   3.19042574  1.42804016
  1.27660233  1.90111209  2.2183042   1.77560207  2.39669717  2.36662393
  2.26041324  0.37191324  1.74604833  3.89659402 -0.18165367  3.27109587
  0.22437788  3.61953178  3.12928747  0.03937147  3.3037103   1.45871426
  1.17242107  2.68306441  1.70843642  1.75751935  1.51378389  0.64564558
  0.84188477  1.54420943 -0.22245719  1.86090845  1.97373346  1.66627364
  1.89266672  3.04353915  2.10485404  2.11602646  1.35673874  2.35474391
  0.90668021  2.27736036  3.1009354   0.80271521  0.46506781  2.07248547
 -0.22929191 -0.00860064  0.59279077  0.67990391  1.4370765   1.2679041
  0.25255714  0.85512075  1.14568102  1.68221151  0.58989214  1.53885233
  2.64402317  2.66069252  2.57119265  2.5994241 ]
Device (GPU) time: 1.1651 seconds
Iters. done: 156 [Current cost: -20.322472952297552]
Current parameters: [ 3.12507347e+00  4.40856932e+00  3.16517312e+00  3.34313466e+00
  3.21011980e+00  1.46193987e+00  1.26609678e+00  1.88761342e+00
  2.22433739e+00  1.77895274e+00  2.38757229e+00  2.35545117e+00
  2.27379417e+00  3.81030431e-01  1.77349283e+00  3.88308048e+00
 -8.72930311e-02  3.27342975e+00  2.46444843e-01  3.56654991e+00
  3.14840918e+00  5.37319500e-02  2.75410325e+00  1.47049685e+00
  1.19394767e+00  2.69034419e+00  1.71878618e+00  1.15117067e+00
  1.97536264e+00  7.19691503e-02  8.48697467e-01  1.55346282e+00
 -1.63028205e-01  1.84229482e+00  2.00842827e+00  1.68266277e+00
  1.88699951e+00  3.06126517e+00  2.10854511e+00  2.13336234e+00
  1.36123555e+00  2.34947427e+00  9.23243273e-01  2.27752653e+00
  3.09203414e+00  8.15464102e-01  5.25441291e-01  2.12983589e+00
 -1.99537055e-01 -2.13053120e-03  6.37019290e-01  6.81153796e-01
  1.43457079e+00  1.26252151e+00  2.71776877e-01  8.69557117e-01
  1.15426258e+00  1.68151484e+00  6.00364182e-01  1.55064112e+00
  2.65143106e+00  2.66587240e+00  2.57922182e+00  2.60510934e+00]
Device (GPU) time: 1.0183 seconds
Iters. done: 157 [Current cost: -19.79226632434553]
Current parameters: [ 3.11871438  4.40107572  3.15149054  3.32935232  3.22451901  1.48522393
  1.26354826  1.90173601  2.22593625  1.7885113   2.38749746  2.35062412
  2.2806004   0.39894251  1.8040664   3.87169851 -0.05773662  3.28824482
  0.26016684  3.56141682  3.12945968  0.05694669  3.35799353  1.05195041
  1.4360177   2.6929923   1.71447135  1.48511011  1.30569233  0.36268417
  0.85311405  1.55515781 -0.13950459  1.82967698  2.00465626  1.68988005
  1.90984259  3.06893473  2.09404289  2.13227189  1.35947753  2.35131067
  0.92526994  2.26941815  3.08988988  0.82028725  0.52775866  2.14328892
 -0.19040935  0.00488724  0.64287522  0.68213733  1.42136862  1.26248002
  0.27982757  0.86611017  1.15119042  1.67839686  0.60475833  1.55363895
  2.65224353  2.66602307  2.58326139  2.60435669]
Device (GPU) time: 1.2132 seconds
Iters. done: 158 [Current cost: -20.00831738829425]
Current parameters: [ 3.11422783e+00  4.40124825e+00  3.17370899e+00  3.33723956e+00
  3.21845250e+00  1.47582430e+00  1.26322005e+00  1.88923279e+00
  2.22603079e+00  1.78254250e+00  2.38572712e+00  2.35174500e+00
  2.27854607e+00  3.88324218e-01  1.78831541e+00  3.87690399e+00
 -5.94176257e-02  3.27842257e+00  2.55044513e-01  3.55440065e+00
  3.14643791e+00  5.75820988e-02  2.83285755e+00  1.70240007e+00
  1.06482238e+00  2.69260714e+00  1.71953471e+00  1.47326446e+00
  6.52964368e-01  3.75456330e-01  8.51407493e-01  1.55582869e+00
 -1.43972207e-01  1.83472218e+00  2.01420453e+00  1.68814102e+00
  1.89284741e+00  3.06714860e+00  2.10485110e+00  2.13649124e+00
  1.36159643e+00  2.34898300e+00  9.27170279e-01  2.27508221e+00
  3.08960132e+00  8.19483853e-01  5.38206362e-01  2.14539973e+00
 -1.90805841e-01  1.30586658e-03  6.47641304e-01  6.81703925e-01
  1.43003647e+00  1.26143389e+00  2.78075074e-01  8.71386947e-01
  1.15503768e+00  1.68042301e+00  6.03798148e-01  1.55391141e+00
  2.65315872e+00  2.66695289e+00  2.58205959e+00  2.60601475e+00]
Device (GPU) time: 1.1569 seconds
Iters. done: 159 [Current cost: -20.02048943620987]
Current parameters: [ 3.14157762e+00  4.41574748e+00  3.12905101e+00  3.33932317e+00
  3.20921629e+00  1.45955708e+00  1.26940756e+00  1.90145597e+00
  2.22251062e+00  1.78271701e+00  2.39162674e+00  2.35780561e+00
  2.27153942e+00  3.86810459e-01  1.77802507e+00  3.88287283e+00
 -1.13356618e-01  3.28054754e+00  2.44103017e-01  3.58750164e+00
  3.12938239e+00  4.90580752e-02  3.45656727e+00  1.46430919e+00
  1.18410826e+00  2.68843842e+00  1.71170315e+00  1.46231518e+00
  1.39144119e+00  3.49696067e-01  8.47963228e-01  1.55013583e+00
 -1.76737752e-01  1.51880695e+00  2.31245385e+00  1.68693104e+00
  1.75558221e+00  3.06576221e+00  2.09889546e+00  1.98636808e+00
  1.35824823e+00  2.35285168e+00  9.16925967e-01  2.27298300e+00
  3.09484765e+00  8.12400064e-01  4.99619956e-01  2.11150889e+00
 -2.07861731e-01 -1.16677718e-03  6.20394883e-01  6.81134860e-01
  1.42841908e+00  1.26491461e+00  2.67587273e-01  8.61177584e-01
  1.14871754e+00  1.68010906e+00  5.98085659e-01  1.54700200e+00
  2.64855384e+00  2.66363046e+00  2.57784435e+00  2.60214270e+00]
Device (GPU) time: 0.9996 seconds
Iters. done: 160 [Current cost: -20.47693561650039]
Current parameters: [ 3.16079467  4.44803921  3.22671268  3.41208954  3.13703376  1.34355985
  1.27970619  1.81908148  2.21585284  1.73136975  2.3888182   2.3803906
  2.2388569   0.29159069  1.61969022  3.94065476 -0.24249001  3.19995402
  0.17647942  3.597016    3.24026751  0.03645844  3.62301723  1.52105576
  1.11739462  2.65916056  1.72855505  1.3364194   1.37014997  0.40564764
  0.80653482  1.5250146  -0.28504334  1.3269132   2.5975762   1.6194186
  2.27262215  2.99368689  2.17989558  2.60813489  1.36949621  2.34090024
  0.91163261  2.31760167  3.10349068  0.79039267  0.5081877   2.0578133
 -0.24752446 -0.0374503   0.60381949  0.67617083  1.50008821  1.26324334
  0.230126    0.88521439  1.16862873  1.69699824  0.57763249  1.53468699
  2.64670276  2.66463013  2.55847782  2.608285  ]
Device (GPU) time: 1.1656 seconds
Iters. done: 161 [Current cost: -20.25144275779715]
Current parameters: [ 3.15025679e+00  4.42131706e+00  3.12053269e+00  3.34310823e+00
  3.20340719e+00  1.44981363e+00  1.27163183e+00  1.90134966e+00
  2.22121020e+00  1.78051743e+00  2.39319426e+00  2.36053180e+00
  2.26809977e+00  3.82204984e-01  1.76813946e+00  3.88711473e+00
 -1.34470644e-01  3.27762555e+00  2.38004993e-01  3.59740376e+00
  3.12935304e+00  4.60634610e-02  3.46358601e+00  1.46188710e+00
  1.18070980e+00  2.68900853e+00  1.71204971e+00  1.45366195e+00
  1.38755001e+00  3.44765624e-01  1.18378133e+00  1.87755373e+00
 -1.90871912e-01  1.52334432e+00  2.30796132e+00  1.68813325e+00
  1.75473108e+00  3.06705554e+00  2.26123441e+00  1.98556305e+00
  1.31712294e+00  2.35343666e+00  9.13758492e-01  2.27433626e+00
  3.09672967e+00  8.09405992e-01  4.88938162e-01  2.09944480e+00
 -2.14486869e-01 -3.46495456e-03  6.11861075e-01  6.80754311e-01
  1.43109552e+00  1.26583881e+00  2.62940708e-01  8.59305115e-01
  1.14777880e+00  1.68075903e+00  5.95552633e-01  1.54448253e+00
  2.64715318e+00  2.66272220e+00  2.57578798e+00  2.60130225e+00]
Device (GPU) time: 1.1426 seconds
Iters. done: 162 [Current cost: -20.378962739601175]
Current parameters: [ 3.13224988  4.42580868  3.231886    3.3870191   3.16776805  1.39411527
  1.2713374   1.83553323  2.22087046  1.74771504  2.38489375  2.36818036
  2.25508346  0.32340493  1.67895111  3.91721756 -0.15689834  3.22409492
  0.20714484  3.56688195  3.21861395  0.04747753  3.57034994  1.51684611
  1.14017485  2.67137706  1.72918872  1.38580289  1.38543247  0.40875479
  1.04678762  1.75626406 -0.223461    1.58598876  2.32241335  1.642195
  1.63035356  3.01808095  1.23778762  1.97463836  1.60193263  2.34157311
  0.92171291  2.30499153  3.09642347  0.80325446  0.53700288  2.10278047
 -0.22083552 -0.02377656  0.63143145  0.67823036  1.47839778  1.26093253
  0.25073488  0.88584793  1.16740539  1.69183181  0.58887339  1.54429382
  2.65106427  2.66702711  2.56814494  2.60948026]
Device (GPU) time: 1.0355 seconds
Iters. done: 163 [Current cost: -20.18807182014918]
Current parameters: [ 3.15978282  4.42743009  3.11118319  3.34726261  3.19703128  1.43911946
  1.27407312  1.90123298  2.2197829   1.77810322  2.39491473  2.36352399
  2.26432449  0.37715013  1.75728927  3.89177054 -0.15764486  3.27441846
  0.23131196  3.60827207  3.12932084  0.04277665  3.47128959  1.71004458
  1.60926385  2.68468662  1.70942252  1.44416438  1.38327915  0.3393541
  0.84374302  1.54602119 -0.20638521  1.53028577  2.30108848  1.69048958
  1.74944352  3.06959046  2.10275939  1.98056193  1.35726938  2.35407872
  0.91028195  2.27582157  3.09879534  0.80611977  0.4772141   2.08620357
 -0.22175845 -0.00598738  0.60249459  0.68033663  1.43403311  1.26685319
  0.25784076  0.85724994  1.14674846  1.68147242  0.59277245  1.54171722
  2.64561586  2.66172531  2.57353095  2.60037979]
Device (GPU) time: 1.1438 seconds
Iters. done: 164 [Current cost: -20.56871640938932]
Current parameters: [ 3.1841424   4.45506091  3.15732255  3.39659144  3.14506667  1.35501001
  1.28354633  1.85155671  2.21386165  1.74399006  2.39553947  2.38112379
  2.23960173  0.31311281  1.64751881  3.93276562 -0.26642992  3.22165793
  0.18166161  3.62860352  3.19593609  0.03078343  3.58170799  1.7301648
  1.54618708  2.66438892  1.71791339  1.35571318  1.36473798  0.36571383
  0.79368182  1.50639231 -0.29234991  1.61378612  2.27559784  2.3260901
  1.6542177   3.75369739  2.15975742  1.9702888   1.36192724  2.34775735
  0.90242582  2.30464098  3.10676828  0.78847188  0.46660218  2.03612231
 -0.25537796 -0.03119047  0.57993752  0.67679095  1.48106643  1.26721229
  0.2284643   0.86893658  1.15733284  1.69258446  0.57673922  1.53059625
  2.64243623  2.66098599  2.55885432  2.60283202]
Device (GPU) time: 1.1199 seconds
Iters. done: 165 [Current cost: -20.103525872405115]
Current parameters: [ 3.15138706e+00  4.42204238e+00  3.11942336e+00  3.34360115e+00
  3.20265068e+00  1.44854475e+00  1.27192149e+00  1.90133581e+00
  2.22104085e+00  1.78023098e+00  2.39339840e+00  2.36088682e+00
  2.26765182e+00  3.81605221e-01  1.76685208e+00  3.88766715e+00
 -1.37220287e-01  3.27724503e+00  2.37210858e-01  3.59869329e+00
  3.12934922e+00  4.56734777e-02  3.46450004e+00  1.71227089e+00
  1.61235024e+00  2.25912360e+00  1.45073282e+00  1.45253506e+00
  1.38704327e+00  3.44123541e-01  8.47635185e-01  1.54981600e+00
 -1.92712579e-01  1.52093394e+00  2.30193924e+00  1.69438050e+00
  1.75227452e+00  3.07377627e+00  2.10097744e+00  1.98323957e+00
  1.35772080e+00  2.35351284e+00  9.13345997e-01  2.27451250e+00
  3.09697477e+00  8.09016079e-01  4.87547091e-01  2.09787372e+00
 -2.15349649e-01 -3.76424217e-03  6.10749733e-01  6.80704753e-01
  1.43144407e+00  1.26595917e+00  2.62335594e-01  8.59061267e-01
  1.14765655e+00  1.68084368e+00  5.95222762e-01  1.54415442e+00
  2.64697078e+00  2.66260391e+00  2.57552018e+00  2.60119280e+00]
Device (GPU) time: 1.1239 seconds
Iters. done: 166 [Current cost: -20.494423620245815]
Current parameters: [ 3.13460644  4.42398601  3.21010428  3.37728912  3.17610212  1.40724624
  1.27104347  1.84922834  2.22114868  1.75488329  2.38636852  2.36615557
  2.2583377   0.3363602   1.69906475  3.91028427 -0.14886637  3.2356863
  0.21453186  3.57164414  3.20006821  0.04766176  3.54704141  1.76488531
  1.59565894  2.69458501  1.73750702  1.40128707  1.38649379  0.39624357
  0.81467848  1.52740944 -0.21443165  0.85785865  1.60723277  1.64659835
  1.66574879  3.02272548  2.15232451  1.98593837  1.36494539  2.34394522
  0.92056551  2.29840462  3.09618663  0.80501091  0.52871936  2.10401335
 -0.21845838 -0.01918843  0.62872676  0.67881565  1.46813999  1.26180461
  0.25401338  0.88063069  1.16347642  1.68942687  0.5906659   1.54473529
  2.65047508  2.66627746  2.57006165  2.60791487]
Device (GPU) time: 1.0076 seconds
Iters. done: 167 [Current cost: -20.197629010608324]
Current parameters: [ 3.15978282  4.42743009  3.11118319  3.34726261  3.19703128  1.43911946
  1.27407312  1.90123298  2.2197829   1.77810322  2.39491473  2.36352399
  2.26432449  0.37715013  1.75728927  3.89177054 -0.15764486  3.27441846
  0.23131196  3.60827207  3.12932084  0.04277665  3.47128959  1.71004458
  1.60926385  2.77465936  1.56141094  1.44416438  1.38327915  0.3393541
  0.51630934  1.88185547 -0.20638521  1.53028577  2.30108848  1.69048958
  1.74944352  3.06959046  2.10275939  1.98056193  1.35726938  2.35407872
  0.91028195  2.27582157  3.09879534  0.80611977  0.4772141   2.08620357
 -0.22175845 -0.00598738  0.60249459  0.68033663  1.43403311  1.26685319
  0.25784076  0.85724994  1.14674846  1.68147242  0.59277245  1.54171722
  2.64561586  2.66172531  2.57353095  2.60037979]
Device (GPU) time: 1.0913 seconds
Iters. done: 168 [Current cost: -20.479043516427527]
Current parameters: [ 3.1481661   4.42579354  3.15654997  3.36096434  3.18751516  1.42463698
  1.27266244  1.87743241  2.22042206  1.76749961  2.39098631  2.36469893
  2.26162163  0.35853103  1.73074775  3.9001981  -0.1533987   3.25672296
  0.22369793  3.59140093  3.16170113  0.04504488  3.5058841   1.73516922
  1.6030716   3.17141372  0.91830762  1.4246337   1.38479253  0.36544485
  1.07739111  1.28430373 -0.20991505  1.5515811   2.31597602  1.67044476
  1.7111694   3.04818789  2.12542465  1.98305258  1.36078762  2.34943445
  0.91502284  2.28614284  3.09758102  0.80564465  0.5009028   2.09448532
 -0.2201764  -0.01200443  0.61459295  0.67964462  1.44961435  1.26453254
  0.25613929  0.8679712   1.15441474  1.68510602  0.59183571  1.5431258
  2.647855    2.66381858  2.57196535  2.60383757]
Device (GPU) time: 1.1561 seconds
Iters. done: 169 [Current cost: -20.1032898660651]
Current parameters: [ 3.15978282  4.42743009  3.11118319  3.34726261  3.19703128  1.43911946
  1.27407312  1.90123298  2.2197829   1.77810322  2.39491473  2.36352399
  2.26432449  0.37715013  1.75728927  3.89177054 -0.15764486  3.27441846
  0.23131196  3.60827207  3.12932084  0.04277665  3.47128959  1.71004458
  1.60926385  2.68468662  1.70942252  1.44416438  1.38327915  0.3393541
  0.84374302  1.54602119 -0.20638521  1.53028577  2.30108848  1.69048958
  1.85396058  3.06959046  2.21972642  1.87005869  1.81898783  2.35407872
  0.91028195  2.27582157  3.09879534  0.80611977  0.4772141   2.08620357
 -0.22175845 -0.00598738  0.60249459  0.68033663  1.43403311  1.26685319
  0.25784076  0.85724994  1.14674846  1.68147242  0.59277245  1.54171722
  2.64561586  2.66172531  2.57353095  2.60037979]
Device (GPU) time: 1.1041 seconds
Iters. done: 170 [Current cost: -20.508826515337663]
Current parameters: [ 3.12243134  4.42216806  3.25705201  3.39131808  3.1664339   1.3925536
  1.26953732  1.82470649  2.22183801  1.74400919  2.38228359  2.36730182
  2.25563395  0.31728372  1.6719497   3.91886787 -0.1439921   3.21752173
  0.2068304   3.55402591  3.2334339   0.05006975  3.5825221   1.7908284
  1.58935379  2.65747748  1.78500534  1.38136695  1.38814515  0.4232443
  0.80477636  1.51500963 -0.21773481  1.59875711  2.34895674  1.62603901
  2.29010783  3.0007743   2.09600085  1.28682752  1.0542299   2.33914589
  0.92552543  2.30900779  3.0948909   0.8045921   0.5533809   2.11283207
 -0.21667165 -0.02533416  0.64139473  0.67811158  1.48413182  1.25939154
  0.25236998  0.89172224  1.17139802  1.6931556   0.58976054  1.54624624
  2.65281542  2.66845586  2.56849703  2.61149766]
Device (GPU) time: 1.1336 seconds
Iters. done: 171 [Current cost: -20.086936699611858]
Current parameters: [ 3.17194925  4.43523751  3.09924223  3.35256849  3.1888881   1.42546112
  1.27719109  1.90108395  2.21795999  1.77501985  2.39711208  2.36734554
  2.25950278  0.37069419  1.74343165  3.89771683 -0.18724245  3.27032243
  0.22276376  3.62215283  3.12927971  0.03857881  3.48112843  1.70681839
  1.60479131  2.67979175  1.71173342  1.4320343   1.3778245   0.33244261
  0.83693826  1.5417165  -0.22619844  1.54950973  2.29656759  1.67807129
  1.72468052  3.05623097  2.11845672  1.97739167  1.35813952  1.88301988
  0.81493136  2.26270726  3.10143356  0.80192269  0.46224038  2.20311547
 -0.23104555 -0.00920896  0.59053191  0.67980318  1.43778494  1.26814874
  0.25132721  0.85462512  1.14543254  1.68238355  0.58922166  1.53818543
  2.64365242  2.6604521   2.57064834  2.59920164]
Device (GPU) time: 1.0092 seconds
Iters. done: 172 [Current cost: -20.50585943247044]
Current parameters: [ 3.22474215  4.47693855  3.09309648  3.40082664  3.13030355  1.32918691
  1.29282679  1.86824446  2.20856905  1.74342464  2.40418584  2.39041412
  2.22875596  0.30935744  1.62982269  3.94248455 -0.34796179  3.22349744
  0.16445928  3.67752055  3.17258598  0.01802394  3.58296743  1.72245924
  1.57131614  2.6408895   1.75633459  1.33756594  1.34918761  0.32865988
  0.78237989  1.50454274 -0.34235527  1.68623998  2.29116377  1.58129103
  1.52654297  2.95233268  2.23642089  1.97077161  1.36469303  2.63683408
  0.91470591  2.20284259  3.11463566  0.77768346  0.40989364  2.87165173
 -0.28114017 -0.0354144   0.53953237  0.67587309  1.47983171  1.27231335
  0.21241351  0.85428111  1.14834091  1.69239249  0.5679959   1.52021997
  2.63562263  2.65610737  2.55233417  2.59722609]
Device (GPU) time: 1.1151 seconds
Iters. done: 173 [Current cost: -19.9355036525798]
Current parameters: [ 3.15978144  4.42742921  3.11118454  3.34726201  3.1970322   1.43912101
  1.27407277  1.90123299  2.21978311  1.77810357  2.39491448  2.36352355
  2.26432503  0.37715086  1.75729084  3.89176987 -0.15764152  3.27441892
  0.23131292  3.6082705   3.12932084  0.04277712  3.47128848  1.71004494
  1.60926435  2.68468717  1.70942226  1.44416575  1.38327977  0.33935488
  0.84374379  1.54602167 -0.20638297  1.5302836   2.30108899  1.32429029
  1.74944631  3.40999302  2.10275761  1.98056229  1.35726928  2.35408918
  0.91022654  2.27093574  3.09879504  0.80612025  0.47721579  2.08565745
 -0.2217574  -0.00598701  0.60249594  0.68033669  1.43403269  1.26685305
  0.25784149  0.85725024  1.14674861  1.68147232  0.59277285  1.54171762
  2.64561608  2.66172545  2.57353128  2.60037992]
Device (GPU) time: 1.0983 seconds
Iters. done: 174 [Current cost: -20.386594911504076]
Current parameters: [ 3.14152371  4.42206808  3.16620468  3.35980004  3.19036482  1.42955312
  1.27110475  1.87530356  2.22131563  1.7679324   2.38961768  2.36305781
  2.2635796   0.35976792  1.73464193  3.89825374 -0.13945638  3.25696469
  0.22690859  3.58348863  3.16470905  0.04717612  3.50457318  1.73896554
  1.6045476   2.67768407  1.73404161  1.42838417  1.38742948  0.37101756
  0.83362058  1.53745669 -0.20117002  1.54474582  2.31942008  1.69291187
  1.71293561  3.03500892  2.1196986   1.9911173   1.35822011  2.35019417
  0.90761935  1.29653056  3.09626109  0.8075223   0.50994481  1.93305802
 -0.21577854 -0.01108498  0.62118652  0.67982496  1.44933503  1.26372519
  0.25896425  0.8701626   1.15572489  1.68502431  0.59337486  1.54487274
  2.6489606   2.66459471  2.57314054  2.60469614]
Device (GPU) time: 1.1015 seconds
Iters. done: 175 [Current cost: -20.52235937245961]
Current parameters: [ 3.17183085  4.43516153  3.09935844  3.35251685  3.18896734  1.42559404
  1.27716074  1.9010854   2.21797773  1.77504986  2.3970907   2.36730835
  2.25954971  0.37075702  1.74356651  3.89765896 -0.18695441  3.27036229
  0.22284695  3.62201774  3.12928011  0.03861966  3.48103268  1.70684979
  1.60483484  2.67983939  1.71171093  1.43215235  1.37787758  0.33250987
  0.83700448  1.54175839 -0.22600562  1.54932265  2.29661158  1.67815041
  1.72492151  3.05639978  2.11830396  1.97742252  1.35813105  2.26239023
  1.39616524  2.2777001   3.10140789  0.80196354  0.45460573  2.06945674
 -0.23095517 -0.0091776   0.60038706  0.67980837  1.43774843  1.26813613
  0.2513906   0.85465066  1.14544535  1.68237468  0.58925622  1.53821981
  2.64367153  2.66046449  2.57067639  2.5992131 ]
Device (GPU) time: 0.9904 seconds
Iters. done: 176 [Current cost: -20.451220875350334]
Current parameters: [ 3.1503415   4.42440797  3.13817652  3.35294038  3.1943259   1.43535353
  1.27247106  1.88885252  2.22062268  1.77342525  2.39225427  2.36307603
  2.26425273  0.36922527  1.7472849   3.89451782 -0.14721002  3.26632033
  0.22971177  3.59561235  3.14623197  0.04512614  3.48661286  1.72405332
  1.60727398  2.68162923  1.72104949  1.43733936  1.38558366  0.35489041
  0.83930748  1.5421827  -0.20272571  1.53606194  2.31011386  1.68894266
  1.73345917  3.05704857  2.10992796  1.98579218  1.35767237  2.35767924
  0.88009379  2.28227694  3.09742898  0.80703726 -0.13054533  2.06724979
 -0.2183539  -0.00823319  1.39354492  0.68012359  1.44112336  1.26528226
  0.25876143  0.86357438  1.151115    1.68311584  0.59326954  1.54343309
  2.64732971  2.66317136  2.5735143   2.6025116 ]
Device (GPU) time: 1.6942 seconds
Iters. done: 177 [Current cost: -19.96291508053067]
Current parameters: [ 3.10550417  4.38778127  3.17160437  3.32559044  3.2229562   1.46515382
  1.26760484  1.89752208  2.22158742  1.79776053  2.38662911  2.33795521
  2.29338168  0.38723366  1.78595463  3.86747053 -0.04605385  3.29408542
  0.24157295  3.55656343  3.12745128  0.05793494  3.43655512  1.7211968
  1.62438015  2.70230981  1.70018833  1.4862583   1.4018671   0.3618853
  0.86846179  1.56133048 -0.13727632  1.46041139  2.31551046  1.73549348
  1.84141661  3.11768635  2.04445082  1.99113904  1.35375258  2.35725034
  0.93341     2.24155619  3.088317    0.82278952  0.14698656  2.19359751
 -0.18487245  0.00680791  0.35215462  0.68245537  1.41913181  1.26170763
  0.28371089  0.86767506  1.15197497  1.69660531  0.60687528  1.55574457
  2.65341412  2.67356965  2.58497998  2.61133984]
Device (GPU) time: 1.1144 seconds
Iters. done: 178 [Current cost: -20.532681726865295]
Current parameters: [ 3.23224891  4.58561967  3.06525902  3.42745702  3.25593205  1.8546322
  1.16740893  1.87079368  2.3164492   1.59413979  2.37283018  2.5593115
  2.06875328  0.56027373  2.08575448  3.95080643 -0.07807016  3.12841973
  0.60507588  3.49314138  3.31051874  0.07341428  3.56426886  1.84722961
  1.62169386  2.67155206  1.8193252   1.44612249  1.43636442  0.53311382
  0.81999537  1.52795666 -0.08229217  1.54011286  2.42367899  1.70808365
  1.62847773  2.9951345   2.15410203  2.04885043  1.36522168  2.34009016
  0.890005    2.31969997  3.09740202  0.79754804  0.53902459  2.02455982
 -0.22892238 -0.03790151  0.49725712  0.67641613  1.50962912  1.25844024
  0.2402168   0.90127523  1.17908996  1.36591199  0.58312371  1.54260966
  2.6526383   2.54852913  2.56208912  2.50245112]
Device (GPU) time: 1.1232 seconds
Iters. done: 179 [Current cost: -20.701581927349704]
Current parameters: [ 3.21526947  4.57472365  3.0819238   3.42005215  3.26729666  1.87369375
  1.16305751  1.87100166  2.31899326  1.59844293  2.36976357  2.55397815
  2.07548244  0.56928363  2.10509415  3.9425078  -0.03676384  3.13413614
  0.61700572  3.47376942  3.31057614  0.07927278  3.5505378   1.85173206
  1.62793572  2.67838333  1.81610013  1.4630512   1.44397692  0.54275947
  0.82949207  1.53396428 -0.05464087  1.51328395  2.42998833  1.7254734
  1.6630369   3.0137243   2.13219486  2.05327483  1.36400731  2.34115495
  0.89914547  2.30677599  3.09631426  0.62077467  0.56422415  2.06651379
 -0.62007793 -0.03657323  0.52237608  0.70893797  1.28089975  1.25663219
  0.24930709  0.90493843  1.18092645  1.36464042  0.58807919  1.54753861
  2.65537846  2.55030602  2.5661121   2.50409534]
Device (GPU) time: 1.0048 seconds
Iters. done: 180 [Current cost: -20.346329010950782]
Current parameters: [ 3.22881433  4.60019843  3.14102503  3.46737656  3.22628213  1.82093354
  1.16470907  1.81932192  2.31903773  1.55978623  2.36692859  2.5754296
  2.04795257  0.51906509  2.02287027  3.97972895 -0.10973033  3.07921474
  0.59167252  3.47354913  3.38588885  0.07321417  3.6553219   1.90084166
  1.60256708  2.64598675  1.87662465  1.38720248  1.43363322  0.58560732
  0.78348532  1.50057929 -0.11398502  1.61372659  2.45326838  1.67019222
  1.49483685  2.90698745  2.2258508   2.06445497  1.36942988  2.33355799
  0.85065163  2.3700638   3.10854781  0.98003038  0.52647981  1.87026093
  0.18088053 -0.06864219  0.39981354  0.79463911  0.70262721  1.25513934
  0.22627693  0.92171207  1.19456924  1.3620178   0.57550353  1.54037569
  2.65472214  2.54642242  2.55406386  2.50397529]
Device (GPU) time: 1.1738 seconds
Iters. done: 181 [Current cost: -20.355038065702153]
Current parameters: [ 3.22309032  4.57974243  3.07424789  3.42346288  3.26206204  1.86491387
  1.1650618   1.87090586  2.31782145  1.59646087  2.37117607  2.55643473
  2.07238294  0.56513361  2.09618616  3.9463302  -0.05578981  3.13150312
  0.61151075  3.48269228  3.3105497   0.07657431  3.55686242  1.8496582
  1.62506068  2.6752368   1.81758562  1.45525372  1.44047055  0.53831662
  0.82511783  1.53119713 -0.06737725  1.52564153  2.42708221  1.71746356
  1.64711871  3.00516171  2.14228545  2.05123692  1.36456666  2.3406645
  0.8949353   2.31272887  2.94638062  0.80377194  0.55261706  2.0471895
 -0.21515044  0.14651345  0.51080611  0.67868228  1.49369102  1.25746499
 -0.16314795  0.73872768  1.18008055  1.36522611  0.58579666  1.54526831
  2.65411633  2.54948757  2.56425909  2.503338  ]
Device (GPU) time: 1.2090 seconds
Iters. done: 182 [Current cost: -20.545690459994024]
Current parameters: [ 3.24577915  4.60131617  3.08223498  3.45066689  3.23352398  1.823748
  1.17011594  1.84909921  2.31528868  1.57598992  2.37306669  2.5707484
  2.05412916  0.53511045  2.04242789  3.97020816 -0.12770891  3.10281748
  0.5889594   3.50202774  3.34196694  0.06816699  3.61442441  1.86566678
  1.60819881  2.65484671  1.84611445  1.40657763  1.42851336  0.54655034
  0.79636667  1.51121997 -0.11990907  1.59452455  2.430484    1.67692072
  1.54216598  2.94191096  2.20339629  2.05147225  1.36805072  2.33642172
  0.865502    2.35213926  2.54989672  0.78091172  0.51157103  1.92309689
 -0.26322069  0.62350797  0.43439358  0.66978759  1.56647571  1.25865434
  0.65648357  1.07991069  1.1839404   1.36540528  0.57557134  1.53733167
  2.65109401  2.54608256  2.55518935  2.50163889]
Device (GPU) time: 1.0467 seconds
Iters. done: 183 [Current cost: -20.345846110445258]
Current parameters: [ 3.22868115  4.58333017  3.06876067  3.42590109  3.25832001  1.85863746
  1.1664946   1.87083738  2.31698376  1.59504398  2.37218582  2.55819084
  2.07016723  0.56216691  2.08981818  3.9490627  -0.06939077  3.12962088
  0.6075826   3.48907089  3.3105308   0.07464528  3.56138366  1.84817567
  1.62300541  2.67298747  1.81864754  1.44967959  1.43796398  0.53514059
  0.82199084  1.529219   -0.07648201  1.5344755   2.42500473  1.71173763
  1.63573939  2.99904064  2.14949884  2.0497801   1.36496651  2.3403139
  0.89192562  2.31698435  3.0954506   0.79997259  0.54431958  2.0333753
 -0.22355747 -0.0355186   0.50253518  0.6770697   1.50503246  1.25844971
  0.24375591  0.90270142  1.02679905  1.3656448   0.17219255  1.54258387
  2.78742205  2.5489025   2.75997212  2.5027966 ]
Device (GPU) time: 1.1402 seconds
Iters. done: 184 [Current cost: -20.75278710169583]
Current parameters: [ 3.24232989  4.59488505  3.0674268   3.43875409  3.24386163  1.83705799
  1.16968927  1.86208734  2.31528429  1.58571617  2.37377096  2.56534323
  2.06106562  0.54775486  2.0631431   3.96083201 -0.10926154  3.11663497
  0.59535769  3.5020314   3.32304034  0.0697052   3.58805459  1.85333713
  1.61459083  2.66300649  1.8308955   1.42568427  1.43113314  0.53580804
  0.80795392  1.51962595 -0.10492156  1.56921082  2.42465036  1.69085979
  1.58452837  2.96878449  2.17980126  2.04867439  1.36668474  2.33833374
  0.87771332  2.33619998  3.11071906  0.78773058  0.52112378  1.97252894
 -0.24964383 -0.05701733  0.46526167  0.67199201  1.54482177  1.26084534
  0.22216352  0.89834112  1.19142375  1.36606097  0.60817561  1.53418163
  3.27880203  2.54706328  3.47954569  2.50167345]
Device (GPU) time: 1.1152 seconds
Iters. done: 185 [Current cost: -20.759211658088784]
Current parameters: [ 3.25023684  4.59995908  3.05966639  3.44220237  3.23856939  1.82818145
  1.17171563  1.86199049  2.31409958  1.5837123   2.37519901  2.56782685
  2.057932    0.54355915  2.05413706  3.96469649 -0.12849696  3.11397297
  0.58980224  3.51105248  3.32301361  0.06697703  3.59444884  1.85124044
  1.61168414  2.65982533  1.83239734  1.41780095  1.42758818  0.53131628
  0.80353152  1.51682834 -0.11779814  1.58170444  2.42171224  1.68276177
  1.56843495  2.96012764  2.19000293  2.04661405  1.36725024  2.33783789
  0.87345681  2.34221839  3.11504385  0.78235726  0.50938891  1.95299192
 -0.26153365 -0.0622984   0.45356434  0.67054354  1.55500897  1.09130346
  0.18904234  0.95790755  1.18989539  1.36665311  0.60405162  1.99637047
  3.27752599  2.54623583  3.47767228  2.50090777]
Device (GPU) time: 1.1160 seconds
Iters. done: 186 [Current cost: -20.724876708747924]
Current parameters: [ 3.22459226  4.59139105  3.11886423  3.45048635  3.24071654  1.83931866
  1.16428822  1.83809109  2.31891677  1.57365481  2.368085    2.56785495
  2.0576783   0.53694076  2.05194951  3.96654656 -0.08491962  3.09893486
  0.60038586  3.47442716  3.35852175  0.07517423  3.61781441  1.8828123
  1.61152761  2.65747659  1.85476602  1.41406463  1.437078    0.5696413
  0.79981059  1.51246219 -0.09356147  1.5783361   2.44454972  1.6895622
  1.55452844  2.94500432  2.19272351  2.06021043  1.36750963  2.33627447
  0.86789525  2.34760066  3.12303111  0.79141493  0.5391561   1.93984084
 -0.23866406 -0.08010372  0.44331169  0.66797014  1.58461082  1.21444229
  0.58848134 -0.01321775  1.19674071  1.3630231   0.59930805  1.65540143
  3.28076935  2.54776032  3.4772238   2.50395118]
Device (GPU) time: 1.0021 seconds
Iters. done: 187 [Current cost: -20.660077897805046]
Current parameters: [ 3.24232989  4.59488505  3.0674268   3.43875409  3.24386163  1.83705799
  1.16968927  1.86208734  2.31528429  1.58571617  2.37377096  2.56534323
  2.06106562  0.54775486  2.0631431   3.96083201 -0.10926154  3.11663497
  0.59535769  3.5020314   3.32304034  0.0697052   3.58805459  1.85333713
  1.61459083  2.66300649  1.8308955   1.42568427  1.43113314  0.53580804
  0.80795392  1.51962595 -0.10492156  1.56921082  2.42465036  1.69085979
  1.58452837  2.96878449  2.17980126  2.04867439  1.36668474  2.33833374
  0.87771332  2.33619998  2.78377112  0.78773058  0.52112378  1.97252894
 -0.24964383 -0.32476207  0.46526167  0.67199201  1.54482177  1.26084534
  0.22216352  0.89834112  0.94083747  1.36606097  0.70104277  1.53418163
  3.27880203  2.54706328  3.47954569  2.50167345]
Device (GPU) time: 1.1511 seconds
Iters. done: 188 [Current cost: -20.559265360228732]
Current parameters: [ 3.22575977  4.59082033  3.11202462  3.4477381   3.24244782  1.84096158
  1.16473054  1.84212826  2.31857873  1.57612923  2.36871122  2.56686916
  2.0589586   0.53970556  2.05587311  3.96471044 -0.08461269  3.10250262
  0.60080951  3.47699189  3.35259099  0.07488034  3.61137896  1.87835785
  1.61270201  2.65912621  1.85042997  1.41780388  1.43689048  0.565003
  0.80218013  1.51429786 -0.09253029  1.57396445  2.44188911  1.69162323
  1.56321256  2.95095444  2.18823841  2.05874933  1.36724284  2.33673194
  0.87050724  2.34432269  3.54335934  0.79202195  0.5388109   1.94975886
 -0.23779393  0.27167101  0.44964789  0.66897291  1.5756336   1.26081106
  0.22011797  0.90645836  0.40936175  1.36339658  0.89333238  1.52987875
  3.28073072  2.5478321   3.47803888  2.50374441]
Device (GPU) time: 1.0886 seconds
Iters. done: 189 [Current cost: -20.610728406775607]
Current parameters: [ 3.21089109  4.59111802  3.06767092  3.43897373  3.27115142  1.82764353
  1.17276781  1.86089039  2.31326514  1.58675434  2.37429065  2.5644537
  2.06225212  0.54253546  2.07566693  3.96135456 -0.11560379  3.11309499
  0.58858136  3.50188151  3.3260168   0.06920255  3.58806071  1.8536857
  1.6155827   2.66249724  1.83248648  1.4267543   1.43211783  0.53856442
  0.80692196  1.51945743 -0.10369502  1.57218817  2.42692013  1.68935357
  1.57778917  2.9671945   2.18408292  2.04958094  1.36734255  2.33762698
  0.87770027  2.33852889  3.11102838  0.78697153  0.52252886  1.97063984
 -0.25132341 -0.05880632  0.46509959  1.16420228  1.61853738  1.26097196
  0.22051552  0.89982348  1.19259807  1.37043489  0.60727549  1.53383646
  3.27839823  2.54837552  3.47895285  2.50288771]
Device (GPU) time: 1.1306 seconds
Iters. done: 190 [Current cost: -20.605046447965773]
Current parameters: [ 2.59860939  4.51428536  3.14660577  3.45804478  3.77627779  1.65908272
  1.221745    1.80533721  2.28121232  1.59006791  2.37551463  2.55045744
  2.08080165  0.43204735  2.29643456  3.97754179 -0.19242774  3.0236903
  0.47166206  3.45732497  3.43066194  0.06848803  3.62708266  1.90190577
  1.63087682  2.64655438  1.89465868  1.43350727  1.46003318  0.6385235
  0.77810006  1.50743557 -0.0602158   1.63548506  2.49788576  1.66261722
  1.41690835  2.90788391  2.27777961  2.08324566  1.38050637  2.32181197
  0.86543692  2.39538723  3.14627197  0.7800148   0.57816254  1.89752637
 -0.26278988 -0.11064452  0.43603962  0.5432877   1.65174525  1.26326935
  0.18645683  0.94093041  1.23647808  1.4473283   0.57456935  1.52023986
  3.2741064   2.57406055  3.46541471  2.52892301]
Device (GPU) time: 1.0345 seconds
Iters. done: 191 [Current cost: -20.350766955686204]
Current parameters: [ 3.24125659  4.59527832  3.06724067  3.4405079   3.22254734  1.83219025
  1.16935149  1.86162186  2.30562607  1.58647418  2.37406922  2.56428873
  2.08144405  0.54601333  2.09073764  3.96179085 -0.11382065  3.11615344
  0.59103013  3.50360371  3.32272622  0.06945528  3.58876289  1.85306823
  1.61416488  2.66270703  1.83089568  1.42469838  1.43063717  0.53502188
  0.80757148  1.51933339 -0.10647742  1.57028474  2.42408732  1.69011941
  1.5834486   2.96799092  2.18048472  2.04835119  1.36667867  2.33835265
  0.87724276  2.33662378  3.11102757  0.33325103  0.51967583  1.97056034
 -0.04562871 -0.05752936  0.46398172  0.67191271  1.54557277  1.26099441
  0.22131705  0.89820581  1.19139725  1.36827548  0.60771401  1.53377524
  3.27855578  2.54753334  3.47918417  2.50210841]
Device (GPU) time: 1.2523 seconds
Iters. done: 192 [Current cost: -20.445213872866596]
Current parameters: [ 3.23245436  4.60306108  3.12179956  3.49107071  2.71536932  1.74033625
  1.15167659  1.82629839  2.09791347  1.58940604  2.37338971  2.54393891
  2.5297267   0.50283426  2.67909032  3.98759503 -0.17499769  3.09093219
  0.51011714  3.5055764   3.35133352  0.07134062  3.6353273   1.87977685
  1.60104397  2.65152499  1.8548638   1.39112986  1.42608182  0.55293683
  0.79265734  1.50598967 -0.12607661  1.59691706  2.43171657  1.67646037
  1.53920412  2.92866013  2.20178622  2.05343347  1.36650899  2.33748466
  0.85728059  2.35403878  3.14089395  0.88690084  0.50926644  1.898959
 -0.305777   -0.08151773  0.41510502  0.65355238  1.59681812  1.26411019
  0.20175424  0.90419448  1.20690347  1.40878136  0.58586408  1.51946737
  3.27611351  2.55744493  3.46986118  2.51307793]
Device (GPU) time: 1.1183 seconds
Iters. done: 193 [Current cost: -20.296312922405008]
Current parameters: [ 3.21651695  4.58238444  3.08650912  3.43457008  3.2630216   1.86042725
  1.15873061  1.86350208  2.31980313  1.59022265  2.39375899  2.55717808
  2.06997173  0.56147069  2.09083025  3.77005163 -0.43853138  3.3175932
  0.75251384  3.32585159  3.30419628  0.07227504  3.58944893  1.85066108
  1.60766184  2.66551656  1.82116275  1.41714521  1.42410656  0.5173562
  0.81349405  1.52006554 -0.11557024  1.5531672   2.40962642  1.69857775
  1.62357404  2.97690739  2.15498896  2.04247505  1.36264816  2.3426957
  0.87684194  2.32280917  3.10945039  0.79243195  0.50960095  1.98010645
 -0.24217634 -0.0471079   0.4636659   0.67329364  1.52372397  1.26037208
  0.23053438  0.88899895  1.18418602  1.37556812  0.61274916  1.53547177
  3.28077459  2.54679222  3.48244172  2.50142262]
Device (GPU) time: 1.1618 seconds
Iters. done: 194 [Current cost: -20.585931605160642]
Current parameters: [ 3.33770523  4.63891668  3.07693425  3.51627518  3.11334595  1.60828343
  1.20004098  1.81053005  2.28721342  1.56258758  2.34106832  2.56448268
  2.04642638  0.41883791  1.80104925  3.63036291  0.35841592  3.37290852
  0.71987275  3.15971127  3.42216304  0.05392948  3.67355334  1.89131035
  1.60674713  2.62730658  1.90079621  1.3751619   1.4332172   0.60165991
  0.75279474  1.48882414 -0.14819574  1.70445614  2.47121678  1.61665793
  1.33881248  2.85506606  2.32626169  2.06738241  1.3812313   2.32157403
  0.83614752  2.42552264  3.16841703  0.77938208  0.49786243  1.7736893
 -0.34438479 -0.14578592  0.35695071  0.63850375  1.72201052  1.27228384
  0.13345944  0.9366789   1.23919811  1.41647148  0.54403685  1.4948185
  3.25928754  2.55951506  3.44282262  2.51572538]
Device (GPU) time: 1.0127 seconds
Iters. done: 195 [Current cost: -20.60250027049045]
Current parameters: [ 3.24812262  4.53408265  3.06314854  3.44637691  3.24034095  1.88968956
  1.21273081  1.8610007   2.31270643  1.586669    2.37451365  2.56291965
  2.0637643   0.54098202  2.05300473  3.96234008 -0.11934399  3.11786369
  0.58002827  3.50828377  3.32123519  0.06774505  3.59335082  1.85139047
  1.61158745  2.66067483  1.83118726  1.41850917  1.42760503  0.53043387
  0.80490657  1.51740809 -0.11632909  1.57778267  2.42085542  1.68504999
  1.57522628  2.96256168  2.1856921   2.04642361  1.36675941  2.33834612
  0.87419312  2.33979328  3.11308186  0.78356435  0.5105556   1.95746725
 -0.25841705 -0.06117173  0.45566339  0.67135559  1.55111082  1.2619829
  0.2155347   0.89760014  1.19144     1.37274585  0.60456043  1.53108052
  3.68152386  2.54785533  3.20112543  2.50240636]
Device (GPU) time: 1.1119 seconds
Iters. done: 196 [Current cost: -20.676915153256076]
Current parameters: [ 3.30603956  4.01464878  3.08707046  3.51656902  3.19639003  2.37075842
  1.564659    1.82994029  2.30493364  1.58176255  2.37589057  2.54594198
  2.07271078  0.48900287  1.94596054  3.9966104  -0.2014805   3.10153216
  0.46374705  3.54517582  3.33541108  0.06003759  3.66371038  1.8659269
  1.58297017  2.63891869  1.85325384  1.34948342  1.40428696  0.51667885
  0.77659088  1.49385201 -0.1941333   1.64309595  2.40611941  1.64431376
  1.49387622  2.89592026  2.23094371  2.03867909  1.36626938  2.33836808
  0.83766131  2.37181675  3.15259956  0.78190298  0.44539396  1.81599864
 -0.31912226 -0.10276173  0.36135879  0.65128143  1.62689236  1.27055224
  0.16527754  0.89778231  1.20467811  1.41613404  0.56674912  1.50230974
  3.09071943  2.55292476  3.5732499   2.50877028]
Device (GPU) time: 1.1087 seconds
Iters. done: 197 [Current cost: -20.367543279490754]
Current parameters: [ 3.23851783  4.5917078   3.0690417   3.44259235  3.24255375  1.82489088
  1.17156016  1.82487655  2.31284353  1.65525213  2.37402115  2.62539729
  2.06544298  0.62355156  2.05391453  3.96005674 -0.11272033  3.11857703
  0.58416358  3.50314674  3.32216243  0.06900287  3.59004312  1.85258266
  1.61339629  2.66216508  1.83089815  1.42291783  1.42974203  0.53360461
  0.80687886  1.51880438 -0.10928796  1.57222982  2.42307269  1.68877919
  1.58148793  2.96655442  2.18172578  2.04776822  1.36666858  2.33838588
  0.87639222  2.33739291  3.1115856   0.7862295   0.51706059  1.96699962
 -0.25283131 -0.05845725  0.46166803  0.67176907  1.54693514  0.80736843
  0.21978488  0.89796324  1.19135094  1.37362485  0.60687846  1.36654051
  3.2782251   2.54914993  3.47845164  2.50360431]
Device (GPU) time: 1.0084 seconds
Iters. done: 198 [Current cost: -20.557830860055176]
Current parameters: [ 3.21705339  4.57698913  3.10955423  3.4694645   3.22756574  1.75516029
  1.17180522  1.57039322  2.30405028  2.10470226  2.37316376  3.02120032
  2.0869904   1.12405844  1.98446141  3.96525346 -0.13243422  3.1181011
  0.51947005  3.50177236  3.33102377  0.06900336  3.61479756  1.86303309
  1.60442285  2.65598695  1.84043338  1.4017314   1.42430361  0.53538228
  0.79902353  1.51139279 -0.12718493  1.58730101  2.42173558  1.68006132
  1.56157046  2.94598388  2.19127691  2.04765438  1.36600496  2.33868562
  0.86493419  2.34549978  3.12645871  0.79335607  0.50373614  1.92601959
 -0.26590026 -0.07045515  0.43306896  0.66323211  1.5709159   1.51074882
  0.20796412  0.89873655  1.19726101  1.41585289  0.59535863  1.61551489
  3.27456258  2.56192365  3.47398325  2.51624033]
Device (GPU) time: 1.1680 seconds
Iters. done: 199 [Current cost: -20.430561560175686]
Current parameters: [ 3.23568278  4.58794063  3.07503948  3.43783216  3.24287613  1.82928017
  1.17260665  1.85924477  2.31262983  1.59143156  2.37360071  2.56200663
  2.06773089  0.54475947  2.05804091  3.95842807 -0.10715578  3.11967904
  0.5873469   3.4997522   3.32227057  0.06991701  3.58786156  1.85330966
  1.61442108  2.66323357  1.83043865  1.42564328  1.43098436  0.53522893
  0.80835349  1.51975334 -0.10485356  1.56806596  2.42415071  1.69149218
  1.58675491  2.9694553   2.17838735  2.04850138  1.36649751  2.33853156
  0.87784414  2.33541687  3.11054694  0.78814617  0.52111136  1.97360295
 -0.24887934 -0.0563654   0.46565385  0.67208203  1.54355754  1.26086238
  0.22286527  0.89795204  1.19109373  1.37397664  0.60855871  1.53442483
  3.27885147  2.77467822  3.47990412  2.05707977]
Device (GPU) time: 1.1457 seconds
Iters. done: 200 [Current cost: -20.68349934907629]
Current parameters: [ 3.29133043  4.64752296  3.03214468  3.44610838  3.24692662  1.89832615
  1.14178654  1.87721102  2.33842914  1.53869701  2.37343249  2.58749968
  2.00970336  0.56775773  2.09391108  3.98401986 -0.12209767  3.08711494
  0.65740232  3.51269324  3.33740082  0.07105652  3.5964738   1.8629544
  1.61513723  2.66104358  1.83991015  1.42422939  1.43448321  0.54986568
  0.80470074  1.51753061 -0.09866853  1.57424342  2.43372064  1.68950932
  1.56902888  2.96053797  2.18777983  2.05348264  1.36766029  2.33691645
  0.87514449  2.34182407  3.11749848  0.79522601  0.52950533  1.96233528
 -0.2501026  -0.06309526  0.45958591  0.66705308  1.5597881   1.26437558
  0.21963774  0.90307287  1.19764118  1.30565274  0.60370043  1.53353041
  3.27855236  3.42651961  3.47872434  2.94545734]
Device (GPU) time: 1.1776 seconds
Iters. done: 201 [Current cost: -20.664032026628345]
Current parameters: [ 3.22317099  4.65373206  2.87123056  3.77177149  3.30706873  1.80749001
  1.10992441  1.89208522  2.34236715  1.54078686  2.37334663  2.5606721
  2.03263058  0.5802159   2.10724153  3.97374448 -0.12062774  3.17355736
  0.54393965  3.5609453   3.26135198  0.06311907  3.62771538  1.83308587
  1.57600291  2.65373805  1.80735572  1.35451438  1.38872212  0.4508857
  0.80176626  1.50570153 -0.21039626  1.58541021  2.35945316  1.67160387
  1.62368544  2.94778283  2.15477981  2.0171162   1.35660678  2.34985675
  0.85149751  2.32551138  3.12345464  0.77173703  0.41906279  1.89000943
 -0.28970219 -0.05927279  0.39582688  0.67107899  1.53224837  1.27015636
  0.19905201  0.86880491  1.17255399  1.32916334  0.59559293  1.51751728
  3.26695639  2.53824498  3.47075815  2.49081738]
Device (GPU) time: 0.9956 seconds
Iters. done: 202 [Current cost: -20.466444347959555]
Current parameters: [ 3.15773903  4.53970156  2.49786508  2.93890538  3.20852769  2.0348135
  0.64906098  1.7864778   2.31311111  1.60783748  2.36164974  2.50233049
  2.12119211  0.49182092  1.93389556  3.98258011 -0.10272991  3.11901414
  0.47506612  3.46157311  3.35819786  0.08754444  3.66818276  1.91538819
  1.58658455  2.65392263  1.86354515  1.3689951   1.42400473  0.56458485
  0.79967539  1.50141938 -0.11590142  1.55822458  2.43027189  1.7019508
  1.60365907  2.92652699  2.1528758   2.05832069  1.35838802  2.34458403
  0.84852041  2.33269697  3.1627415   0.85903078  0.52473181  1.89899081
 -0.23714383 -0.07184664  0.39923913  0.63728764  1.58837198  1.29518664
  0.22532454  0.89720343  1.21156042  1.45003828  0.58553213  1.53180544
  3.27227723  2.51830048  3.48667789  2.49822276]
Device (GPU) time: 1.1492 seconds
Iters. done: 203 [Current cost: -19.94510256918813]
Current parameters: [ 3.57726343  4.57263906  3.10117752  3.39847656  3.51097997  1.7977062
  1.13484471  1.80932616  2.32129634  1.62352291  2.33383865  2.56023294
  2.13487548  0.49721686  2.20154043  3.96236032 -0.11120339  3.14045167
  0.51739867  3.46748387  3.37352868  0.10370077  3.64184449  1.88446924
  1.59210714  2.6619123   1.82922523  1.37128775  1.42837397  0.53341862
  0.80695743  1.5182114  -0.09075336  1.60124742  2.39017092  1.68770378
  1.5989323   2.96537321  2.17903126  2.05844753  1.36595826  2.3391821
  0.87515056  2.33606616  3.1120823   0.78580138  0.51171491  1.96374085
 -0.25417475 -0.05793562  0.45842421  0.67180966  1.54503795  1.26168638
  0.21926549  0.89603808  1.19004112  1.44029856  0.6065967   1.53237826
  3.27765457  2.54625539  3.47834402  2.50077452]
Device (GPU) time: 1.1549 seconds
Iters. done: 204 [Current cost: -20.502461409515476]
Current parameters: [ 3.44683133  4.68645049  3.15788134  3.40277861  3.31014917  1.77241281
  1.27569019  1.98934745  2.13664639  1.57531193  2.66394544  2.36108182
  1.86554972  0.67140272  2.05809039  3.9113579  -0.08346465  2.99755042
  0.66115364  3.60390152  3.01238227 -0.16135862  3.32647401  1.7407965
  1.74025168  2.65270182  1.91864294  1.74725254  1.44534619  0.63122098
  0.7970621   1.49408152 -0.22393195  1.29796424  2.72124231  1.73809374
  1.49165736  2.90653921  2.14184616  1.99761326  1.35772432  2.3417712
  0.84011001  2.33624028  3.20781127  0.95195921  0.61850453  1.89426413
 -0.18623844 -0.08432789  0.38940358  0.60047937  1.64363163  1.32448409
  0.25095833  0.92095331  1.24927366  1.28882011  0.5729195   1.54452402
  3.27572152  2.49468256  3.5031315   2.50377078]
Device (GPU) time: 1.0220 seconds
Iters. done: 205 [Current cost: -20.424679221448127]
Current parameters: [ 3.25035535  4.59834693  3.07359141  3.44966244  3.22867805  1.80385287
  1.17241894  1.84634219  2.32181575  1.58007385  2.35876878  2.5765825
  2.0669244   0.51700129  2.02519611  3.97511551 -0.14714178  3.31268362
  0.56915466  3.71233255  3.18417564  0.1172816   3.60926447  1.91034517
  1.67774196  2.69895222  1.9293943   1.40413319  1.43089319  0.53488811
  0.85491599  1.47627963  0.15972355  1.60408233  2.44097122  1.72929373
  1.55734492  2.8895361   2.15319662  2.10685023  1.30409822  2.41966403
  0.8074384   2.39202481  3.11347733  0.78279117  0.60451842  1.89972191
 -0.25997029 -0.06210346  0.47275649  0.67121952  1.55270901  1.26180484
  0.2142771   0.89777599  1.19166529  1.38025693  0.60387431  1.53043943
  3.27705515  2.55004756  3.47586936  2.50478328]
Device (GPU) time: 1.1318 seconds
Iters. done: 206 [Current cost: -20.645352041476276]
Current parameters: [ 3.22328714  4.67325512  3.25177306  3.4764989   3.19208559  1.90805882
  1.16891161  1.80396949  2.35410839  1.45616187  2.35985454  2.61940432
  1.9438532   0.5199063   2.02489404  4.01867634 -0.02158824  3.22290251
  0.72613848  3.67149926  3.28576638  0.12691719  3.68459692  1.82973636
  1.36619321  2.52449054  1.58276031  1.41527648  1.4719901   0.70616022
  0.62342972  1.65100567  0.28943513  1.48830585  2.42353448  1.57528063
  1.61725632  3.17364277  2.29894181  1.91913742  1.58826535  2.04576304
  1.09762801  2.171572    3.18221187  0.93177846  0.34706112  2.15611666
 -0.17287991 -0.08311991  0.38846653  0.61310882  1.64623429  1.30589283
  0.25789808  0.94292429  1.25629295  1.25122257  0.58571082  1.55353752
  3.28499297  2.49692025  3.50277738  2.49970086]
Device (GPU) time: 1.0920 seconds
Iters. done: 207 [Current cost: -20.499055287296574]
Current parameters: [ 3.23952123  4.58989991  3.07233649  3.43849365  3.24882708  1.84955716
  1.1549183   1.84050673  2.33312213  1.5777931   2.34483904  2.58823419
  2.07416552  0.53083978  2.07067565  3.96869144 -0.10129842  3.12904915
  0.59606448  3.49377781  3.35962959  0.29344925  3.61273594  1.81058271
  1.4846736   2.67267427  1.84847831  1.66539398  1.43743206  0.27484575
  0.69777028  1.39444982 -0.09602652  1.50150742  2.49408071  1.70313185
  1.50581246  2.95946989  2.1899932   1.9799768   1.34881779  2.35420507
  0.86596261  2.34287607  3.11002382  0.78934849  0.53924072  1.96658448
 -0.24662382 -0.05457342  0.47045858  0.67233197  1.54015228  1.26087063
  0.22487942  0.89700975  1.19026901  1.36787342  0.60965811  1.5351585
  3.27903545  2.54781819  3.48092045  2.50204859]
Device (GPU) time: 1.0084 seconds
Iters. done: 208 [Current cost: -20.472162908572006]
Current parameters: [ 3.2421026   4.66578895  3.21130852  3.47979062  3.17260827  1.81613142
  1.20048238  1.83338218  2.3170521   1.49470192  2.39848154  2.57562103
  1.95693037  0.51090584  1.96116232  4.00889965 -0.10729421  2.98743324
  0.6523178   3.47878884  3.41438497  0.26818522  3.65077635  2.12427249
  1.97596839  2.6194745   1.82581836  1.72011915  1.44519384  0.32819495
  1.12984241  1.9042408  -0.18117335  1.79142406  2.23977019  1.67156138
  1.82259134  2.97054903  2.15328669  2.31098009  1.4358734   2.26684461
  0.91366772  2.31520067  3.17308343  0.89364714  0.54924975  1.97592306
 -0.20767785 -0.08729044  0.41985392  0.62347914  1.64034243  1.29871649
  0.23597846  0.93267919  1.24356537  1.29901921  0.58216605  1.54260419
  3.28042288  2.5129971   3.49125944  2.50629014]
Device (GPU) time: 1.1517 seconds
Iters. done: 209 [Current cost: -20.561794703483155]
Current parameters: [ 3.25745541  4.61733564  3.06199414  3.45598585  3.2420142   1.86879215
  1.15841482  2.19816507  2.34279004  1.74475581  2.26295091  2.60604271
  2.04677455  0.54532232  2.08071059  3.98111316 -0.13049976  3.1008507
  0.6249108   3.49430963  3.3739845   0.09332434  3.62073462  1.87476279
  1.5965455   2.67092159  1.84950812  1.39229941  1.43336732  0.54358754
  0.800513    1.49491401 -0.08876147  1.57869262  2.4225901   1.70008471
  1.5783604   2.955599    2.17526376  2.05554283  1.35375246  2.35404101
  0.86531661  2.34536431  3.19791955  0.82729122  0.533315    1.96347936
 -0.1604211  -0.16829791  0.4642706   0.65237135  1.68967089  1.26042993
  0.30637807  0.93957607  1.24125351  1.33763759  0.72879825  1.53216764
  3.23788546  2.53480994  3.41636896  2.49130794]
Device (GPU) time: 1.1249 seconds
Iters. done: 210 [Current cost: -20.554641340772104]
Current parameters: [ 3.19805271  4.57645438  3.19654096  3.4139583   3.20752385  1.77344505
  1.18037379  2.33509135  2.28149063  1.84080618  2.27339518  2.52168024
  2.0489517   0.48255886  1.96142246  3.96110907 -0.04896298  3.09634767
  0.5644371   3.49053238  3.3431473   0.06789874  3.61888633  1.90555344
  1.61997348  2.62737011  1.81143159  1.45157878  1.44519463  0.60770949
  0.81127863  1.58535356 -0.05810131  1.54285688  2.44469517  1.68135774
  1.61949948  2.9851623   2.18263054  2.06199686  1.41396424  2.27544147
  0.91019596  2.30049325  2.9030656   0.76767249  0.54036974  1.97856869
 -0.47413469  0.26226171  0.43197239  0.68928275  1.1688877   1.29782105
 -0.01040713  0.79246806  1.07854425  1.39229058  0.22670958  1.54913638
  3.4021205   2.55395819  3.68498389  2.53520872]
Device (GPU) time: 1.1079 seconds
Iters. done: 211 [Current cost: -20.45804956558632]
Current parameters: [ 3.24383701  4.60910234  3.1013288   3.44786273  3.22829964  1.83713827
  1.16494349  1.84260228  2.32818755  1.56008032  2.35588681  2.5870107
  2.04600683  0.52153102  2.03976242  3.9800426  -0.11100601  3.09684266
  0.60533894  3.495812    3.37341499  0.08505352  3.27711633  1.88698079
  1.59919484  2.65789661  1.84000514  1.23604074  1.72895693  0.41020646
  0.80131397  1.51840631 -0.09339215  1.57373701  2.42653602  1.69317461
  1.58640075  2.96123874  2.17987763  2.0579222   1.37070359  2.3318538
  0.87666856  2.33433002  3.11724522  0.81074415  0.53355687  1.96261859
 -0.25008382 -0.05003346  0.45199989  0.66181403  1.54792565  1.27159323
  0.21611205  0.89893863  1.19669155  1.35298996  0.58729485  1.53602537
  3.2832565   2.53949027  3.49043714  2.50352039]
Device (GPU) time: 1.1259 seconds
Iters. done: 212 [Current cost: -20.500423616016292]
Current parameters: [ 3.24240068  4.59395855  3.01074974  3.51441097  3.23520603  1.86552521
  1.18109354  1.78226809  2.3189687   1.73559644  2.37320074  2.49266745
  2.05208573  0.45470793  2.07439077  3.96024972 -0.09349983  3.10306378
  0.63813739  3.48814074  3.33415277  0.07301092  3.57448017  1.85879368
  1.6247347   2.66764216  1.83391262  1.44658457  1.4421783   0.55594283
  0.81324192  1.52488749 -0.07371962  1.55455564  2.43973098  1.70186456
  1.59186719  2.98064437  2.17514561  2.05640952  1.36806725  2.3366187
  0.88652024  2.33269082  3.10552488  0.79594288  0.55093722  2.00583998
 -0.23141729 -0.0508306   0.4889464   0.67302279  1.53779503  1.258259
  0.23488819  0.90370614  1.19416094  1.35020227  0.61511175  1.54112997
  3.28269533  2.54960061  3.48516072  2.50405297]
Device (GPU) time: 1.0137 seconds
Iters. done: 213 [Current cost: -20.709306783629984]
Current parameters: [ 3.25676456  4.45156932  2.91230887  3.58632305  3.26533115  1.80858934
  1.20371743  1.93171829  2.26661343  1.44085535  2.36991592  2.64443271
  2.17005116  0.65636746  2.03125298  3.91701382 -0.04239742  3.1112951
  0.57398181  3.40343522  3.36606921  0.08356324  3.54837792  1.88133271
  1.6472158   2.67819546  1.8422433   1.49426345  1.47034395  0.61403477
  0.8273286   1.53976208  0.00894584  1.51044451  2.47829087  1.73343291
  1.62219573  3.01090395  2.15571257  2.07735986  1.37228783  2.33067977
  0.90875993  2.31885     3.09433111  0.82769241  0.62930381  2.0902777
 -0.18234382 -0.0291675   0.54432843  0.67201131  1.51471493  1.25624006
  0.26777866  0.91507303  1.20121425  1.48773812  0.62603117  1.56037799
  3.29437119  2.5528169   3.50535412  2.51014428]
Device (GPU) time: 1.1475 seconds
Iters. done: 214 [Current cost: -20.65756547084005]
Current parameters: [ 3.23353688  4.68421271  3.07579561  3.44938884  3.30392297  1.90103281
  1.18947317  1.86271289  2.23612871  1.58460571  2.37539532  2.56453505
  2.22707133  0.54677079  1.97212363  3.97270613 -0.11378582  3.10560103
  0.63273651  3.51609661  3.3208765   0.06759672  3.58915591  1.85177705
  1.61425606  2.66206983  1.83096032  1.42406124  1.4293265   0.53413037
  0.80703668  1.51906852 -0.11037953  1.57192776  2.42377583  1.68857572
  1.58073926  2.96639428  2.18207065  2.04761792  1.36675642  2.33830126
  0.87636292  2.33758388  3.11164447  0.78609599  0.51693123  1.96664631
 -0.25308641 -0.05864396  0.46148695  0.67174283  1.54728368  1.2611863
  0.21956253  0.89804828  1.19142819  1.32160384  0.60675586  1.5329265
  3.27820135  2.54671416  3.47834247  2.50145109]
Device (GPU) time: 1.1187 seconds
Iters. done: 215 [Current cost: -20.646074679186864]
Current parameters: [ 3.21396276  4.89021159  3.02688072  3.40729235  3.21559725  2.00093794
  1.35842182  1.85940671  2.35860339  1.57887357  2.36995893  2.56545043
  1.98001262  0.55387164  2.11246005  3.9100099  -0.09144304  3.1648514
  0.41732286  3.43976059  3.33080108  0.07487271  3.59135936  1.8635231
  1.61393206  2.66399716  1.83184255  1.42671731  1.4354274   0.54705482
  0.81058047  1.52247195 -0.08973796  1.55748383  2.42844696  1.69870393
  1.60052621  2.97401788  2.16967383  2.0524171   1.36739682  2.33679013
  0.88083417  2.32967802  3.11030085  0.80029226  0.53373416  1.98564574
 -0.23977899 -0.04889256  0.47017114  0.66947898  1.536029    1.26375102
  0.22818033  0.89771474  1.19193751  1.57130247  0.60563767  1.5383135
  3.2817182   2.54525848  3.48699234  2.50239243]
Device (GPU) time: 1.1316 seconds
Iters. done: 216 [Current cost: -20.697315531337562]
Current parameters: [ 3.24185866  4.59867425  3.0810514   3.45557684  3.24354956  1.84368607
  1.14190944  1.86295961  2.3137426   1.58418119  2.37603242  2.56387365
  2.05879261  0.54595456  2.05704919  4.00423949 -0.11103747  3.07857224
  0.7357753   3.55057451  3.31723751  0.06553782  3.59257335  1.84965853
  1.61202771  2.66052912  1.83040711  1.41884788  1.42593889  0.52903192
  0.80537997  1.51765687 -0.1201855   1.57663576  2.42021182  1.68487786
  1.57676287  2.96245664  2.18450365  2.04538466  1.36653091  2.33861863
  0.87372188  2.33920001  3.11328808  0.78338306  0.50824321  1.95614035
 -0.25898406 -0.06095118  0.45428894  0.67137298  1.55031372  1.26192484
  0.21531344  0.89679254  1.19089007  1.55098782  0.60443839  1.53071635
  3.27703135  2.54597988  3.47643049  2.5008325 ]
Device (GPU) time: 1.0464 seconds
Iters. done: 217 [Current cost: -20.59776594416873]
Current parameters: [ 3.24397875  4.59548521  2.86045282  3.27619476  3.25870209  1.67074565
  1.48040069  1.85833579  2.34532215  1.57043127  2.35012655  2.57372015
  2.06268297  0.56865478  2.10943002  4.01277521 -0.08523191  3.10897687
  0.75859206  3.53587136  3.32733414  0.0935594   3.62427678  1.87290023
  1.58500226  2.66113305  1.82221178  1.38013513  1.42512143  0.51184583
  0.80673008  1.5146099  -0.11216787  1.56247073  2.39378644  1.69707639
  1.6350872   2.96880542  2.14936231  2.04331613  1.36271057  2.3413977
  0.87130006  2.31914971  3.11554527  0.8036862   0.49861712  1.95985375
 -0.24905343 -0.04272628  0.44340577  0.66711181  1.52207964  1.27031045
  0.22334708  0.88356394  1.18356598  1.28167941  0.59830969  1.53439882
  3.27879317  2.53984491  3.48940361  2.49802291]
Device (GPU) time: 1.1684 seconds
Iters. done: 218 [Current cost: -20.677874705739303]
Current parameters: [ 3.24257117  4.59289635  3.05464898  3.43193117  3.25008987  1.84697228
  1.16916722  1.86233591  2.22361298  1.58607605  2.37750142  2.7112729
  2.02067041  0.44150098  2.0775729   3.95574538 -0.1007804   3.12481399
  0.60103219  3.5039179   3.31309317  0.06520227  3.50547193  1.87842033
  1.59849079  2.66377486  1.82752342  1.42481661  1.32776791  0.53107642
  0.81069439  1.520791   -0.11449362  1.56179234  2.42169598  1.69341794
  1.59700119  2.97165864  2.171454    2.04608026  1.36548975  2.33965195
  0.87754164  2.33168241  3.11028424  0.78930095  0.51722341  1.97518547
 -0.2471409  -0.0537184   0.46475163  0.67242602  1.53781503  1.26127049
  0.22495516  0.89525618  1.18903001  1.36440203  0.60969681  1.53483762
  3.27863153  2.54670935  3.48108646  2.50078467]
Device (GPU) time: 1.1095 seconds
Iters. done: 219 [Current cost: -20.604503485735815]
Current parameters: [ 3.23789575  4.59979972  3.10884053  3.44713984  3.22647863  1.8212553
  1.17242652  1.84542096  2.46433753  1.56609482  2.33709128  2.39353184
  2.10834846  0.66875362  2.03725089  3.9822447  -0.11217006  3.10112078
  0.58721458  3.48353241  3.39182793  0.10577268  3.36596722  1.98405377
  1.54019974  2.66031992  1.84261576  1.38879687  1.12878366  0.55324751
  0.79673075  1.51329498 -0.06697752  1.59012856  2.42357631  1.69083866
  1.57072404  2.9619623   2.19203518  2.06234392  1.37038908  2.33288843
  0.87882572  2.34156726  3.11396616  0.80028395  0.54139226  1.96982197
 -0.24962233 -0.05668651  0.46385444  0.66576578  1.55565521  1.2657495
  0.21733795  0.9045361   1.19865502  1.35158631  0.59555835  1.5357753
  3.28244421  2.54387414  3.48464222  2.50461722]
Device (GPU) time: 1.0628 seconds
Iters. done: 220 [Current cost: -20.590282857210312]
Current parameters: [ 3.24253951  4.59404799  3.06162657  3.43574993  3.24655456  1.84129222
  1.1695006   1.86269268  2.30497675  1.58613624  2.3875972   2.55979185
  2.05732804  0.55544592  2.06940099  3.82874306 -0.10500211  3.12124139
  0.59775498  3.64052325  3.47036061  0.05429087  3.5861872   1.83857293
  1.61650423  2.6629783   1.82952586  1.43405328  1.42947634  0.53757737
  0.81719299  1.52751399 -0.12148341  1.55824758  2.43111201  1.69101871
  1.58231539  2.96841466  2.13198434  2.04050617  1.37696321  2.33933402
  0.87726709  2.33444788  3.11056493  0.78840084  0.51970304  1.97328493
 -0.24859569 -0.05559032  0.46500962  0.67217782  1.54174521  1.26104803
  0.22336653  0.89694178  1.19034797  1.36537496  0.60884436  1.53444137
  3.2786997   2.54690992  3.48019705  2.50128035]
Device (GPU) time: 1.1356 seconds
Iters. done: 221 [Current cost: -20.62982787889751]
Current parameters: [ 3.23393365  4.59874113  3.12535223  3.45507712  3.22278443  1.81153448
  1.17174315  1.83043919  2.33750908  1.56221003  2.35469919  2.57246364
  2.05294323  0.51900202  2.02237288  4.03348943 -0.11502154  3.09144231
  0.58131865  3.42653528  3.3050422   0.07770913  3.6451489   1.83867962
  1.53573723  2.65887723  1.85168618  1.38348284  1.43059458  0.56386301
  0.8546041   1.56294728 -0.10828101  1.5710788   2.45947354  1.67926182
  1.48652682  2.94018491  1.75261032  2.00787506  1.47925077  2.3391334
  0.87443908  2.35211797  3.11316488  0.79571623  0.55694642  1.96703357
 -0.25038316 -0.0618394   0.47122159  0.66683029  1.56427773  1.26316854
  0.21635285  0.9094431   1.20159088  1.35906639  0.59800306  1.53546206
  3.28233978  2.54616699  3.481352    2.50612787]
Device (GPU) time: 1.0939 seconds
Iters. done: 222 [Current cost: -20.7402832601876]
Current parameters: [ 3.23958131  4.59715088  3.09387061  3.45066432  3.23356989  1.82071809
  1.17012468  1.84397868  2.32309782  1.57624659  2.3645101   2.57156704
  2.06093816  0.52885405  2.03831151  3.97160538 -0.11993213  3.1048702
  0.58610511  3.49643768  3.34726467  0.07094476  3.61911038  1.83895723
  1.56919295  2.66050464  1.83327908  1.39939282  1.42565722  0.5451692
  0.77376846  1.48651747 -0.11721734  1.49515536  2.50674688  1.6848154
  1.71253462  2.96092353  2.17339655  2.1821457   1.37018454  2.31647591
  0.87635429  2.35204021  3.111079    0.785557    0.53217169  1.90617295
 -0.25261584 -0.06269033  0.46862421  0.67126439  1.55741565  1.25980041
  0.21812777  0.90467462  1.19620997  1.36911838  0.60600182  1.53359855
  3.27947612  2.54800204  3.4771489   2.50360334]
Device (GPU) time: 0.9960 seconds
Iters. done: 223 [Current cost: -20.641991074762014]
Current parameters: [ 3.27737101  4.62766945  3.08210794  3.46095053  3.19153724  1.77187493
  1.186207    1.83857648  2.32454564  1.54309952  2.38427548  2.569885
  2.01378094  0.51745966  1.98659598  4.00116812 -0.20232348  3.07515595
  0.55606202  3.52134759  3.3409195   0.04634874  3.67189947  1.86112193
  1.60061702  2.64461719  1.88676112  1.36745772  1.42505143  0.55693127
  0.77058831  1.47566997 -0.17489804  1.61345063  2.48664366  1.64584524
  1.51748323  2.87297514  2.24462599  2.13520199  1.36179737  2.4913729
  0.85740938  2.31072848  3.12667316  0.80064837  0.52586912  2.32775051
 -0.27738729 -0.06263898  0.4233498   0.65851201  1.56724617  1.27599389
  0.19548953  0.89528001  1.19659552  1.3404747   0.57481519  1.52578676
  3.27807233  2.53649106  3.48150136  2.50234521]
Device (GPU) time: 1.1120 seconds
Iters. done: 224 [Current cost: -20.58827155265019]
Current parameters: [ 3.24889074  4.59614073  3.04286881  3.4316518   3.24886137  1.8450935
  1.17035952  1.87517007  2.3117009   1.59128127  2.37805445  2.56353128
  2.06057982  0.55902592  2.07749889  3.95706013 -0.11189551  3.1246567
  0.59976974  3.50947204  3.30778654  0.07085866  3.56971074  1.84999062
  1.61787963  2.66286422  1.82419956  1.43795165  1.4331002   0.52518846
  0.81314468  1.52766171 -0.10008322  1.5581844   2.42506653  1.69339885
  1.4834344   2.97726572  2.18213089  2.17356151  1.42315056  2.33686135
  0.87327031  2.33296058  3.1112737   0.78781084  0.39839814  1.96474095
 -0.25085733 -0.05373276  0.589548    0.67237751  1.53645067  1.26210096
  0.22275712  0.89255459  1.18726479  1.36369945  0.60837573  1.53335651
  3.2776441   2.54576096  3.48040929  2.499665  ]
Device (GPU) time: 1.1641 seconds
Iters. done: 225 [Current cost: -20.638596219169052]
Current parameters: [ 3.2284249   4.59828969  3.1410573   3.44088499  3.21753805  1.81986605
  1.1757072   1.83481132  2.33209646  1.54862602  2.37992175  2.55120957
  2.02463932  0.54144464  2.03324425  3.98029424 -0.08525239  3.08465378
  0.58613726  3.46282719  3.34161584  0.05722888  3.64294256  1.89252787
  1.6502876   2.66530325  1.89952311  1.41432841  1.44941929  0.59462509
  0.81355077  1.49821547 -0.10074602  1.60798344  2.46040169  1.69286281
  1.73881488  2.90207413  2.17784136  1.81019118  1.2373034   2.37116553
  0.84162872  2.36736129  3.1182888   0.82344304  0.37577425  1.96275587
 -0.23999735 -0.04904165  0.75804394  0.65785808  1.55491862  1.27346723
  0.22018383  0.90675793  1.20393498  1.3310801   0.5841735   1.54036986
  3.28692702  2.54028252  3.49530449  2.50823213]
Device (GPU) time: 1.1568 seconds
Iters. done: 226 [Current cost: -20.69872492915906]
Current parameters: [ 3.23676788  4.59026859  3.06688006  3.43300399  3.25062112  1.84807977
  1.16800863  1.86651333  2.3152356   1.58961313  2.37374738  2.56222759
  2.06409541  0.55542706  2.07643508  3.95584382 -0.09149065  3.12197451
  0.60198003  3.49574915  3.31798627  0.07281026  3.57575377  1.85802658
  1.62487708  2.75442836  1.68500116  1.43733677  1.43520429  0.53653262
  0.85812818  1.47902372 -0.09081409  1.56090528  2.43611574  1.58049773
  1.59301309  2.84931379  2.1739766   2.050075    1.36604459  2.33919774
  0.87925354  2.33346728  3.10930358  0.79044782  0.52667723  1.98151725
 -0.24409858 -0.05395792  0.47090979  0.6724443   1.53973936  1.26044729
  0.22655654  0.89808713  1.19089568  1.36490391  0.61058795  1.53613947
  3.2796234   2.54750844  3.48161281  2.50181549]
Device (GPU) time: 1.1427 seconds
Iters. done: 227 [Current cost: -20.738280331539652]
Current parameters: [ 3.24899429  4.60987268  3.11435002  3.44950902  3.20751575  1.79885863
  1.18003498  1.8371268   2.32719893  1.54852859  2.38208202  2.55902315
  2.02230244  0.53061498  2.01325224  3.98755211 -0.13563239  3.0820218
  0.57261028  3.48965938  3.34024554  0.05232454  3.65280379  1.87742616
  1.62915374  2.83713918  1.60988237  1.39524378  1.4380313   0.57623684
  0.89118015  1.39882163 -0.13335204  1.61908779  2.43492382  1.94563545
  1.51991245  3.17433434  2.20367941  2.03403975  1.33244147  2.3737786
  0.84357313  2.36219948  3.12165488  0.8120988   0.56511191  1.94301897
 -0.25574878 -0.055718    0.46888569  0.6588218   1.56043993  1.27376062
  0.2102637   0.90193939  1.2005672   1.33802872  0.58201836  1.53397748
  3.28269429  2.53949099  3.48840539  2.50584193]
Device (GPU) time: 1.0010 seconds
Iters. done: 228 [Current cost: -20.56979557626089]
Current parameters: [ 3.23781659  4.59310402  3.08251133  3.44244404  3.24066325  1.83007049
  1.16985969  1.8543542   2.31730524  1.58344917  2.37071135  2.56542489
  2.06275349  0.5399247   2.05289453  3.96312691 -0.10774367  3.1128344
  0.59069465  3.49762596  3.33179126  0.0697414   3.5986424   1.86121146
  1.62180447  2.67289639  1.85087869  1.4179573   1.42981649  0.54104614
  0.81137081  1.50108573 -0.10757592  1.5530177   2.4087022   1.70074896
  1.56820648  2.94831057  2.17985681  2.05393725  1.35123769  2.35731431
  0.86136233  2.10030311  3.11096877  0.78810818  0.54379824  1.92868359
 -0.24804734 -0.05948948  0.48140012  0.67165924  1.55025825  1.26012517
  0.22266255  0.90183846  1.19406564  1.36928008  0.60905596  1.53472381
  3.27919118  2.54851347  3.47871466  2.50345483]
Device (GPU) time: 1.1477 seconds
Iters. done: 229 [Current cost: -20.75715723984384]
Current parameters: [ 3.23105285  4.5959182   3.12229153  3.44566051  3.2263292   1.82084115
  1.17246551  1.83834843  2.32623838  1.56305024  2.3734835   2.55987076
  2.0434374   0.53508759  2.0357776   3.97382515 -0.09746644  3.09446743
  0.58631836  3.47784316  3.34412996  0.0624977   3.63017451  1.87626948
  1.63116996  2.67692027  1.86669532  1.40948536  1.43818102  0.5724432
  0.81042948  1.49660308 -0.10803161  1.24519309  2.08648865  1.69013469
  1.53634329  2.92550255  2.19962092  2.04608888  1.34627214  2.35965127
  0.86215168  2.41612441  3.11431922  0.80505823  0.57069504  1.98312697
 -0.24441515 -0.05600536  0.484274    0.66466335  1.556745    1.26617581
  0.22043224  0.90686785  1.20080375  1.35111294  0.59613995  1.53764071
  3.28351727  2.54479348  3.48636391  2.50652263]
Device (GPU) time: 1.1216 seconds
Iters. done: 230 [Current cost: -20.68011444868311]
Current parameters: [ 3.26988274  4.61259297  3.04040286  3.45078785  3.22543722  1.80622543
  1.17672345  1.86450019  2.29909453  1.58016502  2.39347191  2.56848163
  2.04446248  0.53751263  2.03183576  3.96489718 -0.17531638  3.0200648
  0.57608642  3.45605695  3.38029218  0.07079938  3.57817335  1.74280368
  1.6691321   2.6572313   1.82715053  1.41662817  1.39820891  0.51830313
  0.80500596  1.51758096  0.01876254  1.57967488  2.41428529  1.67795605
  1.57252085  2.95582253  2.18746416  2.03706052  1.36536031  2.33947846
  0.86817439  2.3404477   3.11666719  0.77821565  0.48674689  1.93444867
 -0.27069443 -0.0642909   0.43778842  0.67078839  1.55330154  1.26377538
  0.2073894   0.89240298  1.18844233  1.36805545  0.60010132  1.52618733
  3.2743708   2.544157    3.47303337  2.49898622]
Device (GPU) time: 1.1291 seconds
Iters. done: 231 [Current cost: -20.59950193057821]
Current parameters: [ 3.20081910e+00  4.57481352e+00  3.12799100e+00  3.40964360e+00
  3.25847097e+00  1.88818177e+00  1.16451676e+00  1.84317347e+00
  2.41572158e+00  1.56151167e+00  2.27628708e+00  2.57692453e+00
  2.08188975e+00  5.57076388e-01  2.11465309e+00  4.01692610e+00
  4.10671814e-03  3.25687805e+00  6.28677684e-01  3.50357330e+00
  3.30151314e+00  1.43340922e-01  3.55161397e+00  1.54227526e+00
  1.81004172e+00  2.66382655e+00  1.84721661e+00  1.37443267e+00
  1.36816469e+00  5.69890964e-01  8.00482824e-01  1.52108380e+00
 -2.08192800e-01  1.59263215e+00  2.41426077e+00  1.71042755e+00
  1.60994389e+00  2.97939888e+00  2.16864957e+00  2.06199227e+00
  1.37111810e+00  2.32876767e+00  8.93548026e-01  2.32812696e+00
  3.10837703e+00  8.33857839e-01  5.85222301e-01  2.03033171e+00
 -2.12348843e-01 -3.15430799e-02  4.90611376e-01  6.62071860e-01
  1.52421427e+00  1.26997782e+00  2.42798041e-01  9.04032947e-01
  1.19910629e+00  1.32397166e+00  5.97718292e-01  1.55041331e+00
  3.29126285e+00  2.54182255e+00  3.50591140e+00  2.50688830e+00]
Device (GPU) time: 1.0166 seconds
Iters. done: 232 [Current cost: -20.495484619437022]
Current parameters: [ 3.24391661  4.59592243  3.06588259  3.43945877  3.24281189  1.83534757
  1.1700766   1.86403766  2.30640831  1.58633936  2.38460313  2.56189107
  2.05636626  0.55004855  2.06138988  4.08303635 -0.11242426  3.22381664
  0.59430552  3.4839011   3.42889171 -0.06761919  3.58556133  1.85462403
  1.61680294  2.66240714  1.83036332  1.48090519  1.43334992  0.4900687
  0.809843    1.52206166 -0.09098421  1.56557899  2.42824312  1.69002798
  1.58204758  2.96854836  2.1814379   2.04614405  1.36671188  2.3379305
  0.87750417  2.33641277  3.11104412  0.78717607  0.51883684  1.97047976
 -0.25086825 -0.05742157  0.46342805  0.67192564  1.545299    1.26101149
  0.22129746  0.89800323  1.19125119  1.36613044  0.60768893  1.53372388
  3.27855691  2.54688083  3.47918109  2.5015061 ]
Device (GPU) time: 1.1153 seconds
Iters. done: 233 [Current cost: -20.552061290466256]
Current parameters: [ 3.21799741  4.58298698  3.10291407  3.4215253   3.25225302  1.86643526
  1.16685164  1.83387326  2.44931421  1.56248937  2.22500304  2.60641076
  2.10848655  0.52604514  2.09289069  3.79862004 -0.04877497  2.98292533
  0.61436804  3.49212689  3.17568795 -0.20978992  3.63372229  1.85368247
  1.59011682  2.66595876  1.84349544  1.45923756  1.41388775  0.36693413
  0.7841345   1.49643605 -0.03434577  1.62299584  2.37899172  1.70316549
  1.61630603  2.97015779  2.16201439  2.07398274  1.36832226  2.33710333
  0.88380037  2.33175906  3.10954403  0.81499037  0.56165033  2.00505988
 -0.22764014 -0.04214988  0.4824078   0.66609051  1.53280739  1.26629084
  0.23439424  0.90162274  1.19595114  1.34162052  0.60213663  1.54369241
  3.28604048  2.54408502  3.49498544  2.50485465]
Device (GPU) time: 1.1191 seconds
Iters. done: 234 [Current cost: -20.683449112797188]
Current parameters: [ 3.25237625  4.60145329  3.05764956  3.4432158   3.23721515  1.82622844
  1.17214166  1.88004344  2.48374445  1.59264868  2.47222625  2.64677346
  2.13623848  0.48161679  2.05204251  3.96578969 -0.12740814  3.11309464
  0.58869582  3.5132899   3.3232424   0.0662914   3.57226841  1.86148519
  1.62859688  2.65921169  1.827526    1.45990763  1.44516876  0.57304148
  0.81991471  1.53504773 -0.12107894  1.54621576  2.44739806  1.68559318
  1.56882113  2.96728946  2.19016372  2.03265348  1.36685658  2.33578062
  0.87638907  2.33754724  3.11277717  0.7842197   0.50664398  1.95955452
 -0.25739628 -0.05957682  0.45365202  0.67157178  1.5478434   1.26189734
  0.21668004  0.8962018   1.19033121  1.36650083  0.60509413  1.53128341
  3.27725004  2.54590809  3.47723719  2.50061389]
Device (GPU) time: 1.0256 seconds
Iters. done: 235 [Current cost: -20.723243599071083]
Current parameters: [ 3.20431625  4.57173969  3.10944965  3.41913694  3.26572913  1.87937551
  1.1617308   1.93175685  2.28940129  1.62657519  2.73781614  2.53373647
  2.05216554  0.58385909  2.10636434  3.93987988  0.01035716  3.12425103
  0.62178936  3.45669766  3.31356877  0.08423518  3.65095194  1.83105688
  1.56561799  2.67470871  1.84553529  1.30055949  1.38515704  0.40826502
  0.76488934  1.46730316 -0.04536201  1.65540695  2.34259546  1.71059603
  1.64129376  2.97348429  2.14370484  2.10354836  1.36690906  2.34483721
  0.88395029  2.33060065  3.10455382  0.80900202  0.57823613  2.02209306
 -0.21893576 -0.04364151  0.50451812  0.67063568  1.5313888   1.26026856
  0.24246474  0.90562691  1.19635878  1.35444298  0.61408577  1.54620879
  3.28615612  2.5489747   3.49247438  2.50594448]
Device (GPU) time: 1.1371 seconds
Iters. done: 236 [Current cost: -20.66437166166617]
Current parameters: [ 3.24757243  4.59861921  3.06253436  3.44128562  3.24058968  1.8325411
  1.17065999  1.86180897  2.31482015  1.58381351  2.37460131  2.56754129
  2.05844248  0.54551835  2.0582156   3.96353933 -0.12136153  3.11438795
  0.59288418  3.50739217  3.32374239  0.06805656  3.55243245  1.88485068
  1.6673782   2.65529919  1.82296949  1.49451717  1.459916    0.60505479
  0.68086714  1.40718519 -0.11283918  1.64668871  2.34787696  1.68011874
  1.61757825  2.96994849  2.12559777  2.07638245  1.3889457   2.32883609
  0.88294279  2.336349    3.11148875  0.78578432  0.50822064  1.96826114
 -0.25390085 -0.05809838  0.4548264   0.67182395  1.54620541  1.26134935
  0.21903676  0.89729583  1.19083866  1.36550057  0.60618984  1.53271508
  3.27816735  2.54619795  3.47852254  2.50090135]
Device (GPU) time: 1.1152 seconds
Iters. done: 237 [Current cost: -20.647136420240486]
Current parameters: [ 3.24516037  4.59696787  3.07009364  3.43489298  3.23617217  1.82808031
  1.17429364  1.86268456  2.31564435  1.57943863  2.37676936  2.55800705
  2.05044412  0.54967126  2.05576299  3.95841672 -0.11334941  3.1104882
  0.58829453  3.50499199  3.30714752  0.07003444  3.52051762  1.68418399
  1.31213375  2.69239637  1.87160377  1.56153675  1.49380097  0.67626631
  0.9350356   1.58492189 -0.11513663  1.71267456  2.28732707  1.71360812
  1.63286426  2.9213405   2.2185821   2.10979241  1.31158657  2.38912661
  0.83854074  2.33968294  3.11559098  0.79841138  0.5567636   1.95240806
 -0.24850851 -0.05444602  0.48554021  0.66750618  1.5442671   1.26608994
  0.22182225  0.89614951  1.19231042  1.35801361  0.60205043  1.53449808
  3.27918727  2.54517875  3.48337244  2.50323022]
Device (GPU) time: 1.0351 seconds
Iters. done: 238 [Current cost: -20.65759975542798]
Current parameters: [ 3.23531635  4.59136742  3.07498256  3.43634709  3.24918561  1.84856843
  1.16690111  1.86160411  2.31718914  1.58596812  2.37219469  2.56460545
  2.0623956   0.55292581  2.07390539  3.95778965 -0.09046242  3.11771518
  0.60350082  3.49238069  3.32497687  0.0725509   3.58326747  1.85676528
  1.61734061  2.64998534  1.81179205  1.43284758  1.43491836  0.5419602
  0.79641427  1.53771381 -0.09185241  1.55801207  2.42850519  1.62443224
  1.6022835   3.04429954  2.17678438  2.04616368  1.38775536  2.35718896
  0.65805337  2.33257692  3.10822256  0.78978404  0.51643966  1.99021731
 -0.2449683  -0.05434399  0.45333367  0.67246379  1.54203969  1.25995435
  0.2250678   0.90008212  1.19213437  1.36300309  0.6090114   1.53636456
  3.2804956   2.5469556   3.48178934  2.50164989]
Device (GPU) time: 1.1576 seconds
Iters. done: 239 [Current cost: -20.752952251639186]
Current parameters: [ 3.25169206  4.59916465  3.06327954  3.43545709  3.22943398  1.81212997
  1.17873475  1.86390282  2.31303378  1.57993931  2.37904638  2.55551214
  2.04913474  0.54381678  2.04179949  3.96011458 -0.13233914  3.11000391
  0.57609614  3.51582224  3.30025099  0.0671341   3.6008615   1.85535521
  1.61328175  2.72691408  1.91715954  1.41494981  1.43231218  0.53471711
  0.87845089  1.45682039 -0.13022086  1.58516039  2.42165254  1.37264313
  1.5433151   3.24459691  2.17188728  2.05710989  1.2703338   2.40898897
  1.02415325  2.33980304  3.11981233  0.79904633  0.58777647  1.92312001
 -0.25148333 -0.05726599  0.5171517   0.66608237  1.54730795  1.26798722
  0.22030752  0.89397818  1.19192134  1.36225951  0.60169436  1.53250423
  3.27711932  2.54595467  3.48143614  2.50439244]
Device (GPU) time: 1.1204 seconds
Iters. done: 240 [Current cost: -20.47386621374805]
Current parameters: [ 3.25962098  4.61168708  3.04985767  3.44783962  3.23909745  1.84611573
  1.16725508  1.8616597   2.31857401  1.57315795  2.37509681  2.57985623
  2.04560857  0.55199788  2.0679802   3.96974601 -0.13609722  3.10548311
  0.60709441  3.51126681  3.33092972  0.06684974  3.60135678  1.85593985
  1.61095228  2.55729001  1.83731409  1.41425629  1.42822375  0.53756867
  0.8967444   1.41575872 -0.11868642  1.58925311  2.42531275  1.67855578
  1.57015894  2.95178096  2.21933229  2.02968671  1.44741952  2.25592549
  0.85506494  2.34431263  3.11030929  0.78129966  0.60898722  1.96445185
 -0.26338743 -0.05790232  0.52563591  0.67195294  1.54707563  1.26188094
  0.21113999  0.89600595  1.18965408  1.34973094  0.5994063   1.53045008
  3.27849998  2.53948965  3.4782058   2.49494617]
Device (GPU) time: 1.1086 seconds
Iters. done: 241 [Current cost: -20.59596469488545]
Current parameters: [ 3.28175186  4.62499272  3.02631649  3.45320184  3.22366414  1.82064579
  1.17464609  1.86446086  2.31536811  1.56741406  2.3803844   2.58250951
  2.03444797  0.54376038  2.04445041  3.97738969 -0.18686406  3.09882927
  0.59007952  3.53741898  3.32038352  0.05975749  3.61647152  1.84965681
  1.60472024  2.70394868  1.73409953  1.39517613  1.42069179  0.52496026
  0.56791354  1.74203649 -0.15508946  1.61984375  2.41672237  1.65947172
  1.51707593  2.93167953  2.22633729  2.03673096  1.37649574  2.3273618
  0.8599548   2.36081316  3.11886504  0.77981647  0.76405253  1.89675601
 -0.27583145 -0.06404953  0.64546059  0.66893401  1.55434589  1.26634597
  0.2029234   0.89043203  1.18805268  1.34859933  0.59450581  1.52463875
  3.27412575  2.53676802  3.47368293  2.49352825]
Device (GPU) time: 1.1114 seconds
Iters. done: 242 [Current cost: -20.633672471374815]
Current parameters: [ 3.23977457  4.59931021  3.0716498   3.44045073  3.25116133  1.86634105
  1.1623196   1.86027605  2.3214349   1.57731901  2.37139949  2.57389195
  2.05303242  0.56075749  2.08772295  3.96100235 -0.0895473   3.11072976
  0.61981218  3.48844541  3.33314492  0.07355912  3.5883029   1.86265534
  1.61751912  2.61228358  1.80439998  1.43189033  1.4368392   0.55009392
  0.80998927  1.52089204 -0.08798528  1.56044665  2.43347116  1.69759041
  1.61313452  2.97078288  2.20308987  2.02830285  1.47476582  2.53050376
  0.9160881   2.34370744  3.10495847  0.7872503   0.53237194  1.92298084
 -0.25004419 -0.05186943  0.46564671  0.67299079  1.5404922   1.25970068
  0.21999759  0.9003375   1.191609    1.34866428  0.60323665  1.53606511
  3.28226265  2.54166331  3.48340573  2.49705916]
Device (GPU) time: 1.0407 seconds
Iters. done: 243 [Current cost: -20.663806604936187]
Current parameters: [ 3.22580476  4.57066254  3.08059887  3.42463776  3.24152044  1.79521483
  1.18109026  1.86643138  2.30485103  1.60954126  2.37540008  2.53804725
  2.08678035  0.53060105  2.03242946  3.94912979 -0.09923222  3.13671176
  0.55517768  3.50718809  3.29845026  0.06886403  3.57039874  1.8391529
  1.61640709  2.32763164  1.61165927  1.43367954  1.42896296  0.51726845
  0.81501922  1.52724935 -0.1076085   1.5582381   2.41096154  1.69356714
  1.54850206  2.98266706  2.10808862  2.10076323  1.11863335  2.40377342
  0.89590858  2.33151811  3.11935173  0.79792458  0.52233405  1.97332074
 -0.23141531 -0.06225714  0.48484658  0.67017555  1.54750276  1.26167393
  0.23902561  0.89845158  1.19355652  1.40258811  0.62503239  1.53654066
  3.27473546  2.56137303  3.47672115  2.51447565]
Device (GPU) time: 1.1436 seconds
Iters. done: 244 [Current cost: -20.661423151684083]
Current parameters: [ 3.22816626  4.56133255  3.07416026  3.42111437  3.23097156  1.74682286
  1.1930822   1.86986457  2.29419314  1.62582609  2.37891685  2.52320699
  2.10315554  0.50857091  1.99233907  3.94808643 -0.12896399  3.14880946
  0.51420211  3.52886153  3.2821903   0.0626389   3.56694084  1.82213398
  1.6118708   2.66590103  1.80610231  1.42531702  1.41915084  0.49203064
  0.81318345  1.52369227 -0.13311594  1.5674821   2.39702311  1.6865819
  1.63353563  2.98544743  2.19397592  2.00942741  1.4644344   2.34141857
  0.88229212  2.32657646  3.13438273  0.79785346  0.50608378  1.98614277
 -0.22993163 -0.07826026  0.48825422  0.6693516   1.55245873  1.26286
  0.23772273  0.89297106  1.19270296  1.43423674  0.63369225  1.53370775
  3.26931333  2.57135648  3.47056706  2.52260106]
Device (GPU) time: 1.0896 seconds
Iters. done: 245 [Current cost: -20.76162802262453]
Current parameters: [ 3.23458153  4.56591429  3.08448674  3.42483155  3.21338365  1.71640364
  1.20099965  1.86250793  2.29184059  1.61688447  2.3823729   2.5162713
  2.09175336  0.49615135  1.96049882  3.95215243 -0.15446562  3.13615133
  0.492445    3.53788518  3.2754118   0.06015219  3.59261302  1.83181785
  1.60722286  2.66014023  1.81620356  1.40600832  1.41898097  0.49838248
  0.80373164  1.52975265 -0.1606726   1.59422816  2.39817796  1.6726772
  1.59462853  2.95906807  2.22330133  1.99776579  1.47368212  2.33298468
  0.87192473  2.33986302  2.8996223   0.81702768  0.4828832   1.94136807
 -0.20815574  0.21443545  0.45069569  0.65182469  1.64817943  1.26806289
  0.49705537  0.99867469  1.21898919  1.4336712   0.69055643  1.53205272
  3.24757228  2.57120302  3.44040667  2.52601537]
Device (GPU) time: 1.1082 seconds
Iters. done: 246 [Current cost: -20.748363453235875]
Current parameters: [ 3.23107186  4.56688031  3.0871965   3.43147108  3.22201526  1.73531919
  1.19342749  1.85852364  2.29421293  1.61735938  2.37828258  2.52789373
  2.09714032  0.49758538  1.97437033  3.95622233 -0.14481443  3.13677884
  0.50868949  3.52873676  3.29871882  0.06133238  3.58988282  1.83292945
  1.60632796  2.65881815  1.81937243  1.40873787  1.41691082  0.50147218
  0.80312417  1.51638923 -0.14603065  1.58941963  2.40215709  1.67451837
  1.59675841  2.96209606  2.21444343  2.01189849  1.46561966  2.33975553
  0.87168561  2.34041476  3.13754328  0.87555383  0.49789974  1.94323819
 -0.05667999 -0.08587913  0.46145547  0.68835576  1.42417129  1.26252401
  0.23398725  0.89718368  1.19618597  1.43365616  0.63225166  1.53215856
  3.26875669  2.57051118  3.46731716  2.5225812 ]
Device (GPU) time: 1.0153 seconds
Iters. done: 247 [Current cost: -20.736765417987286]
Current parameters: [ 3.21210843  4.55435173  3.1193672   3.40803795  3.21851296  1.73773169
  1.20020397  1.8616367   2.29841857  1.60861809  2.38207203  2.49768071
  2.08000195  0.51628766  1.98276951  3.93574461 -0.09205352  3.13058711
  0.5052637   3.50804654  3.25227067  0.07111154  3.58914119  1.85402562
  1.61920145  2.67166577  1.81832125  1.42579555  1.44054988  0.53006592
  0.81694643  1.56208967 -0.13168161  1.56185874  2.41427037  1.69887198
  1.62599746  2.97293508  2.20344983  1.99228693  1.46005843  2.3204143
  0.88356287  2.32318932  3.2139967   0.72930761  0.50527631  1.99461722
 -0.44261863 -0.1551579   0.45940763  0.69948671  1.25643575  1.27415461
  0.42454962  0.96747158  1.26775953  1.41177085  0.80343134  1.54117337
  3.21527597  2.56890373  3.39816024  2.53009902]
Device (GPU) time: 1.6815 seconds
Iters. done: 248 [Current cost: -20.711380895136937]
Current parameters: [ 3.22364512  4.55521484  3.08119231  3.41137893  3.22931928  1.74892021
  1.18729732  1.87177854  2.29015994  1.61912238  2.3761663   2.51377815
  2.09289313  0.52074519  1.99957664  3.94599622 -0.11732229  3.14710714
  0.51006987  3.52263759  3.26825261  0.06774268  3.57036968  1.82962062
  1.61514951  2.66809751  1.81415452  1.4265545   1.42724302  0.49788158
  0.81531579  1.53965656 -0.1342236   1.56422979  2.40399984  1.69660298
  1.63401694  2.98963525  2.19782926  2.00138595  1.45643867  2.32892542
  0.89424511  2.33117417  3.08446935  0.80394592  0.50527107  1.99689164
 -0.22849488 -0.01126696  0.47551594  0.66476956  1.5490217   1.26828701
  0.0942934   0.83479865  1.24834696  1.42470856  0.77425516  1.53180418
  3.22209433  2.56712905  3.40976361  2.52599889]
Device (GPU) time: 1.1963 seconds
Iters. done: 249 [Current cost: -20.7209745348018]
Current parameters: [ 3.22818478  4.61405272  3.10423629  3.48504096  3.22906423  1.70482185
  1.31869884  1.84459661  2.37618384  1.68605354  2.44114069  2.54683374
  2.18365337  0.38314507  1.88955023  3.90130797 -0.11629777  3.13669564
  0.55462677  3.54768172  3.311717    0.01989597  3.53299557  1.80094086
  1.60885912  2.67869414  1.68365564  1.4596253   1.38830113  0.52650424
  0.82767404  1.46163248 -0.07653136  1.52833598  2.33901144  1.6153215
  1.70948101  2.93894247  2.1104922   2.05076493  1.56962624  2.45428185
  0.73032645  2.1936297   3.13271197  0.8354315   0.53180027  1.98696322
 -0.22917731 -0.0690667   0.65005246  0.69417773  1.5571206   1.22668582
  0.24657824  0.87781959  1.19201999  1.49031506  0.68034824  1.6043718
  3.28398673  2.63046276  3.39512221  2.50049852]
Device (GPU) time: 1.1352 seconds
Iters. done: 250 [Current cost: -20.707451693483776]
Current parameters: [ 3.24090585  4.41653048  3.09017959  3.43679668  3.21422784  1.87569908
  1.30226627  1.86133241  2.29720141  1.6235098   2.38529772  2.50925816
  2.10253263  0.49248917  1.95701848  3.94891341 -0.14537831  3.14045373
  0.47982935  3.53736937  3.2689082   0.06038773  3.58752982  1.83160516
  1.60707817  2.66389059  1.80546424  1.41028558  1.41800799  0.49799339
  0.80920766  1.53005616 -0.15355209  1.5793869   2.39231967  1.67641744
  1.61845358  2.96418549  2.20285374  2.00051804  1.46816791  2.3399201
  0.86614189  2.32447682  3.14556947  0.80251549  0.4852846   1.95649382
 -0.24630782 -0.0881337   0.46388313  0.66400618  1.57364387  1.26812229
  0.22730797  0.89430491  1.19586742  1.44137076  0.61912192  1.53224063
  3.22584547  2.57492486  3.49440649  2.5256255 ]
Device (GPU) time: 1.0095 seconds
Iters. done: 251 [Current cost: -20.66443608471585]
Current parameters: [ 3.21517518  4.5602817   3.06998805  3.42156496  3.24417512  1.74230599
  1.19570283  1.87071585  2.29349123  1.62796191  2.37986525  2.52371242
  2.1052081   0.50544501  1.99815148  3.94815938 -0.13482608  3.14859922
  0.51119759  3.53135253  3.28281219  0.06144379  3.5644463   1.81940234
  1.6121725   2.66580627  1.80423348  1.42652495  1.41826297  0.49033381
  0.81304262  1.52221821 -0.13308543  1.56852649  2.39590589  1.6848398
  1.63253335  2.98590582  2.19453535  2.01003766  1.46563464  2.34272904
  0.88156327  2.32627883  3.08278929  0.79656414  0.50569628  1.98637625
 -0.23153601 -0.11958592  0.49129882  0.66769215  1.55126621  1.26229923
  0.23730952  0.89300999  1.28985279  1.43763963  0.59827783  1.5340563
  3.26905603  2.57243793  3.46965656  2.52261621]
Device (GPU) time: 1.1440 seconds
Iters. done: 252 [Current cost: -20.668371925009417]
Current parameters: [ 3.06883129  4.54577816  3.10748685  3.42202995  3.35410431  1.69492371
  1.21323326  1.85437735  2.29175205  1.62442426  2.38446311  2.51035484
  2.10307957  0.47892897  2.04095409  3.94372921 -0.13492886  3.12055192
  0.4833994   3.51327526  3.29353152  0.06303561  3.57974145  1.84235815
  1.61915093  2.66575491  1.81715522  1.4310254   1.43269638  0.53041772
  0.80944683  1.53402184 -0.11932733  1.57741495  2.41652164  1.68157428
  1.59831702  2.96645858  2.21505109  2.01179955  1.47142556  2.33512704
  0.87321714  2.33085405  3.17155101  0.80880015  0.51947651  1.97639636
 -0.23417983 -0.06864275  0.48125933  0.6386875   1.58162216  1.266403
  0.23278916  0.90515136  1.1497214   1.44758463  0.64075237  1.53691598
  3.27140375  2.57985118  3.46800145  2.53072792]
Device (GPU) time: 1.0992 seconds
Iters. done: 253 [Current cost: -20.725240520758696]
Current parameters: [ 3.23965792  4.56592886  3.07441826  3.42762346  3.23041076  1.72213046
  1.19631599  1.86503454  2.29668779  1.6219959   2.37478433  2.52251388
  2.08611049  0.49604684  1.94344522  3.90636112 -0.07161549  3.18119473
  0.53188528  3.48613337  3.29121996  0.06130538  3.57644758  1.82680218
  1.61164309  2.66216962  1.8148361   1.42015206  1.42048128  0.49992805
  0.80720041  1.52247417 -0.13832538  1.58276137  2.40314175  1.67923645
  1.60518104  2.97334327  2.21160172  2.01033088  1.46510076  2.33775614
  0.87938992  2.33749738  3.13893615  0.79088812  0.50306542  1.96535111
 -0.23813402 -0.0890595   0.47465508  0.66721227  1.57237064  1.26475058
  0.227611    0.89705453  1.19700111  1.43777366  0.62653939  1.52949073
  3.26694493  2.57193413  3.46730083  2.52437101]
Device (GPU) time: 1.0220 seconds
Iters. done: 254 [Current cost: -20.774513024628284]
Current parameters: [ 3.24290657  4.57616635  3.10214972  3.44036105  3.08500132  1.67437932
  1.20331216  1.85238791  2.24941261  1.61935107  2.37931389  2.50638799
  2.19349803  0.47566543  2.06612193  3.88118956 -0.04346665  3.1859599
  0.5188583   3.46118576  3.28473522  0.06106146  3.59553523  1.84381701
  1.61182121  2.6620543   1.81785558  1.41367656  1.42651485  0.52211101
  0.80472117  1.53305345 -0.14336721  1.58991855  2.40823178  1.67307209
  1.58760366  2.95262967  2.22160282  2.00497481  1.47061856  2.33445124
  0.86445088  2.33417677  3.15975778  0.82073652  0.49703066  1.94672794
 -0.25556724 -0.09154322  0.45754703  0.66158712  1.59753521  1.26969453
  0.22188127  0.9027011   1.18513612  1.44385642  0.61875127  1.53157987
  3.26893664  2.57762995  3.46359531  2.52948568]
Device (GPU) time: 1.1948 seconds
Iters. done: 255 [Current cost: -20.806905584695407]
Current parameters: [ 3.21096673  4.56423425  3.06161979  3.41163108  3.06979111  1.69392648
  1.16556229  1.83718669  2.26770326  1.61952215  2.35023114  2.52243251
  2.21764211  0.45396496  2.05435816  3.88927445 -0.04274483  3.19502565
  0.50781415  3.45058818  3.32144171  0.08405816  3.62375312  1.85719981
  1.59826545  2.66248351  1.80975131  1.38057752  1.42421066  0.51507901
  0.8052355   1.53187006 -0.12912408  1.61602279  2.3793858   1.66769465
  1.59734378  2.9565311   2.2234123   2.01290712  1.47287396  2.33667679
  0.86501624  2.33311345  3.15636019  0.81649838  0.49045997  1.9510495
 -0.26421758 -0.08692994  0.46612948  0.66305443  1.58967004  1.26875797
  0.21956571  0.90200583  1.18350595  1.45710325  0.62106399  1.53184681
  3.26720964  2.57986581  3.46201468  2.5300144 ]
Device (GPU) time: 1.1018 seconds
Iters. done: 256 [Current cost: -20.81984841361981]
Current parameters: [ 3.21783046  4.57615661  2.96713249  3.30337113  3.04704345  1.70434609
  1.07890466  1.82691488  2.26285499  1.62622407  2.39420973  2.46796911
  2.21111936  0.45724228  2.01846812  3.86069606 -0.01688149  3.17871105
  0.48387244  3.44169064  3.2507932   0.06401805  3.62321629  1.87758172
  1.61094034  2.66988425  1.80685735  1.40769089  1.43682996  0.55888772
  0.81245166  1.55835252 -0.14321268  1.56776796  2.40738758  1.67696158
  1.61556559  2.92870039  2.19998041  1.99156366  1.481909    2.33680734
  0.83272974  2.29934325  3.20036531  0.85964618  0.4917479   1.94598842
 -0.25024214 -0.07517689  0.44513153  0.65335375  1.6139561   1.2763766
  0.23376047  0.90548871  1.14666951  1.45392052  0.61648035  1.54649947
  3.28000548  2.57850338  3.46223997  2.52662772]
Device (GPU) time: 1.1005 seconds
Iters. done: 257 [Current cost: -20.79786913879256]
Current parameters: [ 3.2091989   4.56391405  3.05817896  3.41377715  3.06788966  1.69082326
  1.16624221  1.77192475  2.26849822  1.65142171  2.35912382  2.57063323
  2.22056602  0.51551637  2.05150218  3.89024859 -0.04765366  3.19438739
  0.50355722  3.45168436  3.32133719  0.0813502   3.62270449  1.85437902
  1.59860043  2.66372641  1.81086559  1.37605982  1.4226954   0.51327752
  0.80514387  1.52816076 -0.1341236   1.6198015   2.37755474  1.66655786
  1.59332268  2.9540566   2.22462146  2.01297691  1.47094211  2.34038655
  0.86214297  2.33577368  3.1739891   0.82224394  0.48780058  1.94728795
 -0.25109461 -0.10948572  0.46640845  0.65919089  1.61872567  1.29322302
  0.23458216  0.91033201  1.19347453  1.46002101  0.6462235   1.53962211
  3.25755664  2.58009212  3.4475523   2.52999363]
Device (GPU) time: 1.0187 seconds
Iters. done: 258 [Current cost: -20.7868055842297]
Current parameters: [ 3.19902407  4.56072302  3.09921543  3.40931007  3.05119034  1.66022954
  1.16857569  1.89197313  2.26951924  1.74713638  2.32662932  2.57181391
  2.221871    0.5222685   2.02264826  3.87852371 -0.02475896  3.19356243
  0.48485039  3.44072793  3.30983706  0.09647279  3.64605765  1.88086378
  1.59490695  2.66146556  1.80247682  1.38201844  1.43331779  0.53340973
  0.8068805   1.55675097 -0.11957701  1.60962374  2.37884435  1.66827092
  1.60968038  2.95087092  2.22115448  2.00472619  1.48232713  2.32339141
  0.86130188  2.31624026  3.12571119  0.8139826   0.48695848  1.95574078
 -0.30930488 -0.0176623   0.45366496  0.66867662  1.51953832  1.30717521
  0.17593135  0.88157924  1.14025951  1.46362043  0.54697741  1.55097165
  3.29704999  2.58807652  3.5004823   2.5383449 ]
Device (GPU) time: 1.1164 seconds
Iters. done: 259 [Current cost: -20.805208503820076]
Current parameters: [ 3.209647    4.56355935  3.06134717  3.41071015  3.07277829  1.7011744
  1.16290404  1.83595494  2.270226    1.61898882  2.34746078  2.52541272
  2.21903038  0.45522568  2.06099482  3.88889688 -0.03660426  3.2154256
  0.51242178  3.4659929   3.3096657   0.0654294   3.62435533  1.82953915
  1.54634549  2.65592062  1.79083915  1.34778543  1.42557734  0.55207958
  0.76166257  1.5059169  -0.09180634  1.5892761   2.39608195  1.66025785
  1.57801514  2.97191187  2.23464334  1.97905523  1.48364039  2.3215942
  0.87795852  2.32229073  3.15574892  0.81712111  0.47443373  1.96438996
 -0.26247832 -0.08611933  0.46512428  0.66339265  1.58822847  1.26836204
  0.22093495  0.90201776  1.18332873  1.45523548  0.62187968  1.53262476
  3.26756965  2.57952034  3.46242866  2.52932102]
Device (GPU) time: 1.0864 seconds
Iters. done: 260 [Current cost: -20.872161270011578]
Current parameters: [ 3.21457443  4.59071907  3.11878472  3.43152069  3.05435744  1.70151646
  1.16393867  1.81419303  2.28755551  1.57555386  2.34504142  2.52787631
  2.18387544  0.4447021   2.04732342  3.89360503 -0.01681983  3.22968126
  0.53743253  3.48935859  3.29345822  0.11800931  3.66747129  1.87565136
  1.54504323  2.62956599  1.73872089  1.38036674  1.44194831  0.55786153
  0.77372741  1.60038332 -0.02285597  1.60389717  2.3630443   1.63999731
  1.6273888   3.00673516  2.25036746  1.97860177  1.53378019  2.25186109
  0.91983418  2.27871795  3.17876388  0.84438891  0.4351587   2.00820528
 -0.23546242 -0.09307652  0.43683871  0.65581268  1.62157776  1.26770244
  0.23305925  0.91268521  1.1778261   1.4174774   0.61744656  1.53807748
  3.27733378  2.57227588  3.46584509  2.52662055]
Device (GPU) time: 1.0748 seconds
Iters. done: 261 [Current cost: -20.87342521485009]
Current parameters: [ 3.21221663  4.58992113  3.12568788  3.43230109  3.05322313  1.70136566
  1.16298477  1.81102291  2.28785007  1.57306351  2.3437768   2.52762688
  2.18231846  0.44433805  2.04593241  3.89452173 -0.01382363  3.22691709
  0.5371824   3.48561134  3.29688456  0.11908891  3.67210989  1.87993877
  1.54469024  2.62915877  1.74290316  1.37780848  1.44330178  0.56240234
  0.77261285  1.60056977 -0.02262384  1.60584961  2.36589381  1.64049086
  1.62238495  3.00349655  2.25308511  1.97906041  1.5327141   2.25064149
  0.91940187  2.28132259  3.18071399  0.84505876  0.43668691  2.00397346
 -0.23494536 -0.09579582  0.43228224  0.65471301  1.62693528  1.26257336
  0.27784878  0.80004238  1.18179105  1.41617753  0.62421468  1.55294514
  3.28627745  2.57192282  3.47926134  2.52728401]
Device (GPU) time: 1.0018 seconds
Iters. done: 262 [Current cost: -20.84757052605791]
Current parameters: [ 3.21851058  4.59645748  3.11583059  3.4346667   3.04839284  1.69428179
  1.16733395  1.81267421  2.28978679  1.57632971  2.34837011  2.52923548
  2.18666564  0.43510763  2.03783907  3.89370208 -0.02602529  3.22739703
  0.53548501  3.49433593  3.2954785   0.11438967  3.67246753  1.87509592
  1.54124572  2.62737592  1.73492324  1.37557217  1.43903163  0.56034819
  0.76977837  1.59571457 -0.02646299  1.60922326  2.36059396  1.63149404
  1.61870241  2.99810763  2.25412921  1.97837716  1.53951988  2.25519147
  0.91031069  2.27638982  3.18510999  0.84360866  0.42909921  1.99429753
 -0.24249072 -0.09548191  0.43421631  0.65569773  1.63024873  1.26845069
  0.21493875  0.94710858  1.21269408  1.42016851  0.72659328  1.53423738
  3.40083684  2.57425093  3.64219021  2.52526814]
Device (GPU) time: 1.6963 seconds
Iters. done: 263 [Current cost: -20.902723859006542]
Current parameters: [ 3.2239871   4.60219918  3.11222357  3.43439019  3.04794653  1.70187351
  1.16339532  1.81444894  2.29240568  1.56945183  2.3475591   2.53112634
  2.17919419  0.4393553   2.04266855  3.89638544 -0.02706902  3.22347556
  0.54246938  3.49471076  3.2956561   0.11522349  3.67416047  1.87703243
  1.54154439  2.6277476   1.73739203  1.37445752  1.44043769  0.56254583
  0.76957556  1.5971256  -0.02657688  1.61009335  2.36223961  1.63272065
  1.61632246  2.9974224   2.25586116  1.97769838  1.53802706  2.2537728
  0.91138318  2.27821248  3.18573731  0.8401276   0.42975512  1.99425734
 -0.24076828 -0.09587001  0.43193812  0.65488449  1.63178225  1.26918119
  0.21457508  0.94765443  1.21349686  1.41142514  0.72588117  1.53366594
  3.40049537  2.6837134   3.64246616  2.58105225]
Device (GPU) time: 1.1170 seconds
Iters. done: 264 [Current cost: -20.839349537166168]
Current parameters: [ 3.21021209  4.59716803  3.12230542  3.42363716  3.02087307  1.68275075
  1.17193828  1.81047479  2.29290228  1.57577929  2.35015927  2.51677582
  2.20281868  0.42749588  2.0457362   3.88372968 -0.01158617  3.22396759
  0.52681933  3.48935181  3.27844495  0.11317548  3.6776394   1.87995004
  1.53674164  2.634268    1.72702379  1.36778131  1.44577321  0.57811559
  0.76890756  1.60422109 -0.02247008  1.60138061  2.35973155  1.63353361
  1.62411329  2.9940037   2.25029054  1.96601327  1.54208829  2.25575861
  0.90135267  2.26370875  3.19876711  0.62562609  0.42538057  2.00678096
 -0.14376553 -0.08003195  0.43851269  0.65196439  1.62714447  1.27262723
  0.21583723  0.95587616  1.19630259  1.4186305   0.73041328  1.54023321
  3.40621008  2.55391854  3.64652488  2.51564861]
Device (GPU) time: 1.1061 seconds
Iters. done: 265 [Current cost: -20.884658232791498]
Current parameters: [ 3.21570603  4.60761821  3.08079723  3.49267737  3.05852077  1.68689598
  1.15961248  1.82176933  2.29130021  1.56998465  2.35352488  2.52434969
  2.17941963  0.44372296  2.04412613  3.89453636 -0.02947218  3.23508536
  0.52645085  3.50609563  3.27824369  0.07303258  3.67490652  1.87922246
  1.55785818  2.62400249  1.72761651  1.32018008  1.43048385  0.59242906
  0.78848296  1.6157064  -0.04636867  1.62419039  2.33676398  1.62588414
  1.63966837  2.99611389  2.24791691  1.98527862  1.54104172  2.25439566
  0.90780488  2.27328614  3.18744175  0.8405462   0.40811046  1.98096297
 -0.2499958  -0.09634209  0.42127054  0.65550566  1.62891693  1.27002837
  0.21043312  0.94221299  1.2096054   1.41347753  0.72414971  1.531179
  3.39875607  2.57259619  3.64039361  2.52328689]
Device (GPU) time: 1.0090 seconds
Iters. done: 266 [Current cost: -20.726300662091052]
Current parameters: [ 3.20202236e+00  4.61127200e+00  3.07222611e+00  3.51079338e+00
  3.04559182e+00  1.68049488e+00  1.14966636e+00  1.80894260e+00
  2.31555989e+00  1.55778769e+00  2.33688627e+00  2.52227918e+00
  2.19109639e+00  4.29268716e-01  2.04703918e+00  3.88751719e+00
 -3.50923231e-03  3.24395277e+00  5.13155738e-01  3.49909240e+00
  3.27184121e+00  2.11512474e-01  3.70129158e+00  1.85749783e+00
  1.46717234e+00  2.63865875e+00  1.72709726e+00  1.45266938e+00
  1.43988071e+00  4.44306468e-01  7.18110222e-01  1.54837354e+00
 -4.61649622e-02  1.57289716e+00  2.37322090e+00  1.63574070e+00
  1.60161628e+00  2.98347246e+00  2.24696309e+00  1.92228845e+00
  1.53091641e+00  2.26527369e+00  8.87481480e-01  2.26059971e+00
  3.20599986e+00  8.45837944e-01  4.04799479e-01  1.98694900e+00
 -2.53911566e-01 -7.42737622e-02  4.22447770e-01  6.50305224e-01
  1.62006736e+00  1.27700364e+00  2.11381174e-01  9.49772949e-01
  1.18603778e+00  1.40573604e+00  7.28765054e-01  1.53777944e+00
  3.40440317e+00  2.55532919e+00  3.64656618e+00  2.51521130e+00]
Device (GPU) time: 1.0899 seconds
Iters. done: 267 [Current cost: -20.79411884467616]
Current parameters: [ 3.22599116  4.60019263  3.10399223  3.43899173  3.04229995  1.68103866
  1.16983016  1.81607209  2.27309112  1.57985127  2.36791697  2.52472251
  2.18111008  0.43281268  2.02520934  3.88664335 -0.04865419  3.20487506
  0.52492111  3.49618502  3.29542491  0.09979942  3.68181954  1.92920761
  1.50856892  2.63699446  1.74648399  1.38591876  1.45096228  0.55529353
  0.78263404  1.58368481 -0.01415504  1.60842952  2.36128207  1.5693572
  1.60735504  3.04539309  2.25428371  1.97642144  1.52336966  2.26945017
  0.93307487  2.27697492  3.18771935  0.83717142  0.43106605  1.97448303
 -0.24933729 -0.09903826  0.43903288  0.6557046   1.63363112  1.26909913
  0.2110108   0.94527931  1.21193597  1.42578736  0.72715867  1.53192439
  3.39827145  2.57515789  3.63805267  2.52499201]
Device (GPU) time: 1.1194 seconds
Iters. done: 268 [Current cost: -20.844776600001552]
Current parameters: [ 3.20456176  4.58500644  3.16152173  3.37666554  3.02983608  1.70319975
  1.1706019   1.80415452  2.32370343  1.57494651  2.31298288  2.52286262
  2.20416996  0.42290678  2.04361024  3.89688943  0.02422669  3.26993263
  0.5450948   3.49106461  3.27328034  0.1596946   3.66525232  1.76084235
  1.60413499  2.65736415  1.76468366  1.37172207  1.42217499  0.58099379
  0.77816294  1.58371061 -0.05034834  1.60542345  2.37164711  1.54114298
  1.60902425  3.08620929  2.24826632  1.98039946  1.51504688  2.2669468
  0.95791161  2.262323    3.19942198  0.86742872  0.47568964  2.01419642
 -0.22805371 -0.07114876  0.46151972  0.65018369  1.6213925   1.27287811
  0.22629078  0.96080252  1.19400447  1.41015911  0.7311389   1.54558058
  3.41204599  2.55780189  3.65593196  2.52035365]
Device (GPU) time: 1.0181 seconds
Iters. done: 269 [Current cost: -20.87190588241534]
Current parameters: [ 3.15811889  4.60266608  3.1155209   3.44350815  2.99765359  1.70154227
  1.17277437  1.82037611  2.29098721  1.56623645  2.35198586  2.5341387
  2.17070853  0.44034896  2.00913769  3.89597365 -0.02750729  3.22108228
  0.55170416  3.49927748  3.29435246  0.11119426  3.61130841  1.87537509
  1.5427929   2.6269422   1.73724878  1.35342952  1.48921148  0.53978441
  0.76895868  1.59567858 -0.02651895  1.6043458   2.36715633  1.6327164
  1.61633643  2.99726204  2.25420911  1.97814735  1.53985601  2.2541407
  0.91051003  2.27640535  3.1848427   0.84794279  0.43301803  1.994066
 -0.24136657 -0.09591072  0.43301043  0.65569206  1.63162861  1.2678512
  0.21481964  0.94782528  1.21286563  1.40445591  0.7243992   1.53436702
  3.40231893  2.57347004  3.64341067  2.52496889]
Device (GPU) time: 1.1022 seconds
Iters. done: 270 [Current cost: -20.81400938504068]
Current parameters: [ 3.34022685e+00  4.58686327e+00  3.16332609e+00  3.38263445e+00
  3.12405689e+00  1.67456160e+00  1.15975286e+00  1.78302833e+00
  2.30402090e+00  1.58433089e+00  2.32403231e+00  2.52371219e+00
  2.21709532e+00  4.00871832e-01  2.07750043e+00  3.88855043e+00
 -9.65464866e-03  3.22546761e+00  5.06857572e-01  3.46616012e+00
  3.31831025e+00  1.47992661e-01  3.59861079e+00  1.90210479e+00
  1.51952886e+00  2.63366501e+00  1.73334997e+00  1.30485297e+00
  1.54505518e+00  5.28735790e-01  7.59101021e-01  1.60057712e+00
 -3.97780846e-03  1.60956411e+00  2.35760109e+00  1.64644860e+00
  1.62303233e+00  2.98512875e+00  2.25344568e+00  1.96872947e+00
  1.54153539e+00  2.25095594e+00  8.99981755e-01  2.26642112e+00
  3.19820877e+00  8.56293276e-01  4.33997844e-01  2.01060355e+00
 -2.41466631e-01 -7.97343225e-02  4.34255982e-01  6.50908378e-01
  1.62963389e+00  1.27264337e+00  2.15923475e-01  9.57959481e-01
  1.19768002e+00  1.44196312e+00  7.25903495e-01  1.54026332e+00
  3.40859174e+00  2.55952313e+00  3.64988565e+00  2.51995291e+00]
Device (GPU) time: 1.1467 seconds
Iters. done: 271 [Current cost: -20.766257407998488]
Current parameters: [ 3.22182708  4.6009638   3.1145738   3.43700471  3.04830969  1.70199123
  1.16506589  1.87781984  2.29501146  1.59155593  2.3290904   2.52556909
  2.18344324  0.42100594  2.04250665  3.89736618 -0.02914111  3.22431084
  0.542681    3.49282282  3.30456437  0.11857442  3.67776055  1.87893891
  1.53831938  2.62887418  1.73809788  1.37029336  1.43963244  0.56210306
  0.76867408  1.5915062  -0.0228215   1.6103204   2.36049818  1.63343142
  1.61819901  2.99618638  2.25296438  1.97979306  1.53734875  2.25796226
  0.90832598  2.27772218  3.20011285  0.85076917  0.43196636  1.99367263
 -0.22639244 -0.11461018  0.43475797  0.65235402  1.65508317  1.34976857
  0.23001709  0.95435361  1.22136134  1.41391769  0.74782014  1.56400699
  3.39384619  2.57176069  3.63137531  2.52309215]
Device (GPU) time: 1.0889 seconds
Iters. done: 272 [Current cost: -20.882537706169273]
Current parameters: [ 3.22141734  4.59815045  3.12778913  3.41706635  3.03735505  1.69785405
  1.16691687  1.9161777   2.30250117  1.65702336  2.30630469  2.55589353
  2.18644443  0.46058363  2.04141517  3.89395565 -0.02048858  3.21864481
  0.53715217  3.48343719  3.30181147  0.13298234  3.70338099  1.88420322
  1.53011851  2.63599596  1.74099312  1.37615181  1.43425998  0.57337055
  0.76225436  1.59265287 -0.01772523  1.60621228  2.36539495  1.64433961
  1.61347023  2.98904952  2.25436934  1.9680809   1.53257667  2.25730979
  0.9032159   2.2764472   3.22443806  0.85907477  0.4330491   2.0049181
 -0.21079499 -0.12433341  0.43440901  0.644602    1.67970558  1.11127682
  0.24623086  0.96792999  1.22278362  1.41036939  0.77217543  1.47716205
  3.38794169  2.56279426  3.62349075  2.52114953]
Device (GPU) time: 0.9887 seconds
Iters. done: 273 [Current cost: -20.78488972964942]
Current parameters: [ 3.2176521   4.59367757  3.10804772  3.43238711  3.05336146  1.69909422
  1.16665142  1.816857    2.29038252  1.58204679  2.34753532  2.52899029
  2.19222444  0.43885704  2.04611143  3.89129979 -0.02060558  3.23223116
  0.53616137  3.49387125  3.29218653  0.11651254  3.66319188  1.87063981
  1.53954643  2.59789671  1.77085363  1.3811839   1.4397566   0.55421883
  0.75605275  1.61510482 -0.02127764  1.60224277  2.35766287  1.58899734
  1.62991798  2.96393824  2.25000008  1.97727086  1.54527099  2.25035463
  0.91504751  2.27120702  3.12340439  0.83991971  0.42294252  1.99988289
 -0.24134696 -0.14489044  0.43441931  0.65620726  1.62763276  1.26641338
  0.21690373  0.94662111  1.16531446  1.42267372  0.7478149   1.53437695
  3.39976255  2.57525998  3.64116284  2.52512531]
Device (GPU) time: 1.1231 seconds
Iters. done: 274 [Current cost: -20.75931656612407]
Current parameters: [ 3.21924031  4.59750648  3.14759196  3.4148313   3.02682515  1.67913483
  1.17187575  1.79573372  2.29178797  1.55988295  2.34888153  2.51996085
  2.17677594  0.42583066  2.01885234  3.89250839 -0.02419448  3.21233696
  0.52851881  3.48693449  3.29096648  0.11962051  3.7125416   1.88717729
  1.54125733  2.70315448  1.64942649  1.37593006  1.43241368  0.58566567
  0.797887    1.55638045 -0.03460844  1.61825109  2.37367947  1.74224886
  1.59022994  3.07564685  2.26522868  1.96836079  1.5234652   2.26277766
  0.89733744  2.2851218   3.09527035  0.85370079  0.4444886   1.99705971
 -0.24527353 -0.16463061  0.43528526  0.65062414  1.63171168  1.27827454
  0.21137207  0.9539505   1.13065856  1.41203217  0.7468427   1.53733056
  3.40565725  2.56418186  3.64964423  2.5247326 ]
Device (GPU) time: 1.1304 seconds
Iters. done: 275 [Current cost: -20.828612516167645]
Current parameters: [ 3.20831397  4.58838026  3.11675346  3.42963792  3.05959854  1.70794569
  1.16324239  1.81709099  2.29141639  1.58364658  2.3508876   2.52563021
  2.19495185  0.44393216  2.05592401  3.85191343 -0.07437102  3.2724622
  0.56929245  3.45478098  3.28792965  0.11821025  3.66056877  1.87276474
  1.54270023  2.6303456   1.72346315  1.38370279  1.44057899  0.55349072
  0.77686983  1.60265619 -0.01724296  1.60001839  2.34673448  1.63954698
  1.63541561  3.01472218  2.239176    1.96249968  1.54041343  2.23245382
  0.91296004  2.277042    3.1824037   0.84259028  0.42609447  1.94065681
 -0.23659396 -0.09267103  0.4412091   0.65643967  1.62237222  1.26605007
  0.22081202  0.94575003  1.21048698  1.42389852  0.73273969  1.53571619
  3.40074346  2.57557027  3.64287997  2.52570141]
Device (GPU) time: 0.9936 seconds
Iters. done: 276 [Current cost: -20.871284901861976]
Current parameters: [ 3.22206224  4.60110117  3.13972145  3.42366288  3.02851928  1.67630279
  1.16976134  1.79820616  2.29190329  1.55843609  2.3549801   2.52301809
  2.17384316  0.42678507  2.01751539  3.84063139 -0.15451253  3.27232961
  0.57092452  3.44465189  3.28750954  0.11670424  3.71782764  1.88079172
  1.52937458  2.62907551  1.75562634  1.35785163  1.42749977  0.57068199
  0.75432306  1.58542966 -0.05604348  1.61407034  2.38795596  1.62906593
  1.60591342  2.96418961  2.27326248  2.00037684  1.52918935  2.3092803
  0.90414368  2.26372676  3.20471341  0.85067862  0.42761     2.14371934
 -0.25105208 -0.07740963  0.41452048  0.65082697  1.62907457  1.27801672
  0.20810174  0.94730448  1.21327662  1.41478659  0.71374866  1.53311154
  3.40337812  2.56439796  3.64727497  2.52435157]
Device (GPU) time: 1.1563 seconds
Iters. done: 277 [Current cost: -20.830687003170233]
Current parameters: [ 3.22414892  4.59842333  3.12200075  3.4365162   3.04069552  1.69453841
  1.16673785  1.810161    2.31092503  1.57384662  2.34320893  2.50522493
  2.19423362  0.45236223  2.03072326  3.8971484  -0.02533363  3.22573936
  0.53711628  3.49264085  3.30501392  0.11946185  3.6390129   1.89430695
  1.5301076   2.62692716  1.73611914  1.37011542  1.39340129  0.56232322
  0.76837497  1.59446997 -0.02070903  1.61171264  2.35987016  1.63153293
  1.61805505  2.99710602  2.25490084  1.98055195  1.54027289  2.2548874
  0.91000051  2.27654898  3.18558141  0.84557088  0.43188166  1.99378508
 -0.24223576 -0.09514153  0.43436883  0.55615435  1.61714201  1.26903096
  0.21447676  0.94774558  1.21351667  1.41858191  0.72489967  1.53486018
  3.40197183  2.57382485  3.64264598  2.52490851]
Device (GPU) time: 1.0823 seconds
Iters. done: 278 [Current cost: -20.79855125623251]
Current parameters: [ 3.20570629  4.59291828  3.14196585  3.42258224  3.04530836  1.68476509
  1.16795394  1.80197919  2.34591584  1.56671854  2.33078892  2.45695339
  2.20616993  0.48131392  2.03357435  3.89933796 -0.01732793  3.21729509
  0.52785084  3.48227867  3.31132713  0.13716887  3.59729099  1.92858251
  1.51054743  2.63278072  1.74171039  1.36806998  1.31924815  0.57402963
  0.76362312  1.59967737 -0.01062479  1.61460436  2.36527717  1.64134805
  1.60842619  2.99618714  2.26234616  1.97256837  1.53508     2.24717809
  0.91294067  2.28045955  3.19733668  0.84851506  0.43718207  2.00083188
 -0.24311943 -0.08233168  0.43089851  0.80607335  1.65472714  1.27353745
  0.21332101  0.95335774  1.21650868  1.41463725  0.72049554  1.53562962
  3.40304441  2.56852567  3.64717422  2.52666839]
Device (GPU) time: 1.1013 seconds
Iters. done: 279 [Current cost: -20.71823727585942]
Current parameters: [ 3.22127013  4.59964343  3.10927858  3.43456841  3.04975029  1.70025263
  1.16740168  1.81626138  2.28780712  1.57665813  2.35372354  2.52951586
  2.183593    0.43972085  2.04330602  3.89274222 -0.02673444  3.18155395
  0.54168081  3.45217145  3.32831613  0.10150265  3.66968007  1.86108676
  1.5263002   2.6227613   1.70055455  1.37810655  1.43719782  0.55936284
  0.7328373   1.62835502 -0.09054862  1.60682138  2.35602721  1.618225
  1.617561    3.01142324  2.2649106   1.96594127  1.55690427  2.2362981
  0.92286178  2.26533157  3.18552118  0.84371262  0.43727669  2.00107735
 -0.24321085 -0.09528829  0.45295345  0.65554421  1.62961326  1.26860095
  0.21445862  0.94635711  1.21221627  1.41639277  0.72611269  1.53461188
  3.4012537   2.57286049  3.64182033  2.52301323]
Device (GPU) time: 1.0292 seconds
Iters. done: 280 [Current cost: -20.771012972978593]
Current parameters: [ 3.2380201   4.60666579  3.10366017  3.43543257  3.0338362   1.67875003
  1.16601663  1.81022472  2.28931898  1.56436481  2.34396267  2.53604278
  2.17207316  0.43110615  2.02522279  3.90334604 -0.06543617  3.26569037
  0.5226721   3.55528683  3.25441403  0.12832453  3.69835288  1.88731919
  1.55255168  2.65828443  1.71799058  1.35802372  1.43839503  0.55689626
  0.67267039  1.69046563  0.00915612  1.6399409   2.36603759  1.63343856
  1.57756839  2.96661693  2.27326496  1.98086459  1.52346899  2.26254972
  0.89167883  2.30370625  3.1933307   0.83750267  0.55637627  1.94949256
 -0.2574336  -0.09428744  0.50739413  0.65578348  1.63517673  1.27278038
  0.20468914  0.94437071  1.21109008  1.41095782  0.71957146  1.52692475
  3.39636916  2.5670517   3.64094778  2.52413927]
Device (GPU) time: 1.1648 seconds
Iters. done: 281 [Current cost: -20.74716796900693]
Current parameters: [ 3.21533592  4.63225478  3.15264493  3.39962705  3.04300158  1.70085337
  1.16011949  1.79575135  2.30094058  1.6118153   2.35138542  2.51135175
  2.16154153  0.4065242   2.04352413  3.90455551 -0.04294521  3.22797323
  0.54161635  3.51952991  3.28709893  0.10890309  3.6762073   1.8562063
  1.51406169  2.62429093  1.73262748  1.36936462  1.43249563  0.5505088
  0.77326045  1.59279743 -0.05338267  1.63208865  2.33820078  1.62098403
  1.61362664  2.98417     2.26140475  1.97779978  1.53755848  2.2614449
  0.8984228   2.2790132   3.18959981  0.83472616  0.4048301   1.9629535
 -0.25870643 -0.10219298  0.41803078  0.65534371  1.63756676  1.26968013
  0.20381176  0.9429383   1.21037625  1.3924459   0.72189818  1.52868951
  3.39755159  2.57312221  3.63580513  2.52281618]
Device (GPU) time: 1.1587 seconds
Iters. done: 282 [Current cost: -20.778491293621457]
Current parameters: [ 3.22231449  4.5742346   3.09922965  3.44797069  3.04653601  1.68569774
  1.16952797  1.82347723  2.28027763  1.55015901  2.34489105  2.53387147
  2.19179441  0.45688725  2.03392433  3.88704511 -0.01717753  3.2268986
  0.52606146  3.48119048  3.28777251  0.12212684  3.63941341  1.79848169
  1.40100969  2.64961671  1.7627719   1.45006729  1.47718104  0.63903451
  0.83196187  1.63617134 -0.01630114  1.6720469   2.30621334  1.65575095
  1.6423308   2.98399994  2.27355342  2.00914335  1.50470659  2.27270384
  0.90271057  2.28186291  3.18696511  0.85271452  0.45970234  2.00534617
 -0.23375309 -0.08731863  0.44475192  0.65465514  1.62513232  1.27171135
  0.22095275  0.9485642   1.2141916   1.42913888  0.72610394  1.53483686
  3.40103577  2.57158116  3.64926549  2.52904083]
Device (GPU) time: 1.1036 seconds
Iters. done: 283 [Current cost: -20.860432387573013]
Current parameters: [ 3.21943248  4.59299466  3.11405929  3.43362615  3.04522039  1.6799023
  1.16988551  1.80582161  2.29070565  1.57613425  2.30490934  2.52609787
  2.19254446  0.42873939  2.02681107  3.89337702 -0.03787839  3.23140338
  0.52244442  3.50025352  3.28951383  0.11419585  3.66148217  1.87510563
  1.54724589  2.55252518  1.6856801   1.39165032  1.44481077  0.57177708
  0.77643879  1.60453092 -0.03488803  1.59749835  2.36773847  1.63057202
  1.60332853  3.00121439  2.24352802  1.98266717  1.48380845  2.26827113
  0.91458283  2.27667507  3.18759102  0.84313328  0.42342099  1.98947255
 -0.24212003 -0.0981884   0.43229463  0.65555513  1.63235954  1.26879088
  0.21631644  0.94623098  1.21254143  1.42848334  0.7297181   1.53280994
  3.39852172  2.57686851  3.64036363  2.52810249]
Device (GPU) time: 1.0151 seconds
Iters. done: 284 [Current cost: -20.773175565654416]
Current parameters: [ 3.19841467e+00  4.57506218e+00  3.13956749e+00  3.41977731e+00
  3.05702986e+00  1.70245519e+00  1.16082262e+00  1.84717467e+00
  2.27295412e+00  1.59514811e+00  2.50543340e+00  2.50566236e+00
  2.18406938e+00  4.56243240e-01  2.05429408e+00  3.88174049e+00
  3.07371623e-02  3.23914896e+00  5.33337618e-01  3.47294424e+00
  3.27876434e+00  1.28061934e-01  3.69964182e+00  1.86267129e+00
  1.51882336e+00  2.55843451e+00  1.69633266e+00  1.32031768e+00
  1.42129524e+00  4.99905819e-01  7.52612188e-01  1.58338750e+00
 -2.12566519e-03  1.64750842e+00  2.32620555e+00  1.64873244e+00
  1.62973907e+00  3.00736957e+00  2.22687256e+00  2.01271566e+00
  1.47029858e+00  2.26782351e+00  9.25533405e-01  2.27930877e+00
  3.18485110e+00  8.54054168e-01  4.56011374e-01  2.02229749e+00
 -2.24986891e-01 -8.87645916e-02  4.45412214e-01  6.55620435e-01
  1.62412224e+00  1.26956732e+00  2.28285964e-01  9.50335110e-01
  1.21510459e+00  1.41957743e+00  7.33622377e-01  1.53640913e+00
  3.40016259e+00  2.57600207e+00  3.64938406e+00  2.53300981e+00]
Device (GPU) time: 1.1443 seconds
Iters. done: 285 [Current cost: -20.960616638240534]
Current parameters: [ 3.19771996e+00  4.58492556e+00  3.10023786e+00  3.38718336e+00
  3.06083947e+00  1.66246767e+00  1.21417944e+00  1.84662090e+00
  2.27860109e+00  1.59201203e+00  2.50038483e+00  2.50692048e+00
  2.18457397e+00  4.62064191e-01  2.06466943e+00  3.89206308e+00
  3.71915117e-02  3.23714404e+00  5.68906602e-01  3.47872335e+00
  3.27891298e+00  1.33695477e-01  3.70629053e+00  1.86699477e+00
  1.51329379e+00  2.55868840e+00  1.69525513e+00  1.31205228e+00
  1.42098144e+00  4.96015945e-01  7.52795685e-01  1.58359555e+00
 -2.20681213e-03  1.64530493e+00  2.32093081e+00  1.65148510e+00
  1.64057603e+00  3.00859469e+00  2.22044950e+00  2.01148138e+00
  1.46820777e+00  2.26800111e+00  9.25577140e-01  2.27615309e+00
  3.18535872e+00  8.57740313e-01  4.53394279e-01  2.02265817e+00
 -2.23548775e-01 -8.53128689e-02  4.41883735e-01  6.54792126e-01
  1.61872727e+00  1.27125107e+00  2.29537252e-01  9.47584086e-01
  1.21357154e+00  1.40318302e+00  7.32254829e-01  1.53680638e+00
  3.33733227e+00  2.57454705e+00  3.69473212e+00  2.53196259e+00]
Device (GPU) time: 1.1016 seconds
Iters. done: 286 [Current cost: -20.90130790781669]
Current parameters: [ 3.19588259  4.60251285  3.20371996  3.46905979  3.05304535  1.73448421
  1.05101365  1.84557934  2.26487535  1.60474     2.51826728  2.5106424
  2.18880155  0.43922647  2.03841595  3.86443145  0.02671323  3.23949632
  0.4906901   3.46373807  3.28849492  0.11290688  3.68357484  1.85416998
  1.53300934  2.557817    1.69128777  1.34507461  1.42109841  0.51082304
  0.75510133  1.57445338  0.01105455  1.64026946  2.33621374  1.64178353
  1.62252993  3.00600696  2.22907185  2.02104716  1.48854504  2.27178935
  0.9188194   2.27408242  3.18501841  0.85139798  0.46482527  2.02605032
 -0.22165302 -0.09018395  0.46515621  0.65745133  1.62884484  1.2652309
  0.23021324  0.95613587  1.21775292  1.44902907  0.73791134  1.54243045
  3.24549378  2.57962699  3.75370787  2.53023776]
Device (GPU) time: 1.0002 seconds
Iters. done: 287 [Current cost: -20.75841292723473]
Current parameters: [ 3.20388996  4.57869154  3.12264931  3.42207038  3.05924159  1.70230766
  1.16226447  1.85419954  2.25759008  1.60578875  2.52599449  2.50299762
  2.1852276   0.45648205  2.05389142  3.89938229  0.01963639  3.25916374
  0.5324932   3.47920606  3.29528846  0.15996736  3.68347507  1.85673024
  1.52060072  2.55275744  1.68281942  1.32324334  1.42187832  0.51395331
  0.75547623  1.58514852 -0.00778978  1.71111036  2.40418509  1.64263015
  1.63925458  3.0146313   2.22226381  2.00943895  1.48320292  2.26689046
  0.92242838  2.25701817  3.18476365  0.84741628  0.4405921   2.01307039
 -0.22867763 -0.09119618  0.44401928  0.65770601  1.6234065   1.26703671
  0.22695844  0.94840014  1.21268111  1.4273909   0.73690408  1.53696689
  3.39819806  2.57795777  3.64602413  2.53009816]
Device (GPU) time: 1.1172 seconds
Iters. done: 288 [Current cost: -20.77316736514506]
Current parameters: [ 3.19096373  4.5676089   3.14205074  3.40872425  3.06452673  1.71846312
  1.15829858  1.84151132  2.32601483  1.58813021  2.43996172  2.52431762
  2.2069368   0.45279364  2.07499691  3.81037552  0.05484087  3.18759161
  0.54350289  3.47268403  3.21077402  0.00563991  3.71171745  1.85527441
  1.50424723  2.55854076  1.69627678  1.33882151  1.41172406  0.41443389
  0.74143146  1.58239379  0.03262897  1.74793053  2.38745209  1.65790538
  1.65289448  3.01934456  2.21619036  2.02443609  1.47042984  2.25963844
  0.93533129  2.26182275  3.18414321  0.86144087  0.46105731  2.03578272
 -0.21703429 -0.08120381  0.44413995  0.65513444  1.61565633  1.27142208
  0.23401152  0.94970214  1.21472663  1.41159211  0.7336861   1.53819509
  3.40329443  2.57411384  3.65397158  2.53409134]
Device (GPU) time: 1.1401 seconds
Iters. done: 289 [Current cost: -20.824435840315424]
Current parameters: [ 3.19637481e+00  4.61435030e+00  3.13248163e+00  3.41669420e+00
  3.05393276e+00  1.72496030e+00  1.18405802e+00  1.84702702e+00
  2.27856725e+00  1.59400527e+00  2.50569297e+00  2.50695568e+00
  2.17379413e+00  4.56053167e-01  2.06053350e+00  3.87623044e+00
  3.21159308e-02  3.24429817e+00  5.13657161e-01  3.46629930e+00
  3.28135895e+00  1.27868660e-01  3.69939410e+00  1.86356711e+00
  1.51917068e+00  2.55809619e+00  1.69556979e+00  1.32120598e+00
  1.42140326e+00  5.01676596e-01  7.52930463e-01  1.58252980e+00
  2.02956831e-04  1.64595061e+00  2.32693116e+00  1.64856697e+00
  1.63175188e+00  3.00747955e+00  2.22540833e+00  2.01394414e+00
  1.47235047e+00  2.26817348e+00  9.24789905e-01  2.27760705e+00
  3.18494912e+00  8.55537267e-01  4.57270912e-01  2.02282428e+00
 -2.23974721e-01 -8.79992408e-02  4.46951894e-01  6.55261179e-01
  1.62338312e+00  1.26971144e+00  2.28793690e-01  9.50393099e-01
  1.21524141e+00  1.44424045e+00  7.33221143e-01  1.53750301e+00
  3.40047909e+00  2.52674832e+00  3.65019525e+00  2.62897736e+00]
Device (GPU) time: 1.0519 seconds
Iters. done: 290 [Current cost: -20.963602605718876]
Current parameters: [ 3.21035144e+00  4.49059589e+00  3.14731888e+00  3.43062802e+00
  3.06492541e+00  1.65664313e+00  1.10541059e+00  1.84520893e+00
  2.25869486e+00  1.60074557e+00  2.51619480e+00  2.51448259e+00
  2.21496083e+00  4.39661948e-01  2.03400852e+00  3.89941702e+00
  2.60588001e-02  3.22139565e+00  5.97267357e-01  3.49824582e+00
  3.28824776e+00  1.19959520e-01  3.69865982e+00  1.85585999e+00
  1.52463789e+00  2.55722078e+00  1.68814166e+00  1.33023346e+00
  1.41715597e+00  5.00808619e-01  7.53436747e-01  1.56838703e+00
  2.19388707e-03  1.64154353e+00  2.32358736e+00  1.63895673e+00
  1.62926715e+00  3.00062647e+00  2.22471043e+00  2.01693235e+00
  1.49055287e+00  2.27371006e+00  9.11995627e-01  2.27097454e+00
  3.19015536e+00  8.50827311e-01  4.49005779e-01  2.01175354e+00
 -2.28207016e-01 -8.74542313e-02  4.54473581e-01  6.56940467e-01
  1.62722687e+00  1.26788077e+00  2.25913708e-01  9.52585819e-01
  1.21552562e+00  1.36304688e+00  7.33909399e-01  1.54154156e+00
  3.40394150e+00  2.47079076e+00  3.64493106e+00  2.73746426e+00]
Device (GPU) time: 1.1220 seconds
Iters. done: 291 [Current cost: -20.745448564458712]
Current parameters: [ 3.20068695e+00  4.61380013e+00  3.11323325e+00  3.41731825e+00
  3.05912924e+00  1.72693511e+00  1.18351897e+00  1.85311133e+00
  2.27833375e+00  1.60496034e+00  2.50676197e+00  2.50970038e+00
  2.18418081e+00  4.55237297e-01  2.06573424e+00  3.87470053e+00
  2.36126477e-02  3.25247158e+00  5.13162179e-01  3.47373666e+00
  3.27947736e+00  1.28041667e-01  3.68552058e+00  1.85232793e+00
  1.51329757e+00  2.55571150e+00  1.67485241e+00  1.32692573e+00
  1.41810599e+00  4.88190216e-01  7.52082346e-01  1.58294327e+00
  1.57930164e-03  1.63791174e+00  2.31663975e+00  1.64350631e+00
  1.59469941e+00  3.02174042e+00  2.22546777e+00  2.06966023e+00
  1.51065356e+00  2.26309662e+00  9.28921686e-01  2.26554910e+00
  3.18372355e+00  8.46601316e-01  4.93909813e-01  2.02242738e+00
 -2.26968498e-01 -9.06591467e-02  3.76151720e-01  6.58558397e-01
  1.62178476e+00  1.25844296e+00  2.27536217e-01  9.51194902e-01
  1.21218299e+00  1.45145487e+00  7.38967018e-01  1.55840739e+00
  3.39830800e+00  2.52856498e+00  3.64608704e+00  2.62755218e+00]
Device (GPU) time: 1.1213 seconds
Iters. done: 292 [Current cost: -20.855135438162787]
Current parameters: [ 3.19288593  4.61435604  3.13020563  3.41196473  3.0562045   1.73264671
  1.18919558  1.84510047  2.27652357  1.60268449  2.51449747  2.51232463
  2.18724841  0.44465131  2.06126018  3.8723939   0.04542884  3.24781635
  0.51819692  3.46661204  3.28661105  0.12596788  3.69717139  1.85823821
  1.5241701   2.56123311  1.68315496  1.33730632  1.42157704  0.50404344
  0.75720016  1.57197952  0.01820042  1.623341    2.32111527  1.64853051
  1.63157799  3.01276215  2.21504658  2.03675069  1.5013927   2.27032885
  0.91808792  2.26231914  3.18944365  0.85661882  0.47421428  2.03106752
 -0.21798193 -0.07860597  0.43684095  0.65830393  1.61649327  1.35255083
  0.24583647  0.92301466  1.21566282  1.45653922  0.73687048  1.31496001
  3.40827597  2.52798882  3.64698781  2.62452317]
Device (GPU) time: 1.1458 seconds
Iters. done: 293 [Current cost: -20.799904431030164]
Current parameters: [ 3.19781521e+00  4.60965067e+00  3.11597380e+00  3.41007374e+00
  3.05889141e+00  1.73197209e+00  1.17688067e+00  1.85495118e+00
  2.27224108e+00  1.60060975e+00  2.50900777e+00  2.50264527e+00
  2.17531580e+00  4.66102522e-01  2.07415115e+00  3.86049589e+00
  3.26208090e-02  3.25093113e+00  5.12479643e-01  3.48337291e+00
  3.28331088e+00  1.29290418e-01  3.68614536e+00  1.86779025e+00
  1.53976654e+00  2.55974987e+00  1.69233138e+00  1.33140078e+00
  1.42449608e+00  4.94374309e-01  7.41156878e-01  1.57329717e+00
 -1.95341200e-03  1.64564672e+00  2.32226072e+00  1.65032574e+00
  1.65336968e+00  3.01624796e+00  2.33214994e+00  2.02260092e+00
  1.44566946e+00  2.26476658e+00  9.28120177e-01  2.27379324e+00
  3.18539378e+00  8.51460638e-01  4.46671586e-01  2.02254346e+00
 -2.23273858e-01 -8.84681293e-02  4.38428725e-01  6.54764118e-01
  1.61975871e+00  1.27135424e+00  2.31040102e-01  9.49023411e-01
  1.21245118e+00  1.44286609e+00  7.32209392e-01  1.53292065e+00
  3.39902059e+00  2.52407420e+00  3.65501203e+00  2.62998186e+00]
Device (GPU) time: 1.0419 seconds
Iters. done: 294 [Current cost: -20.863036075083496]
Current parameters: [ 3.19755471  4.64441677  3.14763365  3.41808204  3.04485923  1.72589643
  1.2508614   1.83403017  2.28293232  1.60027221  2.54805034  2.53640477
  2.20199893  0.39841872  2.02173583  3.85695438  0.06177682  3.2422473
  0.53897471  3.4779874   3.31322779  0.09474912  3.71891643  1.85189202
  1.53816773  2.56319012  1.66833614  1.36100143  1.40757285  0.52141699
  0.75980409  1.52582952  0.06130234  1.59724218  2.28675939  1.64807827
  1.673316    2.98179182  2.22572653  2.02935297  1.51315018  2.30240936
  0.87083426  2.24813629  3.20441688  0.87467071  0.45699466  2.02803846
 -0.22349622 -0.04896943  0.52982455  0.67082623  1.61115918  1.25335921
  0.22549269  0.95259833  1.21947882  1.49146682  0.7541311   1.59570218
  3.43334202  2.5459154   3.60666128  2.59943502]
Device (GPU) time: 1.1045 seconds
Iters. done: 295 [Current cost: -20.74738625524685]
Current parameters: [ 3.19364878  4.61270341  3.13330441  3.414871    3.05722356  1.7315159
  1.18270411  1.84816109  2.27955552  1.59498204  2.50511204  2.50669714
  2.17492383  0.45952786  2.06741613  3.87427857  0.04090829  3.24599468
  0.51810653  3.46261941  3.28068664  0.129184    3.69488719  1.86359706
  1.52080734  2.55998277  1.69395975  1.32582903  1.42304475  0.50295059
  0.75545679  1.58388918  0.00683931  1.63913087  2.32789798  1.65268524
  1.64051373  3.01286045  2.21910433  2.01545006  1.46984531  2.26874289
  0.92722393  2.2740288   3.24686133  0.84612328  0.46276536  2.03413491
 -0.24426409 -0.16357823  0.45382013  0.66164924  1.57898374  1.26927777
  0.18025464  0.93049046  1.21437617  1.44272625  0.7318852   1.53844609
  3.40178232  2.52663103  3.65218702  2.62872246]
Device (GPU) time: 1.0997 seconds
Iters. done: 296 [Current cost: -20.793318767714545]
Current parameters: [ 3.18907366e+00  4.60993108e+00  3.15698108e+00  3.40127898e+00
  3.04218200e+00  1.72105047e+00  1.18628861e+00  1.84107304e+00
  2.27117298e+00  1.57693035e+00  2.50797228e+00  2.49652581e+00
  2.15669582e+00  4.61382702e-01  2.05586581e+00  3.87457810e+00
  5.20433134e-02  3.23432740e+00  5.02958915e-01  3.45422998e+00
  3.26517632e+00  1.32938453e-01  3.72778141e+00  1.88033933e+00
  1.52366891e+00  2.56154615e+00  1.71539190e+00  1.32085550e+00
  1.43404220e+00  5.21636601e-01  7.54853636e-01  1.59973057e+00
  2.20942884e-03  1.64009693e+00  2.33507233e+00  1.66207920e+00
  1.61696216e+00  2.99735939e+00  2.22914076e+00  1.99790636e+00
  1.46973862e+00  2.24892995e+00  9.32152842e-01  2.28986990e+00
  3.19098205e+00  8.26363901e-01  4.50893205e-01  2.02213649e+00
 -3.17887484e-01 -6.90683627e-02  4.22947091e-01  6.66091797e-01
  1.50025739e+00  1.27730717e+00  3.56968066e-01  1.00651700e+00
  1.25459487e+00  1.43624772e+00  8.15232198e-01  1.54503327e+00
  3.37995962e+00  2.52137692e+00  3.61451307e+00  2.62920711e+00]
Device (GPU) time: 1.1193 seconds
Iters. done: 297 [Current cost: -20.982677183464393]
Current parameters: [ 3.18228275  4.6039805   3.16333726  3.39862789  3.04419854  1.71692249
  1.18767617  1.84117052  2.26706368  1.58415338  2.51166617  2.49070577
  2.16399575  0.45717985  2.05179953  3.90285814  0.06196236  3.26653957
  0.499247    3.44703485  3.29215437  0.0970065   3.71983234  1.8787475
  1.52672457  2.60599088  1.71036181  1.34167235  1.43490984  0.50939877
  0.71724221  1.64249772  0.01263776  1.6298089   2.3358804   1.66509394
  1.62359416  3.00390246  2.21232714  2.00716611  1.43889667  2.28543528
  0.93958993  2.28419184  3.19145931  0.82893663  0.4119214   2.02328404
 -0.31241813 -0.06901474  0.39831276  0.66606618  1.49952841  1.27694749
  0.36137932  1.00732669  1.25528127  1.44487948  0.8189192   1.54643111
  3.37993017  2.5246682   3.61488164  2.63212362]
Device (GPU) time: 1.1280 seconds
Iters. done: 298 [Current cost: -20.906545832992812]
Current parameters: [ 3.19237371  4.60068713  3.15697161  3.3732775   3.02782676  1.72909121
  1.18066373  1.84281052  2.26203663  1.54952367  2.50882947  2.48763855
  2.12820808  0.49394568  2.07899347  3.97307571  0.06200811  3.32083289
  0.47401753  3.42140097  3.31003092  0.04899328  3.78187042  1.89367022
  1.52044216  2.52376733  1.75539264  1.35129808  1.45599041  0.48850532
  0.81238613  1.56297219  0.00633382  1.63087834  2.3351807   1.68522313
  1.59019384  2.99318871  2.24253859  1.94827914  1.483083    2.18004613
  0.94191154  2.32038221  3.19549985  0.82652922  0.50055282  2.0413376
 -0.30935752 -0.03580692  0.43037312  0.66282769  1.5182762   1.28077496
  0.35449473  1.01817449  1.25255077  1.41726848  0.79228367  1.55516726
  3.4024512   2.50879394  3.62405272  2.61757079]
Device (GPU) time: 1.0273 seconds
Iters. done: 299 [Current cost: -20.84996949922412]
Current parameters: [ 3.17905835  4.60496733  3.17137363  3.40290716  3.04867757  1.73439968
  1.17407912  1.8404824   2.2764052   1.57847504  2.50178965  2.49495459
  2.16195042  0.46425257  2.0648474   3.88824944  0.07501706  3.25549015
  0.55900239  3.48771836  3.24277419  0.13107906  3.73280283  1.91853486
  1.50331958  2.56275779  1.71644236  1.32176818  1.4439495   0.52557115
  0.75496279  1.59969347 -0.04730541  1.63890142  2.33723422  1.66449931
  1.61861044  2.99975457  2.22800839  2.00101582  1.47032232  2.24872888
  0.9340606   2.2892739   3.18976453  0.8282483   0.4586057   2.02993553
 -0.31362237 -0.06785336  0.42900166  0.66630458  1.49914909  1.27663828
  0.35985827  1.00809499  1.25547397  1.50025513  0.81682086  1.54667856
  3.38092056  2.52204625  3.61574804  2.62988157]
Device (GPU) time: 1.1203 seconds
Iters. done: 300 [Current cost: -20.888846874270588]
Current parameters: [ 3.20404964  4.60953208  3.15589798  3.39476304  3.01906322  1.70563403
  1.16755435  1.84538897  2.25649226  1.55079985  2.51377613  2.48442325
  2.12470436  0.48188545  2.04866459  3.90067512  0.02230205  3.13623019
  0.55899106  3.43358544  3.26009339  0.16004867  3.76495218  1.80453259
  1.55807328  2.56876043  1.74593758  1.29683232  1.42412836  0.50596537
  0.75971989  1.61293605  0.08170283  1.64340177  2.3211906   1.67606009
  1.58616288  2.98827417  2.23342531  1.95346439  1.43822132  2.22584643
  0.94404045  2.32109993  3.20002723  0.81902866  0.42360737  2.00518298
 -0.32796736 -0.05138373  0.37388537  0.66243187  1.52257719  1.28227714
  0.3439349   1.01097739  1.25127517  1.55720735  0.79275044  1.54596905
  3.39264422  2.51168762  3.61551047  2.62028362]
Device (GPU) time: 1.2019 seconds
Iters. done: 301 [Current cost: -20.803440061846622]
Current parameters: [ 3.18882812  4.61030928  3.15528316  3.40125245  3.04331944  1.72249126
  1.18668093  1.84026475  2.24921588  1.57868399  2.50442275  2.54145428
  2.14898678  0.42514096  2.05621393  3.92639324  0.0528782   3.23482433
  0.50385551  3.39908324  3.20281467  0.13783946  3.70346928  1.89386395
  1.51870703  2.56208073  1.71288415  1.31846762  1.40479429  0.52058469
  0.75104043  1.59537787  0.00614325  1.64145501  2.33182958  1.66103207
  1.62286246  2.99799711  2.24574323  2.00262658  1.46816278  2.25086366
  0.93044065  2.28694603  3.1910521   0.82669244  0.44939094  2.02145382
 -0.31727952 -0.06881494  0.42447078  0.66613268  1.49948564  1.27733449
  0.35749496  1.00621377  1.25438367  1.43593771  0.81563961  1.54518106
  3.37992595  2.5215375   3.61468297  2.62928697]
Device (GPU) time: 1.1401 seconds
Iters. done: 302 [Current cost: -20.873182760722923]
Current parameters: [ 3.18660891  4.59331823  3.15043053  3.36938488  3.03955393  1.73236708
  1.18147975  1.84479008  2.18683901  1.55551521  2.50955074  2.60011365
  2.09986305  0.40920649  2.09062292  3.78028384  0.07635712  3.24101759
  0.48257095  3.52338944  3.31582458  0.14430523  3.69620625  1.89418284
  1.50909861  2.57247344  1.7447754   1.31182048  1.36266158  0.51773736
  0.7723262   1.62262458 -0.01273317  1.62130278  2.33331725  1.69118879
  1.6083587   3.00403868  2.18893271  1.95700301  1.44293837  2.22588346
  0.95396222  2.31237244  3.19280961  0.82978544  0.45393941  2.0454014
 -0.30633141 -0.04358202  0.4002121   0.66457808  1.50308655  1.27963321
  0.36138923  1.01125729  1.25112584  1.42409495  0.80439126  1.55318927
  3.39421039  2.51471993  3.62277834  2.62238358]
Device (GPU) time: 1.0286 seconds
Iters. done: 303 [Current cost: -20.81035169150457]
Current parameters: [ 3.19228025  4.6096566   3.1388832   3.39465592  3.04771568  1.72979554
  1.18644952  1.85202781  2.26726257  1.58263014  2.5129869   2.49359708
  2.15708238  0.47176519  2.06956304  3.86937925  0.05503243  3.24134942
  0.50787544  3.45883931  3.25111881  0.13288568  3.71004249  1.88446006
  1.54141599  2.56246403  1.71183423  1.33486453  1.43680107  0.51478811
  0.76890039  1.6142435   0.00835647  1.6630876   2.30539304  1.66481905
  1.53596758  3.00306093  2.23222922  1.9926125   1.48839216  2.25674725
  0.93077269  2.28255827  3.19106722  0.82720819  0.4045943   2.0433838
 -0.31716663 -0.06590469  0.46466161  0.66648649  1.49281332  1.27811502
  0.35867616  1.00223538  1.25143815  1.43430654  0.81613532  1.54497365
  3.37931243  2.52062721  3.61567733  2.62785078]
Device (GPU) time: 1.1888 seconds
Iters. done: 304 [Current cost: -20.797755233350216]
Current parameters: [ 3.19065090e+00  4.59858032e+00  3.16601095e+00  3.38266587e+00
  3.02901275e+00  1.71400439e+00  1.18175955e+00  1.84187468e+00
  2.26725602e+00  1.54868290e+00  2.49281049e+00  2.49249075e+00
  2.12739406e+00  4.85939890e-01  2.06839732e+00  3.86663546e+00
  5.32740802e-02  3.22939654e+00  4.77603789e-01  3.44774825e+00
  3.25503991e+00  1.53128159e-01  3.76993852e+00  1.86712409e+00
  1.48607624e+00  2.56626958e+00  1.74685315e+00  1.29390776e+00
  1.43916350e+00  5.15676159e-01  7.43689627e-01  1.60002889e+00
 -2.61330767e-03  1.57224350e+00  2.39651246e+00  1.68778607e+00
  1.62243661e+00  3.00263918e+00  2.22133104e+00  2.15980769e+00
  1.47748674e+00  2.20299759e+00  9.53046768e-01  2.33098883e+00
  3.19286457e+00  8.25524378e-01  3.77242842e-01  1.98541430e+00
 -3.15389382e-01 -5.32228660e-02  4.94409313e-01  6.64322399e-01
  1.51163249e+00  1.27895807e+00  3.54600027e-01  1.01324569e+00
  1.25424851e+00  1.42914557e+00  8.02961836e-01  1.54955409e+00
  3.39102490e+00  2.51535058e+00  3.61857682e+00  2.62382767e+00]
Device (GPU) time: 1.1931 seconds
Iters. done: 305 [Current cost: -20.789358091129873]
Current parameters: [ 3.18410419e+00  4.63995979e+00  3.16164003e+00  3.40415264e+00
  3.06443674e+00  1.74511269e+00  1.19290945e+00  1.84135321e+00
  2.24363662e+00  1.57734045e+00  2.50830956e+00  2.49544132e+00
  2.21601233e+00  4.61716091e-01  2.02562491e+00  3.87777693e+00
  5.47824173e-02  3.23125853e+00  5.16962640e-01  3.45725709e+00
  3.26415748e+00  1.32786111e-01  3.74080624e+00  1.86858350e+00
  1.50479797e+00  2.56398617e+00  1.71810756e+00  1.29584064e+00
  1.42318277e+00  4.96434550e-01  7.99793082e-01  1.63953243e+00
  3.12763200e-03  1.61342979e+00  2.36209367e+00  1.66499592e+00
  1.60392291e+00  2.99608269e+00  2.24924628e+00  1.98763522e+00
  1.46198057e+00  2.25244651e+00  9.29698708e-01  2.29014350e+00
  3.19104045e+00  8.26494812e-01  4.54034202e-01  2.02156736e+00
 -3.17555186e-01 -6.92610741e-02  4.25363386e-01  6.66063778e-01
  1.50062788e+00  1.27724588e+00  3.57185316e-01  1.00678919e+00
  1.25480845e+00  1.42085247e+00  8.15458502e-01  1.54512075e+00
  3.37997394e+00  2.52157645e+00  3.61445553e+00  2.62941636e+00]
Device (GPU) time: 1.0188 seconds
Iters. done: 306 [Current cost: -20.953116519812976]
Current parameters: [ 3.18551149  4.66705013  3.1694349   3.3876719   3.07523603  1.76482486
  1.19615906  1.84603929  2.20091469  1.5441889   2.49554436  2.49079595
  2.24925029  0.49254004  2.00296115  3.87285401  0.04934748  3.22101549
  0.5060744   3.46078446  3.24798428  0.14971459  3.73886438  1.90154761
  1.5522595   2.56111369  1.74901887  1.35186283  1.46209273  0.56780267
  0.66366371  1.53063365 -0.00863714  1.69012495  2.28343152  1.68412426
  1.62961257  3.00179007  2.18323272  2.00743787  1.44803564  2.20553493
  0.96432286  2.32989242  3.19344639  0.82387073  0.44137299  2.02744606
 -0.31884434 -0.05269707  0.39383829  0.66412474  1.51273518  1.27954711
  0.35198205  1.01240953  1.25343094  1.39341206  0.800533    1.54858782
  3.39113214  2.51402317  3.61811083  2.62257932]
Device (GPU) time: 1.2612 seconds
Iters. done: 307 [Current cost: -20.8142590723858]
Current parameters: [ 3.18749367  4.60942762  3.18396926  3.36710395  3.04697539  1.71008111
  1.1807909   1.87728654  2.27815722  1.51096847  2.51258466  2.53230262
  2.16510431  0.50047726  2.05246403  3.87421051  0.04899697  3.24070698
  0.48503634  3.45855179  3.26054869  0.13202126  3.73174876  1.87943552
  1.52128478  2.55358335  1.70027575  1.31499919  1.43069317  0.51581711
  0.75580412  1.59659032 -0.00924247  1.64190624  2.32986389  1.6499127
  1.62154532  2.99007777  2.23665094  1.98788343  1.49582334  2.29014247
  0.92463298  2.28069543  3.19321522  0.82318927  0.43959526  1.99657663
 -0.32491341 -0.07179173  0.41352689  0.66571291  1.50291697  1.27827975
  0.3517469   1.00440751  1.2535616   1.44311745  0.81245448  1.54238428
  3.37852419  2.52038337  3.61240796  2.62828701]
Device (GPU) time: 1.1215 seconds
Iters. done: 308 [Current cost: -20.877405285164162]
Current parameters: [ 3.18763037  4.61366104  3.14356967  3.41919606  3.04320991  1.77057592
  1.17939851  1.80848914  2.25335817  1.60384054  2.48723544  2.46742322
  2.1240312   0.46797546  2.09689557  3.86754895  0.08290785  3.21738146
  0.53570339  3.4298002   3.27062244  0.15201266  3.75002353  1.89319137
  1.52396926  2.51183431  1.73359001  1.32239395  1.45069484  0.54442969
  0.74839997  1.60805693  0.03108303  1.6293151   2.34923795  1.70940493
  1.63888097  3.01192072  2.23934586  1.98046779  1.53819366  2.40035812
  1.01247339  2.34424584  3.18254182  0.82815987  0.47532355  1.99867932
 -0.30993384 -0.04703913  0.4170401   0.66645597  1.49970539  1.27628642
  0.35771815  1.01561615  1.2550705   1.39840711  0.80227657  1.553332
  3.39403128  2.51054355  3.62470282  2.61973096]
Device (GPU) time: 1.1042 seconds
Iters. done: 309 [Current cost: -20.88696515929855]
Current parameters: [ 3.19221841  4.61101918  3.15673527  3.4037627   3.0370448   1.70839362
  1.18889311  1.84342767  2.3101621   1.57931082  2.53141943  2.51452305
  2.17610875  0.43976146  2.04314585  3.87703491  0.04019411  3.23306055
  0.49367277  3.46038641  3.26548341  0.13054065  3.72830923  1.87902739
  1.52306953  2.52166515  1.77526871  1.32396639  1.43504595  0.52814427
  0.73613094  1.62092841 -0.00876117  1.63634078  2.33309794  1.70404271
  1.61278097  3.0524273   2.23479111  1.99120807  1.47654682  2.25052565
  0.91664168  2.2757022   3.19342012  0.82515991  0.4452695   2.01443333
 -0.32046132 -0.0723027   0.41948904  0.66564198  1.50378839  1.27775225
  0.35498355  1.00610841  1.2548512   1.44113875  0.81518245  1.5436513
  3.37877533  2.52252316  3.61260793  2.63031992]
Device (GPU) time: 1.1449 seconds
Iters. done: 310 [Current cost: -20.89361911498594]
Current parameters: [ 3.20237022e+00  4.62383904e+00  3.14021617e+00  3.40583949e+00
  3.04070764e+00  1.74452212e+00  1.18101761e+00  1.85399521e+00
  2.40753399e+00  1.57231178e+00  2.58323493e+00  2.56803179e+00
  2.20021216e+00  4.27132093e-01  2.07598247e+00  3.87771948e+00
  4.68739816e-02  3.22253029e+00  5.19993287e-01  3.45460525e+00
  3.26894506e+00  1.37972222e-01  3.72382196e+00  1.89530258e+00
  1.53540056e+00  2.58864562e+00  1.68122799e+00  1.35044691e+00
  1.45311055e+00  5.63447892e-01  7.80119251e-01  1.59926283e+00
  7.14882498e-04  1.62554216e+00  2.36952193e+00  1.64815112e+00
  1.59216807e+00  2.93811763e+00  2.22958005e+00  1.99361033e+00
  1.43370916e+00  2.23175771e+00  1.00844373e+00  2.37283076e+00
  3.18586010e+00  8.21191338e-01  4.42671637e-01  2.02164106e+00
 -3.27728744e-01 -5.85780905e-02  4.03499676e-01  6.66256695e-01
  1.50020912e+00  1.27818458e+00  3.48797516e-01  1.00695024e+00
  1.25214192e+00  1.41142737e+00  8.02481091e-01  1.54458986e+00
  3.38471548e+00  2.51134177e+00  3.61734135e+00  2.62017946e+00]
Device (GPU) time: 1.1235 seconds
Iters. done: 311 [Current cost: -20.873194143971133]
Current parameters: [ 3.18846561  4.60029114  3.15878351  3.39983535  3.0362821   1.69999
  1.19514393  1.8410481   2.26658904  1.58447173  2.50920894  2.48788052
  2.16505173  0.44926644  2.03401513  3.87371213  0.04023688  3.23944131
  0.48122849  3.46295782  3.25748923  0.13028771  3.72814698  1.87444823
  1.52333593  2.56940475  1.72219008  1.31587967  1.42976172  0.51144043
  0.76121133  1.58958277 -0.00995498  1.64133183  2.32449931  1.69002947
  1.61597116  2.96522739  2.2335154   1.9917634   1.47801734  2.2456954
  1.0188604   2.24125197  3.19714949  0.82781644  0.45380055  2.00796349
 -0.31583859 -0.07522576  0.43511882  0.66515395  1.50458403  1.27807726
  0.35871002  1.00543557  1.25521603  1.45222944  0.81994647  1.54411686
  3.37623041  2.52676012  3.61220757  2.63392694]
Device (GPU) time: 1.1426 seconds
Iters. done: 312 [Current cost: -20.901878316454688]
Current parameters: [ 3.19602019  4.46535647  3.17496421  3.40754465  3.02134858  1.84293715
  1.28910332  1.8266112   2.28045247  1.57987535  2.51477291  2.4711593
  2.15734485  0.44714572  2.02790987  3.86384976  0.05038324  3.22437351
  0.45444589  3.45460747  3.23769593  0.14717287  3.7657017   1.89217827
  1.52142046  2.57323503  1.71394302  1.30725186  1.44551051  0.53504174
  0.75442865  1.60767013 -0.01284489  1.63701051  2.33316236  1.64605377
  1.60927165  2.97964703  2.23114981  1.97534231  1.47090237  2.24382265
  0.89524095  2.28524413  3.20301815  0.83467184  0.43773102  2.00379911
 -0.3213741  -0.06349976  0.3895641   0.65982678  1.52589293  1.28318984
  0.34853065  1.01323177  1.25880018  1.43665504  0.7981657   1.54971414
  3.34820208  2.52257244  3.64047159  2.63012266]
Device (GPU) time: 1.1658 seconds
Iters. done: 313 [Current cost: -20.93083675416509]
Current parameters: [ 3.18549676  4.59849483  3.15431001  3.39338311  3.03870174  1.69178788
  1.19425005  1.84661447  2.26286987  1.59160789  2.51075801  2.48127896
  2.17053929  0.45080275  2.03480122  3.86919547  0.04501466  3.24694224
  0.47583593  3.46499891  3.24715223  0.13063274  3.71673987  1.86685515
  1.52029449  2.55916551  1.69992084  1.32349769  1.43059635  0.50458597
  0.75557523  1.60831798 -0.00683609  1.64506941  2.33122602  1.65747392
  1.64000864  3.01061207  2.23426697  1.9819054   1.5093293   2.24284259
  0.93999371  2.36980705  3.19730036  0.83003518  0.43756776  2.04280691
 -0.31144619 -0.07308791  0.4248693   0.66510076  1.5008998   1.27848154
  0.35671669  1.00113633  1.25627154  1.45877489  0.82936504  1.54460133
  3.37464738  2.52926496  3.60928413  2.63608767]
Device (GPU) time: 1.0219 seconds
Iters. done: 314 [Current cost: -20.81652563515532]
Current parameters: [ 3.18273407e+00  4.60731083e+00  3.16508215e+00  3.38900689e+00
  3.03950988e+00  1.72333546e+00  1.17563247e+00  1.83970513e+00
  2.27099207e+00  1.57007563e+00  2.50487869e+00  2.48516199e+00
  2.14486833e+00  4.75850597e-01  2.06941471e+00  3.86877391e+00
  7.05527761e-02  3.23003490e+00  4.97646878e-01  3.44308451e+00
  3.24872191e+00  1.44970384e-01  3.73988161e+00  1.89079840e+00
  1.52863833e+00  2.57009462e+00  1.72619652e+00  1.32218578e+00
  1.44760917e+00  5.33025923e-01  7.58647071e-01  1.61409402e+00
  4.69415288e-03  1.62973662e+00  2.34337818e+00  1.67198324e+00
  1.61641628e+00  2.99934573e+00  2.22925455e+00  1.98722589e+00
  1.45373625e+00  2.23609283e+00  9.38438496e-01  2.27625811e+00
  3.14076667e+00  8.32859599e-01  4.56052431e-01  2.03338592e+00
 -3.12957889e-01  4.22047887e-03  4.07293219e-01  6.61295871e-01
  1.49903625e+00  1.28269759e+00  2.15729683e-01  9.51884048e-01
  1.30988307e+00  1.42055257e+00  9.51448031e-01  1.54567915e+00
  3.33915070e+00  2.51497055e+00  3.55564252e+00  2.63063173e+00]
Device (GPU) time: 1.1532 seconds
Iters. done: 315 [Current cost: -20.878029945839895]
Current parameters: [ 3.15279325  4.60403534  3.1582068   3.39684681  3.07334088  1.71480858
  1.19059151  1.84283534  2.2706106   1.58049996  2.50949174  2.4916564
  2.15944995  0.45977934  2.07466383  3.86998662  0.05765638  3.2335951
  0.49865301  3.45099641  3.2602401   0.13356864  3.72017481  1.87978209
  1.52774348  2.56468877  1.71176768  1.32957254  1.43795076  0.52565822
  0.75855203  1.60519324  0.01099185  1.63244376  2.33695441  1.66634522
  1.62579598  3.0037375   2.22454415  1.99733311  1.47076367  2.24835889
  0.93491951  2.28457796  3.19580759  0.79383163  0.45745287  2.03928134
 -0.39659012 -0.06501586  0.4335611   0.65086412  1.56408772  1.27820586
  0.35756052  1.00726742  1.24712698  1.43951945  0.81616616  1.5464356
  3.38065323  2.52363452  3.61538328  2.63097731]
Device (GPU) time: 1.1699 seconds
Iters. done: 316 [Current cost: -20.843123856136724]
Current parameters: [ 3.04734953  4.60124367  3.19197496  3.40187044  3.14454928  1.66419372
  1.19944181  1.81930281  2.27249928  1.57519572  2.51279427  2.48186104
  2.15517023  0.43092896  2.09460198  3.8683505   0.04649293  3.20353615
  0.46601664  3.43672279  3.27556748  0.14136578  3.75833986  1.90343697
  1.52902399  2.56627666  1.73105773  1.31909822  1.45121428  0.56275525
  0.74939771  1.6045514   0.01125806  1.65027978  2.35502154  1.65070574
  1.57308439  2.97011285  2.25274005  1.99429968  1.47419071  2.24133953
  0.91313794  2.29204999  3.21912512  0.87225246  0.46400995  1.99912157
 -0.2368716  -0.06336753  0.40177077  0.64750637  1.47019882  1.28025951
  0.35615568  1.02358822  1.23154594  1.44459956  0.81058258  1.55056161
  3.38981879  2.52729226  3.61316917  2.63497251]
Device (GPU) time: 1.1959 seconds
Iters. done: 317 [Current cost: -20.977924092332227]
Current parameters: [ 3.19867912e+00  4.61434031e+00  3.15666561e+00  3.40778848e+00
  3.04343362e+00  1.69597224e+00  1.18985065e+00  1.83640498e+00
  2.27354809e+00  1.57342853e+00  2.50400846e+00  2.49590840e+00
  2.14009210e+00  4.48548661e-01  2.00822761e+00  3.83325544e+00
  1.08049803e-01  3.26637913e+00  5.20064459e-01  3.41224485e+00
  3.27420611e+00  1.31453908e-01  3.73685726e+00  1.88458972e+00
  1.52348464e+00  2.55783690e+00  1.72378772e+00  1.31590448e+00
  1.43523860e+00  5.29227452e-01  7.48907630e-01  1.59832218e+00
 -2.94680966e-03  1.65537536e+00  2.34098048e+00  1.65456443e+00
  1.58873723e+00  2.98543188e+00  2.24667726e+00  1.99888485e+00
  1.47056298e+00  2.24548135e+00  9.29178202e-01  2.30064731e+00
  3.18843115e+00  8.19287643e-01  4.47850218e-01  2.00157246e+00
 -3.26232275e-01 -8.54221211e-02  4.09892635e-01  6.63745467e-01
  1.51981870e+00  1.27910320e+00  3.46894934e-01  1.01056736e+00
  1.27214924e+00  1.44021710e+00  8.03299566e-01  1.54090364e+00
  3.37757829e+00  2.52209715e+00  3.61115295e+00  2.63096248e+00]
Device (GPU) time: 1.0320 seconds
Iters. done: 318 [Current cost: -20.851481746725806]
Current parameters: [ 3.17354474  4.61598151  3.14752628  3.38485027  3.04292729  1.71018523
  1.17248789  1.83606834  2.28004692  1.59131292  2.51092717  2.48219675
  2.16937939  0.46593568  2.08888721  3.87187226  0.04430164  3.22332465
  0.47294727  3.46321604  3.24065583  0.1579926   3.74725814  1.87445661
  1.52776682  2.58707079  1.70871549  1.32564811  1.4499991   0.52231088
  0.7641634   1.59404136  0.01088128  1.60987738  2.33100326  1.6579206
  1.63965546  3.00370029  2.20928336  1.97759314  1.46374361  2.24867908
  0.91389867  2.2616403   3.09603828  0.83119211  0.46524961  2.04495923
 -0.29339537 -0.12159279  0.42332359  0.66731159  1.49270647  1.27546227
  0.3762503   1.01753224  1.43218879  1.42891706  0.73693714  1.55702757
  3.40533799  2.51827096  3.62182578  2.62363946]
Device (GPU) time: 1.1817 seconds
Iters. done: 319 [Current cost: -20.97446188087408]
Current parameters: [ 3.18956775e+00  4.61413163e+00  3.16947852e+00  3.40985639e+00
  2.97675388e+00  1.69815369e+00  1.19124025e+00  1.80619434e+00
  2.25051874e+00  1.58999666e+00  2.51317414e+00  2.51203394e+00
  2.20613604e+00  4.79917430e-01  2.11002141e+00  3.86429609e+00
  6.19423928e-02  3.23647377e+00  4.95640545e-01  3.44372614e+00
  3.26354954e+00  1.31998073e-01  3.73587936e+00  1.88631824e+00
  1.52365490e+00  2.56192144e+00  1.71728560e+00  1.31539978e+00
  1.43582490e+00  5.29937148e-01  7.53575107e-01  1.60230705e+00
 -2.02427586e-03  1.64589767e+00  2.33598280e+00  1.65863963e+00
  1.60698044e+00  2.98749730e+00  2.23457850e+00  1.99593922e+00
  1.47117323e+00  2.24912466e+00  9.24767551e-01  2.29019272e+00
  3.20742720e+00  8.41503757e-01  4.46968293e-01  2.01221825e+00
 -3.20027295e-01 -8.05446182e-02  4.15818273e-01  6.62015130e-01
  1.52414044e+00  1.29039732e+00  3.60913313e-01  1.01272646e+00
  1.25444693e+00  1.44035240e+00  8.23170819e-01  1.54920483e+00
  3.37626852e+00  2.52405076e+00  3.60633730e+00  2.63154456e+00]
Device (GPU) time: 1.1538 seconds
Iters. done: 320 [Current cost: -20.835937518548395]
Current parameters: [ 3.18926983e+00  4.60680439e+00  3.14329134e+00  3.40057102e+00
  3.10349050e+00  1.73585982e+00  1.18326457e+00  1.73041086e+00
  2.30073067e+00  1.63699462e+00  2.51800065e+00  2.58762296e+00
  2.10967809e+00  5.82175549e-01  1.99399925e+00  3.88553538e+00
  3.52253028e-02  3.23162402e+00  4.97010375e-01  3.46607461e+00
  3.26503398e+00  1.39617103e-01  3.72645145e+00  1.86592861e+00
  1.52443572e+00  2.57214346e+00  1.71594949e+00  1.31436383e+00
  1.43401971e+00  5.06592163e-01  7.58261027e-01  1.58497890e+00
 -4.39169045e-04  1.63658909e+00  2.32723190e+00  1.66155791e+00
  1.62342701e+00  3.00604205e+00  2.22218343e+00  1.99456713e+00
  1.45993879e+00  2.25562984e+00  9.30554128e-01  2.28979746e+00
  3.21415748e+00  8.20407069e-01  4.54278632e-01  2.03109786e+00
 -2.77908133e-01 -9.67089012e-02  4.29912634e-01  6.64298856e-01
  1.53724056e+00  1.31724702e+00  3.91421446e-01  1.02243763e+00
  1.27074671e+00  1.43373433e+00  8.61833770e-01  1.56022801e+00
  3.37017504e+00  2.51713511e+00  3.59391838e+00  2.62501289e+00]
Device (GPU) time: 1.0195 seconds
Iters. done: 321 [Current cost: -20.869717853842378]
Current parameters: [ 3.19609664  4.61471739  3.11577648  3.37282457  3.0437813   1.73778309
  1.16157418  1.81559424  2.26898718  1.52574566  2.52996517  2.46103375
  2.15301595  0.43402903  2.05929941  3.87118724  0.05163524  3.23042399
  0.50602019  3.45595635  3.25047654  0.12217054  3.71820447  1.87600072
  1.52860687  2.56398906  1.71767024  1.32785915  1.43372086  0.52603457
  0.75613932  1.59663835 -0.00568982  1.62941612  2.34311756  1.66440359
  1.6167602   2.9920824   2.22366463  1.995426    1.46826748  2.25447187
  0.92486921  2.2876569   3.21576037  0.83922533  0.45273804  2.01877932
 -0.2952871  -0.09465937  0.42233692  0.66109657  1.53607523  1.26343487
  0.37898793  1.01595876  1.26250354  1.43259339  0.84474415  1.54109097
  3.3710699   2.51758057  3.59860309  2.62481774]
Device (GPU) time: 1.1464 seconds
Iters. done: 322 [Current cost: -20.849612793971318]
Current parameters: [ 3.19218429e+00  4.61946307e+00  3.10410361e+00  3.31290967e+00
  3.01363187e+00  1.70937404e+00  1.11849369e+00  1.86420584e+00
  2.26926724e+00  1.65271926e+00  2.53197553e+00  2.47614770e+00
  2.15077142e+00  5.03013879e-01  2.00940142e+00  3.84366880e+00
  8.50114084e-02  3.21963919e+00  4.69829287e-01  3.44164859e+00
  3.19681707e+00  1.25740946e-01  3.74097322e+00  1.90866613e+00
  1.53333354e+00  2.57009151e+00  1.70954679e+00  1.34588137e+00
  1.45160851e+00  5.67780217e-01  7.62571996e-01  1.63416390e+00
 -3.71013406e-03  1.59232447e+00  2.35911845e+00  1.66996320e+00
  1.64018511e+00  2.97232159e+00  2.20674210e+00  1.97308641e+00
  1.48085443e+00  2.24106092e+00  9.02211752e-01  2.25045808e+00
  3.21111778e+00  8.59972149e-01  4.52469762e-01  2.02285748e+00
 -3.27407776e-01 -1.73866814e-02  3.97678697e-01  6.62000179e-01
  1.48101245e+00  1.30394770e+00  3.46678775e-01  9.99512712e-01
  1.19792492e+00  1.43444986e+00  7.69835156e-01  1.56835451e+00
  3.41011072e+00  2.52384591e+00  3.63727041e+00  2.63026854e+00]
Device (GPU) time: 1.1722 seconds
Iters. done: 323 [Current cost: -21.03286107821116]
Current parameters: [ 3.22287231  4.63088383  3.14338179  3.34057755  3.02911433  1.69213975
  1.15450021  1.8786663   2.25211784  1.6524251   2.5595417   2.46128855
  2.12766743  0.52438199  2.02241479  3.83572987  0.08578549  3.21573826
  0.4816568   3.45563575  3.1583567   0.09894327  3.71372588  1.88903177
  1.5340229   2.56809865  1.71287172  1.37013593  1.45417349  0.58349284
  0.75160779  1.62907947 -0.00857375  1.56056052  2.39113005  1.67339714
  1.62608791  2.97222835  2.20768295  1.95725605  1.48125083  2.23527812
  0.90477129  2.24889099  3.21426912  0.86423581  0.4549991   2.02186639
 -0.3185929  -0.02167025  0.38910602  0.66065704  1.4883012   1.30476175
  0.34925542  1.00019049  1.19946482  1.42114216  0.76778603  1.56828223
  3.41187364  2.52159252  3.6389042   2.62958876]
Device (GPU) time: 1.0360 seconds
Iters. done: 324 [Current cost: -20.900644233256493]
Current parameters: [ 3.21517524  4.62841756  3.13155693  3.33302912  3.01346916  1.68593669
  1.14145772  1.87377342  2.26605245  1.65050741  2.54293446  2.45923202
  2.13346994  0.50730429  2.00315233  3.83931131  0.07806653  3.17794669
  0.46141679  3.41482094  3.2034115   0.16873071  3.74030577  1.95275958
  1.63948672  2.59406158  1.7498299   1.42029769  1.45681816  0.49430906
  0.84980962  1.67841019 -0.07591852  1.6253753   2.33465838  1.68440975
  1.68039584  2.94747237  2.17882102  2.02811942  1.45301351  2.26764393
  0.87382602  2.26480684  3.2141135   0.85501932  0.49400898  2.00550782
 -0.31444642 -0.00683247  0.39541592  0.66464057  1.48280467  1.30051982
  0.35254568  1.00520989  1.19168573  1.42532682  0.76659424  1.56839558
  3.4206856   2.52044861  3.64124135  2.6286642 ]
Device (GPU) time: 1.1525 seconds
Iters. done: 325 [Current cost: -20.95777510134195]
Current parameters: [ 3.19458965  4.63301937  3.1329825   3.3233309   3.00439648  1.70954134
  1.11898754  1.85325067  2.27793661  1.63094741  2.53073531  2.47737303
  2.13316115  0.49774477  2.00253377  3.84604457  0.09497388  3.22669735
  0.48232481  3.45323638  3.18879948  0.15204944  3.76263811  1.93182011
  1.53267398  2.55690818  1.68359764  1.36210465  1.45982463  0.57078129
  0.76857538  1.68138756  0.03076043  1.59968053  2.34267419  1.65984801
  1.6647423   2.9896489   2.21466823  1.97287095  1.50589079  2.20617497
  0.92313277  2.22874185  3.22266948  0.87361834  0.43287545  2.04465519
 -0.31389122 -0.02093069  0.38342879  0.65818446  1.49781303  1.30349266
  0.35383359  1.00209231  1.19527131  1.41554469  0.76778465  1.57144336
  3.41520987  2.52021614  3.63930595  2.62893492]
Device (GPU) time: 1.1222 seconds
Iters. done: 326 [Current cost: -20.96433753890659]
Current parameters: [ 3.18945404e+00  4.61718798e+00  3.11799931e+00  3.31530536e+00
  3.01160542e+00  1.70925546e+00  1.11618767e+00  1.85896597e+00
  2.27392457e+00  1.64869307e+00  2.52547815e+00  2.47400822e+00
  2.14833952e+00  5.01077760e-01  2.00791741e+00  3.84469006e+00
  9.24855756e-02  3.21474774e+00  4.65705073e-01  3.43211201e+00
  3.20516500e+00  1.33154674e-01  3.75454734e+00  1.91274608e+00
  1.53128508e+00  2.57604680e+00  1.72033835e+00  1.33587363e+00
  1.45658477e+00  5.74709082e-01  7.60346375e-01  1.62564970e+00
 -3.14174706e-03  1.59209207e+00  2.36403188e+00  1.67073573e+00
  1.63062763e+00  2.96740382e+00  2.20899235e+00  1.97028307e+00
  1.47332791e+00  2.24155076e+00  8.97793436e-01  2.25455003e+00
  3.21377546e+00  8.57045669e-01  4.60873941e-01  2.01718417e+00
 -3.22160806e-01 -1.56319836e-02  3.90151579e-01  6.62128813e-01
  1.48751980e+00  1.29155119e+00  4.38873595e-01  7.76686063e-01
  1.20266570e+00  1.43099211e+00  7.83353614e-01  1.59851894e+00
  3.43232776e+00  2.52214124e+00  3.66574091e+00  2.63046475e+00]
Device (GPU) time: 1.1337 seconds
Iters. done: 327 [Current cost: -20.80771484043865]
Current parameters: [ 3.18670143  4.61416555  3.11455686  3.30786886  3.01537872  1.70563625
  1.12052552  1.85313044  2.29231834  1.64489718  2.52606968  2.44604303
  2.16228827  0.5264976   2.00652505  3.85011342  0.09565362  3.21359119
  0.46433047  3.44054158  3.20643524  0.13458102  3.70886697  1.93610251
  1.52715144  2.57554582  1.71959663  1.34624059  1.39085779  0.57551569
  0.76180766  1.63219967  0.01098398  1.59279037  2.36483764  1.68031558
  1.63685604  2.96551327  2.21118351  1.97244803  1.48705089  2.23510781
  0.90151841  2.25402769  3.21642631  0.86579088  0.45429075  2.02857438
 -0.33037053 -0.00771768  0.3943738   0.7388087   1.49085355  1.30276423
  0.34450517  1.00178985  1.20619681  1.43633853  0.76538434  1.5681323
  3.41405929  2.51568171  3.64369697  2.62777372]
Device (GPU) time: 1.0383 seconds
Iters. done: 328 [Current cost: -20.91757000368157]
Current parameters: [ 3.18198159e+00  4.64181305e+00  3.11350737e+00  3.33009380e+00
  2.98530975e+00  1.72448637e+00  1.10988384e+00  1.91754966e+00
  2.32064809e+00  1.67506914e+00  2.50021863e+00  2.42552103e+00
  2.11993712e+00  5.05935805e-01  2.00775656e+00  3.81922477e+00
  3.29047085e-02  3.21656541e+00  4.69830220e-01  3.40578076e+00
  3.21699860e+00  1.46595707e-01  3.73523747e+00  1.91070406e+00
  1.46582797e+00  2.57138039e+00  1.69098729e+00  1.27660818e+00
  1.46669858e+00  5.64014195e-01  7.63009498e-01  1.62437509e+00
 -1.11022429e-02  1.57912410e+00  2.30569850e+00  1.62343709e+00
  1.66392729e+00  2.99720286e+00  2.17506606e+00  1.94621953e+00
  1.39824974e+00  2.24920670e+00  8.91621294e-01  2.23403592e+00
  3.17148947e+00  8.48327838e-01  5.02854104e-01  2.01509009e+00
 -2.90796576e-01  3.11811110e-03  4.16725597e-01  6.47496071e-01
  1.45663805e+00  1.32345261e+00  3.71421109e-01  1.04444776e+00
  1.14031064e+00  1.39225375e+00  7.64887957e-01  1.57737245e+00
  3.41820583e+00  2.56759895e+00  3.60168789e+00  2.64570567e+00]
Device (GPU) time: 1.1726 seconds
Iters. done: 329 [Current cost: -20.80620339137926]
Current parameters: [ 3.19677774  4.63355173  3.1358173   3.34304798  3.00930233  1.72704572
  1.06859048  1.86473432  2.26614012  1.65933836  2.53384195  2.47537521
  2.14346766  0.4943014   2.00352467  3.83512189  0.07873905  3.21318798
  0.4521642   3.44197195  3.21390788  0.11815549  3.73625162  1.90081922
  1.54269406  2.567698    1.70320446  1.35837243  1.45198537  0.57453249
  0.76418227  1.61895113  0.01117752  1.58936676  2.36264984  1.6620124
  1.644583    2.96942659  2.20505671  1.98050592  1.48802983  2.23622952
  0.89082663  2.24565583  3.20842509  0.8578967   0.46487235  2.02628151
 -0.32717203 -0.01245896  0.408971    0.66656291  1.46816443  1.29984293
  0.35194208  1.00331962  1.19666664  1.44269265  0.77133536  1.56993985
  3.33842222  2.52411156  3.6879082   2.62738425]
Device (GPU) time: 1.1670 seconds
Iters. done: 330 [Current cost: -20.90679658868809]
Current parameters: [ 3.13267778  4.61337362  3.10996927  3.25848498  3.02610581  1.72812445
  1.08472446  1.85957626  2.25988036  1.648203    2.56215657  2.50843468
  2.20940644  0.49376991  1.98184506  3.84743338  0.10665251  3.25311305
  0.43531217  3.39520868  3.13750706  0.12101427  3.76899896  1.93050666
  1.51301777  2.5907204   1.75294218  1.3372966   1.4653037   0.5586417
  0.77581896  1.68782761 -0.0435391   1.55319396  2.34159939  1.70638578
  1.60250697  2.97736533  2.20133092  1.93677533  1.46987161  2.29019577
  0.94815333  2.26794823  3.19794622  0.87122421  0.42101413  2.00536095
 -0.29378053 -0.01140876  0.40035138  0.62067017  1.56820814  1.33011587
  0.3248851   1.02927595  1.23226824  1.48469043  0.75195757  1.58951049
  3.38576781  2.54225226  3.63962543  2.63300626]
Device (GPU) time: 1.0893 seconds
Iters. done: 331 [Current cost: -20.91179158199101]
Current parameters: [ 3.19878614e+00  4.63644555e+00  3.07590532e+00  3.37106605e+00
  3.02898734e+00  1.70155647e+00  1.11609675e+00  1.86238505e+00
  2.27732101e+00  1.63799258e+00  2.52867029e+00  2.47673631e+00
  2.14455150e+00  5.08169151e-01  2.01818930e+00  3.84907086e+00
  9.66322920e-02  3.23257573e+00  4.46183426e-01  3.45063134e+00
  3.17679847e+00  1.04134142e-01  3.75858371e+00  1.90312016e+00
  1.55490114e+00  2.58463701e+00  1.71405647e+00  1.29122880e+00
  1.44647100e+00  5.92122955e-01  7.81088559e-01  1.63971470e+00
 -2.11772973e-02  1.60422592e+00  2.34687449e+00  1.67141908e+00
  1.65866533e+00  2.97210250e+00  2.18537824e+00  1.96423638e+00
  1.48363240e+00  2.24419799e+00  8.97421302e-01  2.24920536e+00
  3.21057525e+00  8.72053893e-01  4.28977414e-01  2.02249079e+00
 -3.29971316e-01  3.78783432e-03  3.93883771e-01  6.70361159e-01
  1.49015984e+00  1.29318625e+00  3.44484610e-01  1.00013726e+00
  1.19457147e+00  1.43607900e+00  7.62530090e-01  1.56621949e+00
  3.41453648e+00  2.50448284e+00  3.64591652e+00  2.63442467e+00]
Device (GPU) time: 1.1344 seconds
Iters. done: 332 [Current cost: -20.89405463752479]
Current parameters: [ 3.1756061   4.54400288  3.0628089   3.30388872  3.03927607  1.70452089
  1.08573572  1.87738126  2.25032849  1.67277609  2.550972    2.4932111
  2.19361272  0.49540534  2.00629807  3.84115955  0.10059669  3.22934169
  0.49704518  3.46695971  3.19467048  0.11003572  3.77223591  1.8989677
  1.55935299  2.58958829  1.70123954  1.341853    1.4668061   0.56270508
  0.7774456   1.61575601  0.00954314  1.53909361  2.31123567  1.68502149
  1.65012799  2.98831261  2.28626972  2.02536713  1.48693958  2.24807422
  0.90139076  2.22591505  3.25525494  0.8422722   0.48353936  2.02289512
 -0.35500405 -0.04213664  0.32795142  0.66133256  1.40016041  1.32015501
  0.33081595  1.02089489  1.21938395  1.4139861   0.77549969  1.55725782
  3.44012704  2.56273693  3.60439018  2.54446174]
Device (GPU) time: 1.1077 seconds
Iters. done: 333 [Current cost: -20.91334590818056]
Current parameters: [ 3.18699886e+00  4.61131112e+00  3.11967024e+00  3.31158618e+00
  3.00843155e+00  1.70477156e+00  1.10907657e+00  1.80498348e+00
  2.26615153e+00  1.64004316e+00  2.55445913e+00  2.47409553e+00
  2.15164477e+00  5.16120273e-01  2.00200225e+00  3.83542027e+00
  8.33215560e-02  3.22204284e+00  4.61340494e-01  3.43547898e+00
  3.18613744e+00  1.25750687e-01  3.73183175e+00  1.90491971e+00
  1.52577905e+00  2.56360206e+00  1.70458394e+00  1.34746389e+00
  1.45559629e+00  5.61276822e-01  7.59338233e-01  1.64138830e+00
 -1.12971164e-02  1.58142031e+00  2.34347058e+00  1.66199760e+00
  1.63478881e+00  2.97618264e+00  2.20577587e+00  1.96844365e+00
  1.47032389e+00  2.24101766e+00  9.07066363e-01  2.25343922e+00
  3.19199545e+00  8.50708776e-01  4.55637806e-01  2.02310463e+00
 -3.38361674e-01 -1.60259762e-03  4.02850478e-01  6.56980340e-01
  1.46108728e+00  1.22622348e+00  3.34008342e-01  9.94427967e-01
  1.18237205e+00  1.43567773e+00  7.50059968e-01  1.54012805e+00
  3.42385030e+00  2.53940760e+00  3.63838639e+00  2.62524321e+00]
Device (GPU) time: 1.1603 seconds
Iters. done: 334 [Current cost: -20.87982723893414]
Current parameters: [ 3.17093944e+00  4.64750431e+00  3.01297726e+00  3.22414228e+00
  3.01825399e+00  1.70540764e+00  1.21017342e+00  1.85307613e+00
  2.27344676e+00  1.66660078e+00  2.49909469e+00  2.50295381e+00
  2.16971061e+00  4.96058101e-01  2.01579611e+00  3.85025986e+00
  6.82465508e-02  3.22737965e+00  5.06316344e-01  3.44629316e+00
  3.21377164e+00  1.32020238e-01  3.75768464e+00  1.90804254e+00
  1.52201646e+00  2.59125434e+00  1.70954630e+00  1.37577845e+00
  1.47646570e+00  5.58506394e-01  7.76693298e-01  1.62784177e+00
  8.38602021e-03  1.63790630e+00  2.44657665e+00  1.67237362e+00
  1.67341261e+00  2.98998337e+00  2.22135032e+00  1.97156826e+00
  1.49891705e+00  2.24296111e+00  9.00533688e-01  2.20384983e+00
  3.20495361e+00  8.45774571e-01  4.56048410e-01  2.00115989e+00
 -3.26810017e-01 -4.15629726e-03  3.70343205e-01  6.42014706e-01
  1.43040358e+00  1.30337230e+00  3.38003682e-01  1.02230284e+00
  1.20823838e+00  1.44973750e+00  7.54727893e-01  1.56782871e+00
  3.36108899e+00  2.49651865e+00  3.65951536e+00  2.70686842e+00]
Device (GPU) time: 1.1206 seconds
Iters. done: 335 [Current cost: -20.95190351139577]
Current parameters: [ 3.19814002  4.62905526  3.10392911  3.30584761  2.99694679  1.69713438
  1.12508475  1.86429924  2.27067587  1.65011972  2.52700406  2.47809418
  2.14238407  0.49196397  1.98884597  3.88380899  0.12852689  3.17267768
  0.4385986   3.47612922  3.2055615   0.12725672  3.75146172  1.91126277
  1.51932739  2.56555799  1.71880535  1.33820877  1.45838617  0.56889679
  0.75284093  1.62884697 -0.01574746  1.59973679  2.37178816  1.65616548
  1.62149394  2.96035495  2.22254744  1.98599954  1.46994469  2.26775207
  0.90199528  2.24691663  3.20858696  0.85676203  0.46200223  2.07518873
 -0.3283586  -0.02292455  0.3920062   0.64973001  1.48697098  1.30842804
  0.34181853  1.00628566  1.19369554  1.42752856  0.76330943  1.5676776
  3.40885668  2.5312868   3.63045122  2.63480792]
Device (GPU) time: 1.1394 seconds
Iters. done: 336 [Current cost: -20.921852402472204]
Current parameters: [ 3.16734409  4.62309669  3.0930032   3.32308418  2.99555412  1.71242692
  1.1200947   1.87010963  2.26658385  1.65081279  2.53701084  2.47651674
  2.14262251  0.51040023  1.99982662  3.84591577  0.07735007  3.22290324
  0.47503787  3.45317309  3.1883107   0.11870863  3.75932831  1.90235076
  1.53761354  2.56807288  1.70708847  1.36065633  1.42522903  0.57576012
  0.75486697  1.64458763 -0.00765137  1.59635306  2.35906913  1.66455309
  1.63550795  2.97137452  2.20883711  1.97609616  1.4775134   2.24263446
  0.90337903  2.25494562  3.20729291  0.85529069  0.46354546  2.01459858
 -0.32892208 -0.02227883  0.40516356  0.66020083  1.48107377  1.30392917
  0.34536587  0.99647899  1.19981508  1.42844783  0.76942809  1.56636129
  3.40730777  2.52600596  3.6348353   2.63130544]
Device (GPU) time: 0.9952 seconds
Iters. done: 337 [Current cost: -20.965710526000883]
Current parameters: [ 3.22387951  4.61838285  3.10293748  3.30379315  3.02607149  1.70093627
  1.11798009  1.85873486  2.26897177  1.64743111  2.52582393  2.48330374
  2.15270923  0.49425436  2.01184052  3.8478435   0.0720522   3.23878095
  0.45916817  3.46443735  3.18421578  0.13723627  3.74492343  1.92159706
  1.54158719  2.59248973  1.7065399   1.32379699  1.47349946  0.56015674
  0.71924282  1.67460699  0.02353486  1.6023549   2.36187592  1.681468
  1.62549248  2.95333321  2.21483529  1.97201612  1.48011654  2.24136818
  0.88976245  2.26175088  3.21960471  0.86390613  0.51165953  2.00355877
 -0.33389156 -0.00841504  0.42957743  0.66682525  1.48214469  1.31078118
  0.34236423  1.00292922  1.2022345   1.4380225   0.76556201  1.56825791
  3.41310027  2.51391795  3.6397896   2.62556644]
Device (GPU) time: 1.7196 seconds
Iters. done: 338 [Current cost: -20.871224848037272]
Current parameters: [ 3.19102263e+00  4.62056929e+00  3.09872524e+00  3.31689251e+00
  3.01716555e+00  1.71066470e+00  1.11789356e+00  1.84590003e+00
  2.26787847e+00  1.64059845e+00  2.54000573e+00  2.46959091e+00
  2.15151607e+00  4.99225664e-01  2.01120219e+00  3.84367021e+00
  8.26388518e-02  3.22178470e+00  4.70796652e-01  3.44356091e+00
  3.19667363e+00  1.21421208e-01  3.72655056e+00  1.90344639e+00
  1.53088489e+00  2.55284562e+00  1.71809587e+00  1.34649009e+00
  1.45210020e+00  5.61611595e-01  7.58995081e-01  1.64264075e+00
 -8.38851963e-03  1.59315259e+00  2.35494562e+00  1.64714965e+00
  1.64457653e+00  2.96404092e+00  2.20533048e+00  1.97681354e+00
  1.48082577e+00  2.24053971e+00  9.06936625e-01  2.24828697e+00
  3.21605341e+00  8.52874549e-01  4.49586397e-01  2.02034400e+00
 -3.32571847e-01 -2.53710182e-03  3.97999634e-01  6.59874124e-01
  1.47049189e+00  1.33367064e+00  3.40947916e-01  9.94109053e-01
  1.20595834e+00  1.43606946e+00  7.57314425e-01  1.57900282e+00
  3.41047196e+00  2.52961573e+00  3.63824933e+00  2.63265385e+00]
Device (GPU) time: 1.1197 seconds
Iters. done: 339 [Current cost: -20.999103298279703]
Current parameters: [ 3.19175488e+00  4.62001972e+00  3.09584479e+00  3.31336792e+00
  3.01774307e+00  1.71653978e+00  1.11714245e+00  1.90159658e+00
  2.27270688e+00  1.68357456e+00  2.51923731e+00  2.48698731e+00
  2.15429653e+00  5.13566146e-01  2.01706175e+00  3.84410158e+00
  8.48387121e-02  3.22189322e+00  4.73670827e-01  3.43997161e+00
  3.20136537e+00  1.29343308e-01  3.73463923e+00  1.90632962e+00
  1.52768461e+00  2.54321269e+00  1.74220883e+00  1.34606097e+00
  1.45319616e+00  5.61570693e-01  7.50584736e-01  1.64740706e+00
  2.94810316e-04  1.58809775e+00  2.35500735e+00  1.63139890e+00
  1.64924986e+00  2.94214134e+00  2.20274880e+00  1.97391374e+00
  1.48285467e+00  2.23974966e+00  9.05658774e-01  2.24658211e+00
  3.26147442e+00  8.59780427e-01  4.47885861e-01  2.02479166e+00
 -3.16112048e-01  4.50809749e-03  3.96874690e-01  6.58143406e-01
  1.49455680e+00  1.25482094e+00  3.57311501e-01  1.00380430e+00
  1.23574501e+00  1.43411540e+00  7.73514735e-01  1.55067516e+00
  3.40418185e+00  2.52575598e+00  3.62771909e+00  2.63006730e+00]
Device (GPU) time: 1.1348 seconds
Iters. done: 340 [Current cost: -20.84541718419727]
Current parameters: [ 3.1898019   4.62180925  3.09298356  3.33217589  3.0153329   1.70659284
  1.11387146  1.86333579  2.27555831  1.64735396  2.52814526  2.47612067
  2.15304162  0.50151055  2.01320687  3.84306136  0.09401088  3.22537562
  0.46373107  3.4440724   3.19043138  0.15077571  3.75084872  1.90275637
  1.51975042  2.57684555  1.70878565  1.36491299  1.45113162  0.54006829
  0.75083935  1.62082541 -0.00614169  1.58243445  2.3628986   1.67406737
  1.63645815  2.96975367  2.20456703  1.95879075  1.48097541  2.24228853
  0.89607721  2.2471655   3.21780296  0.86182269  0.44717929  2.01983777
 -0.3298819  -0.01027699  0.39503732  0.66392914  1.47872478  1.30588998
  0.34622483  1.00055939  1.19307398  1.43177955  0.7702798   1.56954611
  3.41173123  2.52077309  3.6390591   2.62833998]
Device (GPU) time: 1.0119 seconds
Iters. done: 341 [Current cost: -20.89828682080612]
Current parameters: [ 3.18884415  4.61891821  3.09597116  3.31103012  3.02001835  1.718825
  1.11849089  1.87113589  2.26914026  1.66418428  2.5291402   2.47572031
  2.155729    0.50675362  2.01783339  3.87011178  0.14619731  3.19328134
  0.45390446  3.46364917  3.20289202  0.12106356  3.71368762  1.90476918
  1.53417179  2.56341776  1.69457427  1.352887    1.45683115  0.5664912
  0.77210143  1.64268181  0.00561994  1.59302475  2.34311283  1.66613003
  1.64587783  2.99361294  2.19793778  1.96430678  1.47998169  2.21569784
  0.90844451  2.25584982  3.20091026  0.8524454   0.45443445  1.9481788
 -0.32127207 -0.02700801  0.4081689   0.65648213  1.48071217  1.30059236
  0.3500176   0.99963091  1.19701136  1.43527038  0.77433204  1.56914388
  3.40677403  2.53332521  3.63167958  2.63368629]
Device (GPU) time: 1.1588 seconds
Iters. done: 342 [Current cost: -20.860863041493754]
Current parameters: [ 3.18962675  4.62276862  3.1135342   3.30214005  3.01109693  1.71220597
  1.11848258  1.86091615  2.27561182  1.65791452  2.52825197  2.47410785
  2.15181128  0.49686114  2.01080912  3.84535785  0.08958169  3.22493727
  0.47300443  3.44397801  3.19526556  0.13004695  3.74696754  1.91033673
  1.57044368  2.56938863  1.70785449  1.32997523  1.44172922  0.55412389
  0.75106617  1.62388888 -0.00883936  1.57865823  2.37209144  1.65096906
  1.63355619  2.98861958  2.20182488  1.96689103  1.48393786  2.23940649
  0.91099797  2.24738863  3.21283569  0.86027021  0.45257413  2.02288566
 -0.32694688 -0.01578249  0.39931773  0.66128178  1.48092424  1.30393061
  0.34696671  1.00096212  1.19484167  1.43107307  0.77016906  1.56974948
  3.41104937  2.52506888  3.63694025  2.63034328]
Device (GPU) time: 1.1499 seconds
Iters. done: 343 [Current cost: -20.924253912326357]
Current parameters: [ 3.18998263e+00  4.63115039e+00  3.09168166e+00  3.32256384e+00
  3.01640052e+00  1.71034611e+00  1.11972119e+00  1.86601533e+00
  2.25829622e+00  1.66378749e+00  2.54843713e+00  2.47453810e+00
  2.14115925e+00  5.01395570e-01  2.00457601e+00  3.84336116e+00
  5.70411835e-02  3.19716584e+00  4.72354141e-01  3.44076377e+00
  3.21228869e+00  1.00808072e-01  3.74593543e+00  1.97596167e+00
  1.53541794e+00  2.54234774e+00  1.68608954e+00  1.32575722e+00
  1.45271610e+00  5.39896127e-01  7.45676521e-01  1.63166750e+00
 -2.01883576e-03  1.57827280e+00  2.36561397e+00  1.69878749e+00
  1.63964649e+00  2.93919624e+00  2.20464549e+00  1.96610068e+00
  1.49313084e+00  2.23344764e+00  8.86499994e-01  2.25251617e+00
  3.19634072e+00  8.43445344e-01  4.24418792e-01  2.01291210e+00
 -3.32374696e-01 -3.43235178e-02  3.81546157e-01  6.53663673e-01
  1.48335902e+00  1.30642982e+00  3.40399415e-01  9.96062930e-01
  1.20139365e+00  1.43439548e+00  7.67071882e-01  1.56523586e+00
  3.40420224e+00  2.53382070e+00  3.62533713e+00  2.63302330e+00]
Device (GPU) time: 1.0214 seconds
Iters. done: 344 [Current cost: -20.894194167099087]
Current parameters: [ 3.19168559e+00  4.62088452e+00  3.10448970e+00  3.31173002e+00
  3.00805248e+00  1.70635024e+00  1.11978492e+00  1.86361252e+00
  2.27026859e+00  1.65267928e+00  2.53290731e+00  2.47441904e+00
  2.15361388e+00  5.00072859e-01  2.00887379e+00  3.84219242e+00
  8.54246185e-02  3.21846529e+00  4.68275761e-01  3.44181651e+00
  3.19457065e+00  1.24832293e-01  3.74262462e+00  1.90942039e+00
  1.53176435e+00  2.57056518e+00  1.70756174e+00  1.34369161e+00
  1.45215504e+00  5.71026343e-01  7.61615357e-01  1.63470126e+00
 -3.89474253e-03  1.59216170e+00  2.35852199e+00  1.66847392e+00
  1.63927285e+00  2.97002906e+00  2.20690262e+00  1.97108623e+00
  1.48222180e+00  2.24177510e+00  8.99057741e-01  2.24804046e+00
  3.21441371e+00  8.25529526e-01  4.50713566e-01  2.02207629e+00
 -3.13262243e-01 -1.55355970e-02  3.97803260e-01  6.61211264e-01
  1.48222167e+00  1.30476523e+00  3.43308245e-01  1.00751420e+00
  1.20200132e+00  1.43446646e+00  7.91449484e-01  1.56853001e+00
  3.43469248e+00  2.52363857e+00  3.67187834e+00  2.62983439e+00]
Device (GPU) time: 1.1271 seconds
Iters. done: 345 [Current cost: -20.87633037847102]
Current parameters: [ 3.19046827  4.62139053  3.10196876  3.30667261  3.018164    1.71411539
  1.12119068  1.86621013  2.26795486  1.65669114  2.53407395  2.47904487
  2.143835    0.50227793  1.99914873  3.84652088  0.07000547  3.21448799
  0.47669724  3.43889149  3.20903321  0.12020801  3.73499     1.90831261
  1.52287637  2.55951148  1.70993017  1.34680367  1.45339377  0.56362603
  0.7671226   1.63131855 -0.0107013   1.59829086  2.35513686  1.6613238
  1.63696505  2.97472735  2.21037816  1.98050326  1.4735093   2.24482902
  0.9067771   2.25278082  3.1987274   0.94775185  0.45237444  2.0143173
 -0.36781884 -0.02900823  0.3932326   0.65299753  1.48208947  1.30839081
  0.34099195  1.00890208  1.21136468  1.43473801  0.79864606  1.5667249
  3.44263478  2.53605886  3.68184979  2.63583972]
Device (GPU) time: 1.1556 seconds
Iters. done: 346 [Current cost: -20.934552846749817]
Current parameters: [ 3.19010458  4.61807522  3.104731    3.31184447  3.0135365   1.7083847
  1.11829705  1.86397715  2.27048481  1.65468566  2.52979747  2.47524636
  2.15305975  0.50224224  2.00908988  3.84346097  0.08633734  3.23886955
  0.4677126   3.45869812  3.18267053  0.13128024  3.7379887   1.91366553
  1.53771357  2.56171729  1.73337379  1.34626686  1.45274723  0.56579559
  0.77329612  1.62697183  0.02307657  1.59151637  2.35991154  1.66134548
  1.64354445  2.95725717  2.20112476  1.97785672  1.4743797   2.24758147
  0.89896627  2.25331968  3.1924405   0.85864922  0.44713863  2.02110589
 -0.32701917 -0.03261482  0.39008743  0.66070871  1.48046199  1.30332021
  0.34728958  0.99959108  1.1837501   1.43611459  0.77640044  1.56811771
  3.40945787  2.52631701  3.63702058  2.63205733]
Device (GPU) time: 1.0894 seconds
Iters. done: 347 [Current cost: -20.959621945805967]
Current parameters: [ 3.20107896  4.60647989  3.09027928  3.30873226  3.0330902   1.71911503
  1.12032072  1.87127017  2.26344197  1.65234983  2.53173241  2.48738376
  2.16244617  0.50841813  2.02544053  3.83835122  0.09321061  3.20419801
  0.47456247  3.40795453  3.21644955  0.12085456  3.75304239  1.88652993
  1.53485781  2.56749154  1.72729665  1.35557387  1.45255418  0.57522814
  0.73825584  1.66468136 -0.02964363  1.58157245  2.35459447  1.65251984
  1.65696045  2.95031991  2.21174235  1.96594556  1.50934366  2.22302138
  0.90894288  2.23986296  3.16259683  0.86320799  0.45697336  2.04403414
 -0.32203472 -0.04804266  0.40852114  0.68084033  1.47679507  1.30718959
  0.35126883  1.00195198  1.16573229  1.44378816  0.77943074  1.57276324
  3.40848192  2.50251482  3.62926448  2.61650626]
Device (GPU) time: 1.0157 seconds
Iters. done: 348 [Current cost: -20.933338993679076]
Current parameters: [ 3.19325252e+00  4.60513218e+00  3.08973567e+00  3.32567374e+00
  3.01401267e+00  1.70215429e+00  1.12209326e+00  1.86838596e+00
  2.26546842e+00  1.63935471e+00  2.51684215e+00  2.48151034e+00
  2.16188200e+00  5.11791514e-01  2.00326164e+00  3.83951191e+00
  8.72513455e-02  3.22048163e+00  4.63341698e-01  3.43426424e+00
  3.19798851e+00  1.27642553e-01  3.73520722e+00  1.91635256e+00
  1.54501776e+00  2.54620507e+00  1.69403791e+00  1.35327620e+00
  1.45609144e+00  5.74923685e-01  7.63556550e-01  1.63805482e+00
  3.71214703e-03  1.58002127e+00  2.36989247e+00  1.67305960e+00
  1.63683403e+00  2.97897887e+00  2.20047114e+00  1.97480727e+00
  1.46271717e+00  2.24322622e+00  9.08305148e-01  2.24958171e+00
  3.21031569e+00  8.63102918e-01  4.59737517e-01  2.03277688e+00
 -3.21255470e-01 -1.58225367e-02  4.03083072e-01  6.61175118e-01
  1.47890261e+00  1.30361927e+00  3.51260259e-01  1.00077364e+00
  1.19874852e+00  1.44735482e+00  7.72607169e-01  1.56992618e+00
  3.41051291e+00  2.52610474e+00  3.63905919e+00  2.63269203e+00]
Device (GPU) time: 1.1091 seconds
Iters. done: 349 [Current cost: -20.865337744627308]
Current parameters: [ 3.20183095  4.63143586  3.12784908  3.28126847  3.02654988  1.70648382
  1.11653147  1.846313    2.27320439  1.67670751  2.49471333  2.47279946
  2.14612808  0.47359542  2.01531246  3.84904506  0.06786468  3.23005549
  0.46457448  3.45441866  3.1903773   0.12203137  3.7615297   1.87684606
  1.530321    2.5322116   1.67840241  1.35978115  1.45125826  0.58389456
  0.77488097  1.63907627 -0.02992599  1.59615139  2.34637388  1.68573071
  1.6343524   2.95651582  2.20707191  1.975428    1.45403852  2.2503168
  0.89087984  2.25164932  3.21299891  0.85860996  0.43265034  2.00895298
 -0.33502702 -0.01886865  0.38420474  0.68740839  1.48719032  1.30974922
  0.34245771  0.99871382  1.19886213  1.42977844  0.76282483  1.56711546
  3.40504486  2.49589275  3.62353368  2.61349091]
Device (GPU) time: 1.1053 seconds
Iters. done: 350 [Current cost: -20.94262099843469]
Current parameters: [ 3.21918356e+00  4.61790499e+00  3.10484967e+00  3.30959600e+00
  3.03229904e+00  1.70609701e+00  1.11624318e+00  1.86128004e+00
  2.27315831e+00  1.65634504e+00  2.53282570e+00  2.46728569e+00
  2.15846609e+00  5.05873653e-01  2.01922787e+00  3.84317089e+00
  8.51187900e-02  3.22027671e+00  4.63420437e-01  3.43904197e+00
  3.19955378e+00  1.27717427e-01  3.75852961e+00  1.91715822e+00
  1.52722868e+00  2.56973184e+00  1.70913772e+00  1.35339033e+00
  1.41947902e+00  5.75607316e-01  7.63119907e-01  1.63293631e+00
 -9.33593202e-04  1.59599603e+00  2.35627499e+00  1.66564155e+00
  1.64037528e+00  2.97576109e+00  2.20664644e+00  1.97417827e+00
  1.47875096e+00  2.24245552e+00  9.03877314e-01  2.25051386e+00
  3.21163772e+00  8.58165766e-01  4.52126650e-01  2.02190209e+00
 -3.27922339e-01 -1.73317662e-02  3.98470333e-01  6.35757436e-01
  1.47710067e+00  1.30446357e+00  3.46518464e-01  9.99311240e-01
  1.19809505e+00  1.44034454e+00  7.70431914e-01  1.56829690e+00
  3.40926921e+00  2.53128595e+00  3.63694354e+00  2.63453051e+00]
Device (GPU) time: 1.1054 seconds
Iters. done: 351 [Current cost: -20.89345516517971]
Current parameters: [ 3.17145511  4.61879835  3.11605143  3.31212011  2.99418225  1.71634874
  1.12032718  1.85969897  2.2907012   1.648003    2.50801047  2.46561569
  2.15617674  0.51238724  1.99592635  3.84931498  0.08748702  3.22586713
  0.47973538  3.43999184  3.20660574  0.13078197  3.69388972  1.89762995
  1.53973264  2.57896576  1.71208824  1.33535541  1.43510866  0.57282389
  0.76253256  1.63719882 -0.00744893  1.58731125  2.35837459  1.69970034
  1.64527219  2.95143737  2.21050129  1.97307479  1.49674896  2.23448849
  0.89007416  2.25024163  3.20886574  0.86833635  0.45291881  2.03004327
 -0.32547701 -0.01395969  0.39412528  0.59374064  1.47061089  1.30679071
  0.34722323  1.00201153  1.20007982  1.42928173  0.76268458  1.57135035
  3.41278553  2.47626441  3.63232715  2.60222583]
Device (GPU) time: 0.9977 seconds
Iters. done: 352 [Current cost: -20.927869651050095]
Current parameters: [ 3.19124177e+00  4.61617728e+00  3.10234435e+00  3.31268732e+00
  3.01285137e+00  1.70181707e+00  1.12073621e+00  1.86707083e+00
  2.26197261e+00  1.65787195e+00  2.54926168e+00  2.47265797e+00
  2.15227931e+00  5.02087458e-01  2.00503885e+00  3.84014536e+00
  8.25116582e-02  3.21503807e+00  4.65567529e-01  3.44121058e+00
  3.19572832e+00  1.22034820e-01  3.74485155e+00  1.92319878e+00
  1.52178019e+00  2.56792098e+00  1.70893856e+00  1.34575008e+00
  1.45334359e+00  5.61010180e-01  7.65335104e-01  1.62895422e+00
  1.89486408e-03  1.59620860e+00  2.35822468e+00  1.65182690e+00
  1.63898686e+00  2.98765065e+00  2.20405541e+00  1.97527035e+00
  1.47231664e+00  2.24677990e+00  9.09514176e-01  2.24933147e+00
  3.21183309e+00  8.59944681e-01  4.54265798e-01  2.01859145e+00
 -3.29004390e-01 -1.78565981e-02  4.00680911e-01  6.62362582e-01
  1.48078515e+00  1.30392622e+00  3.46535344e-01  9.98892884e-01
  1.19748974e+00  1.43843093e+00  7.70844637e-01  1.56810490e+00
  3.40808258e+00  2.48185009e+00  3.63727521e+00  2.61347598e+00]
Device (GPU) time: 1.2125 seconds
Iters. done: 353 [Current cost: -20.847596630621382]
Current parameters: [ 3.19501185  4.56301678  3.11718245  3.31560566  3.01643155  1.68234292
  1.08166036  1.86279146  2.26041238  1.65347398  2.53598213  2.48210638
  2.16558206  0.49372991  1.99458644  3.85698495  0.07901914  3.20735979
  0.51122231  3.45090576  3.20263445  0.12072911  3.74456166  1.90066686
  1.53323932  2.57679895  1.7122397   1.34485538  1.45505682  0.57250087
  0.76862596  1.62751932 -0.00557502  1.59199712  2.35572865  1.6738092
  1.64179244  2.96502419  2.19747476  1.96790603  1.48959717  2.24402286
  0.89419079  2.25076808  3.20524321  0.86322005  0.44613553  2.01922628
 -0.32323816 -0.00746559  0.4067831   0.66377967  1.49118755  1.30605557
  0.34730023  1.00381116  1.19974654  1.39441577  0.76180497  1.57418614
  3.41217237  2.50527975  3.62904151  2.69458165]
Device (GPU) time: 1.1448 seconds
Iters. done: 354 [Current cost: -20.857521542448996]
Current parameters: [ 3.19808329  4.6226951   3.101734    3.31998212  3.00964386  1.70595016
  1.11664701  1.85666065  2.26896537  1.6489116   2.50310562  2.4805677
  2.15042009  0.49624037  2.00045715  3.84431764  0.06804896  3.21127947
  0.46677303  3.44605062  3.20105976  0.11846113  3.73846188  1.92300311
  1.53164973  2.58743535  1.72133393  1.36031706  1.45777574  0.58107878
  0.7693026   1.63309695 -0.00564583  1.57738589  2.35989453  1.65280354
  1.63439302  2.97864264  2.21176145  1.96431933  1.49190816  2.24246881
  0.90262605  2.2519828   3.21060199  0.85731963  0.44758532  2.01274633
 -0.33166365 -0.01741769  0.39979191  0.66199951  1.48525039  1.30334846
  0.34309341  0.99908835  1.19750717  1.43607943  0.76818567  1.56889421
  3.41518763  2.52668417  3.63090874  2.62318015]
Device (GPU) time: 1.0999 seconds
Iters. done: 355 [Current cost: -20.933201473430113]
Current parameters: [ 3.18793654  4.63743978  3.11627285  3.30911361  3.00782062  1.71791079
  1.15125077  1.86038597  2.27074048  1.65595229  2.56032155  2.49075662
  2.15940805  0.47593377  1.99104245  3.83556866  0.09812046  3.22048432
  0.48035877  3.44075786  3.21394274  0.11110063  3.75322882  1.89653679
  1.53903443  2.57478429  1.69854041  1.35674712  1.44902449  0.57783094
  0.76987735  1.60687151  0.02311596  1.57864288  2.3417648   1.67908318
  1.66312636  2.95767588  2.19958021  1.97831832  1.49774894  2.25755599
  0.87570186  2.23801613  3.20879974  0.87513197  0.45178596  2.02807645
 -0.31819587  0.0140051   0.4393205   0.67010237  1.48601614  1.29935036
  0.34895679  1.0037979   1.20086857  1.45855542  0.77144305  1.5980761
  3.42671789  2.53799864  3.61142336  2.62320565]
Device (GPU) time: 1.0072 seconds
Iters. done: 356 [Current cost: -20.90191645787001]
Current parameters: [ 3.19385663  4.62515423  3.09852129  3.31258575  3.01232337  1.70496362
  1.12534422  1.86585216  2.25666363  1.65550487  2.54881935  2.4722946
  2.14594762  0.50336228  2.0059401   3.86141972  0.08020318  3.23347616
  0.46898112  3.44215933  3.21422517  0.15642507  3.73725459  1.9098444
  1.5367438   2.5698451   1.70738144  1.34254232  1.45381871  0.58836887
  0.76571589  1.63368431 -0.01055469  1.57234469  2.35039318  1.66756244
  1.63647178  2.97067263  2.20732023  1.97200883  1.48414828  2.24305403
  0.89917417  2.2511719   3.21157507  0.85824437  0.45139806  2.01973832
 -0.32882709 -0.01819112  0.39678316  0.66241203  1.48199566  1.30969516
  0.34670583  0.99724622  1.19773408  1.4384531   0.77020985  1.55133425
  3.40512809  2.5207151   3.6391875   2.63659829]
Device (GPU) time: 1.1240 seconds
Iters. done: 357 [Current cost: -20.866993576087346]
Current parameters: [ 3.18724021e+00  4.61965101e+00  3.11208563e+00  3.31064029e+00
  3.01352931e+00  1.72028972e+00  1.11728457e+00  1.86119388e+00
  2.27786785e+00  1.65340216e+00  2.52475224e+00  2.48241389e+00
  2.15713956e+00  4.95644878e-01  2.00984478e+00  3.83099246e+00
  9.29748799e-02  3.21045331e+00  4.70112421e-01  3.43652014e+00
  3.18860831e+00  1.02500511e-01  3.74592446e+00  1.90387167e+00
  1.53017510e+00  2.57435766e+00  1.70881379e+00  1.35219317e+00
  1.45227634e+00  5.57293979e-01  7.65875828e-01  1.62955683e+00
  8.62723538e-03  1.59654685e+00  2.36170018e+00  1.67409353e+00
  1.64326309e+00  2.97347784e+00  2.18854838e+00  1.97912469e+00
  1.49257835e+00  2.24166649e+00  9.00021002e-01  2.24520421e+00
  3.20400948e+00  8.66271417e-01  4.60015066e-01  2.02923319e+00
 -3.16887979e-01 -2.04183734e-03  3.99824116e-01  6.62706396e-01
  1.48688050e+00  1.34446831e+00  3.57788218e-01  9.89018904e-01
  1.19866703e+00  1.43951510e+00  7.65873105e-01  1.46554017e+00
  3.41978806e+00  2.52662516e+00  3.63146889e+00  2.63134193e+00]
Device (GPU) time: 1.1059 seconds
Iters. done: 358 [Current cost: -20.977227443394778]
Current parameters: [ 3.19377766  4.60833933  3.09945047  3.30964679  3.01464231  1.69166583
  1.12141137  1.86390474  2.26639006  1.65283391  2.53393384  2.47581927
  2.15359665  0.50270464  2.0062905   3.85310921  0.08295858  3.21914777
  0.48387384  3.44439008  3.19963192  0.13216027  3.74234983  1.90836059
  1.53048505  2.56897152  1.70952876  1.34210273  1.4511176   0.57056112
  0.76411216  1.63498541 -0.00617865  1.60578469  2.37310535  1.66888268
  1.64455645  2.97082784  2.19354527  1.96476987  1.48090421  2.24204292
  0.90046768  2.24838207  3.20386264  0.86230153  0.44551787  2.01991448
 -0.32292218 -0.00880741  0.40511788  0.66105661  1.48896062  1.30466799
  0.34846013  0.99941804  1.19674222  1.42306013  0.76755237  1.56592192
  3.3983795   2.54245268  3.64588011  2.5939202 ]
Device (GPU) time: 1.0145 seconds
Iters. done: 359 [Current cost: -20.96685561962563]
Current parameters: [ 3.18834823  4.61680289  3.11992034  3.3233668   3.01185929  1.74678584
  1.08443803  1.87281192  2.25581176  1.6616603   2.54868207  2.47542248
  2.14568812  0.50286692  2.00700466  3.84445739  0.07051372  3.23328839
  0.44752803  3.43464529  3.20508098  0.13766895  3.72749712  1.89620894
  1.53333003  2.57753924  1.70740524  1.34709445  1.46294717  0.57784818
  0.77165353  1.63672858 -0.01045666  1.64635679  2.41564071  1.67813317
  1.64211195  2.98047053  2.21459247  1.97537755  1.48883694  2.23749509
  0.90422853  2.23914062  3.21076771  0.85558899  0.44702617  2.02227446
 -0.33066095 -0.02354614  0.38717839  0.66789253  1.47937214  1.3058295
  0.34510172  1.00332785  1.20073952  1.44805335  0.76381008  1.57599727
  3.44477975  2.53964631  3.597446    2.63033547]
Device (GPU) time: 1.1130 seconds
Iters. done: 360 [Current cost: -21.00445543006658]
Current parameters: [ 3.18992948  4.61798287  3.10880087  3.30936418  3.01247766  1.7104042
  1.11679926  1.86348548  2.2671545   1.64902744  2.53291495  2.47345815
  2.14669814  0.50648292  2.01091905  3.8397546   0.0906656   3.21802114
  0.46916534  3.4421837   3.19630718  0.12637396  3.74433003  1.91554723
  1.54158002  2.57193695  1.71817752  1.34671222  1.45462282  0.57247072
  0.75992948  1.63323572 -0.00471339  1.5945169   2.36252145  1.6738238
  1.65978135  2.9687545   2.23593789  1.95240956  1.45847373  2.24135117
  0.90243976  2.25479862  3.21571857  0.86000265  0.43453993  2.02342299
 -0.33344935 -0.01956071  0.42201957  0.66147156  1.47076001  1.30940528
  0.35351411  1.00144223  1.20111456  1.43104509  0.77286651  1.5594694
  3.4091744   2.52211126  3.63778719  2.63116419]
Device (GPU) time: 1.1133 seconds
Iters. done: 361 [Current cost: -20.947314695270045]
Current parameters: [ 3.18468289e+00  4.62236168e+00  3.11388136e+00  3.30766613e+00
  3.01348780e+00  1.71666014e+00  1.12323142e+00  1.86268705e+00
  2.27524952e+00  1.64914697e+00  2.52748888e+00  2.47923337e+00
  2.14595594e+00  5.03411734e-01  2.01172618e+00  3.84690671e+00
  9.03301492e-02  3.21492415e+00  4.77884894e-01  3.42641041e+00
  3.19639900e+00  1.21108397e-01  3.74580385e+00  1.90449894e+00
  1.52318461e+00  2.57777697e+00  1.71643860e+00  1.33944276e+00
  1.45722703e+00  5.71220767e-01  7.74113337e-01  1.63736716e+00
  1.24968313e-03  1.59234451e+00  2.36000844e+00  1.68037825e+00
  1.65019475e+00  2.97246124e+00  2.15626285e+00  1.96133826e+00
  1.47973850e+00  2.24403685e+00  9.02882767e-01  2.25258365e+00
  3.26041208e+00  8.61366119e-01  4.57001820e-01  2.03632496e+00
 -3.32623257e-01 -8.05432504e-02  4.19593200e-01  6.67849833e-01
  1.45651272e+00  1.30746736e+00  2.92891278e-01  9.79536513e-01
  1.19661228e+00  1.42997057e+00  7.52925784e-01  1.56970174e+00
  3.40883936e+00  2.53230099e+00  3.63964972e+00  2.63149540e+00]
Device (GPU) time: 1.1358 seconds
Iters. done: 362 [Current cost: -20.940211774444297]
Current parameters: [ 3.18937493e+00  4.61912046e+00  3.11322825e+00  3.30941924e+00
  3.01003863e+00  1.70623502e+00  1.12037318e+00  1.86076025e+00
  2.26879650e+00  1.64651556e+00  2.53229191e+00  2.47548738e+00
  2.14783828e+00  5.02213641e-01  2.00512432e+00  3.84653127e+00
  9.04247131e-02  3.21689701e+00  4.66925310e-01  3.43450495e+00
  3.19041511e+00  1.26880097e-01  3.75078139e+00  1.91174123e+00
  1.52859895e+00  2.57105989e+00  1.71579444e+00  1.34307090e+00
  1.45368649e+00  5.73594922e-01  7.65096971e-01  1.64161919e+00
 -4.05998555e-03  1.58895827e+00  2.36364639e+00  1.67399352e+00
  1.63112059e+00  2.96842385e+00  2.18458708e+00  1.97179201e+00
  1.48713497e+00  2.23779486e+00  9.04574839e-01  2.25509217e+00
  3.21295844e+00  8.54640177e-01  4.49713543e-01  2.02155679e+00
 -3.48402547e-01 -1.32883742e-02  3.96437130e-01  6.63989108e-01
  1.45690714e+00  1.30557987e+00  3.74117502e-01  1.01232016e+00
  1.20773377e+00  1.43403707e+00  7.88441081e-01  1.57123178e+00
  3.40587329e+00  2.52331012e+00  3.62800330e+00  2.63014352e+00]
Device (GPU) time: 0.9939 seconds
Iters. done: 363 [Current cost: -20.954893778462605]
Current parameters: [ 3.19273261  4.61541784  3.10483044  3.30206116  3.00789824  1.71275642
  1.11796412  1.86882447  2.26894237  1.64282715  2.52043561  2.47370838
  2.13058885  0.51700444  2.02136831  3.8372778   0.08051469  3.21454244
  0.46233434  3.43913159  3.19398176  0.13359805  3.75809825  1.89905092
  1.51441834  2.57757456  1.72275174  1.33056838  1.45804291  0.5617113
  0.75806068  1.62981989 -0.00536927  1.56420322  2.38334818  1.68451941
  1.64577375  2.97832033  2.21099769  2.05967873  1.48086628  2.21698322
  0.91048249  2.26848051  3.20771368  0.8621239   0.42053191  2.00934632
 -0.31834014 -0.0085631   0.42778017  0.66361425  1.48573665  1.30511317
  0.34007275  1.00053788  1.19456337  1.42684026  0.753475    1.57304333
  3.41254857  2.52631027  3.64144799  2.62871732]
Device (GPU) time: 1.6675 seconds
Iters. done: 364 [Current cost: -20.976812679160187]
Current parameters: [ 3.19495902  4.62239108  3.10515068  3.31745534  3.01032373  1.70466688
  1.11624539  1.86418252  2.28252331  1.65221267  2.53284904  2.45468991
  2.15624362  0.51642469  2.00179293  3.86460096  0.07585506  3.2025069
  0.48277789  3.42630294  3.18738972  0.1278958   3.75324164  1.89355907
  1.54170904  2.56932691  1.70937381  1.34368656  1.4634381   0.56587066
  0.7602709   1.63246192  0.01190461  1.59621832  2.35720054  1.66712502
  1.63638559  2.96960124  2.21464349  1.9729878   1.48067119  2.24158128
  0.90037998  2.2515902   3.21237249  0.85816122  0.44725303  2.01581787
 -0.33123188 -0.01916476  0.39368595  0.66159779  1.48449141  1.3043924
  0.34370392  0.99941555  1.19810539  1.45688628  0.76818554  1.56705025
  3.40958032  2.52347701  3.63585662  2.6300548 ]
Device (GPU) time: 1.1095 seconds
Iters. done: 365 [Current cost: -20.913550156271675]
Current parameters: [ 3.19618855e+00  4.61503489e+00  3.10127557e+00  3.29883989e+00
  3.00411654e+00  1.71433907e+00  1.11210785e+00  1.87028182e+00
  2.23715517e+00  1.63915982e+00  2.52947815e+00  2.50578375e+00
  2.11225044e+00  4.93907456e-01  2.02351926e+00  3.82030277e+00
  7.85188438e-02  3.18411431e+00  4.88447349e-01  3.45830267e+00
  3.21628227e+00  1.36396604e-01  3.74292690e+00  1.88445748e+00
  1.53832843e+00  2.58201680e+00  1.72900804e+00  1.33158984e+00
  1.42835400e+00  5.59286435e-01  7.70715926e-01  1.64232469e+00
  1.97439059e-02  1.59117389e+00  2.34950820e+00  1.68658630e+00
  1.63248786e+00  2.97362715e+00  2.19642229e+00  1.94882569e+00
  1.45575474e+00  2.22210868e+00  9.11533000e-01  2.26787549e+00
  3.21046555e+00  8.59760185e-01  4.51775867e-01  2.02888338e+00
 -3.23444614e-01 -1.23190976e-04  3.63912082e-01  6.63535249e-01
  1.48203416e+00  1.30683395e+00  3.44533606e-01  1.00349507e+00
  1.19418680e+00  1.46966298e+00  7.51560776e-01  1.57447230e+00
  3.41593497e+00  2.52329296e+00  3.64101967e+00  2.62581296e+00]
Device (GPU) time: 1.1138 seconds
Iters. done: 366 [Current cost: -20.892205616221055]
Current parameters: [ 3.19047623  4.62612655  3.10481119  3.31750873  3.01993778  1.71066174
  1.12046063  1.86389746  2.26574124  1.65625219  2.53155414  2.47865548
  2.16614749  0.49752145  1.99952145  3.82039728  0.08331691  3.19881912
  0.47706237  3.44935205  3.1824296   0.14701247  3.72886393  1.90795137
  1.53617853  2.57842833  1.70321878  1.34110989  1.44846844  0.57922397
  0.74278784  1.63807163 -0.00665708  1.59848917  2.3548566   1.66688594
  1.64571493  2.97362261  2.20095222  1.98467132  1.47733424  2.25431932
  0.90304644  2.24651003  3.21072271  0.85985009  0.43931511  2.01880333
 -0.32985351 -0.02428974  0.39443338  0.66224399  1.47918964  1.30356379
  0.34676572  0.9972643   1.19877176  1.43666448  0.77460381  1.56634111
  3.40545168  2.52631353  3.63490877  2.63255283]
Device (GPU) time: 1.0226 seconds
Iters. done: 367 [Current cost: -20.887095618528928]
Current parameters: [ 3.19153459e+00  4.64568369e+00  3.10873639e+00  3.30216567e+00
  3.02670928e+00  1.73689838e+00  1.12410553e+00  1.87003834e+00
  2.23638007e+00  1.63635468e+00  2.52203267e+00  2.47079308e+00
  2.18250446e+00  5.23901613e-01  1.99324284e+00  3.85857483e+00
  8.18074059e-02  3.22651893e+00  4.69485244e-01  3.43960417e+00
  3.19987782e+00  1.17394509e-01  3.75314394e+00  1.91972452e+00
  1.54489545e+00  2.56754424e+00  1.72947787e+00  1.36403042e+00
  1.47145069e+00  5.82124932e-01  7.31072002e-01  1.59265089e+00
 -7.19990827e-03  1.61800625e+00  2.33120846e+00  1.68435945e+00
  1.64344039e+00  2.97569993e+00  2.18896696e+00  1.97439848e+00
  1.47021317e+00  2.20745500e+00  9.15832286e-01  2.27195615e+00
  3.20910778e+00  8.59734228e-01  4.61013064e-01  2.03285274e+00
 -3.23339828e-01 -2.41224360e-03  3.82181527e-01  6.63455839e-01
  1.48169473e+00  1.30548345e+00  3.45027222e-01  1.00432701e+00
  1.19540675e+00  1.40480976e+00  7.54316122e-01  1.57367846e+00
  3.41644013e+00  2.52206305e+00  3.64139846e+00  2.62598807e+00]
Device (GPU) time: 1.1443 seconds
Iters. done: 368 [Current cost: -20.89562137123041]
Current parameters: [ 3.18962307e+00  4.63014204e+00  3.10572439e+00  3.31054521e+00
  3.00129561e+00  1.69657609e+00  1.11161477e+00  1.89061551e+00
  2.26150288e+00  1.63746396e+00  2.53087596e+00  2.45639108e+00
  2.16492991e+00  4.74083028e-01  2.02543404e+00  3.84201163e+00
  9.09610708e-02  3.22237472e+00  4.74011152e-01  3.43765961e+00
  3.19581642e+00  1.22529269e-01  3.73892704e+00  1.91218986e+00
  1.53294651e+00  2.56737814e+00  1.71037231e+00  1.34870744e+00
  1.45093729e+00  5.70599598e-01  7.62207909e-01  1.63982066e+00
 -3.44800929e-03  1.59200524e+00  2.36197056e+00  1.67255848e+00
  1.63803713e+00  2.97125941e+00  2.20924053e+00  1.97393042e+00
  1.48416532e+00  2.24212112e+00  9.06574314e-01  2.25067663e+00
  3.20515116e+00  8.61476085e-01  4.51303689e-01  2.02146817e+00
 -3.36652240e-01 -1.21774094e-02  3.97694080e-01  6.62043187e-01
  1.47328316e+00  1.29431220e+00  3.38907231e-01  9.95541892e-01
  1.19596751e+00  1.43665515e+00  7.60626265e-01  1.56472232e+00
  3.41436499e+00  2.52498680e+00  3.63955869e+00  2.63138075e+00]
Device (GPU) time: 1.1056 seconds
Iters. done: 369 [Current cost: -21.015604119538292]
Current parameters: [ 3.18430190e+00  4.68809515e+00  3.09219591e+00  3.30448547e+00
  3.03200853e+00  1.65185220e+00  1.06996548e+00  1.85434968e+00
  2.27030247e+00  1.66068562e+00  2.53181683e+00  2.50118820e+00
  2.14686783e+00  5.25531305e-01  2.01492370e+00  3.84766210e+00
  8.63326741e-02  3.22806279e+00  4.91181130e-01  3.43966960e+00
  3.20630278e+00  1.15721575e-01  3.72216615e+00  1.90114807e+00
  1.53202264e+00  2.56908611e+00  1.71078589e+00  1.35023652e+00
  1.44864529e+00  5.57674059e-01  7.66707506e-01  1.63226077e+00
 -6.16334228e-04  1.59311564e+00  2.35905987e+00  1.68099108e+00
  1.64485266e+00  2.98282719e+00  2.20989536e+00  1.98274904e+00
  1.48132305e+00  2.24676126e+00  9.20788314e-01  2.25322843e+00
  3.20914598e+00  8.56608313e-01  4.61149868e-01  2.03427975e+00
 -3.20906014e-01 -2.55315013e-02  4.09849420e-01  6.64268944e-01
  1.47916459e+00  1.30825926e+00  3.55449965e-01  9.99321669e-01
  1.20013866e+00  1.43395249e+00  7.84799426e-01  1.57044398e+00
  3.42001069e+00  2.52678684e+00  3.61944382e+00  2.63085491e+00]
Device (GPU) time: 1.0685 seconds
Iters. done: 370 [Current cost: -20.904942913101134]
Current parameters: [ 3.18752574  4.61614463  3.10816284  3.31033818  3.01411946  1.70216509
  1.1194868   1.86046381  2.23460472  1.6532231   2.51438628  2.45855133
  2.14245724  0.5105415   2.00369504  3.84290401  0.0881149   3.22421959
  0.46546865  3.44038578  3.19371119  0.1236011   3.74169751  1.90566185
  1.53008584  2.56338474  1.71882982  1.33873884  1.44663965  0.55724898
  0.75642841  1.63651633 -0.00462426  1.59548897  2.3509816   1.67471997
  1.64508397  2.98699226  2.20776387  1.9731705   1.4911933   2.24727347
  0.88487438  2.23013068  3.21381745  0.86154611  0.45312621  2.02241175
 -0.32578301 -0.02032096  0.40232706  0.66126268  1.48371077  1.30399192
  0.34836944  0.99944004  1.19822158  1.44235575  0.77448721  1.56852585
  3.40844249  2.5266594   3.63574762  2.63281845]
Device (GPU) time: 1.1609 seconds
Iters. done: 371 [Current cost: -20.92026479078662]
Current parameters: [ 3.1938515   4.61704315  3.10641852  3.31263602  3.01141587  1.71664927
  1.12604697  1.86494085  2.26936991  1.64488541  2.5353544   2.48515717
  2.15178773  0.49772152  1.99708041  3.84373559  0.0913731   3.22912329
  0.48434562  3.43298853  3.20336319  0.10677558  3.7314915   1.91336143
  1.52745787  2.5628364   1.71418457  1.34186088  1.44766827  0.56668698
  0.76374734  1.64366968 -0.01407967  1.60529946  2.36269758  1.67789865
  1.62758358  2.96818184  2.22386517  1.98245584  1.48463095  2.24604339
  0.91440928  2.26150055  3.25969051  0.86208867  0.44814605  2.01150069
 -0.33685325  0.00669451  0.38928407  0.66121007  1.48954731  1.30670155
  0.33809722  0.99588358  1.1114855   1.43684366  0.80783068  1.56581365
  3.39226447  2.53083935  3.63062809  2.63477637]
Device (GPU) time: 1.1113 seconds
Iters. done: 372 [Current cost: -20.884487903291188]
Current parameters: [ 3.19283197e+00  4.61859115e+00  3.10605295e+00  3.31128567e+00
  3.01220185e+00  1.71147854e+00  1.11618752e+00  1.86462239e+00
  2.27008301e+00  1.65174141e+00  2.53014027e+00  2.47321527e+00
  2.14538913e+00  5.07663942e-01  2.01302010e+00  3.84224079e+00
  8.77307581e-02  3.21717042e+00  4.68679755e-01  3.44024349e+00
  3.19474783e+00  1.29531434e-01  3.74395201e+00  1.91036325e+00
  1.53487079e+00  2.57214374e+00  1.71125367e+00  1.34603897e+00
  1.45508662e+00  5.70435910e-01  7.63444694e-01  1.63551024e+00
 -1.96414083e-03  1.59025428e+00  2.36062768e+00  1.67125825e+00
  1.64162167e+00  2.97293454e+00  2.20559567e+00  1.97134662e+00
  1.47569259e+00  2.23583565e+00  9.02754102e-01  2.24732993e+00
  3.19721926e+00  8.61083113e-01  4.54938854e-01  2.02643196e+00
 -3.25759912e-01  1.48381270e-03  3.94098954e-01  6.61612247e-01
  1.47809771e+00  1.30503394e+00  3.11451305e-01  9.85559537e-01
  1.21172922e+00  1.42889480e+00  8.02942543e-01  1.56837895e+00
  3.40016868e+00  2.52194481e+00  3.62325423e+00  2.63035007e+00]
Device (GPU) time: 1.1169 seconds
Iters. done: 373 [Current cost: -20.929282938167194]
Current parameters: [ 3.25664206  4.6232794   3.08418791  3.30409803  2.96206765  1.73863988
  1.1143529   1.87516631  2.27277412  1.65403378  2.53295718  2.48550408
  2.15661852  0.51478143  1.99213499  3.84446034  0.09109056  3.24147913
  0.48796581  3.44525894  3.18562377  0.11421808  3.72452694  1.89830148
  1.52647407  2.57287069  1.70261557  1.34493119  1.44694531  0.54461437
  0.77113041  1.6380062  -0.01484341  1.58754874  2.34818627  1.68175957
  1.65950467  2.98675011  2.20360591  1.97451677  1.4822705   2.25078404
  0.91424032  2.24737099  3.1982693   0.84007068  0.44789168  2.03545286
 -0.36701522 -0.02508688  0.40114061  0.67144479  1.50118972  1.30430531
  0.3521547   0.99430834  1.21138459  1.43021532  0.7654083   1.56927367
  3.40042156  2.52771398  3.63687352  2.62962141]
Device (GPU) time: 1.0286 seconds
Iters. done: 374 [Current cost: -20.8701286551948]
Current parameters: [ 3.19289866  4.62013181  3.10041356  3.31880418  3.01473494  1.72405216
  1.11715745  1.85735672  2.26548099  1.66022423  2.52551924  2.46878155
  2.13921336  0.50648826  2.02168435  3.84203886  0.09081824  3.21361275
  0.47866433  3.43691081  3.20001454  0.1316479   3.74605235  1.91167121
  1.53469764  2.55791002  1.71262203  1.3467457   1.45625578  0.57359595
  0.7614939   1.63427903  0.0054614   1.5914633   2.36081342  1.68007058
  1.64281733  2.9758334   2.20825945  1.96974699  1.49714623  2.27736664
  0.9204405   2.26356859  3.20733412  0.86038758  0.45791127  2.01859029
 -0.32383149 -0.01050897  0.39830223  0.66290504  1.47670307  1.30343851
  0.34650576  1.00127172  1.19774894  1.42275804  0.76571684  1.57036076
  3.41400571  2.52064235  3.64062802  2.62744842]
Device (GPU) time: 1.1362 seconds
Iters. done: 375 [Current cost: -20.850336601384143]
Current parameters: [ 3.18854123e+00  4.61607865e+00  3.08593345e+00  3.30317565e+00
  3.02247721e+00  1.72264951e+00  1.12567251e+00  1.87944392e+00
  2.27839481e+00  1.66254814e+00  2.53572110e+00  2.47448350e+00
  2.14243669e+00  5.13247757e-01  2.03009257e+00  3.83383601e+00
  7.84292744e-02  3.22348391e+00  4.70459943e-01  3.44755319e+00
  3.18959452e+00  1.21090442e-01  3.72374888e+00  1.90946143e+00
  1.54782827e+00  2.58125342e+00  1.70116965e+00  1.35575074e+00
  1.46206656e+00  5.59426829e-01  7.84537443e-01  1.64191512e+00
  9.56609354e-04  1.61958336e+00  2.32646952e+00  1.66985636e+00
  1.56314080e+00  2.97650362e+00  2.21500052e+00  1.97432344e+00
  1.49153976e+00  2.23323529e+00  8.91132798e-01  2.23824845e+00
  3.20474995e+00  8.64582881e-01  4.19100606e-01  2.05058603e+00
 -3.18592678e-01 -1.52648145e-02  4.28809586e-01  6.65920515e-01
  1.46277634e+00  1.30607337e+00  3.50834083e-01  9.97158477e-01
  1.19732449e+00  1.42223037e+00  7.59732080e-01  1.57271914e+00
  3.40317677e+00  2.53150142e+00  3.63895072e+00  2.63117684e+00]
Device (GPU) time: 1.1244 seconds
Iters. done: 376 [Current cost: -20.83530320281948]
Current parameters: [ 3.19050595  4.61458828  3.09826313  3.30627394  3.03958203  1.70973931
  1.11848844  1.88006665  2.27508447  1.65091577  2.53122228  2.46580169
  2.13575203  0.49175033  1.98029459  3.84668309  0.07980959  3.22338444
  0.4651099   3.44847037  3.19112834  0.12487995  3.73431519  1.90269562
  1.53199277  2.5693782   1.70482172  1.34889721  1.4495905   0.55925441
  0.76322537  1.63667083 -0.00545657  1.59087645  2.35795516  1.67071274
  1.65082728  2.98026076  2.20646136  1.96892758  1.49193341  2.24006877
  0.90807082  2.27282096  3.20678933  0.8547619   0.44973937  2.0324209
 -0.3253428  -0.01431929  0.40085309  0.66308363  1.47288507  1.29897251
  0.34514819  0.99555067  1.19853293  1.4403435   0.77093609  1.56651722
  3.40995147  2.52518327  3.63885023  2.63143057]
Device (GPU) time: 1.1069 seconds
Iters. done: 377 [Current cost: -20.850369104655886]
Current parameters: [ 3.18497357  4.60978131  3.10983404  3.31381035  2.97071712  1.67995099
  1.13546795  1.84846803  2.2619437   1.68049633  2.53290628  2.47266997
  2.17900778  0.50925901  2.0395743   3.82684468  0.07435241  3.22296856
  0.44046231  3.44588241  3.19339681  0.12222727  3.74001808  1.89770552
  1.5287136   2.57552727  1.69262989  1.34014697  1.45912809  0.5602805
  0.76944614  1.63161946 -0.01029102  1.6051653   2.35384877  1.6604018
  1.65899105  2.97505915  2.21755259  1.96624795  1.50681939  2.22421099
  0.89534751  2.31395828  3.21786086  0.8766092   0.4558244   2.03926171
 -0.31290317 -0.0261387   0.38454571  0.66318318  1.48073715  1.31436149
  0.35066063  1.00102988  1.20138385  1.43919459  0.77404815  1.57525353
  3.39879299  2.5386216   3.62982374  2.63841747]
Device (GPU) time: 1.0166 seconds
Iters. done: 378 [Current cost: -20.886856972507672]
Current parameters: [ 3.17750970e+00  4.61581397e+00  3.12017310e+00  3.32186355e+00
  3.02343036e+00  1.70083028e+00  1.12912338e+00  1.87455385e+00
  2.26987394e+00  1.67293444e+00  2.52436771e+00  2.48826338e+00
  2.15350716e+00  5.12557320e-01  2.01365882e+00  3.84369076e+00
  8.74204088e-02  3.22134694e+00  4.67406231e-01  3.43965179e+00
  3.20027184e+00  1.29758231e-01  3.74206917e+00  1.91033533e+00
  1.53259818e+00  2.57025144e+00  1.70779233e+00  1.34606806e+00
  1.45285507e+00  5.67323778e-01  7.63246808e-01  1.63763384e+00
  1.74350901e-03  1.59361770e+00  2.35683587e+00  1.67082328e+00
  1.64305970e+00  2.97643864e+00  2.20753975e+00  1.97371200e+00
  1.48177305e+00  2.23920584e+00  9.06174273e-01  2.24910636e+00
  3.20348704e+00  8.44421488e-01  4.53693077e-01  2.02945265e+00
 -3.61919460e-01 -6.52731263e-03  4.01224606e-01  6.58817539e-01
  1.48878538e+00  1.30949951e+00  3.38560888e-01  9.96225056e-01
  1.19251841e+00  1.43738003e+00  7.58990647e-01  1.57029640e+00
  3.41367245e+00  2.52607618e+00  3.64351270e+00  2.63255819e+00]
Device (GPU) time: 1.2723 seconds
Iters. done: 379 [Current cost: -20.978128887236803]
Current parameters: [ 3.16664253e+00  4.61529928e+00  3.07580950e+00  3.29457337e+00
  3.03415582e+00  1.72298651e+00  1.11138199e+00  1.84545937e+00
  2.27557961e+00  1.62873955e+00  2.54362381e+00  2.44465005e+00
  2.13860963e+00  4.88428835e-01  2.04523024e+00  3.83026131e+00
  7.73837893e-02  3.20583677e+00  4.64647363e-01  3.44404814e+00
  3.19611624e+00  1.20256114e-01  3.73116093e+00  1.90062866e+00
  1.54055027e+00  2.57907384e+00  1.70143176e+00  1.35423813e+00
  1.46284797e+00  5.76349759e-01  7.72057206e-01  1.62327437e+00
  3.74276322e-03  1.58525277e+00  2.36293543e+00  1.66873672e+00
  1.65211395e+00  2.97138784e+00  2.19978908e+00  1.97737563e+00
  1.47536166e+00  2.23149413e+00  8.89547574e-01  2.24828900e+00
  3.22544321e+00  8.47909352e-01  4.73161859e-01  2.04052995e+00
 -3.63409757e-01 -3.03655677e-02  3.99093444e-01  6.50483659e-01
  1.54207458e+00  1.29640784e+00  3.64096121e-01  1.00824983e+00
  1.19902035e+00  1.41822460e+00  7.82804496e-01  1.57042179e+00
  3.40089291e+00  2.52756186e+00  3.62818178e+00  2.62904856e+00]
Device (GPU) time: 1.1356 seconds
Iters. done: 380 [Current cost: -20.920767412083478]
Current parameters: [ 3.19428817  4.62077398  3.10577814  3.31325922  3.01392389  1.70184019
  1.11887192  1.86445323  2.27951101  1.65034952  2.53328125  2.45786513
  2.15239799  0.51530321  1.99488026  3.81201768  0.09974839  3.22926745
  0.47415875  3.45505989  3.22479944  0.12211971  3.75405622  1.90468942
  1.53442886  2.56915733  1.7140476   1.3454715   1.46418473  0.56940513
  0.76256928  1.63815919 -0.00861422  1.59445151  2.36249529  1.67017828
  1.63032836  2.96936923  2.20469446  1.97066467  1.48188642  2.24132352
  0.90376726  2.2522647   3.21080918  0.85823973  0.4512398   2.01677198
 -0.32984332 -0.02172346  0.3930294   0.661302    1.48656288  1.30460415
  0.34380862  1.00063118  1.2022854   1.43778056  0.76644116  1.56731444
  3.40955639  2.52423021  3.63634325  2.6309235 ]
Device (GPU) time: 1.1429 seconds
Iters. done: 381 [Current cost: -20.83407009050504]
Current parameters: [ 3.19799021e+00  4.62042488e+00  3.09707537e+00  3.32310808e+00
  3.01232121e+00  1.69576508e+00  1.12675139e+00  1.85340388e+00
  2.26482729e+00  1.65593743e+00  2.52237995e+00  2.49423820e+00
  2.11599367e+00  4.72723431e-01  1.98929204e+00  3.82835808e+00
  1.23955866e-01  3.23568563e+00  4.81450537e-01  3.37375883e+00
  3.18011182e+00  1.30143528e-01  3.73512458e+00  1.91464536e+00
  1.53338981e+00  2.57115699e+00  1.70696621e+00  1.33863951e+00
  1.44334589e+00  5.78099874e-01  7.60502317e-01  1.61418112e+00
  3.06840522e-03  1.61328485e+00  2.35943359e+00  1.65436484e+00
  1.62379480e+00  2.95939569e+00  2.23064604e+00  1.98340136e+00
  1.47577270e+00  2.22436088e+00  8.86542801e-01  2.26529793e+00
  3.20462425e+00  8.56187987e-01  4.63948139e-01  2.01295054e+00
 -3.29154102e-01 -3.20038742e-02  3.83379743e-01  6.62072785e-01
  1.49250590e+00  1.30531847e+00  3.41342269e-01  1.00517765e+00
  1.21523081e+00  1.41930398e+00  7.55044499e-01  1.56758428e+00
  3.40416376e+00  2.52783059e+00  3.63430139e+00  2.63154294e+00]
Device (GPU) time: 1.0276 seconds
Iters. done: 382 [Current cost: -20.979344939667513]
Current parameters: [ 3.19551997  4.62174711  3.10628097  3.30166265  3.01259462  1.70037656
  1.12182563  1.87533177  2.26928896  1.63355771  2.53667527  2.48726098
  2.15345483  0.5127155   2.00280027  3.83871485  0.07484256  3.21377322
  0.44137558  3.42969815  3.20446259  0.12514767  3.74036183  1.89276643
  1.54042521  2.56768049  1.70623329  1.34379443  1.44643232  0.56375305
  0.76272974  1.63579362  0.01241517  1.59205918  2.35724525  1.66734166
  1.64073305  2.96976126  2.20960163  1.96838708  1.48779695  2.25419929
  0.90093876  2.24605075  3.21261637  0.85856347  0.44510036  2.01167166
 -0.33111578 -0.01859234  0.39198306  0.66174197  1.48230755  1.30468765
  0.34402671  0.99820497  1.19696027  1.41117886  0.76831106  1.56703906
  3.4093673   2.52354938  3.63619942  2.62995646]
Device (GPU) time: 1.1149 seconds
Iters. done: 383 [Current cost: -20.912115601391072]
Current parameters: [ 3.18467561  4.61184981  3.13063672  3.29197867  3.01867563  1.71463659
  1.1101635   1.88773777  2.27998694  1.59849113  2.52410731  2.50480042
  2.13582806  0.53690488  2.03502386  3.84530927  0.09217387  3.2267868
  0.4904925   3.45614317  3.18112201  0.13184547  3.74400938  1.93020848
  1.52266348  2.56487911  1.68379554  1.33990219  1.45815017  0.5724911
  0.76693755  1.60627565 -0.03438259  1.60555161  2.35123148  1.64489713
  1.64832361  2.96229927  2.21342369  1.97470541  1.5016267   2.25958343
  0.87933409  2.25781282  3.20717463  0.85830612  0.46316728  2.01404441
 -0.32762463 -0.02055812  0.39272637  0.6635292   1.47944901  1.30335825
  0.34567671  1.00085688  1.20163364  1.46344354  0.76487305  1.56831634
  3.4062342   2.52452362  3.63578525  2.62863589]
Device (GPU) time: 1.1143 seconds
Iters. done: 384 [Current cost: -20.96181400324512]
Current parameters: [ 3.19309074e+00  4.62429054e+00  3.10326862e+00  3.31360512e+00
  3.01477280e+00  1.71394466e+00  1.11565653e+00  1.86514475e+00
  2.28244913e+00  1.65136597e+00  2.53923770e+00  2.48482210e+00
  2.15564930e+00  5.00997254e-01  2.01239506e+00  3.84548366e+00
  8.64016085e-02  3.21802811e+00  4.75283077e-01  3.44003545e+00
  3.20012806e+00  1.24876611e-01  3.74124763e+00  1.91032602e+00
  1.53287530e+00  2.55587055e+00  1.72582532e+00  1.34884018e+00
  1.45340468e+00  5.72993192e-01  7.54462849e-01  1.64748198e+00
 -2.22995756e-03  1.58921282e+00  2.36355073e+00  1.67278374e+00
  1.63922131e+00  3.00210026e+00  2.20678692e+00  1.97310589e+00
  1.47877721e+00  2.24393484e+00  8.63932979e-01  2.26417335e+00
  3.20968873e+00  8.59360998e-01  4.48520553e-01  2.02587598e+00
 -3.28909685e-01 -1.56714850e-02  3.91064894e-01  6.62185607e-01
  1.48031920e+00  1.30397782e+00  3.45441291e-01  9.99778394e-01
  1.19737550e+00  1.42965434e+00  7.67789959e-01  1.56848412e+00
  3.41138885e+00  2.52226481e+00  3.63772830e+00  2.62891026e+00]
Device (GPU) time: 1.0233 seconds
Iters. done: 385 [Current cost: -20.93091374161219]
Current parameters: [ 3.19460196  4.6039962   3.10630812  3.32061626  3.00075931  1.68775814
  1.12959535  1.86310253  2.30849368  1.64746437  2.54285106  2.49145854
  2.1385393   0.47955432  2.01515921  3.83667783  0.06185338  3.21066912
  0.45434447  3.45062433  3.18790463  0.13613612  3.73814391  1.90938941
  1.53522965  2.53257837  1.75094605  1.34251742  1.45486585  0.5778618
  0.75292284  1.60360081 -0.02343571  1.61104085  2.33891506  1.70668115
  1.64008606  2.99136706  2.21684951  1.97161802  1.50076009  2.22272433
  0.93172362  2.22115717  3.21159201  0.85770824  0.4710847   2.01205161
 -0.32597767 -0.02849004  0.40737352  0.66283188  1.48506265  1.30277893
  0.34721698  1.000631    1.20494499  1.44626481  0.77077041  1.5663089
  3.40191176  2.52890468  3.63242268  2.63263722]
Device (GPU) time: 1.1345 seconds
Iters. done: 386 [Current cost: -20.933555900373232]
Current parameters: [ 3.19284076e+00  4.60859874e+00  3.09687485e+00  3.29958444e+00
  3.00232373e+00  1.69825773e+00  1.10746111e+00  1.86718835e+00
  2.27796682e+00  1.66423719e+00  2.53586760e+00  2.47252175e+00
  2.13035275e+00  5.07450660e-01  2.01318532e+00  3.84483843e+00
  9.06381894e-02  3.22609565e+00  4.59578520e-01  3.43726710e+00
  3.19424997e+00  1.16701804e-01  3.73624306e+00  1.91627289e+00
  1.54207753e+00  2.58041677e+00  1.70665899e+00  1.36288736e+00
  1.45802697e+00  5.80158228e-01  7.38942527e-01  1.63412539e+00
 -2.46012232e-03  1.59324294e+00  2.35278538e+00  1.67064269e+00
  1.64944049e+00  2.97094927e+00  2.19275277e+00  1.97558657e+00
  1.47812153e+00  2.24702892e+00  9.00815771e-01  2.24385832e+00
  3.21386935e+00  8.64955198e-01  4.42720869e-01  2.02341716e+00
 -3.27547538e-01 -1.04667520e-02  3.87886300e-01  6.61463020e-01
  1.47816779e+00  1.30741332e+00  3.46238804e-01  9.98671662e-01
  1.19050512e+00  1.44169311e+00  7.64582313e-01  1.57172575e+00
  3.41408856e+00  2.52484674e+00  3.64038586e+00  2.63099471e+00]
Device (GPU) time: 1.1918 seconds
Iters. done: 387 [Current cost: -20.87782773350724]
Current parameters: [ 3.18256652e+00  4.60733166e+00  3.12832317e+00  3.34138883e+00
  3.02294078e+00  1.71111976e+00  1.14668794e+00  1.85553654e+00
  2.27558853e+00  1.62999156e+00  2.52537564e+00  2.48406224e+00
  2.14982354e+00  4.81723039e-01  2.03268781e+00  3.87482657e+00
  7.57256817e-02  3.24595082e+00  4.78748844e-01  3.43958743e+00
  3.23692323e+00  1.02558144e-01  3.72970926e+00  1.90016267e+00
  1.52985008e+00  2.59932270e+00  1.70858623e+00  1.34952164e+00
  1.44948139e+00  5.45271320e-01  7.34569797e-01  1.64156957e+00
  2.80899712e-04  1.60726190e+00  2.34684895e+00  1.67149851e+00
  1.64040575e+00  2.98424254e+00  2.20710510e+00  1.99227768e+00
  1.45492032e+00  2.26378897e+00  9.19703332e-01  2.25394101e+00
  3.20213823e+00  8.51980480e-01  4.34772741e-01  2.02371332e+00
 -3.15977660e-01 -3.83146600e-02  3.84961262e-01  6.64859757e-01
  1.48513335e+00  1.29470959e+00  3.55633105e-01  1.00457488e+00
  1.22107067e+00  1.44108746e+00  7.84060632e-01  1.56321694e+00
  3.39525896e+00  2.52967195e+00  3.62866597e+00  2.63302518e+00]
Device (GPU) time: 1.1532 seconds
Iters. done: 388 [Current cost: -20.856679525449056]
Current parameters: [ 3.1860254   4.62641174  3.1096775   3.31271231  3.00984675  1.71614428
  1.12025783  1.87548655  2.28250378  1.65987571  2.52762431  2.46696971
  2.14818616  0.50371156  2.0101461   3.84085942  0.07393557  3.21855386
  0.47125941  3.43301324  3.19469454  0.12549589  3.73949678  1.91163623
  1.51393472  2.57661362  1.70638641  1.32918343  1.45458257  0.566566
  0.77034805  1.636695   -0.00881213  1.58439954  2.35274717  1.66475329
  1.64757552  2.97471462  2.20705614  1.96828277  1.46066495  2.23897504
  0.90099199  2.23730467  3.20276451  0.86272635  0.47043993  2.02231981
 -0.31464865 -0.01324708  0.3925611   0.66378369  1.47425818  1.30941265
  0.35601332  1.00619256  1.1867325   1.42198258  0.76202798  1.57449208
  3.40979458  2.5371286   3.63151996  2.6347074 ]
Device (GPU) time: 1.0689 seconds
Iters. done: 389 [Current cost: -21.009917859330915]
Current parameters: [ 3.18737641e+00  4.61839192e+00  3.10190854e+00  3.30895193e+00
  3.01410024e+00  1.71291280e+00  1.11417842e+00  1.86278555e+00
  2.26947051e+00  1.65266406e+00  2.53186789e+00  2.47899383e+00
  2.15483059e+00  5.02351536e-01  2.00903240e+00  3.84427866e+00
  8.67697316e-02  3.22569419e+00  4.69401497e-01  3.44315631e+00
  3.19389659e+00  1.20552047e-01  3.74180750e+00  1.90451621e+00
  1.52006915e+00  2.56800346e+00  1.70636154e+00  1.33706638e+00
  1.45101754e+00  5.76371207e-01  7.52754118e-01  1.63098528e+00
  3.78806727e-03  1.58682570e+00  2.36151280e+00  1.66960062e+00
  1.63407386e+00  2.97542704e+00  2.20991848e+00  1.96521360e+00
  1.48397331e+00  2.23943748e+00  9.07272708e-01  2.24929140e+00
  3.21038346e+00  8.61096381e-01  4.46467708e-01  2.02443365e+00
 -3.27563913e-01 -1.82987399e-02  3.97979866e-01  6.60882542e-01
  1.48418608e+00  1.30522882e+00  3.45644268e-01  9.99093595e-01
  1.20002608e+00  1.43733118e+00  7.69557152e-01  1.56930160e+00
  3.40737887e+00  2.52482490e+00  3.63761138e+00  2.63049755e+00]
Device (GPU) time: 1.1295 seconds
Iters. done: 390 [Current cost: -20.83499181534721]
Current parameters: [ 3.18121386  4.62046742  3.11227529  3.30290336  3.01873481  1.71311247
  1.11459476  1.8618444   2.26610364  1.65235962  2.54234897  2.48372379
  2.16387932  0.50147592  2.00397254  3.84613404  0.09076518  3.22161002
  0.46236827  3.43111459  3.18121673  0.12442437  3.74580943  1.91838595
  1.53985007  2.58030125  1.72301391  1.35427385  1.45365392  0.55945194
  0.77851905  1.6516715  -0.01947717  1.58456888  2.35957093  1.68330163
  1.6372115   2.96775376  2.20897984  1.97325732  1.47855517  2.24991105
  0.9091212   2.24942757  3.21065373  0.86565094  0.45339935  2.01909948
 -0.31780034 -0.0159963   0.39156339  0.65869674  1.49795415  1.30845719
  0.34517259  1.00139961  1.20737529  1.44326587  0.76192206  1.57505088
  3.4009546   2.5276375   3.64381954  2.63051539]
Device (GPU) time: 1.1116 seconds
Iters. done: 391 [Current cost: -20.9968267581788]
Current parameters: [ 3.19241252  4.62405808  3.10723381  3.31123885  3.01096467  1.70995838
  1.12114325  1.86278682  2.27082576  1.65140503  2.52953572  2.47552295
  2.14799504  0.50264825  2.00928704  3.84401922  0.08404026  3.21840268
  0.46804193  3.43823451  3.19852493  0.12838873  3.7404684   1.90969916
  1.53055947  2.56892758  1.71121291  1.34562441  1.45206909  0.5675901
  0.76093099  1.63463127 -0.00512782  1.59671153  2.36286342  1.66885183
  1.63810694  2.97066673  2.20121575  1.96921087  1.47908627  2.24119524
  0.90196818  2.25303311  3.20776842  0.86047467  0.4512727   2.02194818
 -0.32501768 -0.01600203  0.40255343  0.6603318   1.48734322  1.30191857
  0.35624146  0.9771668   1.19666056  1.4359098   0.77093691  1.57197253
  3.41112509  2.52140681  3.64094169  2.63689197]
Device (GPU) time: 0.9963 seconds
Iters. done: 392 [Current cost: -20.922492871460125]
Current parameters: [ 3.19115262e+00  4.60845950e+00  3.09883791e+00  3.31550506e+00
  3.02019303e+00  1.70921973e+00  1.11592938e+00  1.86358696e+00
  2.26648234e+00  1.65629978e+00  2.53509077e+00  2.48075771e+00
  2.15753741e+00  5.01314547e-01  2.01156776e+00  3.84592825e+00
  8.95568429e-02  3.21842008e+00  4.75274741e-01  3.44891089e+00
  3.19629557e+00  1.19218958e-01  3.74768401e+00  1.90716858e+00
  1.54119906e+00  2.57787550e+00  1.70828279e+00  1.34421653e+00
  1.45376425e+00  5.68524704e-01  7.71197486e-01  1.62993228e+00
 -2.45711760e-03  1.58453660e+00  2.35753622e+00  1.67535579e+00
  1.64539460e+00  2.97051209e+00  2.22555834e+00  1.98661874e+00
  1.48361867e+00  2.23671639e+00  8.98484465e-01  2.23983000e+00
  3.22138894e+00  8.60220363e-01  4.63113285e-01  2.02415222e+00
 -3.32358756e-01 -2.16388930e-02  3.78084299e-01  6.67986922e-01
  1.46180368e+00  1.30267292e+00  3.57993763e-01  9.70810393e-01
  1.20277620e+00  1.42734856e+00  7.68978551e-01  1.57094331e+00
  3.41584437e+00  2.52876205e+00  3.63960801e+00  2.61589348e+00]
Device (GPU) time: 1.1164 seconds
Iters. done: 393 [Current cost: -20.941447426022105]
Current parameters: [ 3.19002886e+00  4.63041750e+00  3.08759549e+00  3.29873569e+00
  3.01554412e+00  1.70848877e+00  1.14114692e+00  1.85520352e+00
  2.27076168e+00  1.65394732e+00  2.52687580e+00  2.48164473e+00
  2.15258484e+00  5.03653984e-01  2.01249691e+00  3.84609784e+00
  8.14484005e-02  3.21998164e+00  4.76483136e-01  3.44495554e+00
  3.19784987e+00  1.23502164e-01  3.74137366e+00  1.90830842e+00
  1.53238158e+00  2.57598931e+00  1.70825176e+00  1.35293470e+00
  1.45468303e+00  5.67018742e-01  7.69420898e-01  1.63448330e+00
 -2.29076321e-03  1.60403016e+00  2.38317727e+00  1.67106453e+00
  1.65066730e+00  2.97361950e+00  2.20968630e+00  1.97329664e+00
  1.48650619e+00  2.23689357e+00  9.00355022e-01  2.23624232e+00
  3.20829307e+00  8.59830513e-01  4.54346019e-01  2.01997638e+00
 -3.27670509e-01 -1.17101816e-02  3.90244361e-01  6.63084856e-01
  1.46741473e+00  1.29546615e+00  3.42683780e-01  1.00894480e+00
  1.19846925e+00  1.43655416e+00  7.61597567e-01  1.56574453e+00
  3.39550567e+00  2.51586480e+00  3.64699369e+00  2.65017797e+00]
Device (GPU) time: 1.1107 seconds
Iters. done: 394 [Current cost: -21.015497442294393]
Current parameters: [ 3.1941994   4.62390123  3.09754794  3.32742572  3.01710879  1.70810688
  1.11786271  1.86370227  2.27110755  1.6494716   2.53110536  2.47709648
  2.14904956  0.50354436  2.01211688  3.84576902  0.08762552  3.22196126
  0.46392231  3.44400482  3.19213322  0.11991841  3.74507213  1.90724634
  1.53898649  2.57376779  1.71041975  1.33217756  1.45044065  0.57287792
  0.76819881  1.63579703 -0.00932172  1.59615448  2.35626339  1.67080884
  1.64500376  2.97063109  2.20155948  1.97199826  1.48130739  2.24092612
  0.90032145  2.24985461  3.2108921   0.86398197  0.447531    2.02337136
 -0.32816199 -0.01287936  0.39690896  0.66432427  1.48334135  1.30145827
  0.34568724  1.00100019  1.19667962  1.43437186  0.76750774  1.56790712
  3.41203002  2.51920734  3.63864797  2.63129392]
Device (GPU) time: 1.0128 seconds
Iters. done: 395 [Current cost: -20.911445086855615]
Current parameters: [ 3.19256438e+00  4.61864032e+00  3.10413124e+00  3.31229259e+00
  3.01280574e+00  1.70899825e+00  1.11839111e+00  1.86454665e+00
  2.26911794e+00  1.65130992e+00  2.53072883e+00  2.47566209e+00
  2.14950301e+00  5.04487294e-01  2.01122054e+00  3.84284196e+00
  8.55503723e-02  3.21968780e+00  4.68606203e-01  3.44145351e+00
  3.19575030e+00  1.27102122e-01  3.74320440e+00  1.90813243e+00
  1.53222959e+00  2.57165332e+00  1.71091286e+00  1.34437130e+00
  1.45209467e+00  5.68022966e-01  7.62229045e-01  1.63380649e+00
 -3.12792931e-03  1.58898590e+00  2.36170829e+00  1.67192088e+00
  1.64104243e+00  2.97301977e+00  2.20677045e+00  1.98095018e+00
  1.48112177e+00  2.23864224e+00  9.02781575e-01  2.25212411e+00
  3.21167944e+00  8.53554858e-01  4.49249614e-01  2.02227405e+00
 -3.23521076e-01 -1.56595949e-02  4.01128056e-01  6.62576652e-01
  1.48125634e+00  1.30393936e+00  3.46681880e-01  9.98846896e-01
  1.19653465e+00  1.43387735e+00  7.66057244e-01  1.56881106e+00
  3.40761427e+00  2.52287471e+00  3.63403203e+00  2.62959925e+00]
Device (GPU) time: 1.1189 seconds
Iters. done: 396 [Current cost: -20.92244996180847]
Current parameters: [ 3.1921841   4.61953631  3.10530222  3.31053916  3.01273622  1.7116659
  1.11875926  1.86473117  2.26874702  1.65304682  2.53129393  2.47715613
  2.14677987  0.5037897   2.00969547  3.84442087  0.08120679  3.21692678
  0.47051227  3.44126619  3.19903383  0.12635797  3.74120438  1.90768998
  1.52954673  2.56834162  1.71075291  1.34601294  1.45180821  0.56339217
  0.76335858  1.6331521  -0.00657953  1.5895674   2.36225708  1.6693562
  1.64006048  2.97134011  2.20807632  1.9864903   1.47891656  2.23657551
  0.90333396  2.25257169  3.20887086  0.87766111  0.45022178  2.01894068
 -0.33394951 -0.01928609  0.40160014  0.66090358  1.48143098  1.304586
  0.34409867  1.00409776  1.19994779  1.43253366  0.77367344  1.56829345
  3.41867964  2.52706034  3.6473355   2.63078399]
Device (GPU) time: 1.1261 seconds
Iters. done: 397 [Current cost: -20.906272482304463]
Current parameters: [ 3.18707577e+00  4.62642532e+00  3.10413491e+00  3.31260968e+00
  3.01898250e+00  1.70142342e+00  1.11370155e+00  1.86246313e+00
  2.26930127e+00  1.65346860e+00  2.53196464e+00  2.47823559e+00
  2.15000329e+00  5.04552981e-01  2.01116620e+00  3.84402481e+00
  8.47211665e-02  3.21908990e+00  4.70883289e-01  3.44119278e+00
  3.19856262e+00  1.25415516e-01  3.74006933e+00  1.90856459e+00
  1.53364089e+00  2.56984641e+00  1.71009499e+00  1.34640211e+00
  1.45163662e+00  5.68271713e-01  7.62492247e-01  1.63369797e+00
 -2.67692555e-03  1.59273723e+00  2.35984332e+00  1.67033260e+00
  1.63936622e+00  2.97242680e+00  2.20731793e+00  1.97404274e+00
  1.48079968e+00  2.24101109e+00  9.03429886e-01  2.25104779e+00
  3.21179689e+00  8.60962961e-01  4.53682846e-01  2.02322150e+00
 -3.24114080e-01 -1.77869214e-02  3.98697026e-01  6.61622903e-01
  1.47949028e+00  1.30437647e+00  3.47366912e-01  9.99878164e-01
  1.19721570e+00  1.43464718e+00  7.71562263e-01  1.56853059e+00
  3.41180951e+00  2.52393092e+00  3.63549019e+00  2.63037704e+00]
Device (GPU) time: 1.0810 seconds
Iters. done: 398 [Current cost: -20.844147059521294]
Current parameters: [ 3.20650171  4.6266749   3.09909655  3.31046532  3.00296114  1.71065621
  1.11364821  1.8655018   2.2693932   1.65434398  2.53266818  2.48066973
  2.15303876  0.50694449  2.00613849  3.84477847  0.08588275  3.22446309
  0.47704107  3.44193215  3.19474267  0.12301951  3.73427423  1.90665244
  1.53300193  2.57069635  1.70747763  1.34776263  1.44972772  0.5604474
  0.76643153  1.63479044 -0.00665339  1.59250348  2.35537495  1.67266663
  1.64490173  2.9756262   2.20656347  1.97248134  1.48013734  2.24349256
  0.9057621   2.24879341  3.20849963  0.85497919  0.45467179  2.02723715
 -0.33594483 -0.02072251  0.39884962  0.66431527  1.48479237  1.30461897
  0.34876139  1.00002797  1.20103885  1.4335426   0.77117771  1.56830168
  3.40865253  2.52537092  3.63482536  2.62993729]
Device (GPU) time: 1.1023 seconds
Iters. done: 399 [Current cost: -20.812685927494382]
Current parameters: [ 3.19111837  4.61874016  3.10516407  3.31185863  3.0109303   1.70898154
  1.11870235  1.86430039  2.26918897  1.65415666  2.53305822  2.47417366
  2.15626862  0.50649315  2.01362787  3.84448671  0.0800515   3.21808664
  0.46665465  3.44897363  3.19808639  0.12504647  3.74140709  1.90735045
  1.53299771  2.57036258  1.70868583  1.34625197  1.45286079  0.56617405
  0.76325365  1.63606628 -0.00485201  1.59091995  2.35871208  1.67099799
  1.6432494   2.97389336  2.20495591  1.97159733  1.48306081  2.24172934
  0.90340424  2.25299806  3.21225288  0.86153836  0.45149475  2.02500658
 -0.32616681 -0.01640692  0.39834233  0.66209285  1.47970533  1.30446535
  0.34756426  0.99900408  1.19630922  1.43631735  0.77171804  1.56890227
  3.40999196  2.52440027  3.63710411  2.63066171]
Device (GPU) time: 1.0594 seconds
Iters. done: 400 [Current cost: -20.886655186717523]
Current parameters: [ 3.19188300e+00  4.61331555e+00  3.10553975e+00  3.31569193e+00
  3.00572399e+00  1.70568324e+00  1.12639953e+00  1.86027592e+00
  2.26623276e+00  1.65842791e+00  2.53079313e+00  2.47570300e+00
  2.15100040e+00  4.96994118e-01  2.01072679e+00  3.83834484e+00
  8.86093555e-02  3.22087385e+00  4.66212551e-01  3.43195590e+00
  3.19308799e+00  1.27746939e-01  3.74020272e+00  1.90922676e+00
  1.53421463e+00  2.57068574e+00  1.70561554e+00  1.34548602e+00
  1.45149048e+00  5.67768747e-01  7.64490971e-01  1.63081688e+00
 -4.23746466e-03  1.59898458e+00  2.35715852e+00  1.66432402e+00
  1.64058613e+00  2.96935131e+00  2.21227539e+00  1.97048983e+00
  1.48443233e+00  2.23593589e+00  8.97050983e-01  2.26357333e+00
  3.21178744e+00  8.62220891e-01  4.56887745e-01  2.02391845e+00
 -3.25100071e-01 -2.09710028e-02  3.91824184e-01  6.61910546e-01
  1.48155884e+00  1.30573600e+00  3.45549721e-01  1.00240231e+00
  1.20077861e+00  1.43309652e+00  7.68492443e-01  1.56873887e+00
  3.40667885e+00  2.52699079e+00  3.63593947e+00  2.63153002e+00]
Device (GPU) time: 1.1069 seconds
Iters. done: 401 [Current cost: -20.913199008787647]
Current parameters: [ 3.19208535e+00  4.62000213e+00  3.10374170e+00  3.31299641e+00
  3.01399815e+00  1.71070924e+00  1.11903777e+00  1.86810064e+00
  2.27031192e+00  1.65363184e+00  2.52973005e+00  2.47683584e+00
  2.15145405e+00  5.01436246e-01  2.00995248e+00  3.84289870e+00
  8.58859408e-02  3.21875153e+00  4.70423557e-01  3.44155071e+00
  3.19669128e+00  1.23599805e-01  3.74212024e+00  1.90860542e+00
  1.53361189e+00  2.57095455e+00  1.70983110e+00  1.34662592e+00
  1.45118886e+00  5.67239299e-01  7.63216307e-01  1.63304786e+00
 -1.72777050e-03  1.59326520e+00  2.36051935e+00  1.67063615e+00
  1.64083669e+00  2.97245004e+00  2.20482458e+00  1.97393679e+00
  1.48272128e+00  2.24112154e+00  9.01748491e-01  2.24969043e+00
  3.21186409e+00  8.61127780e-01  4.53016379e-01  2.02327498e+00
 -3.25472805e-01 -1.68208379e-02  3.97591849e-01  6.62358908e-01
  1.48299582e+00  1.31358185e+00  3.48739766e-01  9.98803831e-01
  1.19914650e+00  1.43498813e+00  7.70960601e-01  1.55970447e+00
  3.41018811e+00  2.52289295e+00  3.63684675e+00  2.63072639e+00]
Device (GPU) time: 1.1286 seconds
Iters. done: 402 [Current cost: -20.887502731438246]
Current parameters: [ 3.19083462e+00  4.61601769e+00  3.10933952e+00  3.31244326e+00
  3.01314911e+00  1.71276094e+00  1.11722543e+00  1.85184142e+00
  2.26966308e+00  1.64973758e+00  2.53607328e+00  2.47668338e+00
  2.15132425e+00  5.02917032e-01  2.00715271e+00  3.84142307e+00
  8.58105576e-02  3.21801022e+00  4.68287654e-01  3.43966181e+00
  3.19401589e+00  1.22929394e-01  3.73964540e+00  1.90809487e+00
  1.53196752e+00  2.56891343e+00  1.70834759e+00  1.34771623e+00
  1.45240457e+00  5.65015712e-01  7.62669449e-01  1.63545484e+00
 -4.42676401e-03  1.59133864e+00  2.35633849e+00  1.66879684e+00
  1.63841539e+00  2.97122436e+00  2.20406359e+00  1.97202682e+00
  1.47913405e+00  2.24092577e+00  9.01722211e-01  2.24782666e+00
  3.20622153e+00  8.58573453e-01  4.55395353e-01  2.02365615e+00
 -3.28720087e-01 -1.26490581e-02  3.98574680e-01  6.61002289e-01
  1.47748022e+00  1.29226955e+00  3.44690648e-01  9.98070911e-01
  1.19410925e+00  1.43498786e+00  7.64149364e-01  1.54948606e+00
  3.41482255e+00  2.52701574e+00  3.63631050e+00  2.62910940e+00]
Device (GPU) time: 1.0923 seconds
Iters. done: 403 [Current cost: -20.80874460188036]
Current parameters: [ 3.19442384e+00  4.62033808e+00  3.10518869e+00  3.31227007e+00
  3.01321717e+00  1.70780318e+00  1.11833701e+00  1.86308143e+00
  2.26957423e+00  1.65218915e+00  2.53151054e+00  2.47592915e+00
  2.14991055e+00  5.01825817e-01  2.00822475e+00  3.84440184e+00
  8.28168465e-02  3.22255465e+00  4.68583955e-01  3.44624875e+00
  3.19422404e+00  1.26896439e-01  3.74030589e+00  1.91170193e+00
  1.53379631e+00  2.57248712e+00  1.70764070e+00  1.34296093e+00
  1.45364480e+00  5.66879903e-01  7.60864719e-01  1.63549316e+00
  7.92912010e-04  1.59438771e+00  2.35962785e+00  1.67284565e+00
  1.63751272e+00  2.97248850e+00  2.20718670e+00  1.97379749e+00
  1.47840756e+00  2.24261957e+00  9.00530552e-01  2.25244863e+00
  3.21575653e+00  8.60528502e-01  4.57596248e-01  2.01958011e+00
 -3.28643567e-01 -1.41261881e-02  3.99718943e-01  6.60880452e-01
  1.48145508e+00  1.30434652e+00  3.45922266e-01  9.99492896e-01
  1.20095811e+00  1.43406750e+00  7.68351489e-01  1.56797737e+00
  3.41025905e+00  2.52466762e+00  3.63772201e+00  2.63097894e+00]
Device (GPU) time: 1.0100 seconds
Iters. done: 404 [Current cost: -20.889683665448857]
Current parameters: [ 3.19845168  4.61545083  3.10260539  3.31166323  3.01957147  1.7134941
  1.11970524  1.86627613  2.26829066  1.65175525  2.53131802  2.4789855
  2.15222963  0.50074854  2.01218387  3.84484636  0.08493055  3.21898399
  0.469744    3.43940696  3.19889355  0.12734878  3.74356795  1.90717476
  1.53619837  2.57204711  1.71254195  1.34565799  1.45392771  0.56768598
  0.75163053  1.64605602 -0.00536052  1.59231792  2.35930457  1.66809484
  1.64006483  2.96258056  2.20902162  1.97002867  1.48504931  2.23693792
  0.90008686  2.24706779  3.20406972  0.86004605  0.46279875  2.02301405
 -0.3275306  -0.02296959  0.40346731  0.6668734   1.48046445  1.30456677
  0.34590399  1.00214675  1.19215192  1.43563692  0.7706344   1.57294206
  3.41046487  2.51790609  3.63677903  2.62676201]
Device (GPU) time: 1.7432 seconds
Iters. done: 405 [Current cost: -20.929752804502368]
Current parameters: [ 3.19169926  4.61694588  3.1049912   3.31541552  3.01504042  1.70851822
  1.11829909  1.8638381   2.2697769   1.65046341  2.52897591  2.47527857
  2.14968777  0.503773    2.01281379  3.84684573  0.08313996  3.22190006
  0.46977837  3.44131531  3.19887553  0.12514341  3.73903545  1.90875109
  1.53258386  2.57242217  1.71060044  1.34498297  1.4520512   0.56511033
  0.75919523  1.63751918 -0.00578066  1.59472223  2.35916327  1.66954543
  1.63847955  2.97481217  2.20758     1.97438394  1.47733359  2.24197857
  0.90604018  2.25212384  3.21019891  0.85816379  0.45091623  2.02244367
 -0.32746466 -0.02177763  0.39276948  0.66167219  1.48079752  1.3035997
  0.34730512  0.99943507  1.19973507  1.43285265  0.77098723  1.56506627
  3.40704957  2.52339416  3.63888858  2.63113174]
Device (GPU) time: 1.1219 seconds
Iters. done: 406 [Current cost: -20.986183999402336]
Current parameters: [ 3.18942671e+00  4.61811696e+00  3.11048335e+00  3.31811062e+00
  3.01465605e+00  1.71398010e+00  1.13011990e+00  1.86409083e+00
  2.27064234e+00  1.64905195e+00  2.53599296e+00  2.47864911e+00
  2.15125315e+00  4.93695165e-01  2.00855705e+00  3.84809613e+00
  8.61282341e-02  3.22309327e+00  4.73806673e-01  3.44038169e+00
  3.20705479e+00  1.20459700e-01  3.74114886e+00  1.90670977e+00
  1.53469044e+00  2.57442910e+00  1.70793115e+00  1.35038334e+00
  1.44937762e+00  5.66319158e-01  7.61368173e-01  1.62926249e+00
  3.55865202e-04  1.59246653e+00  2.35424516e+00  1.67037950e+00
  1.64348365e+00  2.97181452e+00  2.20538455e+00  1.97570910e+00
  1.47737065e+00  2.24817946e+00  9.00059969e-01  2.24571207e+00
  3.21000449e+00  8.60316095e-01  4.48234769e-01  2.02314664e+00
 -3.24451011e-01 -1.62060423e-02  4.00360281e-01  6.63177738e-01
  1.48210438e+00  1.30035378e+00  3.47694770e-01  1.00248950e+00
  1.20212102e+00  1.43890820e+00  7.72356006e-01  1.57637948e+00
  3.41047137e+00  2.52672386e+00  3.63240177e+00  2.62937485e+00]
Device (GPU) time: 1.1229 seconds
Iters. done: 407 [Current cost: -20.944470422789575]
Current parameters: [ 3.19096046  4.61782285  3.10564881  3.31186854  3.0157569   1.71074942
  1.11741677  1.86609053  2.2699033   1.64873265  2.53175498  2.47803256
  2.15059223  0.50676833  2.01313739  3.83969116  0.08139097  3.22483341
  0.47445505  3.43930175  3.19483241  0.12637918  3.74053739  1.91003091
  1.53396357  2.5701632   1.7068336   1.34608182  1.4515966   0.56796929
  0.76375544  1.63255039 -0.00482257  1.59249963  2.35703193  1.66912155
  1.64267275  2.97299419  2.20569039  1.97188733  1.48348387  2.24028332
  0.90065762  2.25152492  3.21093     0.85998612  0.45233558  2.01687281
 -0.32742074 -0.01692881  0.39800724  0.66301838  1.48018394  1.30348535
  0.34705725  0.99891188  1.19864525  1.43747004  0.77036383  1.56830497
  3.41008356  2.52316681  3.63785622  2.62965412]
Device (GPU) time: 1.0249 seconds
Iters. done: 408 [Current cost: -20.895118440133373]
Current parameters: [ 3.19168975  4.61859038  3.10950005  3.30823225  3.01235559  1.71003327
  1.11806784  1.86983746  2.27125071  1.6421618   2.52978571  2.48040111
  2.14575915  0.50764481  2.00979711  3.85027298  0.09334871  3.21232728
  0.46911026  3.44957475  3.1950722   0.1281613   3.74282857  1.91385515
  1.52966335  2.5671621   1.70639995  1.34432826  1.45321298  0.56957499
  0.76346831  1.62761197 -0.01224945  1.59600637  2.36005116  1.66288793
  1.63809099  2.96812216  2.21066528  1.97427465  1.4824592   2.24839794
  0.89770803  2.24965391  3.21055331  0.85880155  0.45540853  2.02923454
 -0.32829379 -0.01932758  0.39426726  0.66037504  1.48143892  1.30402907
  0.34507418  1.00144333  1.19760777  1.43771964  0.76747791  1.56995052
  3.40856525  2.52480191  3.63676647  2.63067252]
Device (GPU) time: 1.1307 seconds
Iters. done: 409 [Current cost: -20.902897302463924]
Current parameters: [ 3.19387392e+00  4.61966210e+00  3.10242931e+00  3.31274906e+00
  3.01566950e+00  1.70945794e+00  1.11822875e+00  1.86777316e+00
  2.26753368e+00  1.65591328e+00  2.53316360e+00  2.47811083e+00
  2.15039050e+00  5.02945181e-01  2.01121915e+00  3.84321895e+00
  8.45107977e-02  3.21914673e+00  4.69432347e-01  3.44157489e+00
  3.19646232e+00  1.25345093e-01  3.74458206e+00  1.90939107e+00
  1.53208481e+00  2.56717799e+00  1.71212604e+00  1.34658705e+00
  1.45359066e+00  5.66876593e-01  7.61672156e-01  1.63512148e+00
 -3.25841562e-03  1.59266634e+00  2.35864540e+00  1.66425364e+00
  1.64057370e+00  2.97147405e+00  2.20618902e+00  1.97327782e+00
  1.47973354e+00  2.24155421e+00  9.03506048e-01  2.25021153e+00
  3.21557058e+00  8.59465158e-01  4.51958705e-01  2.02241160e+00
 -3.26814698e-01 -1.58914796e-02  3.97851246e-01  6.67988944e-01
  1.48316446e+00  1.29949502e+00  3.47498961e-01  9.99555958e-01
  1.20098997e+00  1.43477378e+00  7.70545712e-01  1.56653766e+00
  3.40920960e+00  2.52817861e+00  3.63650283e+00  2.63270692e+00]
Device (GPU) time: 1.0993 seconds
Iters. done: 410 [Current cost: -20.905318041825243]
Current parameters: [ 3.18840303e+00  4.61814480e+00  3.10430754e+00  3.31366599e+00
  3.01099677e+00  1.71418007e+00  1.11834574e+00  1.87030996e+00
  2.27322662e+00  1.65840805e+00  2.52573332e+00  2.47482166e+00
  2.15203443e+00  5.05202494e-01  2.00734852e+00  3.84509979e+00
  8.51707439e-02  3.22006359e+00  4.72108587e-01  3.44043877e+00
  3.19911790e+00  1.27939991e-01  3.73130468e+00  1.90679636e+00
  1.53449050e+00  2.56548055e+00  1.71574744e+00  1.34520288e+00
  1.44761754e+00  5.67865887e-01  7.62584403e-01  1.63675675e+00
 -4.53694348e-03  1.59094054e+00  2.35939787e+00  1.66930403e+00
  1.64145581e+00  2.96291820e+00  2.20638503e+00  1.97193449e+00
  1.48220929e+00  2.23808488e+00  9.00581123e-01  2.24742417e+00
  3.22015264e+00  8.60746162e-01  4.51003669e-01  2.02416888e+00
 -3.25615468e-01 -1.41020559e-02  3.95088744e-01  6.49039009e-01
  1.48124322e+00  1.29576490e+00  3.47770695e-01  1.00144057e+00
  1.20390855e+00  1.43174709e+00  7.68594324e-01  1.56831381e+00
  3.40989631e+00  2.51599952e+00  3.63548936e+00  2.62582667e+00]
Device (GPU) time: 1.0282 seconds
Iters. done: 411 [Current cost: -20.93058736741179]
Current parameters: [ 3.19118239e+00  4.61805133e+00  3.10041529e+00  3.31536467e+00
  3.01289670e+00  1.71032837e+00  1.11936220e+00  1.86694143e+00
  2.26911511e+00  1.65085579e+00  2.53632162e+00  2.47614834e+00
  2.15072698e+00  5.06861056e-01  2.00998512e+00  3.84250410e+00
  8.62761047e-02  3.21842266e+00  4.70745541e-01  3.44029130e+00
  3.19720590e+00  1.26040662e-01  3.73796817e+00  1.91220177e+00
  1.53415994e+00  2.57531122e+00  1.71285331e+00  1.34464641e+00
  1.45243021e+00  5.66025640e-01  7.62567478e-01  1.63417648e+00
 -6.67623678e-04  1.59369156e+00  2.35798220e+00  1.66817365e+00
  1.63647624e+00  2.97447051e+00  2.20745982e+00  1.97308126e+00
  1.48460284e+00  2.24014773e+00  9.02901972e-01  2.24973246e+00
  3.21045204e+00  8.60803557e-01  4.52616215e-01  2.02604329e+00
 -3.26383736e-01 -1.68626739e-02  4.01084482e-01  6.59161669e-01
  1.47919435e+00  1.30338246e+00  3.47415738e-01  9.99328876e-01
  1.19790806e+00  1.43427799e+00  7.70042134e-01  1.56850379e+00
  3.40987043e+00  2.52702541e+00  3.63848279e+00  2.63189708e+00]
Device (GPU) time: 1.1354 seconds
Iters. done: 412 [Current cost: -20.83317215442348]
Current parameters: [ 3.19270092  4.61874978  3.10259773  3.30864113  3.01680729  1.7135989
  1.12007207  1.86423698  2.27002497  1.65815433  2.52823058  2.47245538
  2.14826776  0.49958408  2.01223638  3.84293937  0.0818047   3.21958937
  0.46930625  3.44346804  3.19357206  0.12668354  3.74082282  1.90592456
  1.53753799  2.56576218  1.7038773   1.35122998  1.45219186  0.56920952
  0.77070458  1.63539302 -0.00667661  1.59711103  2.35236191  1.67274127
  1.62318535  2.97228506  2.20807976  1.97155025  1.47678054  2.24017279
  0.89913808  2.2453312   3.20953185  0.85942256  0.44273562  2.02534895
 -0.32769925 -0.01838211  0.39991367  0.66633591  1.47745957  1.30613886
  0.345721    0.99993363  1.19582179  1.4295649   0.76756008  1.57229143
  3.40823809  2.52146076  3.63810588  2.62850538]
Device (GPU) time: 1.1399 seconds
Iters. done: 413 [Current cost: -20.90548685236801]
Current parameters: [ 3.19179901e+00  4.62412585e+00  3.10411892e+00  3.31391838e+00
  3.01323100e+00  1.71458651e+00  1.11882408e+00  1.86504269e+00
  2.26860184e+00  1.65340989e+00  2.53318097e+00  2.47539510e+00
  2.14909604e+00  5.03817902e-01  2.01027890e+00  3.84295359e+00
  8.41276782e-02  3.22202098e+00  4.64182723e-01  3.44044204e+00
  3.19730260e+00  1.27800723e-01  3.73951586e+00  1.90879831e+00
  1.53344758e+00  2.57002285e+00  1.70904828e+00  1.34636614e+00
  1.45205123e+00  5.68586220e-01  7.62847018e-01  1.63482828e+00
 -4.05900832e-03  1.59640389e+00  2.36446366e+00  1.66984104e+00
  1.64003185e+00  2.97384984e+00  2.20805881e+00  1.97344281e+00
  1.48080673e+00  2.24053085e+00  9.03102854e-01  2.24940174e+00
  3.21152044e+00  8.58983447e-01  4.52408257e-01  2.02275382e+00
 -3.27958911e-01 -1.87470061e-02  3.96074889e-01  6.62257380e-01
  1.48006584e+00  1.30408735e+00  3.46466660e-01  9.99491238e-01
  1.19796963e+00  1.43920006e+00  7.70164663e-01  1.56824170e+00
  3.41288383e+00  2.52667091e+00  3.63485113e+00  2.62441532e+00]
Device (GPU) time: 1.1004 seconds
Iters. done: 414 [Current cost: -20.944738151535375]
Current parameters: [ 3.192781    4.60780593  3.10835544  3.31724203  3.01357937  1.71121034
  1.10667075  1.86465906  2.26423783  1.65418107  2.53666416  2.4753106
  2.15296311  0.49966467  2.00415838  3.84715772  0.08196882  3.21871393
  0.47243058  3.44160567  3.19930705  0.1286343   3.74054026  1.90746992
  1.53374972  2.57072731  1.7095498   1.34750673  1.45131678  0.57088063
  0.76657063  1.63193686 -0.00544707  1.59867325  2.37047059  1.67116719
  1.6420761   2.97369286  2.20511396  1.97064666  1.48068798  2.23975576
  0.90208616  2.24671526  3.21018719  0.85809561  0.45156264  2.02011157
 -0.32783676 -0.01830732  0.39495349  0.66271966  1.48279226  1.30546635
  0.34531157  1.00175856  1.19670678  1.42903439  0.76782755  1.57294095
  3.41679664  2.52184775  3.63190401  2.6410588 ]
Device (GPU) time: 0.9905 seconds
Iters. done: 415 [Current cost: -20.89883006331389]
Current parameters: [ 3.19154263e+00  4.61736425e+00  3.10499624e+00  3.31286091e+00
  3.01305285e+00  1.70749380e+00  1.11836920e+00  1.86266028e+00
  2.27373808e+00  1.65286243e+00  2.53190349e+00  2.47325953e+00
  2.15005652e+00  5.04341003e-01  2.01012235e+00  3.84348375e+00
  8.63470602e-02  3.21856097e+00  4.69273174e-01  3.44161077e+00
  3.19780962e+00  1.26923025e-01  3.73666519e+00  1.91107217e+00
  1.53190033e+00  2.57084172e+00  1.70947407e+00  1.34471431e+00
  1.44383225e+00  5.67633654e-01  7.64389009e-01  1.63640905e+00
 -1.95953272e-03  1.59098434e+00  2.36133132e+00  1.67053097e+00
  1.63966402e+00  2.97122852e+00  2.20825057e+00  1.97297166e+00
  1.48227295e+00  2.24227601e+00  9.01272314e-01  2.24962922e+00
  3.21183211e+00  8.60724264e-01  4.52212775e-01  2.02297862e+00
 -3.27975732e-01 -1.72884789e-02  3.98141270e-01  6.70436305e-01
  1.48209368e+00  1.30368266e+00  3.46412972e-01  9.99416899e-01
  1.19898324e+00  1.43628668e+00  7.70092285e-01  1.56808058e+00
  3.41017885e+00  2.52318625e+00  3.63758664e+00  2.63033053e+00]
Device (GPU) time: 1.1407 seconds
Iters. done: 416 [Current cost: -20.905535769229157]
Current parameters: [ 3.19156655e+00  4.62472741e+00  3.10577994e+00  3.31021701e+00
  3.01647217e+00  1.71514188e+00  1.12110236e+00  1.86367199e+00
  2.26451757e+00  1.64814377e+00  2.52924861e+00  2.47087324e+00
  2.15909701e+00  5.09231180e-01  2.00444445e+00  3.84783869e+00
  8.57248279e-02  3.21928273e+00  4.69287265e-01  3.44042724e+00
  3.19818072e+00  1.25380178e-01  3.74075709e+00  1.91470768e+00
  1.53535693e+00  2.56971408e+00  1.71526329e+00  1.34997999e+00
  1.44857251e+00  5.72164444e-01  7.56050979e-01  1.62447497e+00
 -3.37177779e-03  1.59646032e+00  2.35343685e+00  1.67447675e+00
  1.64152966e+00  2.97231016e+00  2.20323918e+00  1.97274138e+00
  1.47762585e+00  2.23258206e+00  9.05407810e-01  2.25490228e+00
  3.21131303e+00  8.60399331e-01  4.54966265e-01  2.02497664e+00
 -3.27728806e-01 -1.38064517e-02  3.92523887e-01  6.70532679e-01
  1.48226827e+00  1.30436519e+00  3.45846611e-01  1.00113216e+00
  1.19732791e+00  1.42785301e+00  7.66120979e-01  1.57047368e+00
  3.41131158e+00  2.52238309e+00  3.64017426e+00  2.62854836e+00]
Device (GPU) time: 1.0977 seconds
Iters. done: 417 [Current cost: -20.95280436735827]
Current parameters: [ 3.19237676e+00  4.62119065e+00  3.10751351e+00  3.31409785e+00
  3.01258835e+00  1.70926343e+00  1.11829116e+00  1.86286863e+00
  2.27037921e+00  1.65038582e+00  2.53174089e+00  2.47610734e+00
  2.14853987e+00  5.02522974e-01  2.00904625e+00  3.84393928e+00
  8.59827279e-02  3.22016696e+00  4.70883671e-01  3.44330996e+00
  3.19571434e+00  1.29355944e-01  3.74385407e+00  1.91132720e+00
  1.53340028e+00  2.56875394e+00  1.70623997e+00  1.34788469e+00
  1.45278439e+00  5.68089449e-01  7.63309023e-01  1.63956632e+00
  7.41360750e-04  1.59285543e+00  2.35699764e+00  1.66865301e+00
  1.64357826e+00  2.97442678e+00  2.20712376e+00  1.97277653e+00
  1.48381055e+00  2.23661694e+00  9.04316551e-01  2.24753080e+00
  3.21091724e+00  8.61613527e-01  4.50277776e-01  2.02591453e+00
 -3.25469462e-01 -1.86599058e-02  3.96175670e-01  6.61614529e-01
  1.48278300e+00  1.30377341e+00  3.47743821e-01  9.99901615e-01
  1.20044933e+00  1.43200626e+00  7.68226144e-01  1.56885294e+00
  3.41131744e+00  2.52326283e+00  3.63763540e+00  2.63001337e+00]
Device (GPU) time: 0.9966 seconds
Iters. done: 418 [Current cost: -20.832571568691133]
Current parameters: [ 3.19291285  4.6195915   3.10561826  3.31383524  3.01227731  1.71088431
  1.12143767  1.86326312  2.26918908  1.64966945  2.53273508  2.47756024
  2.14988014  0.50021618  2.00500524  3.84385874  0.08727688  3.22112569
  0.47408077  3.43960837  3.19730958  0.12336266  3.74089056  1.91124496
  1.53210858  2.56709709  1.70937415  1.34582573  1.45080202  0.56792529
  0.7637118   1.63887826 -0.00487975  1.59399647  2.35894795  1.67113395
  1.63956926  2.97263176  2.21120215  1.9746769   1.48152831  2.24031397
  0.90631411  2.25079695  3.22328382  0.86090374  0.45068907  2.02042602
 -0.32979605 -0.01280446  0.39376909  0.66046395  1.48383104  1.30482381
  0.34493388  0.99910213  1.17626012  1.43405256  0.77923259  1.56880805
  3.40543275  2.52514014  3.63714669  2.63075259]
Device (GPU) time: 1.1460 seconds
Iters. done: 419 [Current cost: -20.90382529542616]
Current parameters: [ 3.19038278  4.61758772  3.09898322  3.30866953  3.01534547  1.70794042
  1.12383121  1.8632196   2.2698276   1.65071576  2.53227337  2.4743196
  2.15096327  0.50328976  2.01174984  3.84397017  0.08537487  3.21964604
  0.47153567  3.44177631  3.19468383  0.12668259  3.7410764   1.90909346
  1.53273494  2.5707497   1.70989226  1.34506168  1.45206789  0.56760707
  0.76278569  1.63529668 -0.0048876   1.59213885  2.35896206  1.67055872
  1.64033998  2.97287831  2.20658162  1.97237097  1.4797501   2.24141055
  0.90299607  2.2509647   3.2120736   0.85940601  0.45210644  2.02332132
 -0.32933031 -0.01841886  0.39659542  0.66079478  1.48554251  1.30406167
  0.34700346  0.99955248  1.19815741  1.43279377  0.77060391  1.56820633
  3.4177745   2.52384619  3.63120891  2.63042922]
Device (GPU) time: 1.1170 seconds
Iters. done: 420 [Current cost: -20.978798023112738]
Current parameters: [ 3.18714939e+00  4.61972021e+00  3.10007319e+00  3.31238650e+00
  3.01804533e+00  1.71420849e+00  1.11283352e+00  1.86004048e+00
  2.26961478e+00  1.64887413e+00  2.53452235e+00  2.46797797e+00
  2.14676683e+00  4.97627407e-01  2.01538252e+00  3.83986810e+00
  8.27378704e-02  3.21436662e+00  4.66702354e-01  3.44145836e+00
  3.19784301e+00  1.24374020e-01  3.73918863e+00  1.90593237e+00
  1.53618070e+00  2.57122161e+00  1.70756729e+00  1.34883992e+00
  1.45378125e+00  5.70479172e-01  7.65310545e-01  1.62933488e+00
 -1.37554316e-03  1.58818713e+00  2.36040416e+00  1.66911605e+00
  1.64445811e+00  2.97215689e+00  2.20465989e+00  1.97382325e+00
  1.47878408e+00  2.23951534e+00  8.98381068e-01  2.24921359e+00
  3.21287314e+00  8.56385453e-01  4.59053047e-01  2.02604359e+00
 -3.36359867e-01 -2.05289837e-02  3.98257388e-01  6.58832424e-01
  1.49219906e+00  1.30204979e+00  3.50317294e-01  1.00188940e+00
  1.19809307e+00  1.43193096e+00  7.73125490e-01  1.56996267e+00
  3.39987291e+00  2.52448688e+00  3.64206141e+00  2.62911591e+00]
Device (GPU) time: 1.0276 seconds
Iters. done: 421 [Current cost: -20.933010812550975]
Current parameters: [ 3.19279139  4.61821554  3.10504632  3.31369654  3.01215068  1.70656458
  1.11942922  1.86353314  2.2724011   1.6511497   2.53302926  2.47711702
  2.1494006   0.50090557  2.00878291  3.84045068  0.07740877  3.22149137
  0.47003362  3.44028738  3.1955782   0.1273191   3.74346526  1.90898879
  1.53354138  2.56762657  1.71438998  1.34502282  1.4513896   0.56894103
  0.76083589  1.63097105 -0.00603652  1.59367417  2.35906868  1.67301029
  1.63963385  2.9721571   2.20844812  1.97376621  1.48255109  2.24237402
  0.90403888  2.24770206  3.21200202  0.86035719  0.45371339  2.02904873
 -0.32791587 -0.01715305  0.39751799  0.66251209  1.48132034  1.30418603
  0.34643645  0.99962563  1.19862614  1.43536907  0.76972966  1.56802687
  3.40981021  2.5231765   3.63754176  2.63003756]
Device (GPU) time: 1.1280 seconds
Iters. done: 422 [Current cost: -20.933658526805452]
Current parameters: [ 3.19243947  4.61645053  3.10258978  3.31431303  3.01206967  1.70675
  1.12170994  1.86526175  2.27624382  1.65430578  2.53345383  2.4786385
  2.14910961  0.49856474  2.01037576  3.84640823  0.09079468  3.21280889
  0.46432767  3.44617986  3.19610828  0.12695578  3.73701174  1.90792757
  1.5337882   2.56156286  1.71536799  1.34599315  1.45283716  0.56912565
  0.76266182  1.62950372 -0.00696361  1.59425499  2.3528559   1.67670318
  1.64173219  2.97922664  2.2070365   1.97059105  1.48308838  2.23432102
  0.9084797   2.24564509  3.2085753   0.85819594  0.45656769  2.00772651
 -0.32664894 -0.02176995  0.39996686  0.66059574  1.48046363  1.30343622
  0.34643123  0.99966362  1.19909055  1.43665442  0.77030924  1.56905716
  3.40778057  2.52631274  3.63646202  2.63094568]
Device (GPU) time: 1.1172 seconds
Iters. done: 423 [Current cost: -20.966877874018365]
Current parameters: [ 3.19212558e+00  4.61832130e+00  3.10587854e+00  3.31151210e+00
  3.01342453e+00  1.70953058e+00  1.11879766e+00  1.86393019e+00
  2.27057609e+00  1.65133761e+00  2.53003054e+00  2.47648066e+00
  2.15155233e+00  5.03240217e-01  2.00992078e+00  3.84402692e+00
  8.80290168e-02  3.22155802e+00  4.70020771e-01  3.44054434e+00
  3.19549625e+00  1.28041454e-01  3.74085813e+00  1.90216578e+00
  1.53227023e+00  2.57324524e+00  1.71240197e+00  1.34743253e+00
  1.45192360e+00  5.71337677e-01  7.65393874e-01  1.63467517e+00
 -3.28932025e-03  1.59362098e+00  2.35848001e+00  1.66765409e+00
  1.64106503e+00  2.97573121e+00  2.20323808e+00  1.97288817e+00
  1.47925957e+00  2.24218917e+00  9.03872662e-01  2.25043573e+00
  3.21616259e+00  8.61425070e-01  4.55494273e-01  2.02482800e+00
 -3.27184695e-01 -2.04721860e-02  4.01102480e-01  6.63054460e-01
  1.47894475e+00  1.30399005e+00  3.43340880e-01  9.98428173e-01
  1.19749442e+00  1.43437561e+00  7.69112177e-01  1.56855904e+00
  3.41071074e+00  2.52320124e+00  3.63894144e+00  2.62987848e+00]
Device (GPU) time: 1.1927 seconds
Iters. done: 424 [Current cost: -20.882373976767003]
Current parameters: [ 3.19087387e+00  4.62185565e+00  3.10317237e+00  3.31419946e+00
  3.01354343e+00  1.71056964e+00  1.12080985e+00  1.86408031e+00
  2.26785295e+00  1.65428682e+00  2.53369677e+00  2.47633940e+00
  2.14847141e+00  5.02221834e-01  2.00813173e+00  3.84456859e+00
  8.20827147e-02  3.21528146e+00  4.71749369e-01  3.43822540e+00
  3.19864738e+00  1.21671228e-01  3.74396783e+00  1.91821880e+00
  1.53213537e+00  2.56734099e+00  1.70736308e+00  1.34195207e+00
  1.45163305e+00  5.63440458e-01  7.62378676e-01  1.63358594e+00
 -3.67147862e-03  1.58730711e+00  2.36122567e+00  1.67530711e+00
  1.64220440e+00  2.96720646e+00  2.19651563e+00  1.96835514e+00
  1.48018072e+00  2.24100120e+00  8.99735953e-01  2.25083539e+00
  3.21767473e+00  8.57380575e-01  4.49324168e-01  2.02303007e+00
 -3.29290158e-01 -3.24854593e-02  3.98514863e-01  6.60906724e-01
  1.47547468e+00  1.30562642e+00  3.34842723e-01  9.95270922e-01
  1.19783111e+00  1.43340433e+00  7.65795443e-01  1.56897221e+00
  3.40911655e+00  2.52646450e+00  3.63755307e+00  2.63022038e+00]
Device (GPU) time: 1.1452 seconds
Iters. done: 425 [Current cost: -20.88041679131205]
Current parameters: [ 3.19526876  4.62101842  3.10871474  3.31664912  3.01591035  1.70737961
  1.12279008  1.86547123  2.26925837  1.65353244  2.53513348  2.47294296
  2.15035867  0.50583669  2.01011606  3.8440073   0.08551933  3.22122334
  0.47010141  3.44224544  3.19148191  0.12192049  3.73766137  1.90775202
  1.53303209  2.56927616  1.70877349  1.34925774  1.45333328  0.56993942
  0.76092685  1.63321256 -0.00570556  1.58910029  2.36311027  1.66964342
  1.63914966  2.97213561  2.20747857  1.97288913  1.48249135  2.24144006
  0.90190632  2.24928163  3.21148913  0.86064742  0.45286884  2.02249444
 -0.32664752 -0.01888528  0.39858283  0.6618792   1.48183587  1.30378319
  0.34702522  0.99929897  1.19831035  1.43079681  0.77050137  1.56807833
  3.40991058  2.52379009  3.63708133  2.63057464]
Device (GPU) time: 1.0191 seconds
Iters. done: 426 [Current cost: -20.82758694724139]
Current parameters: [ 3.19696571e+00  4.61954588e+00  3.10689862e+00  3.31305338e+00
  3.01274584e+00  1.70829880e+00  1.12176887e+00  1.86697681e+00
  2.25973473e+00  1.65031698e+00  2.53431074e+00  2.48075259e+00
  2.14024009e+00  5.02845413e-01  2.01278367e+00  3.83824544e+00
  8.37870219e-02  3.21108716e+00  4.75157894e-01  3.44610654e+00
  3.19675093e+00  1.25537627e-01  3.73953530e+00  1.90111676e+00
  1.53472967e+00  2.57254521e+00  1.71425491e+00  1.34532297e+00
  1.44626626e+00  5.67530755e-01  7.63766309e-01  1.63502852e+00
  1.20783899e-04  1.58685725e+00  2.36076566e+00  1.67324980e+00
  1.63718011e+00  2.97234757e+00  2.20520635e+00  1.96553491e+00
  1.47342980e+00  2.23671301e+00  9.04279900e-01  2.25389056e+00
  3.20989069e+00  8.60190742e-01  4.52809698e-01  2.02317785e+00
 -3.25858983e-01 -1.35286379e-02  3.88152320e-01  6.61391749e-01
  1.48121625e+00  1.30494859e+00  3.47072346e-01  1.00098484e+00
  1.19711955e+00  1.44109220e+00  7.65674520e-01  1.57042860e+00
  3.41162467e+00  2.52295017e+00  3.63950864e+00  2.62866225e+00]
Device (GPU) time: 1.1249 seconds
Iters. done: 427 [Current cost: -20.929503786064878]
Current parameters: [ 3.19427506  4.61721029  3.10418287  3.31301288  3.01190156  1.71082297
  1.12059351  1.86513998  2.27185457  1.65203417  2.53223952  2.47098243
  2.15152519  0.50537116  2.00518839  3.83630048  0.08834361  3.22207807
  0.47023381  3.44471893  3.20218817  0.12501936  3.74482255  1.90797336
  1.53315695  2.57037708  1.7105764   1.3450814   1.45461216  0.5680188
  0.76304528  1.63553889 -0.00552617  1.59202505  2.35989644  1.66989635
  1.63866324  2.97182609  2.20631952  1.97253978  1.48068881  2.24131579
  0.9021852   2.25009165  3.21054216  0.8598409   0.45188032  2.02099353
 -0.32914759 -0.01792446  0.39572127  0.66197239  1.48249181  1.30407758
  0.34596186  0.99941798  1.19926147  1.43494266  0.76820888  1.5682806
  3.40943816  2.52414388  3.63843176  2.63043184]
Device (GPU) time: 1.1151 seconds
Iters. done: 428 [Current cost: -20.855562662051387]
Current parameters: [ 3.18402271  4.63228456  3.10305747  3.31121997  3.02112337  1.69429278
  1.1091538   1.85886303  2.26910099  1.65652446  2.53058133  2.4794813
  2.1512309   0.50386183  2.00841372  3.84104383  0.08844643  3.21913435
  0.47292482  3.44017137  3.20672266  0.12326378  3.74054278  1.9059827
  1.53506705  2.56865927  1.70956503  1.3469592   1.45273862  0.56708395
  0.76295639  1.63212608 -0.00552681  1.59457416  2.35826903  1.67105705
  1.6376402   2.96867465  2.20920746  1.97421992  1.47874017  2.24130116
  0.90243749  2.25354345  3.20829091  0.86021185  0.45569194  2.02245484
 -0.32288335 -0.01910415  0.39722131  0.66001531  1.47860269  1.30380214
  0.34777147  1.00237619  1.19628071  1.43501675  0.77226013  1.57103226
  3.41195015  2.52328709  3.63222232  2.6301898 ]
Device (GPU) time: 1.0994 seconds
Iters. done: 429 [Current cost: -20.913521052599506]
Current parameters: [ 3.19066422  4.62090408  3.104426    3.31270517  3.01288716  1.71056742
  1.11895192  1.86702753  2.27198338  1.65499213  2.53049234  2.4736041
  2.1501859   0.50277056  2.0084819   3.84372886  0.08226303  3.21896235
  0.46956697  3.43865989  3.19581846  0.12663556  3.74118656  1.90963277
  1.52916145  2.5713357   1.70875727  1.3421408   1.45184658  0.56764335
  0.76394896  1.6347079  -0.00488217  1.58944958  2.35742283  1.6681524
  1.64277767  2.9735543   2.20697946  1.97173832  1.47539106  2.24215824
  0.9016236   2.24745404  3.2080292   0.86019621  0.45642237  2.02219561
 -0.3247013  -0.01563433  0.39595098  0.66183057  1.47842792  1.30546399
  0.3488597   1.00118658  1.1950968   1.4315208   0.76859961  1.57016375
  3.41009402  2.52654647  3.63668323  2.63091846]
Device (GPU) time: 1.0222 seconds
Iters. done: 430 [Current cost: -20.842049453253647]
Current parameters: [ 3.19236827e+00  4.61946944e+00  3.10462324e+00  3.31241374e+00
  3.01316642e+00  1.70910600e+00  1.11873798e+00  1.86648914e+00
  2.26912315e+00  1.65427337e+00  2.53141183e+00  2.47685478e+00
  2.15055995e+00  5.03486579e-01  2.00909456e+00  3.84411114e+00
  8.51821547e-02  3.21972134e+00  4.69689651e-01  3.44142708e+00
  3.19726861e+00  1.27034999e-01  3.74264713e+00  1.90933486e+00
  1.53371849e+00  2.57219780e+00  1.70844564e+00  1.34572356e+00
  1.45160338e+00  5.69049064e-01  7.63088503e-01  1.63311362e+00
 -3.30771337e-03  1.59172495e+00  2.35941206e+00  1.67269776e+00
  1.63955464e+00  2.97329477e+00  2.20692943e+00  1.97260301e+00
  1.48094006e+00  2.24117445e+00  9.01557283e-01  2.25074182e+00
  3.21052462e+00  8.60798455e-01  4.52796225e-01  2.02308760e+00
 -3.26810617e-01 -1.92256442e-02  3.97617060e-01  6.62270865e-01
  1.48232562e+00  1.30045025e+00  3.47381416e-01  1.00011810e+00
  1.19693616e+00  1.43435128e+00  7.71378147e-01  1.56662591e+00
  3.40994226e+00  2.52306112e+00  3.63719829e+00  2.63013416e+00]
Device (GPU) time: 1.1177 seconds
Iters. done: 431 [Current cost: -20.90949977588897]
Current parameters: [ 3.19254739  4.62078588  3.10192751  3.3128318   3.01342849  1.70853395
  1.12009338  1.86296485  2.26561778  1.65297352  2.53640947  2.47554357
  2.15003051  0.50224497  2.00845323  3.84855376  0.08402549  3.2229498
  0.46960674  3.44152528  3.20093486  0.1325965   3.73929619  1.90839611
  1.53440657  2.56902228  1.7094804   1.34519312  1.45197685  0.57212038
  0.76337942  1.63438676 -0.00616464  1.58756599  2.35670228  1.66828271
  1.63975875  2.97093085  2.2072728   1.97348531  1.48160055  2.24156169
  0.90152129  2.25068069  3.21105716  0.85940026  0.45189769  2.02181611
 -0.32847886 -0.0166523   0.39708674  0.66179691  1.48048695  1.30690888
  0.34631217  0.99859083  1.19854114  1.43562342  0.76916243  1.56527576
  3.40882632  2.52318411  3.638141    2.63184127]
Device (GPU) time: 1.0999 seconds
Iters. done: 432 [Current cost: -20.865729693837014]
Current parameters: [ 3.19215587e+00  4.61906227e+00  3.10392483e+00  3.31300437e+00
  3.01410164e+00  1.70905312e+00  1.11855131e+00  1.86449362e+00
  2.26858315e+00  1.65313876e+00  2.53328110e+00  2.47603123e+00
  2.15062166e+00  5.03219956e-01  2.00909985e+00  3.84352552e+00
  8.47702914e-02  3.21938009e+00  4.69633811e-01  3.44159722e+00
  3.19694373e+00  1.25528721e-01  3.74112842e+00  1.90976651e+00
  1.53255132e+00  2.56987118e+00  1.70968726e+00  1.34607986e+00
  1.45169630e+00  5.66924109e-01  7.62886247e-01  1.63369231e+00
 -3.24033400e-03  1.59265336e+00  2.35910330e+00  1.66864228e+00
  1.64017555e+00  2.97377713e+00  2.20651003e+00  1.97345357e+00
  1.48003510e+00  2.24145409e+00  9.03102014e-01  2.25059804e+00
  3.21086078e+00  8.63258587e-01  4.52782339e-01  2.02258792e+00
 -3.28887225e-01 -1.76013365e-02  3.97909002e-01  6.62104743e-01
  1.48087866e+00  1.30386790e+00  3.46989029e-01  9.98698709e-01
  1.19750059e+00  1.43476944e+00  7.67852813e-01  1.56831762e+00
  3.40759999e+00  2.52047777e+00  3.63396636e+00  2.62895528e+00]
Device (GPU) time: 1.0018 seconds
Iters. done: 433 [Current cost: -20.955273774057428]
Current parameters: [ 3.19192707e+00  4.61885649e+00  3.10318922e+00  3.31239646e+00
  3.01248318e+00  1.70778100e+00  1.11897054e+00  1.86365402e+00
  2.26758662e+00  1.65388958e+00  2.53493359e+00  2.47619676e+00
  2.15213041e+00  5.01448400e-01  2.00829506e+00  3.84329733e+00
  8.51129858e-02  3.21817597e+00  4.68713902e-01  3.44111573e+00
  3.19584112e+00  1.23941545e-01  3.74197328e+00  1.91103375e+00
  1.53142020e+00  2.56961654e+00  1.70916087e+00  1.34566626e+00
  1.45171811e+00  5.66311822e-01  7.63181622e-01  1.63317574e+00
 -3.36856000e-03  1.59337578e+00  2.35887526e+00  1.66655292e+00
  1.64020975e+00  2.97399025e+00  2.20690361e+00  1.97380666e+00
  1.47940449e+00  2.24225331e+00  9.02793000e-01  2.25005840e+00
  3.21120893e+00  8.54528225e-01  4.52297215e-01  2.02178495e+00
 -3.25941364e-01 -1.69285409e-02  3.97725868e-01  6.61663655e-01
  1.48085649e+00  1.30403478e+00  3.45983289e-01  1.00064519e+00
  1.19886840e+00  1.43527961e+00  7.73467325e-01  1.56928419e+00
  3.41379802e+00  2.51592457e+00  3.64351289e+00  2.62691757e+00]
Device (GPU) time: 1.1268 seconds
Iters. done: 434 [Current cost: -20.96358617196065]
Current parameters: [ 3.19221063e+00  4.61932702e+00  3.10454319e+00  3.31236946e+00
  3.01340836e+00  1.70869730e+00  1.11832541e+00  1.86467367e+00
  2.26958951e+00  1.65214995e+00  2.53217432e+00  2.47628334e+00
  2.15089934e+00  5.03305065e-01  2.00903705e+00  3.84361411e+00
  8.49488012e-02  3.21974259e+00  4.69159254e-01  3.44178812e+00
  3.19639485e+00  1.25788611e-01  3.74098371e+00  1.90866524e+00
  1.53341651e+00  2.57106613e+00  1.70954263e+00  1.34584518e+00
  1.45169993e+00  5.67710140e-01  7.62733383e-01  1.63430316e+00
 -4.08613858e-03  1.59215254e+00  2.35917796e+00  1.66948043e+00
  1.64017890e+00  2.97217157e+00  2.20652386e+00  1.97310328e+00
  1.47928817e+00  2.23825304e+00  9.01146125e-01  2.24930918e+00
  3.20984023e+00  8.60067299e-01  4.52402486e-01  2.02350934e+00
 -3.27449260e-01 -1.57594825e-02  3.97251057e-01  6.61902182e-01
  1.48096144e+00  1.30409720e+00  3.42859692e-01  9.97887273e-01
  1.19943651e+00  1.43456725e+00  7.73688499e-01  1.56823340e+00
  3.40878958e+00  2.52383687e+00  3.63553950e+00  2.63045138e+00]
Device (GPU) time: 1.1665 seconds
Iters. done: 435 [Current cost: -20.90842479690253]
Current parameters: [ 3.19242347e+00  4.61935112e+00  3.10297355e+00  3.31381021e+00
  3.01366117e+00  1.71319227e+00  1.11779361e+00  1.86188580e+00
  2.26817321e+00  1.65441326e+00  2.52984524e+00  2.47503969e+00
  2.14810306e+00  5.03553983e-01  2.01239300e+00  3.84362057e+00
  8.70372899e-02  3.21772572e+00  4.71646152e-01  3.44004661e+00
  3.19697386e+00  1.26704872e-01  3.74239950e+00  1.90900960e+00
  1.53432076e+00  2.56750963e+00  1.71047066e+00  1.34623574e+00
  1.45275625e+00  5.68800919e-01  7.62616999e-01  1.63429383e+00
 -2.08909656e-03  1.59216663e+00  2.35968775e+00  1.67268360e+00
  1.64127085e+00  2.97236652e+00  2.20750394e+00  1.97267181e+00
  1.48389948e+00  2.24849751e+00  9.06041830e-01  2.25320718e+00
  3.20824390e+00  8.60421049e-01  4.53755612e-01  2.02221906e+00
 -3.26905449e-01 -1.35706734e-02  3.96951840e-01  6.61927627e-01
  1.47947391e+00  1.30391785e+00  3.42654049e-01  9.98297659e-01
  1.19970603e+00  1.43127803e+00  7.72454127e-01  1.56959309e+00
  3.40987861e+00  2.52323014e+00  3.63687700e+00  2.62966964e+00]
Device (GPU) time: 1.0019 seconds
Iters. done: 436 [Current cost: -20.96960253125637]
Current parameters: [ 3.19226860e+00  4.61861169e+00  3.10495414e+00  3.31586504e+00
  3.01349580e+00  1.70932944e+00  1.11596152e+00  1.86497953e+00
  2.26956012e+00  1.65224101e+00  2.53232436e+00  2.47564505e+00
  2.15072655e+00  5.02806563e-01  2.00955661e+00  3.84337893e+00
  8.60592993e-02  3.22000105e+00  4.68811523e-01  3.44152355e+00
  3.19635494e+00  1.27853386e-01  3.74162175e+00  1.90829493e+00
  1.53246103e+00  2.57010093e+00  1.70963331e+00  1.34666501e+00
  1.45136278e+00  5.65573429e-01  7.61322294e-01  1.63312910e+00
 -4.24736286e-03  1.59052085e+00  2.35692149e+00  1.67025055e+00
  1.63890040e+00  2.97182241e+00  2.20632222e+00  1.97217162e+00
  1.48028850e+00  2.24147760e+00  9.01920367e-01  2.25159145e+00
  3.21196146e+00  8.60140093e-01  4.52105813e-01  2.02291345e+00
 -3.27497283e-01 -1.74190232e-02  3.98169814e-01  6.62140170e-01
  1.48218367e+00  1.30492467e+00  3.46930640e-01  9.98889778e-01
  1.19751117e+00  1.43391187e+00  7.70647382e-01  1.56866900e+00
  3.41172015e+00  2.52432767e+00  3.63640953e+00  2.62812864e+00]
Device (GPU) time: 1.1301 seconds
Iters. done: 437 [Current cost: -20.93635704941564]
Current parameters: [ 3.19131396e+00  4.62139178e+00  3.09890795e+00  3.31414539e+00
  3.01434226e+00  1.70880340e+00  1.12089549e+00  1.86207868e+00
  2.27048848e+00  1.65191121e+00  2.52988908e+00  2.47761806e+00
  2.15199777e+00  5.02231644e-01  2.01018651e+00  3.84431382e+00
  8.64817653e-02  3.22065454e+00  4.69511890e-01  3.44230590e+00
  3.19532519e+00  1.29586192e-01  3.74296809e+00  1.90698976e+00
  1.53085431e+00  2.57206937e+00  1.70919553e+00  1.35067806e+00
  1.45158826e+00  5.62133983e-01  7.61005908e-01  1.63158042e+00
 -4.12942858e-03  1.59228102e+00  2.36369377e+00  1.67102963e+00
  1.64126683e+00  2.97166620e+00  2.20716013e+00  1.97049731e+00
  1.48182399e+00  2.24080992e+00  9.00532340e-01  2.24785840e+00
  3.21166851e+00  8.60453693e-01  4.51209364e-01  2.02172574e+00
 -3.28425826e-01 -1.52081696e-02  3.95777987e-01  6.62206619e-01
  1.47832513e+00  1.30299513e+00  3.46507042e-01  1.00092265e+00
  1.19712179e+00  1.43455721e+00  7.68213848e-01  1.56884995e+00
  3.40824237e+00  2.52240922e+00  3.63964705e+00  2.63299882e+00]
Device (GPU) time: 1.1166 seconds
Iters. done: 438 [Current cost: -20.948863486178702]
Current parameters: [ 3.19145508e+00  4.61959966e+00  3.10439805e+00  3.31250434e+00
  3.01448827e+00  1.70981819e+00  1.11882301e+00  1.86496266e+00
  2.26904963e+00  1.65336141e+00  2.53492484e+00  2.47586853e+00
  2.15189245e+00  5.03325336e-01  2.00962733e+00  3.84196005e+00
  8.66421846e-02  3.21903297e+00  4.70654946e-01  3.44173783e+00
  3.19536425e+00  1.27992832e-01  3.74037805e+00  1.90713630e+00
  1.53370800e+00  2.56888999e+00  1.70788406e+00  1.34405515e+00
  1.45075060e+00  5.67215314e-01  7.60481716e-01  1.63454968e+00
 -3.71829857e-03  1.59430087e+00  2.35873770e+00  1.67151677e+00
  1.64117291e+00  2.97176112e+00  2.20581569e+00  1.97480837e+00
  1.47946547e+00  2.24185101e+00  9.02227888e-01  2.25002222e+00
  3.21114313e+00  8.60237247e-01  4.52045724e-01  2.02361482e+00
 -3.27141166e-01 -1.78704886e-02  3.97231683e-01  6.62017449e-01
  1.48044655e+00  1.30398245e+00  3.47054875e-01  9.99397877e-01
  1.19802777e+00  1.43443795e+00  7.70341789e-01  1.56815678e+00
  3.40925815e+00  2.52372713e+00  3.63776024e+00  2.63116113e+00]
Device (GPU) time: 1.0861 seconds
Iters. done: 439 [Current cost: -20.898590936489736]
Current parameters: [ 3.19276476  4.62106572  3.10367264  3.3146089   3.01422741  1.70938
  1.11843948  1.86241612  2.26817061  1.65301786  2.52729984  2.47797798
  2.15418929  0.50028349  2.00590341  3.8395233   0.08237642  3.21399212
  0.47083539  3.44350322  3.19443268  0.12798675  3.73802492  1.91030934
  1.53417701  2.57413466  1.71008526  1.34696535  1.45164465  0.5718409
  0.75988453  1.63486465 -0.00507881  1.59158711  2.35820324  1.66698707
  1.64064512  2.9728977   2.20679241  1.97466112  1.48182608  2.24392332
  0.90228303  2.25019452  3.21069806  0.85970301  0.44900144  2.02048204
 -0.32888802 -0.01894427  0.39709594  0.66185311  1.48122176  1.30376954
  0.34654244  0.99907169  1.1981378   1.43524247  0.7700746   1.56865112
  3.41013736  2.52509602  3.63626467  2.62957956]
Device (GPU) time: 1.0051 seconds
Iters. done: 440 [Current cost: -20.949552070598177]
Current parameters: [ 3.19034144e+00  4.61892975e+00  3.10582076e+00  3.31450948e+00
  3.01480096e+00  1.70886567e+00  1.11953193e+00  1.86480979e+00
  2.26933519e+00  1.65600962e+00  2.53086685e+00  2.47695355e+00
  2.15094440e+00  5.03599731e-01  2.01022678e+00  3.84392696e+00
  8.58104507e-02  3.22013634e+00  4.71021818e-01  3.44203797e+00
  3.19681583e+00  1.26228930e-01  3.74112954e+00  1.90967669e+00
  1.53288384e+00  2.57023414e+00  1.70951805e+00  1.34601032e+00
  1.45201756e+00  5.67936079e-01  7.62640683e-01  1.63447484e+00
 -3.92140797e-03  1.59248540e+00  2.35895525e+00  1.67019641e+00
  1.64048411e+00  2.97292244e+00  2.20668535e+00  1.97340015e+00
  1.48060074e+00  2.24017169e+00  9.02728579e-01  2.25053164e+00
  3.21017168e+00  8.58274407e-01  4.52989345e-01  2.02418560e+00
 -3.31145567e-01 -1.60881250e-02  3.98376329e-01  6.61651162e-01
  1.48183056e+00  1.30454158e+00  3.45891418e-01  9.99205901e-01
  1.19735917e+00  1.43598439e+00  7.68679164e-01  1.56864348e+00
  3.41055459e+00  2.52411513e+00  3.63803636e+00  2.63054532e+00]
Device (GPU) time: 1.1369 seconds
Iters. done: 441 [Current cost: -20.9364089618469]
Current parameters: [ 3.19158538e+00  4.61943481e+00  3.10599288e+00  3.31099299e+00
  3.01423212e+00  1.70664749e+00  1.12014393e+00  1.86729643e+00
  2.26910470e+00  1.65037323e+00  2.53200008e+00  2.48035974e+00
  2.15181851e+00  5.05729840e-01  2.00821175e+00  3.84302421e+00
  8.30387756e-02  3.21842318e+00  4.63017396e-01  3.43842075e+00
  3.19893242e+00  1.25126020e-01  3.74091552e+00  1.90498664e+00
  1.53524242e+00  2.56939779e+00  1.70874379e+00  1.34542812e+00
  1.45040447e+00  5.66616417e-01  7.63049494e-01  1.63489763e+00
  1.72586803e-04  1.59247469e+00  2.35837297e+00  1.66955327e+00
  1.64068501e+00  2.97169020e+00  2.20787542e+00  1.97236043e+00
  1.48262254e+00  2.24379085e+00  9.02185732e-01  2.24957208e+00
  3.21052622e+00  8.58236610e-01  4.50907286e-01  2.02089089e+00
 -3.31875218e-01 -1.66768204e-02  3.96570560e-01  6.61485944e-01
  1.48205352e+00  1.30464997e+00  3.45545551e-01  9.98961839e-01
  1.19724657e+00  1.42947037e+00  7.68043453e-01  1.56871289e+00
  3.41049000e+00  2.52422983e+00  3.63793232e+00  2.63031115e+00]
Device (GPU) time: 1.1384 seconds
Iters. done: 442 [Current cost: -20.978347971654223]
Current parameters: [ 3.19092006e+00  4.61828969e+00  3.10353801e+00  3.31271829e+00
  3.01274749e+00  1.70754873e+00  1.11894370e+00  1.86432833e+00
  2.26873405e+00  1.65253827e+00  2.53215130e+00  2.47658464e+00
  2.15067900e+00  5.02825969e-01  2.00852432e+00  3.84476198e+00
  8.47737436e-02  3.21954957e+00  4.71758808e-01  3.44209775e+00
  3.19698869e+00  1.26360453e-01  3.74018962e+00  1.90817736e+00
  1.53333829e+00  2.56998422e+00  1.70956664e+00  1.34505280e+00
  1.45327171e+00  5.67675709e-01  7.62716689e-01  1.63432237e+00
 -4.13753917e-03  1.59364876e+00  2.36085074e+00  1.67007230e+00
  1.64066880e+00  2.97196884e+00  2.20525629e+00  1.97208843e+00
  1.48097258e+00  2.24109726e+00  9.01925620e-01  2.25022056e+00
  3.21027031e+00  8.60331941e-01  4.51702717e-01  2.02257610e+00
 -3.26873486e-01 -1.64203648e-02  3.98476802e-01  6.63297347e-01
  1.48211966e+00  1.30400148e+00  3.46888601e-01  9.99512794e-01
  1.19778220e+00  1.43284777e+00  7.69545334e-01  1.56808277e+00
  3.40883039e+00  2.52555006e+00  3.63826058e+00  2.62593406e+00]
Device (GPU) time: 1.1164 seconds
Iters. done: 443 [Current cost: -20.869071506224728]
Current parameters: [ 3.19871407e+00  4.61784107e+00  3.10349788e+00  3.31153841e+00
  3.01779800e+00  1.70719511e+00  1.11799902e+00  1.86287655e+00
  2.26961949e+00  1.65351127e+00  2.53205716e+00  2.47452873e+00
  2.15297033e+00  5.03052617e-01  2.01122521e+00  3.84502418e+00
  8.49732230e-02  3.21968842e+00  4.69698849e-01  3.44100815e+00
  3.19770790e+00  1.25784292e-01  3.74509383e+00  1.91036328e+00
  1.53206390e+00  2.56972428e+00  1.70961473e+00  1.34724910e+00
  1.44403403e+00  5.69625328e-01  7.63268827e-01  1.63395709e+00
 -3.76674148e-03  1.59454424e+00  2.35972140e+00  1.66898767e+00
  1.64073216e+00  2.97242806e+00  2.20590186e+00  1.97287123e+00
  1.48046119e+00  2.24135866e+00  9.02258933e-01  2.25058007e+00
  3.21038098e+00  8.60023524e-01  4.51732008e-01  2.02226559e+00
 -3.27108761e-01 -1.67179755e-02  3.98383135e-01  6.55754161e-01
  1.48079993e+00  1.30408071e+00  3.47183809e-01  9.99564125e-01
  1.19797392e+00  1.43479205e+00  7.69400126e-01  1.56863187e+00
  3.40899684e+00  2.52758657e+00  3.63831481e+00  2.62761709e+00]
Device (GPU) time: 1.1210 seconds
Iters. done: 444 [Current cost: -20.903407275128778]
Current parameters: [ 3.19483967e+00  4.61941569e+00  3.10520497e+00  3.31189537e+00
  3.01559745e+00  1.70936963e+00  1.11813148e+00  1.86365410e+00
  2.27045374e+00  1.65282523e+00  2.53194924e+00  2.47670562e+00
  2.15195748e+00  5.02104160e-01  2.01060677e+00  3.84355903e+00
  8.59067615e-02  3.21918768e+00  4.69660564e-01  3.44033463e+00
  3.19793271e+00  1.26415615e-01  3.73907601e+00  1.90943952e+00
  1.53285524e+00  2.56932441e+00  1.71092271e+00  1.34454246e+00
  1.45448576e+00  5.67305638e-01  7.62818742e-01  1.63399151e+00
 -3.19693434e-03  1.59168997e+00  2.35942836e+00  1.67072189e+00
  1.64060709e+00  2.97446801e+00  2.20652649e+00  1.97277356e+00
  1.48106037e+00  2.24109427e+00  8.99457883e-01  2.25093268e+00
  3.21141880e+00  8.60418822e-01  4.51042030e-01  2.02392718e+00
 -3.27352969e-01 -1.67580570e-02  3.96442596e-01  6.62200763e-01
  1.48095838e+00  1.30395170e+00  3.46730740e-01  9.99847669e-01
  1.19768983e+00  1.43474667e+00  7.69737024e-01  1.56857149e+00
  3.41049120e+00  2.52351171e+00  3.63755609e+00  2.63006690e+00]
Device (GPU) time: 1.0108 seconds
Iters. done: 445 [Current cost: -20.94789647227383]
Current parameters: [ 3.18895277e+00  4.62093395e+00  3.10216466e+00  3.31429500e+00
  3.01111603e+00  1.71114349e+00  1.11791108e+00  1.86475398e+00
  2.27141654e+00  1.65212670e+00  2.53392114e+00  2.47834172e+00
  2.15070820e+00  5.03185715e-01  2.00858342e+00  3.84469182e+00
  8.43436367e-02  3.21973336e+00  4.71538560e-01  3.44267946e+00
  3.19626027e+00  1.23714755e-01  3.74353643e+00  1.90793661e+00
  1.53419279e+00  2.56676424e+00  1.71266950e+00  1.34859993e+00
  1.44820733e+00  5.69763013e-01  7.60131337e-01  1.63835482e+00
 -4.29033476e-03  1.59216987e+00  2.35981206e+00  1.66989202e+00
  1.63934733e+00  2.97789743e+00  2.20752968e+00  1.97385501e+00
  1.48002608e+00  2.24177005e+00  8.94404056e-01  2.25416386e+00
  3.21023917e+00  8.59352814e-01  4.53297173e-01  2.02227873e+00
 -3.27985851e-01 -1.79417851e-02  3.97147139e-01  6.61737014e-01
  1.48074191e+00  1.30390094e+00  3.46506445e-01  9.99223836e-01
  1.19818505e+00  1.43279458e+00  7.69109952e-01  1.56852908e+00
  3.41026150e+00  2.52380665e+00  3.63715684e+00  2.63040318e+00]
Device (GPU) time: 1.1645 seconds
Iters. done: 446 [Current cost: -20.91782317128094]
Current parameters: [ 3.19202116e+00  4.61952902e+00  3.10444831e+00  3.31309503e+00
  3.01241266e+00  1.70924227e+00  1.11847112e+00  1.86344089e+00
  2.26913766e+00  1.65303134e+00  2.53175793e+00  2.47652481e+00
  2.15173613e+00  5.03448757e-01  2.01072039e+00  3.84350435e+00
  8.54074043e-02  3.22169567e+00  4.69803457e-01  3.44330885e+00
  3.19544083e+00  1.26423625e-01  3.74093697e+00  1.90952406e+00
  1.53390407e+00  2.56915326e+00  1.71253086e+00  1.34578568e+00
  1.45183456e+00  5.67946920e-01  7.63785644e-01  1.63321285e+00
 -5.21396819e-04  1.59229814e+00  2.35926461e+00  1.66892859e+00
  1.64007936e+00  2.97020440e+00  2.20610353e+00  1.97383341e+00
  1.47958752e+00  2.24186353e+00  9.01562477e-01  2.24974891e+00
  3.20915261e+00  8.60061253e-01  4.51978433e-01  2.02220905e+00
 -3.27458833e-01 -1.92960505e-02  3.96650272e-01  6.61799919e-01
  1.48132698e+00  1.30410653e+00  3.46820891e-01  9.99706262e-01
  1.19625224e+00  1.43436859e+00  7.70545515e-01  1.56841258e+00
  3.41004240e+00  2.52407031e+00  3.63716787e+00  2.63042195e+00]
Device (GPU) time: 1.0839 seconds
Iters. done: 447 [Current cost: -20.878085854583645]
Current parameters: [ 3.19170456e+00  4.61811536e+00  3.10246197e+00  3.31098398e+00
  3.01933056e+00  1.70996154e+00  1.11815787e+00  1.86714932e+00
  2.27029521e+00  1.65239454e+00  2.53115564e+00  2.47412709e+00
  2.14750747e+00  4.99643065e-01  2.00239473e+00  3.84486198e+00
  8.40711844e-02  3.22201851e+00  4.68280187e-01  3.44423185e+00
  3.19424827e+00  1.24639717e-01  3.73908140e+00  1.90735947e+00
  1.53392921e+00  2.56921669e+00  1.71036060e+00  1.34665416e+00
  1.45108248e+00  5.65253646e-01  7.64141922e-01  1.63402705e+00
 -2.51563541e-03  1.59183192e+00  2.35853385e+00  1.66958552e+00
  1.64297358e+00  2.97201323e+00  2.20698580e+00  1.97303207e+00
  1.48305185e+00  2.24116033e+00  9.03567738e-01  2.25617234e+00
  3.20855185e+00  8.58906912e-01  4.51588530e-01  2.02485190e+00
 -3.26968108e-01 -1.82531018e-02  3.97542485e-01  6.62070789e-01
  1.47886283e+00  1.30265577e+00  3.46798067e-01  9.98716428e-01
  1.19711078e+00  1.43627668e+00  7.70251125e-01  1.56857157e+00
  3.41044546e+00  2.52434700e+00  3.63782251e+00  2.63111742e+00]
Device (GPU) time: 1.1096 seconds
Iters. done: 448 [Current cost: -20.90426646995508]
Current parameters: [ 3.19222708e+00  4.61966400e+00  3.10475247e+00  3.31273396e+00
  3.01322791e+00  1.70956445e+00  1.11861617e+00  1.86411803e+00
  2.27168549e+00  1.65204587e+00  2.53325972e+00  2.47733202e+00
  2.15106164e+00  5.02395967e-01  2.00936794e+00  3.84401739e+00
  8.53468707e-02  3.21903144e+00  4.69841161e-01  3.44100432e+00
  3.19638017e+00  1.26010288e-01  3.74192963e+00  1.90919594e+00
  1.53307809e+00  2.57066829e+00  1.70952826e+00  1.34610081e+00
  1.45217565e+00  5.69127192e-01  7.63268665e-01  1.63476265e+00
 -3.68103688e-03  1.59175335e+00  2.36016280e+00  1.67003889e+00
  1.63890497e+00  2.97087705e+00  2.20439258e+00  1.97294740e+00
  1.48076414e+00  2.24028318e+00  9.03688347e-01  2.25238084e+00
  3.21111483e+00  8.59312193e-01  4.52139799e-01  2.02275553e+00
 -3.29680969e-01 -1.67567035e-02  3.97220322e-01  6.62257057e-01
  1.47834320e+00  1.30411228e+00  3.49378265e-01  1.00083407e+00
  1.19891184e+00  1.43384485e+00  7.71416189e-01  1.56863801e+00
  3.40979397e+00  2.52359064e+00  3.63642641e+00  2.63007424e+00]
Device (GPU) time: 1.0477 seconds
Iters. done: 449 [Current cost: -20.92107134240605]
Current parameters: [ 3.19091687e+00  4.61869855e+00  3.10598978e+00  3.31174718e+00
  3.01289230e+00  1.70784683e+00  1.11874512e+00  1.86239503e+00
  2.26167881e+00  1.65192469e+00  2.52807894e+00  2.47277171e+00
  2.14872756e+00  5.04073664e-01  2.00764397e+00  3.84422666e+00
  8.65146514e-02  3.21996686e+00  4.68386863e-01  3.43994609e+00
  3.19540791e+00  1.24497368e-01  3.74245658e+00  1.90822429e+00
  1.53234511e+00  2.56889990e+00  1.71209318e+00  1.34402255e+00
  1.45075868e+00  5.66193220e-01  7.61893245e-01  1.63563750e+00
 -4.59464363e-03  1.59247854e+00  2.35779035e+00  1.67168258e+00
  1.63990641e+00  2.97432771e+00  2.20450606e+00  1.97325145e+00
  1.48396427e+00  2.24171196e+00  8.99107492e-01  2.24691184e+00
  3.21211260e+00  8.59782461e-01  4.52423486e-01  2.02249816e+00
 -3.29992913e-01 -1.75281341e-02  3.98363477e-01  6.62074411e-01
  1.47819295e+00  1.30415497e+00  3.51053582e-01  1.00134107e+00
  1.19959417e+00  1.43620299e+00  7.73014166e-01  1.56923717e+00
  3.40947827e+00  2.52431824e+00  3.63582319e+00  2.63104652e+00]
Device (GPU) time: 1.6862 seconds
Iters. done: 450 [Current cost: -20.940358722697795]
Current parameters: [ 3.19233514e+00  4.61898952e+00  3.10324065e+00  3.31338582e+00
  3.01406230e+00  1.70924176e+00  1.11848583e+00  1.86424627e+00
  2.26941090e+00  1.65331378e+00  2.53197763e+00  2.47667994e+00
  2.15161004e+00  5.02566360e-01  2.00933738e+00  3.84426996e+00
  8.46542743e-02  3.21981278e+00  4.70180992e-01  3.44193761e+00
  3.19681234e+00  1.25260010e-01  3.74097744e+00  1.90777841e+00
  1.53278898e+00  2.57022850e+00  1.70842451e+00  1.34560702e+00
  1.45141872e+00  5.67437692e-01  7.63109744e-01  1.63397072e+00
 -3.38601026e-03  1.59157533e+00  2.35874184e+00  1.66977736e+00
  1.63819919e+00  2.97268737e+00  2.20448612e+00  1.97600378e+00
  1.48347486e+00  2.24077995e+00  9.02061665e-01  2.24937349e+00
  3.21114739e+00  8.60012452e-01  4.54949718e-01  2.02289708e+00
 -3.26996207e-01 -1.73600352e-02  3.93923914e-01  6.62360444e-01
  1.48115447e+00  1.30327360e+00  3.46602201e-01  9.97554167e-01
  1.19782359e+00  1.43456453e+00  7.69452701e-01  1.56952724e+00
  3.41052529e+00  2.52431068e+00  3.63737525e+00  2.62943569e+00]
Device (GPU) time: 1.1398 seconds
Iters. done: 451 [Current cost: -20.884987219477292]
Current parameters: [ 3.19168375e+00  4.61685905e+00  3.10302420e+00  3.31262468e+00
  3.01419838e+00  1.71000958e+00  1.11724703e+00  1.86326679e+00
  2.26830428e+00  1.65295560e+00  2.53213941e+00  2.47722209e+00
  2.15187825e+00  5.02678737e-01  2.01005295e+00  3.84421447e+00
  8.68163675e-02  3.21910850e+00  4.70644717e-01  3.44248625e+00
  3.19674563e+00  1.23003639e-01  3.74268400e+00  1.90870520e+00
  1.53623910e+00  2.57169503e+00  1.70959660e+00  1.34535513e+00
  1.45237492e+00  5.68725428e-01  7.63482344e-01  1.63280855e+00
 -3.88718996e-03  1.59066950e+00  2.35916740e+00  1.67153671e+00
  1.64332085e+00  2.97111037e+00  2.21503758e+00  1.97331945e+00
  1.47866108e+00  2.23993110e+00  9.02008235e-01  2.24877398e+00
  3.21392924e+00  8.60475479e-01  4.52385602e-01  2.02320815e+00
 -3.28971775e-01 -1.86208227e-02  3.96582012e-01  6.62988014e-01
  1.47615292e+00  1.30431266e+00  3.50145161e-01  9.93189618e-01
  1.19951415e+00  1.43325458e+00  7.69389791e-01  1.56853063e+00
  3.41159845e+00  2.52460309e+00  3.63822497e+00  2.62797485e+00]
Device (GPU) time: 1.1760 seconds
Iters. done: 452 [Current cost: -20.91341686833426]
Current parameters: [ 3.19245030e+00  4.61820957e+00  3.10408851e+00  3.31299031e+00
  3.01510508e+00  1.71100952e+00  1.11934268e+00  1.86088100e+00
  2.27035022e+00  1.65470446e+00  2.53203824e+00  2.47854666e+00
  2.14904393e+00  5.06464741e-01  2.00744978e+00  3.84390651e+00
  8.43665636e-02  3.21940541e+00  4.69375312e-01  3.44218673e+00
  3.19691017e+00  1.26221897e-01  3.74134340e+00  1.90826389e+00
  1.53410926e+00  2.57041269e+00  1.70941169e+00  1.34522047e+00
  1.45149759e+00  5.67164283e-01  7.62391249e-01  1.63326401e+00
 -3.84310654e-03  1.59209581e+00  2.35902083e+00  1.66927023e+00
  1.64032025e+00  2.97277241e+00  2.20633722e+00  1.97286069e+00
  1.48050618e+00  2.24089758e+00  9.01845535e-01  2.25037090e+00
  3.21188807e+00  8.59792333e-01  4.52615762e-01  2.02302955e+00
 -3.26257494e-01 -1.79983057e-02  3.97708948e-01  6.61980778e-01
  1.48196491e+00  1.30513688e+00  3.47643830e-01  1.00003135e+00
  1.19810608e+00  1.43411138e+00  7.70978555e-01  1.56883027e+00
  3.40960394e+00  2.52372906e+00  3.63698144e+00  2.63013270e+00]
Device (GPU) time: 1.0585 seconds
Iters. done: 453 [Current cost: -20.928644609470375]
Current parameters: [ 3.19154951  4.62089222  3.10638896  3.31004883  3.01216065  1.70983482
  1.11807992  1.86416925  2.27031219  1.6532734   2.53079779  2.47500883
  2.1516072   0.49999491  2.01045362  3.84417359  0.08637933  3.22088754
  0.47063149  3.44166307  3.19652876  0.12608386  3.7421963   1.90909334
  1.54260693  2.56976271  1.70901914  1.34218386  1.44904356  0.56435192
  0.75983255  1.63189732 -0.0054789   1.58908875  2.3622292   1.66546022
  1.63846858  2.97591661  2.20598711  1.97162167  1.48168973  2.24064463
  0.90471832  2.24991489  3.21126124  0.86027983  0.45242101  2.02272175
 -0.32755512 -0.01680128  0.39835369  0.66169876  1.48098259  1.30353188
  0.34627731  1.0001743   1.19715639  1.43389578  0.76918973  1.56877533
  3.41067342  2.52408845  3.63739748  2.63072773]
Device (GPU) time: 1.1784 seconds
Iters. done: 454 [Current cost: -20.915948921875607]
Current parameters: [ 3.19087861  4.62016276  3.10530674  3.31266238  3.01488187  1.71049583
  1.11867649  1.86375582  2.2684201   1.65189363  2.53276337  2.47719789
  2.15360897  0.50264803  2.00852194  3.84392531  0.08529276  3.21953099
  0.46967794  3.44074538  3.19522117  0.12606111  3.74181723  1.90911497
  1.53326056  2.57036581  1.71101003  1.3455379   1.45147557  0.56634915
  0.76551293  1.63596972 -0.00520161  1.59126689  2.35966358  1.67133784
  1.63911939  2.97201617  2.20792374  1.97277392  1.48076277  2.24160563
  0.90317557  2.25073268  3.2108801   0.86030105  0.45305505  2.02248316
 -0.32636291 -0.01769009  0.39765811  0.66165055  1.48306924  1.3042413
  0.34653394  0.99976221  1.1994475   1.43514549  0.76932175  1.56888231
  3.40882436  2.52421971  3.63778509  2.630266  ]
Device (GPU) time: 1.1387 seconds
Iters. done: 455 [Current cost: -20.951922867804324]
Current parameters: [ 3.19110699  4.61741239  3.10314169  3.30871884  3.01122631  1.70784771
  1.11532641  1.86414435  2.27044872  1.65487915  2.53363065  2.47651566
  2.14808013  0.50335507  2.00961491  3.84451981  0.08690775  3.22106813
  0.46648486  3.4387544   3.19455264  0.12254825  3.74023987  1.911123
  1.5357562   2.57326897  1.71011228  1.35062859  1.45318908  0.56954514
  0.75930155  1.63626291 -0.0057798   1.59173633  2.35751482  1.67189949
  1.64169992  2.97089462  2.20464389  1.97353903  1.47986584  2.24329246
  0.90308649  2.24921893  3.21156408  0.86203145  0.45028437  2.02246689
 -0.32613311 -0.01578111  0.39528041  0.66126666  1.48293594  1.3052144
  0.3461326   1.00027248  1.19760775  1.43760465  0.76719497  1.57024032
  3.41008518  2.52436949  3.63891391  2.63110262]
Device (GPU) time: 1.0142 seconds
Iters. done: 456 [Current cost: -20.940900590292447]
Current parameters: [ 3.19197923  4.61812575  3.10295512  3.31337242  3.01399631  1.70932978
  1.11898362  1.86451133  2.26764208  1.65180172  2.53078921  2.47872133
  2.15101993  0.50228494  2.00973087  3.84123612  0.08610611  3.22144464
  0.46804046  3.44267556  3.19786188  0.12565944  3.73930597  1.91076166
  1.53332805  2.56843725  1.70843979  1.34664107  1.45072914  0.56849265
  0.76287768  1.63461933 -0.00476175  1.59103585  2.360095    1.67047671
  1.64032897  2.97308131  2.20548288  1.97322123  1.47955788  2.24116495
  0.90284012  2.25027927  3.21093187  0.86038356  0.45352793  2.02429353
 -0.32657229 -0.01709222  0.39847712  0.66198132  1.48050524  1.3038786
  0.34731389  0.99961404  1.19796627  1.43310125  0.77020413  1.56860128
  3.41019389  2.52404727  3.63754407  2.63046604]
Device (GPU) time: 1.1260 seconds
Iters. done: 457 [Current cost: -20.93005581156983]
Current parameters: [ 3.19325857e+00  4.61742975e+00  3.10106468e+00  3.31627393e+00
  3.01255668e+00  1.70766250e+00  1.11879313e+00  1.86461401e+00
  2.27011404e+00  1.64973561e+00  2.52853564e+00  2.47411836e+00
  2.15356728e+00  5.06172964e-01  2.00728302e+00  3.84614941e+00
  8.39047065e-02  3.21683617e+00  4.70427026e-01  3.43747141e+00
  3.19626933e+00  1.25488457e-01  3.74123594e+00  1.90746946e+00
  1.53674871e+00  2.56494525e+00  1.70596920e+00  1.34706745e+00
  1.45405258e+00  5.68769633e-01  7.62492213e-01  1.63443004e+00
 -4.78660792e-04  1.59102612e+00  2.36052770e+00  1.67009700e+00
  1.63906347e+00  2.97255968e+00  2.20733490e+00  1.97352098e+00
  1.47720465e+00  2.24126404e+00  9.03192392e-01  2.25088805e+00
  3.21106255e+00  8.60457052e-01  4.53128417e-01  2.02368179e+00
 -3.26804458e-01 -1.74446094e-02  3.98786631e-01  6.61649212e-01
  1.48124522e+00  1.30377459e+00  3.46893693e-01  1.00049582e+00
  1.19806427e+00  1.44040848e+00  7.69715489e-01  1.56866853e+00
  3.41058562e+00  2.52395099e+00  3.63745042e+00  2.63138424e+00]
Device (GPU) time: 1.1159 seconds
Iters. done: 458 [Current cost: -20.95446185214005]
Current parameters: [ 3.19183663e+00  4.61953785e+00  3.10557455e+00  3.31395948e+00
  3.01329188e+00  1.71090402e+00  1.12101877e+00  1.86381113e+00
  2.26940698e+00  1.65168713e+00  2.53244616e+00  2.47667974e+00
  2.15086385e+00  5.00383794e-01  2.00966136e+00  3.84496447e+00
  8.48322457e-02  3.22016145e+00  4.70574582e-01  3.44159012e+00
  3.19963425e+00  1.23602347e-01  3.74079893e+00  1.90777196e+00
  1.53322297e+00  2.57122931e+00  1.70883985e+00  1.34674867e+00
  1.45104584e+00  5.67231916e-01  7.62046031e-01  1.63293102e+00
 -2.92326631e-03  1.59285064e+00  2.35770449e+00  1.67024542e+00
  1.64095864e+00  2.97174310e+00  2.20685282e+00  1.97374961e+00
  1.48021588e+00  2.24254416e+00  9.01805514e-01  2.24979843e+00
  3.21102180e+00  8.59844885e-01  4.51477203e-01  2.02274228e+00
 -3.26521377e-01 -1.69416386e-02  3.98985615e-01  6.62121372e-01
  1.48146211e+00  1.30331218e+00  3.46839134e-01  1.00049081e+00
  1.19886552e+00  1.43557555e+00  7.69939529e-01  1.56981975e+00
  3.41042598e+00  2.52420251e+00  3.63599349e+00  2.63067244e+00]
Device (GPU) time: 1.1606 seconds
Iters. done: 459 [Current cost: -20.951603769549003]
Current parameters: [ 3.19189425e+00  4.61935069e+00  3.10375210e+00  3.31254207e+00
  3.01369603e+00  1.70950125e+00  1.11789945e+00  1.86413758e+00
  2.26923792e+00  1.65310283e+00  2.53182916e+00  2.47625416e+00
  2.15115682e+00  5.03183456e-01  2.00977765e+00  3.84372082e+00
  8.49459234e-02  3.21990368e+00  4.69357947e-01  3.44187259e+00
  3.19652278e+00  1.25557864e-01  3.74101345e+00  1.90798125e+00
  1.53252492e+00  2.57020069e+00  1.70932783e+00  1.34521526e+00
  1.45163859e+00  5.68356011e-01  7.61800593e-01  1.63339671e+00
 -3.26101338e-03  1.59179367e+00  2.35927597e+00  1.66982177e+00
  1.63981685e+00  2.97238368e+00  2.20654037e+00  1.97242665e+00
  1.48095498e+00  2.24096646e+00  9.02093354e-01  2.25043120e+00
  3.20971847e+00  8.60056670e-01  4.52245902e-01  2.02323781e+00
 -3.27298435e-01 -1.79793231e-02  3.98093820e-01  6.62045385e-01
  1.48097150e+00  1.30391110e+00  3.46727016e-01  9.99607256e-01
  1.20024266e+00  1.43461694e+00  7.68838328e-01  1.56842646e+00
  3.41043401e+00  2.52373034e+00  3.63734245e+00  2.63023638e+00]
Device (GPU) time: 1.0128 seconds
Iters. done: 460 [Current cost: -20.973749886777508]
Current parameters: [ 3.19175856e+00  4.61986574e+00  3.10348076e+00  3.31213272e+00
  3.01301546e+00  1.71045918e+00  1.11750209e+00  1.86346815e+00
  2.26898436e+00  1.65220556e+00  2.53161342e+00  2.47675688e+00
  2.15100971e+00  5.02355572e-01  2.00901394e+00  3.84378737e+00
  8.54155401e-02  3.22043373e+00  4.70279784e-01  3.44137600e+00
  3.19652682e+00  1.23853878e-01  3.74080119e+00  1.90802204e+00
  1.53040306e+00  2.56905047e+00  1.70872601e+00  1.34410076e+00
  1.45123353e+00  5.69300973e-01  7.61010401e-01  1.63427325e+00
 -3.02757517e-03  1.59215180e+00  2.35925086e+00  1.66991205e+00
  1.63895643e+00  2.97242846e+00  2.20872612e+00  1.97173817e+00
  1.48190183e+00  2.24009303e+00  9.03907996e-01  2.25076848e+00
  3.21287529e+00  8.60309536e-01  4.51155948e-01  2.02256795e+00
 -3.27900437e-01 -1.70047475e-02  3.97541465e-01  6.61457775e-01
  1.48207611e+00  1.30430622e+00  3.45953948e-01  9.99869549e-01
  1.19492388e+00  1.43476532e+00  7.70690240e-01  1.56844325e+00
  3.40930207e+00  2.52389132e+00  3.63752484e+00  2.63100529e+00]
Device (GPU) time: 1.5504 seconds
Iters. done: 461 [Current cost: -20.896631344839907]
Current parameters: [ 3.19205261e+00  4.61973602e+00  3.10423483e+00  3.31273243e+00
  3.01396356e+00  1.70858151e+00  1.11787641e+00  1.86402008e+00
  2.26946113e+00  1.65269214e+00  2.53175646e+00  2.47617882e+00
  2.15104700e+00  5.03226172e-01  2.00951113e+00  3.84336083e+00
  8.55232349e-02  3.22015527e+00  4.69748250e-01  3.44203872e+00
  3.19701969e+00  1.26066447e-01  3.74059106e+00  1.90743619e+00
  1.53355072e+00  2.57034751e+00  1.70981210e+00  1.34641443e+00
  1.45171504e+00  5.68263907e-01  7.62623599e-01  1.63415718e+00
 -3.84258992e-03  1.59300090e+00  2.35889256e+00  1.66939268e+00
  1.63980383e+00  2.97273786e+00  2.20801391e+00  1.97368335e+00
  1.48087654e+00  2.24103959e+00  9.02504113e-01  2.25053594e+00
  3.21025693e+00  8.60292681e-01  4.52993977e-01  2.02281546e+00
 -3.26997214e-01 -1.57576539e-02  3.97576552e-01  6.62059158e-01
  1.48158997e+00  1.30374391e+00  3.48091845e-01  1.00012323e+00
  1.19789995e+00  1.43454923e+00  7.70371332e-01  1.56836704e+00
  3.41030618e+00  2.52352558e+00  3.63701687e+00  2.63028783e+00]
Device (GPU) time: 1.1108 seconds
Iters. done: 462 [Current cost: -20.893110172760718]
Current parameters: [ 3.19101047e+00  4.62285138e+00  3.10380300e+00  3.31279729e+00
  3.01475051e+00  1.70660945e+00  1.11686161e+00  1.86322986e+00
  2.26909348e+00  1.65312624e+00  2.53172413e+00  2.47589897e+00
  2.14982281e+00  5.03525449e-01  2.00968636e+00  3.84272647e+00
  8.46911997e-02  3.21832406e+00  4.70615996e-01  3.44104453e+00
  3.19919980e+00  1.24548064e-01  3.74100057e+00  1.90945826e+00
  1.53376500e+00  2.56965045e+00  1.70950525e+00  1.34622209e+00
  1.45193100e+00  5.66853844e-01  7.63127058e-01  1.63409838e+00
 -4.51495357e-03  1.59297622e+00  2.35908387e+00  1.67059961e+00
  1.64017692e+00  2.97078291e+00  2.20636718e+00  1.97265809e+00
  1.48093622e+00  2.24078504e+00  9.02155435e-01  2.25125103e+00
  3.21216319e+00  8.59306796e-01  4.53145016e-01  2.02261987e+00
 -3.26466575e-01 -1.97667860e-02  3.98331869e-01  6.61651017e-01
  1.47974175e+00  1.30421257e+00  3.45165420e-01  9.99749837e-01
  1.19779836e+00  1.43422363e+00  7.69002451e-01  1.56839329e+00
  3.41100141e+00  2.52376690e+00  3.63650709e+00  2.63103399e+00]
Device (GPU) time: 1.1052 seconds
Iters. done: 463 [Current cost: -20.922922473056303]
Current parameters: [ 3.19205634e+00  4.61891848e+00  3.10423505e+00  3.31269048e+00
  3.01386979e+00  1.70936444e+00  1.11817156e+00  1.86480282e+00
  2.26928243e+00  1.65203087e+00  2.53204641e+00  2.47649606e+00
  2.15072072e+00  5.03432333e-01  2.00949173e+00  3.84410770e+00
  8.56443702e-02  3.21925950e+00  4.69967151e-01  3.44266995e+00
  3.19651949e+00  1.25659082e-01  3.74117456e+00  1.90897982e+00
  1.53334252e+00  2.57001793e+00  1.70913265e+00  1.34581147e+00
  1.45170621e+00  5.67942049e-01  7.62772005e-01  1.63364038e+00
 -4.11691339e-03  1.59213536e+00  2.35882837e+00  1.66960589e+00
  1.64022644e+00  2.97223125e+00  2.20753844e+00  1.97353311e+00
  1.48115636e+00  2.24163478e+00  9.01912521e-01  2.25011937e+00
  3.21148538e+00  8.59745613e-01  4.52807185e-01  2.02335999e+00
 -3.27635419e-01 -1.76041647e-02  3.96951157e-01  6.62034483e-01
  1.48038596e+00  1.30421981e+00  3.45632792e-01  1.00184006e+00
  1.19803323e+00  1.43458750e+00  7.69545807e-01  1.56803268e+00
  3.40985580e+00  2.52414171e+00  3.63682570e+00  2.62963397e+00]
Device (GPU) time: 1.0813 seconds
Iters. done: 464 [Current cost: -20.924578879288934]
Current parameters: [ 3.19266374  4.61982166  3.10545102  3.31173443  3.01245962  1.71020197
  1.1188405   1.86507238  2.26965985  1.65045998  2.53087346  2.47666665
  2.14921587  0.50368749  2.00973129  3.84511312  0.08594658  3.21767473
  0.46926461  3.44253621  3.19654992  0.12645165  3.74109026  1.90984362
  1.53235114  2.56933237  1.70908491  1.34557201  1.45188965  0.56778679
  0.7627176   1.63305278 -0.0059624   1.59399133  2.35967554  1.66854423
  1.6397186   2.97097458  2.20666117  1.97277724  1.48096793  2.24223416
  0.90115792  2.25097101  3.21061167  0.85968734  0.45288318  2.02363555
 -0.32740866 -0.01753119  0.39803197  0.66138191  1.48201827  1.3037207
  0.34765937  0.99651775  1.19761305  1.4351297   0.76916486  1.5689301
  3.41012951  2.52336429  3.6379785   2.63166646]
Device (GPU) time: 1.5778 seconds
Iters. done: 465 [Current cost: -20.923306400970844]
Current parameters: [ 3.19173583e+00  4.61991500e+00  3.10397371e+00  3.31263334e+00
  3.01394901e+00  1.71005574e+00  1.11842257e+00  1.86394758e+00
  2.26958298e+00  1.65251711e+00  2.53152078e+00  2.47528999e+00
  2.15243778e+00  5.03617308e-01  2.00868384e+00  3.84449710e+00
  8.51556938e-02  3.22028294e+00  4.69319828e-01  3.44117468e+00
  3.19698907e+00  1.25712807e-01  3.74104403e+00  1.90987444e+00
  1.53342517e+00  2.56987427e+00  1.70969953e+00  1.34626965e+00
  1.45174244e+00  5.68157470e-01  7.61877231e-01  1.63317725e+00
 -3.99886552e-03  1.59319063e+00  2.35844283e+00  1.67013131e+00
  1.64053127e+00  2.97228931e+00  2.20653720e+00  1.97369011e+00
  1.48115270e+00  2.24060795e+00  9.02313047e-01  2.25063080e+00
  3.21121861e+00  8.59973151e-01  4.52676933e-01  2.02297921e+00
 -3.27579603e-01 -1.73254670e-02  3.97988143e-01  6.62869931e-01
  1.48110581e+00  1.30390399e+00  3.46580377e-01  9.99558384e-01
  1.19792792e+00  1.43332242e+00  7.69823069e-01  1.56834931e+00
  3.41008018e+00  2.52379815e+00  3.63735264e+00  2.63024726e+00]
Device (GPU) time: 1.1160 seconds
Iters. done: 466 [Current cost: -20.97562996351843]
Current parameters: [ 3.19329992e+00  4.62022385e+00  3.10470547e+00  3.31265205e+00
  3.01367539e+00  1.71046279e+00  1.11964259e+00  1.86469462e+00
  2.26661079e+00  1.65157081e+00  2.53200430e+00  2.47586226e+00
  2.14995171e+00  5.03918358e-01  2.00953448e+00  3.84323894e+00
  8.43748637e-02  3.21780753e+00  4.70635323e-01  3.44210887e+00
  3.19686340e+00  1.25553985e-01  3.74048324e+00  1.90830282e+00
  1.53401770e+00  2.57064017e+00  1.71142027e+00  1.34655026e+00
  1.44999908e+00  5.68237612e-01  7.61880964e-01  1.63305090e+00
 -2.83799351e-03  1.59205938e+00  2.35849454e+00  1.67134387e+00
  1.64001606e+00  2.97238410e+00  2.20589286e+00  1.97153848e+00
  1.47912813e+00  2.23872482e+00  9.03192552e-01  2.25183672e+00
  3.21123750e+00  8.59924747e-01  4.52896525e-01  2.02302997e+00
 -3.27165098e-01 -1.60674854e-02  3.95393658e-01  6.63356297e-01
  1.48116535e+00  1.30423070e+00  3.46515212e-01  9.99991833e-01
  1.19773056e+00  1.43458258e+00  7.68251516e-01  1.56880837e+00
  3.41074549e+00  2.52339042e+00  3.63832011e+00  2.62994043e+00]
Device (GPU) time: 1.0965 seconds
Iters. done: 467 [Current cost: -20.906218921199113]
Current parameters: [ 3.19196802e+00  4.61859105e+00  3.10488546e+00  3.31155732e+00
  3.01267309e+00  1.70925086e+00  1.11906603e+00  1.86401109e+00
  2.26887672e+00  1.65343639e+00  2.53199370e+00  2.47598140e+00
  2.15106430e+00  5.02664826e-01  2.00931088e+00  3.84311008e+00
  8.48920753e-02  3.21946236e+00  4.70136892e-01  3.44091757e+00
  3.19706116e+00  1.26474482e-01  3.74052799e+00  1.90881306e+00
  1.53278759e+00  2.56978226e+00  1.70919862e+00  1.34726169e+00
  1.45174988e+00  5.67216342e-01  7.62129071e-01  1.63381220e+00
 -3.17902079e-03  1.59228771e+00  2.35930556e+00  1.66956489e+00
  1.63979521e+00  2.97235265e+00  2.20760097e+00  1.97309800e+00
  1.48108933e+00  2.24072971e+00  9.02109021e-01  2.25144232e+00
  3.21121386e+00  8.59602786e-01  4.53207923e-01  2.02292110e+00
 -3.27103468e-01 -1.80444023e-02  3.97439054e-01  6.61770357e-01
  1.48079138e+00  1.30433203e+00  3.46733245e-01  9.99520918e-01
  1.19818947e+00  1.43439935e+00  7.69966155e-01  1.56844347e+00
  3.40963386e+00  2.52452496e+00  3.63697007e+00  2.63024081e+00]
Device (GPU) time: 1.0354 seconds
Iters. done: 468 [Current cost: -20.882690193843523]
Current parameters: [ 3.19314103  4.61872047  3.10302262  3.31551536  3.01177447  1.70897985
  1.11979202  1.86321938  2.26879491  1.65375642  2.53148384  2.4759642
  2.15062116  0.50178873  2.01044688  3.84300542  0.08533412  3.21990289
  0.46803067  3.440094    3.19534965  0.12508799  3.74125266  1.90820804
  1.53437761  2.57072873  1.70880252  1.34387216  1.45140838  0.56791618
  0.76411592  1.63425405 -0.00507842  1.59401046  2.35825724  1.66923644
  1.64146229  2.97135855  2.20709254  1.97287533  1.48181815  2.23976177
  0.90099222  2.25309677  3.21119741  0.86078547  0.45234459  2.02294231
 -0.32732057 -0.01754386  0.39714315  0.66219998  1.48133982  1.30383192
  0.34615471  1.00039911  1.19808104  1.4339779   0.7690202   1.56825877
  3.40987587  2.52355427  3.63729556  2.63091333]
Device (GPU) time: 1.6893 seconds
Iters. done: 469 [Current cost: -20.921210081557486]
Current parameters: [ 3.19199110e+00  4.61962476e+00  3.10370277e+00  3.31284758e+00
  3.01424817e+00  1.70938535e+00  1.11803294e+00  1.86329638e+00
  2.26899572e+00  1.65184470e+00  2.53278544e+00  2.47548360e+00
  2.15025434e+00  5.02357521e-01  2.01009167e+00  3.84320186e+00
  8.48684970e-02  3.21910074e+00  4.69340244e-01  3.44169733e+00
  3.19673245e+00  1.25486546e-01  3.74159858e+00  1.90864969e+00
  1.53349317e+00  2.57061794e+00  1.70884919e+00  1.34620104e+00
  1.45209832e+00  5.68046837e-01  7.62834020e-01  1.63353939e+00
 -3.35570890e-03  1.59208537e+00  2.35921809e+00  1.66991085e+00
  1.64046553e+00  2.97314561e+00  2.20662548e+00  1.97321287e+00
  1.48061123e+00  2.24114493e+00  9.02027550e-01  2.25056089e+00
  3.21049695e+00  8.59609458e-01  4.53162634e-01  2.02311043e+00
 -3.28353836e-01 -1.79841010e-02  3.97919796e-01  6.62797867e-01
  1.48201605e+00  1.30445494e+00  3.46922238e-01  9.99564132e-01
  1.19745168e+00  1.43445168e+00  7.70242874e-01  1.56857564e+00
  3.40923392e+00  2.52459500e+00  3.63785843e+00  2.63052346e+00]
Device (GPU) time: 1.1107 seconds
Iters. done: 470 [Current cost: -20.9420533062009]
Current parameters: [ 3.19103738e+00  4.61921220e+00  3.10319576e+00  3.31297037e+00
  3.01381539e+00  1.71151566e+00  1.11729409e+00  1.86480961e+00
  2.27008781e+00  1.65313471e+00  2.53118760e+00  2.47444442e+00
  2.15020503e+00  5.02500057e-01  2.01032853e+00  3.84338619e+00
  8.39554420e-02  3.21876944e+00  4.69734245e-01  3.44154940e+00
  3.19733154e+00  1.25765289e-01  3.73891692e+00  1.90798771e+00
  1.53407512e+00  2.56947107e+00  1.71031549e+00  1.34626823e+00
  1.45127191e+00  5.67859935e-01  7.63154057e-01  1.63440410e+00
 -3.40910157e-03  1.59139752e+00  2.35933468e+00  1.66985118e+00
  1.64131252e+00  2.97065137e+00  2.20618299e+00  1.97308120e+00
  1.48088313e+00  2.24031552e+00  9.01420790e-01  2.24936025e+00
  3.21334162e+00  8.59278193e-01  4.53058438e-01  2.02311747e+00
 -3.28582393e-01 -1.71319121e-02  3.97888158e-01  6.59184898e-01
  1.48277244e+00  1.30215823e+00  3.47434710e-01  1.00010168e+00
  1.19907452e+00  1.43356392e+00  7.69992721e-01  1.56808337e+00
  3.40866411e+00  2.52237669e+00  3.63781546e+00  2.62957527e+00]
Device (GPU) time: 1.1259 seconds
Iters. done: 471 [Current cost: -20.961459281766544]
Current parameters: [ 3.19221406e+00  4.61972491e+00  3.10415065e+00  3.31249711e+00
  3.01399530e+00  1.70993207e+00  1.11820187e+00  1.86413227e+00
  2.26848845e+00  1.65287952e+00  2.53160182e+00  2.47569181e+00
  2.15085996e+00  5.03336374e-01  2.00947458e+00  3.84333130e+00
  8.41847332e-02  3.22038172e+00  4.70424737e-01  3.44126555e+00
  3.19671181e+00  1.25598878e-01  3.74139020e+00  1.90855845e+00
  1.53353191e+00  2.57082498e+00  1.70859464e+00  1.34616577e+00
  1.45155695e+00  5.67673532e-01  7.63015236e-01  1.63471149e+00
 -3.54832777e-03  1.59237250e+00  2.35940554e+00  1.66937175e+00
  1.63900711e+00  2.97154617e+00  2.20675085e+00  1.97329598e+00
  1.48034898e+00  2.24177331e+00  9.01320319e-01  2.25074556e+00
  3.21130051e+00  8.60118288e-01  4.51487692e-01  2.02460558e+00
 -3.27511678e-01 -1.69290311e-02  3.97610829e-01  6.62369817e-01
  1.48083587e+00  1.30413577e+00  3.46651029e-01  9.99516336e-01
  1.19764654e+00  1.43392218e+00  7.69658007e-01  1.56845937e+00
  3.41022266e+00  2.52345414e+00  3.63742317e+00  2.63013180e+00]
Device (GPU) time: 1.0100 seconds
Iters. done: 472 [Current cost: -20.868802566908013]
Current parameters: [ 3.19282054e+00  4.61880000e+00  3.10322561e+00  3.31233368e+00
  3.01392805e+00  1.71030079e+00  1.11904274e+00  1.86465766e+00
  2.27028298e+00  1.65396199e+00  2.53152407e+00  2.47576617e+00
  2.14998697e+00  5.01919489e-01  2.01038274e+00  3.84394478e+00
  8.43395431e-02  3.21871469e+00  4.69103506e-01  3.44271358e+00
  3.19597551e+00  1.25892194e-01  3.74046876e+00  1.90829543e+00
  1.53427791e+00  2.56839153e+00  1.70926049e+00  1.34689101e+00
  1.45198600e+00  5.67711210e-01  7.64274456e-01  1.63440396e+00
 -4.61332822e-03  1.59364948e+00  2.35686922e+00  1.67151360e+00
  1.63699055e+00  2.97341590e+00  2.20692435e+00  1.97257304e+00
  1.48059402e+00  2.24013407e+00  9.02634705e-01  2.24849543e+00
  3.21066319e+00  8.59430528e-01  4.50767430e-01  2.02093309e+00
 -3.27262025e-01 -1.78957481e-02  3.99213229e-01  6.62800186e-01
  1.47985675e+00  1.30442447e+00  3.46368444e-01  9.99390643e-01
  1.19761081e+00  1.43383822e+00  7.69246860e-01  1.56860828e+00
  3.40985522e+00  2.52369993e+00  3.63742108e+00  2.63048560e+00]
Device (GPU) time: 1.1214 seconds
Iters. done: 473 [Current cost: -20.92569753312771]
Current parameters: [ 3.19139618e+00  4.61958921e+00  3.10461241e+00  3.31303158e+00
  3.01306626e+00  1.70921805e+00  1.11829531e+00  1.86311257e+00
  2.26938269e+00  1.65260081e+00  2.53235173e+00  2.47590380e+00
  2.15064915e+00  5.03217570e-01  2.00895303e+00  3.84338147e+00
  8.51382341e-02  3.21954924e+00  4.69750417e-01  3.44161283e+00
  3.19645494e+00  1.25380597e-01  3.74062800e+00  1.90874468e+00
  1.53296023e+00  2.56976143e+00  1.70919440e+00  1.34607600e+00
  1.45139907e+00  5.67649472e-01  7.63673042e-01  1.63305125e+00
 -3.66364964e-03  1.59224970e+00  2.35887864e+00  1.66999163e+00
  1.64007306e+00  2.97318568e+00  2.20634057e+00  1.97323819e+00
  1.48033405e+00  2.24144678e+00  9.02394707e-01  2.25055655e+00
  3.21139362e+00  8.59858020e-01  4.51589630e-01  2.02293290e+00
 -3.27474915e-01 -1.65565116e-02  3.97100750e-01  6.61453285e-01
  1.48079303e+00  1.30298765e+00  3.46607643e-01  9.99151158e-01
  1.19817774e+00  1.43437057e+00  7.69369584e-01  1.56661973e+00
  3.41040907e+00  2.52464407e+00  3.63725456e+00  2.63052173e+00]
Device (GPU) time: 1.1686 seconds
Iters. done: 474 [Current cost: -20.900252420468743]
Current parameters: [ 3.19341226e+00  4.61827765e+00  3.10465366e+00  3.31271434e+00
  3.01403488e+00  1.71079702e+00  1.11821940e+00  1.86232978e+00
  2.26914739e+00  1.65205048e+00  2.53258016e+00  2.47674168e+00
  2.15124496e+00  5.02599830e-01  2.00936963e+00  3.84373969e+00
  8.46929938e-02  3.21897566e+00  4.69429884e-01  3.44117999e+00
  3.19673738e+00  1.25161713e-01  3.74124394e+00  1.90827213e+00
  1.53339415e+00  2.57031294e+00  1.70994214e+00  1.34602613e+00
  1.45207293e+00  5.66849406e-01  7.60780918e-01  1.63660577e+00
 -4.13888330e-03  1.59188932e+00  2.35893074e+00  1.66985036e+00
  1.64061343e+00  2.97071556e+00  2.20639935e+00  1.97268611e+00
  1.48137615e+00  2.24055262e+00  9.02083327e-01  2.24936501e+00
  3.20919273e+00  8.59528589e-01  4.54603661e-01  2.02254908e+00
 -3.27608178e-01 -1.72098346e-02  3.99275568e-01  6.62420748e-01
  1.48011939e+00  1.30227644e+00  3.46097171e-01  9.99470299e-01
  1.19615233e+00  1.43487699e+00  7.68810675e-01  1.56501222e+00
  3.41148092e+00  2.52329861e+00  3.63698005e+00  2.62987671e+00]
Device (GPU) time: 1.0094 seconds
Iters. done: 475 [Current cost: -20.90458456853661]
Current parameters: [ 3.19126495e+00  4.61899715e+00  3.10455047e+00  3.31281631e+00
  3.01421903e+00  1.70952404e+00  1.11883249e+00  1.86417999e+00
  2.26920390e+00  1.65263384e+00  2.53184773e+00  2.47595520e+00
  2.15020026e+00  5.02855611e-01  2.00966083e+00  3.84366638e+00
  8.45681029e-02  3.21904871e+00  4.69422188e-01  3.44158884e+00
  3.19716866e+00  1.25994079e-01  3.74145194e+00  1.90868976e+00
  1.53295278e+00  2.56988794e+00  1.70981871e+00  1.34575814e+00
  1.45175539e+00  5.67802684e-01  7.62400783e-01  1.63401541e+00
 -3.81050301e-03  1.59199413e+00  2.35971033e+00  1.66974632e+00
  1.63987691e+00  2.97201437e+00  2.20689161e+00  1.97458945e+00
  1.48070342e+00  2.24041639e+00  9.02104480e-01  2.25080066e+00
  3.21106048e+00  8.62053815e-01  4.52062725e-01  2.02216486e+00
 -3.27492530e-01 -1.73498812e-02  3.98043297e-01  6.61743640e-01
  1.48081441e+00  1.30397020e+00  3.46278239e-01  9.99945847e-01
  1.19791863e+00  1.43430473e+00  7.70105939e-01  1.56835630e+00
  3.41106347e+00  2.52406935e+00  3.63843359e+00  2.63033623e+00]
Device (GPU) time: 1.1103 seconds
Iters. done: 476 [Current cost: -20.96840945215696]
Current parameters: [ 3.19543737  4.62103401  3.10295365  3.31222918  3.01110526  1.70991097
  1.11737478  1.86473853  2.26913776  1.65303644  2.53190373  2.47722987
  2.15049565  0.50388544  2.00867694  3.84420938  0.08457984  3.22014999
  0.47140373  3.44149136  3.19678325  0.12525347  3.73980174  1.90809583
  1.53264146  2.57007332  1.70953087  1.34605885  1.45113502  0.56563188
  0.76339537  1.63424219 -0.00476999  1.59167862  2.35911707  1.67071334
  1.64166772  2.97298294  2.20692455  1.97527773  1.48050061  2.24095751
  0.90333762  2.25037346  3.21037477  0.8607297   0.45225634  2.02277688
 -0.32982489 -0.0183022   0.39883675  0.66222452  1.48176305  1.30428265
  0.34663278  1.00010485  1.19870464  1.43399009  0.77039086  1.56869295
  3.41103639  2.52432973  3.63795196  2.63051808]
Device (GPU) time: 1.1216 seconds
Iters. done: 477 [Current cost: -20.95904356647835]
Current parameters: [ 3.19240857e+00  4.61767099e+00  3.10453999e+00  3.31346807e+00
  3.01346100e+00  1.71003006e+00  1.11726629e+00  1.86453315e+00
  2.26860883e+00  1.65279232e+00  2.53259910e+00  2.47602516e+00
  2.15113086e+00  5.02631477e-01  2.00886631e+00  3.84419079e+00
  8.44772669e-02  3.21965301e+00  4.70002089e-01  3.44172135e+00
  3.19684048e+00  1.26187762e-01  3.74094421e+00  1.90859339e+00
  1.53333375e+00  2.57034821e+00  1.70956929e+00  1.34601816e+00
  1.45158361e+00  5.68158466e-01  7.62964507e-01  1.63393431e+00
 -3.73537175e-03  1.59307009e+00  2.36051987e+00  1.66998929e+00
  1.64048343e+00  2.97274757e+00  2.20660321e+00  1.97286485e+00
  1.48092830e+00  2.24100925e+00  9.02230845e-01  2.24998142e+00
  3.21107052e+00  8.59711530e-01  4.52260847e-01  2.02243392e+00
 -3.27487753e-01 -1.71518166e-02  3.97393960e-01  6.62110861e-01
  1.48127111e+00  1.30419976e+00  3.46660381e-01  9.99725891e-01
  1.19782509e+00  1.43391455e+00  7.69661500e-01  1.56877999e+00
  3.41083257e+00  2.52369595e+00  3.63673765e+00  2.63158263e+00]
Device (GPU) time: 1.1155 seconds
Iters. done: 478 [Current cost: -20.93190981254954]
Current parameters: [ 3.19121612e+00  4.62256309e+00  3.10359038e+00  3.31367651e+00
  3.01496069e+00  1.70626938e+00  1.11668550e+00  1.86392733e+00
  2.26942759e+00  1.65328822e+00  2.53191177e+00  2.47636163e+00
  2.15002838e+00  5.03394876e-01  2.00940257e+00  3.84313586e+00
  8.49219481e-02  3.21875367e+00  4.70594384e-01  3.44130400e+00
  3.19931608e+00  1.24760991e-01  3.74102427e+00  1.90924023e+00
  1.53384000e+00  2.56974442e+00  1.71019780e+00  1.34547786e+00
  1.45183961e+00  5.67313316e-01  7.62773583e-01  1.63456468e+00
 -4.34500800e-03  1.59302056e+00  2.35966149e+00  1.67091275e+00
  1.64080613e+00  2.97112372e+00  2.20604659e+00  1.97212969e+00
  1.48118795e+00  2.24084274e+00  9.02610413e-01  2.25063508e+00
  3.21211395e+00  8.59273412e-01  4.53084815e-01  2.02184168e+00
 -3.26100631e-01 -1.95811819e-02  3.98356505e-01  6.61483395e-01
  1.48002757e+00  1.30434335e+00  3.45598292e-01  9.99198526e-01
  1.19789675e+00  1.43454402e+00  7.69401576e-01  1.56921712e+00
  3.41117471e+00  2.52331559e+00  3.63614085e+00  2.63137108e+00]
Device (GPU) time: 1.0294 seconds
Iters. done: 479 [Current cost: -20.912988675718193]
Current parameters: [ 3.19238906e+00  4.61989100e+00  3.10344463e+00  3.31300911e+00
  3.01353974e+00  1.70916912e+00  1.11913361e+00  1.86410276e+00
  2.26848734e+00  1.65274254e+00  2.53298879e+00  2.47593286e+00
  2.15050668e+00  5.02815533e-01  2.00914530e+00  3.84490665e+00
  8.47470872e-02  3.22045088e+00  4.69711688e-01  3.44158607e+00
  3.19780253e+00  1.27365958e-01  3.74067734e+00  1.90868092e+00
  1.53358724e+00  2.56990801e+00  1.70961861e+00  1.34563317e+00
  1.45164255e+00  5.68904917e-01  7.62643172e-01  1.63437024e+00
 -4.23051072e-03  1.59104789e+00  2.35849547e+00  1.66961072e+00
  1.64029988e+00  2.97209540e+00  2.20692033e+00  1.97303826e+00
  1.48115945e+00  2.24134887e+00  9.02157044e-01  2.25042175e+00
  3.21124928e+00  8.59773194e-01  4.52274251e-01  2.02242795e+00
 -3.27583142e-01 -1.72358226e-02  3.97624059e-01  6.61900291e-01
  1.48083881e+00  1.30463788e+00  3.46570210e-01  9.99157911e-01
  1.19808336e+00  1.43485504e+00  7.69738573e-01  1.56765107e+00
  3.40981384e+00  2.52356699e+00  3.63759837e+00  2.63066458e+00]
Device (GPU) time: 1.1393 seconds
Iters. done: 480 [Current cost: -20.94253427870013]
Current parameters: [ 3.19226570e+00  4.61934676e+00  3.10395482e+00  3.31301759e+00
  3.01395549e+00  1.70943833e+00  1.11839725e+00  1.86416498e+00
  2.26923947e+00  1.65258400e+00  2.53190496e+00  2.47643233e+00
  2.15027413e+00  5.02646293e-01  2.00901471e+00  3.84360836e+00
  8.56746851e-02  3.21980840e+00  4.70241026e-01  3.44095156e+00
  3.19666152e+00  1.25669913e-01  3.74103525e+00  1.90881199e+00
  1.53356060e+00  2.57017843e+00  1.70965145e+00  1.34579117e+00
  1.45155287e+00  5.68016545e-01  7.62564851e-01  1.63387910e+00
 -3.57510737e-03  1.59237070e+00  2.35917787e+00  1.66997090e+00
  1.64004063e+00  2.97207467e+00  2.20742512e+00  1.97328704e+00
  1.48048171e+00  2.24087829e+00  9.02058537e-01  2.25007162e+00
  3.21118496e+00  8.59865486e-01  4.52570295e-01  2.02267677e+00
 -3.27655461e-01 -1.75855992e-02  3.97524482e-01  6.62079739e-01
  1.48085663e+00  1.30391147e+00  3.46821797e-01  9.99131462e-01
  1.19820478e+00  1.43417681e+00  7.69617272e-01  1.56828764e+00
  3.41019968e+00  2.52386454e+00  3.63732242e+00  2.63004699e+00]
Device (GPU) time: 1.1007 seconds
Iters. done: 481 [Current cost: -20.886459457511936]
Current parameters: [ 3.19199179e+00  4.61891558e+00  3.10397412e+00  3.31283072e+00
  3.01329657e+00  1.70940423e+00  1.11846042e+00  1.86423063e+00
  2.26924739e+00  1.65298023e+00  2.53208036e+00  2.47606430e+00
  2.15181748e+00  5.03417754e-01  2.01016657e+00  3.84394508e+00
  8.46407944e-02  3.21924691e+00  4.69485537e-01  3.44291261e+00
  3.19691008e+00  1.24974523e-01  3.74145095e+00  1.90851219e+00
  1.53381579e+00  2.57044121e+00  1.70953869e+00  1.34569733e+00
  1.45190202e+00  5.67668691e-01  7.62692678e-01  1.63432750e+00
 -3.80609007e-03  1.59176253e+00  2.35903803e+00  1.67051741e+00
  1.64145451e+00  2.97236981e+00  2.20795124e+00  1.97278834e+00
  1.48080628e+00  2.24103838e+00  9.02422687e-01  2.25043497e+00
  3.21188911e+00  8.60289020e-01  4.52239104e-01  2.02311253e+00
 -3.27501178e-01 -1.74886999e-02  3.97586376e-01  6.62138766e-01
  1.47983483e+00  1.30405159e+00  3.47459786e-01  9.98059979e-01
  1.19791186e+00  1.43463224e+00  7.70144673e-01  1.56865121e+00
  3.41034483e+00  2.52401292e+00  3.63745988e+00  2.62978982e+00]
Device (GPU) time: 1.1139 seconds
Iters. done: 482 [Current cost: -20.964246268072994]
Current parameters: [ 3.19231761e+00  4.61961130e+00  3.10418371e+00  3.31292193e+00
  3.01368199e+00  1.70929133e+00  1.11849188e+00  1.86408627e+00
  2.26930545e+00  1.65281830e+00  2.53206345e+00  2.47617908e+00
  2.15083126e+00  5.02777343e-01  2.00913153e+00  3.84380660e+00
  8.47905408e-02  3.21985693e+00  4.69855295e-01  3.44201904e+00
  3.19672473e+00  1.25694411e-01  3.74070142e+00  1.90895069e+00
  1.53347814e+00  2.57011978e+00  1.70926607e+00  1.34580792e+00
  1.45171583e+00  5.67687464e-01  7.62475622e-01  1.63430074e+00
 -3.42403290e-03  1.59281244e+00  2.35890098e+00  1.66998944e+00
  1.63989626e+00  2.97226522e+00  2.20677324e+00  1.97236228e+00
  1.48064119e+00  2.24141931e+00  9.02027016e-01  2.25044512e+00
  3.21141627e+00  8.60649841e-01  4.53179832e-01  2.02266506e+00
 -3.27886837e-01 -1.73087556e-02  3.97492996e-01  6.61857644e-01
  1.48102210e+00  1.30397896e+00  3.46620721e-01  9.99577106e-01
  1.19829407e+00  1.43447734e+00  7.70095864e-01  1.56828053e+00
  3.41036916e+00  2.52400477e+00  3.63762543e+00  2.63038902e+00]
Device (GPU) time: 1.0011 seconds
Iters. done: 483 [Current cost: -20.844949158853]
Current parameters: [ 3.19269401e+00  4.61960825e+00  3.10421178e+00  3.31273550e+00
  3.01335867e+00  1.70902851e+00  1.11856515e+00  1.86413142e+00
  2.26936757e+00  1.65238614e+00  2.53155854e+00  2.47598281e+00
  2.15040118e+00  5.03001804e-01  2.00948505e+00  3.84370785e+00
  8.46069093e-02  3.22005682e+00  4.69292456e-01  3.44244786e+00
  3.19615708e+00  1.26070604e-01  3.74126558e+00  1.90913023e+00
  1.53315536e+00  2.57074539e+00  1.70947313e+00  1.34505334e+00
  1.45197608e+00  5.67586468e-01  7.62083246e-01  1.63445906e+00
 -2.78326321e-03  1.59211596e+00  2.35960363e+00  1.67083159e+00
  1.63999407e+00  2.97253603e+00  2.20669405e+00  1.97441014e+00
  1.48052884e+00  2.24109528e+00  9.02088904e-01  2.25112060e+00
  3.21204651e+00  8.58916933e-01  4.52798505e-01  2.02203852e+00
 -3.26888837e-01 -1.64456379e-02  3.98701095e-01  6.61785499e-01
  1.48113264e+00  1.30400024e+00  3.46454068e-01  9.99450286e-01
  1.19814083e+00  1.43439458e+00  7.68990695e-01  1.56851977e+00
  3.40970663e+00  2.52372388e+00  3.63685922e+00  2.63033049e+00]
Device (GPU) time: 1.6663 seconds
Iters. done: 484 [Current cost: -21.00210903757067]
Current parameters: [ 3.19241113e+00  4.61923104e+00  3.10395306e+00  3.31296426e+00
  3.01379982e+00  1.70930052e+00  1.11861257e+00  1.86433766e+00
  2.26903408e+00  1.65262381e+00  2.53211306e+00  2.47594433e+00
  2.15077450e+00  5.03286079e-01  2.00951917e+00  3.84349077e+00
  8.51548719e-02  3.21950243e+00  4.69716985e-01  3.44143125e+00
  3.19690527e+00  1.25926885e-01  3.74049597e+00  1.90902474e+00
  1.53331594e+00  2.57082360e+00  1.70951893e+00  1.34553433e+00
  1.45197615e+00  5.67449109e-01  7.62809224e-01  1.63375875e+00
 -3.40708071e-03  1.59243589e+00  2.35895281e+00  1.66980703e+00
  1.63996932e+00  2.97195245e+00  2.20674959e+00  1.97301270e+00
  1.48123809e+00  2.24095963e+00  9.03024224e-01  2.25005551e+00
  3.21113795e+00  8.60064310e-01  4.52413581e-01  2.02313782e+00
 -3.27260546e-01 -1.72788344e-02  3.97993285e-01  6.61769206e-01
  1.48085623e+00  1.30391045e+00  3.46756468e-01  9.99542021e-01
  1.19788916e+00  1.43458579e+00  7.69914527e-01  1.56838056e+00
  3.41009762e+00  2.52408210e+00  3.63740365e+00  2.63041435e+00]
Device (GPU) time: 1.1041 seconds
Iters. done: 485 [Current cost: -20.905924009223614]
Current parameters: [ 3.19145514e+00  4.61956729e+00  3.10304057e+00  3.31366366e+00
  3.01300702e+00  1.70985095e+00  1.11872073e+00  1.86497730e+00
  2.26972678e+00  1.65228578e+00  2.53293225e+00  2.47645256e+00
  2.15075046e+00  5.03746509e-01  2.00942758e+00  3.84364709e+00
  8.50896884e-02  3.21925469e+00  4.70189940e-01  3.44147763e+00
  3.19681771e+00  1.25342479e-01  3.74099067e+00  1.90905760e+00
  1.53349000e+00  2.57033550e+00  1.71078819e+00  1.34610519e+00
  1.45104277e+00  5.67749628e-01  7.62012136e-01  1.63501765e+00
 -3.38209690e-03  1.59241197e+00  2.35903033e+00  1.66965564e+00
  1.63968810e+00  2.97377702e+00  2.20676064e+00  1.97316662e+00
  1.48152899e+00  2.24108619e+00  9.01136664e-01  2.25096194e+00
  3.21074369e+00  8.59830238e-01  4.52337261e-01  2.02326892e+00
 -3.27118072e-01 -1.73888575e-02  3.98304827e-01  6.61402635e-01
  1.48070606e+00  1.30379823e+00  3.46671517e-01  9.99463061e-01
  1.19773695e+00  1.43430200e+00  7.69811300e-01  1.56859166e+00
  3.40999216e+00  2.52424306e+00  3.63741564e+00  2.63055611e+00]
Device (GPU) time: 1.1242 seconds
Iters. done: 486 [Current cost: -20.866263244184417]
Current parameters: [ 3.19214221e+00  4.61942268e+00  3.10412911e+00  3.31279109e+00
  3.01353383e+00  1.70890049e+00  1.11860410e+00  1.86437171e+00
  2.26922532e+00  1.65267305e+00  2.53241828e+00  2.47624583e+00
  2.15112426e+00  5.02832958e-01  2.00904113e+00  3.84363667e+00
  8.48366726e-02  3.21969104e+00  4.69577734e-01  3.44174467e+00
  3.19672131e+00  1.25503137e-01  3.74093395e+00  1.90883933e+00
  1.53307619e+00  2.57027744e+00  1.70942951e+00  1.34583208e+00
  1.45151487e+00  5.67566977e-01  7.62621337e-01  1.63406840e+00
 -3.82284883e-03  1.59242832e+00  2.35904791e+00  1.66942973e+00
  1.64009187e+00  2.97246724e+00  2.20668847e+00  1.97318353e+00
  1.48047048e+00  2.24051907e+00  9.01927946e-01  2.25018207e+00
  3.21139846e+00  8.59471942e-01  4.52342867e-01  2.02281778e+00
 -3.27325257e-01 -1.77120244e-02  3.97750620e-01  6.61985029e-01
  1.48114180e+00  1.30395476e+00  3.47021978e-01  9.99734881e-01
  1.19783159e+00  1.43480379e+00  7.69871167e-01  1.56831754e+00
  3.41045834e+00  2.52322406e+00  3.63785219e+00  2.63003340e+00]
Device (GPU) time: 1.0182 seconds
Iters. done: 487 [Current cost: -20.924656738520223]
Current parameters: [ 3.19228419e+00  4.61945382e+00  3.10391068e+00  3.31299926e+00
  3.01343125e+00  1.70976323e+00  1.11868442e+00  1.86396399e+00
  2.26901271e+00  1.65324144e+00  2.53186506e+00  2.47580742e+00
  2.15046153e+00  5.02891676e-01  2.00978447e+00  3.84349125e+00
  8.52951434e-02  3.21908070e+00  4.69861570e-01  3.44120793e+00
  3.19664040e+00  1.25585869e-01  3.74164663e+00  1.90901452e+00
  1.53299922e+00  2.56947519e+00  1.70963311e+00  1.34598289e+00
  1.45173704e+00  5.67807495e-01  7.62665187e-01  1.63414904e+00
 -3.48422307e-03  1.59230519e+00  2.35926615e+00  1.66987797e+00
  1.64072470e+00  2.97276061e+00  2.20671001e+00  1.97306056e+00
  1.48120023e+00  2.24260141e+00  9.03140612e-01  2.25075055e+00
  3.21061174e+00  8.59150835e-01  4.52504522e-01  2.02246292e+00
 -3.26906070e-01 -1.67678613e-02  3.97519281e-01  6.62097490e-01
  1.48088365e+00  1.30387876e+00  3.45767368e-01  9.99495553e-01
  1.19830265e+00  1.43413320e+00  7.70974449e-01  1.56869603e+00
  3.41057670e+00  2.52217480e+00  3.63806305e+00  2.62956367e+00]
Device (GPU) time: 1.1202 seconds
Iters. done: 488 [Current cost: -21.046341278032617]
Current parameters: [ 3.19253623e+00  4.61943504e+00  3.10400813e+00  3.31321939e+00
  3.01372351e+00  1.70959902e+00  1.11907759e+00  1.86419409e+00
  2.26891245e+00  1.65352119e+00  2.53216173e+00  2.47553127e+00
  2.15062515e+00  5.03182014e-01  2.00987863e+00  3.84349660e+00
  8.52525806e-02  3.21917177e+00  4.69790992e-01  3.44111139e+00
  3.19627332e+00  1.24928934e-01  3.74109978e+00  1.90869664e+00
  1.53296693e+00  2.56952368e+00  1.70986146e+00  1.34609840e+00
  1.45178240e+00  5.67968317e-01  7.62455633e-01  1.63358265e+00
 -4.05668105e-03  1.59197623e+00  2.35980437e+00  1.66996728e+00
  1.64033073e+00  2.97255602e+00  2.20674015e+00  1.97307106e+00
  1.48107865e+00  2.24303210e+00  9.02925637e-01  2.25090975e+00
  3.21066210e+00  8.59062932e-01  4.52735472e-01  2.02215772e+00
 -3.27013120e-01 -1.67847694e-02  3.97732681e-01  6.62121432e-01
  1.48079712e+00  1.30387999e+00  3.45702323e-01  9.99442100e-01
  1.19811044e+00  1.43403293e+00  7.71176561e-01  1.56862733e+00
  3.41045127e+00  2.52222209e+00  3.63801389e+00  2.62961322e+00]
Device (GPU) time: 1.1088 seconds
Iters. done: 489 [Current cost: -20.945076390247287]
Current parameters: [ 3.19286672e+00  4.62020821e+00  3.10527962e+00  3.31382301e+00
  3.01360230e+00  1.70944856e+00  1.11944906e+00  1.86397262e+00
  2.26933423e+00  1.65294335e+00  2.53195135e+00  2.47522777e+00
  2.14996506e+00  5.03181302e-01  2.00988638e+00  3.84368526e+00
  8.54462061e-02  3.21929269e+00  4.69965808e-01  3.44155726e+00
  3.19562520e+00  1.25518562e-01  3.74175483e+00  1.90908147e+00
  1.53287684e+00  2.56888737e+00  1.70892544e+00  1.34692009e+00
  1.45205935e+00  5.68230712e-01  7.62391919e-01  1.63509829e+00
 -3.19616102e-03  1.59166766e+00  2.35953614e+00  1.66972294e+00
  1.64154317e+00  2.97304745e+00  2.20669279e+00  1.97290460e+00
  1.48208460e+00  2.24191381e+00  9.03591336e-01  2.25004836e+00
  3.21055139e+00  8.59480008e-01  4.51899363e-01  2.02281766e+00
 -3.26304039e-01 -1.72571458e-02  3.97398914e-01  6.61980908e-01
  1.48138699e+00  1.30380951e+00  3.45948818e-01  9.99566282e-01
  1.19855130e+00  1.43322928e+00  7.70694180e-01  1.56893713e+00
  3.41059358e+00  2.52207203e+00  3.63786785e+00  2.62967095e+00]
Device (GPU) time: 1.0607 seconds
Iters. done: 490 [Current cost: -20.957093704464825]
Current parameters: [ 3.19196467e+00  4.61977144e+00  3.10393141e+00  3.31296813e+00
  3.01354625e+00  1.70972229e+00  1.11852599e+00  1.86411125e+00
  2.26899648e+00  1.65347431e+00  2.53171749e+00  2.47610431e+00
  2.15033966e+00  5.02655421e-01  2.01013626e+00  3.84418101e+00
  8.47524734e-02  3.21881655e+00  4.69806947e-01  3.44067052e+00
  3.19604321e+00  1.25734092e-01  3.74129771e+00  1.90914976e+00
  1.53268489e+00  2.56954860e+00  1.70948985e+00  1.34577165e+00
  1.45145791e+00  5.67781127e-01  7.62735840e-01  1.63406156e+00
 -3.40153661e-03  1.59212469e+00  2.35906917e+00  1.66973127e+00
  1.64107794e+00  2.97291459e+00  2.20675973e+00  1.97300888e+00
  1.48079815e+00  2.24266991e+00  9.03106041e-01  2.25054577e+00
  3.21045493e+00  8.59185150e-01  4.52875227e-01  2.02259057e+00
 -3.26528505e-01 -1.65888361e-02  3.97574460e-01  6.62124784e-01
  1.48055017e+00  1.30399745e+00  3.46003602e-01  9.99628521e-01
  1.19797165e+00  1.43387800e+00  7.71039493e-01  1.56881403e+00
  3.41064765e+00  2.52236139e+00  3.63790309e+00  2.62959432e+00]
Device (GPU) time: 1.1422 seconds
Iters. done: 491 [Current cost: -20.91713683137455]
Current parameters: [ 3.19235893e+00  4.61941656e+00  3.10387836e+00  3.31288659e+00
  3.01296667e+00  1.71029357e+00  1.11913329e+00  1.86464799e+00
  2.27006203e+00  1.65346255e+00  2.53123458e+00  2.47452024e+00
  2.15047464e+00  5.03140375e-01  2.00897880e+00  3.84226344e+00
  8.52779695e-02  3.21927193e+00  4.69772329e-01  3.44115242e+00
  3.19755187e+00  1.25621143e-01  3.74253055e+00  1.90882215e+00
  1.53218671e+00  2.56957154e+00  1.70975181e+00  1.34517034e+00
  1.45207853e+00  5.67806738e-01  7.62907231e-01  1.63460427e+00
 -4.12823987e-03  1.59168791e+00  2.35905559e+00  1.66966610e+00
  1.64125880e+00  2.97284803e+00  2.20645659e+00  1.97268737e+00
  1.48030508e+00  2.24289370e+00  9.03165694e-01  2.25021981e+00
  3.20997376e+00  8.59087850e-01  4.52830747e-01  2.02191152e+00
 -3.26657796e-01 -1.65638160e-02  3.96885158e-01  6.62124926e-01
  1.48074735e+00  1.30417739e+00  3.45934809e-01  9.99781157e-01
  1.19784098e+00  1.43397397e+00  7.70401201e-01  1.56910172e+00
  3.41032688e+00  2.52270164e+00  3.63795580e+00  2.62977737e+00]
Device (GPU) time: 1.1290 seconds
Iters. done: 492 [Current cost: -20.927313147366426]
Current parameters: [ 3.19228799e+00  4.61930620e+00  3.10409736e+00  3.31287009e+00
  3.01338031e+00  1.70965678e+00  1.11866190e+00  1.86358988e+00
  2.26903245e+00  1.65303940e+00  2.53189804e+00  2.47577447e+00
  2.15046797e+00  5.03053172e-01  2.00978003e+00  3.84359158e+00
  8.54785749e-02  3.21932714e+00  4.69824770e-01  3.44112083e+00
  3.19653701e+00  1.25978156e-01  3.74153351e+00  1.90845547e+00
  1.53288185e+00  2.56967148e+00  1.70985550e+00  1.34605066e+00
  1.45180214e+00  5.68165067e-01  7.62852319e-01  1.63429379e+00
 -3.62590695e-03  1.59233320e+00  2.35908476e+00  1.66961694e+00
  1.64074253e+00  2.97304516e+00  2.20657811e+00  1.97296689e+00
  1.48089389e+00  2.24269394e+00  9.03326501e-01  2.25081763e+00
  3.21098275e+00  8.59173112e-01  4.52718035e-01  2.02259651e+00
 -3.27060665e-01 -1.70866892e-02  3.97824421e-01  6.62156795e-01
  1.48052577e+00  1.30301625e+00  3.45292197e-01  9.99465102e-01
  1.19815543e+00  1.43407836e+00  7.70810478e-01  1.56949149e+00
  3.41062185e+00  2.52220449e+00  3.63824626e+00  2.62948863e+00]
Device (GPU) time: 1.1012 seconds
Iters. done: 493 [Current cost: -20.98477101833981]
Current parameters: [ 3.19228363e+00  4.61939990e+00  3.10407199e+00  3.31272114e+00
  3.01343495e+00  1.71004224e+00  1.11881906e+00  1.86452983e+00
  2.26941951e+00  1.65308679e+00  2.53089137e+00  2.47606617e+00
  2.15073019e+00  5.02568687e-01  2.01000336e+00  3.84346040e+00
  8.59849048e-02  3.21916153e+00  4.69920438e-01  3.44105009e+00
  3.19654205e+00  1.25571127e-01  3.74195229e+00  1.90769561e+00
  1.53293371e+00  2.57002372e+00  1.71022341e+00  1.34644702e+00
  1.45158736e+00  5.68308752e-01  7.63167782e-01  1.63411281e+00
 -3.12521663e-03  1.59269114e+00  2.35939185e+00  1.66973846e+00
  1.64115580e+00  2.97329821e+00  2.20562064e+00  1.97317419e+00
  1.48142360e+00  2.24280889e+00  9.03436121e-01  2.25072954e+00
  3.21163804e+00  8.59539325e-01  4.52842614e-01  2.02281045e+00
 -3.26540211e-01 -1.72358031e-02  3.98134015e-01  6.62320920e-01
  1.48096031e+00  1.30553473e+00  3.45441411e-01  9.99161816e-01
  1.19834314e+00  1.43443032e+00  7.71009039e-01  1.56728970e+00
  3.41058924e+00  2.52182708e+00  3.63815949e+00  2.62961950e+00]
Device (GPU) time: 1.0252 seconds
Iters. done: 494 [Current cost: -20.85127235510318]
Current parameters: [ 3.19170058e+00  4.61942783e+00  3.10409575e+00  3.31298745e+00
  3.01333842e+00  1.71007710e+00  1.11861326e+00  1.86422215e+00
  2.26904892e+00  1.65276146e+00  2.53181191e+00  2.47611698e+00
  2.15028744e+00  5.03256462e-01  2.01002063e+00  3.84299323e+00
  8.49266820e-02  3.21958961e+00  4.70321487e-01  3.44101850e+00
  3.19638207e+00  1.25616063e-01  3.74129781e+00  1.90902181e+00
  1.53316166e+00  2.56951081e+00  1.70936133e+00  1.34592267e+00
  1.45228831e+00  5.67697409e-01  7.62740941e-01  1.63400282e+00
 -3.58484304e-03  1.59214447e+00  2.35900755e+00  1.66984866e+00
  1.64093557e+00  2.97281592e+00  2.20668079e+00  1.97295399e+00
  1.48151532e+00  2.24251200e+00  9.02981153e-01  2.25085184e+00
  3.21065479e+00  8.59136515e-01  4.52544524e-01  2.02188531e+00
 -3.26921321e-01 -1.67753220e-02  3.97494926e-01  6.62629552e-01
  1.48079085e+00  1.30383749e+00  3.45779383e-01  9.99443895e-01
  1.19836613e+00  1.43440758e+00  7.71034629e-01  1.56868603e+00
  3.41067030e+00  2.52182710e+00  3.63806197e+00  2.62973516e+00]
Device (GPU) time: 1.1138 seconds
Iters. done: 495 [Current cost: -20.912780040887583]
Current parameters: [ 3.19341485e+00  4.61891472e+00  3.10392715e+00  3.31257118e+00
  3.01453767e+00  1.70947316e+00  1.11841382e+00  1.86393578e+00
  2.26914391e+00  1.65285640e+00  2.53171551e+00  2.47580574e+00
  2.15086358e+00  5.03354415e-01  2.01069582e+00  3.84326533e+00
  8.47768130e-02  3.21969792e+00  4.70414304e-01  3.44083243e+00
  3.19671280e+00  1.25705242e-01  3.74254922e+00  1.90947191e+00
  1.53289923e+00  2.56919630e+00  1.70926274e+00  1.34626848e+00
  1.45007830e+00  5.68114769e-01  7.62792542e-01  1.63395942e+00
 -3.75013315e-03  1.59278861e+00  2.35910826e+00  1.66979113e+00
  1.64132148e+00  2.97275244e+00  2.20627476e+00  1.97285556e+00
  1.48160762e+00  2.24251002e+00  9.03007811e-01  2.25103891e+00
  3.21035290e+00  8.59096682e-01  4.51995807e-01  2.02148187e+00
 -3.26899084e-01 -1.65474554e-02  3.97706125e-01  6.61011289e-01
  1.48090650e+00  1.30369129e+00  3.45815841e-01  9.99389909e-01
  1.19832053e+00  1.43484364e+00  7.70991518e-01  1.56883825e+00
  3.41018932e+00  2.52279702e+00  3.63816102e+00  2.62888627e+00]
Device (GPU) time: 1.1019 seconds
Iters. done: 496 [Current cost: -20.973705912425263]
Current parameters: [ 3.19206176e+00  4.61932815e+00  3.10400962e+00  3.31290180e+00
  3.01356743e+00  1.70977290e+00  1.11869036e+00  1.86378356e+00
  2.26927022e+00  1.65290045e+00  2.53170879e+00  2.47547050e+00
  2.15030403e+00  5.02695989e-01  2.00916548e+00  3.84361346e+00
  8.53049461e-02  3.21930259e+00  4.69819746e-01  3.44138524e+00
  3.19650687e+00  1.25598401e-01  3.74113336e+00  1.90886748e+00
  1.53316733e+00  2.56972611e+00  1.70942369e+00  1.34592938e+00
  1.45150306e+00  5.67740048e-01  7.62861161e-01  1.63402954e+00
 -3.44257170e-03  1.59225095e+00  2.35928864e+00  1.67048599e+00
  1.64085648e+00  2.97283142e+00  2.20676540e+00  1.97304234e+00
  1.48142858e+00  2.24254920e+00  9.03071534e-01  2.25112888e+00
  3.20994838e+00  8.59153447e-01  4.52496636e-01  2.02265772e+00
 -3.26951468e-01 -1.69898650e-02  3.97486586e-01  6.61480203e-01
  1.48054350e+00  1.30426621e+00  3.45675550e-01  9.99430780e-01
  1.19791284e+00  1.43421613e+00  7.70952972e-01  1.56889207e+00
  3.41068100e+00  2.52174275e+00  3.63816408e+00  2.62931297e+00]
Device (GPU) time: 0.9991 seconds
Iters. done: 497 [Current cost: -20.95843700801898]
Current parameters: [ 3.19237840e+00  4.61925597e+00  3.10329252e+00  3.31260717e+00
  3.01474514e+00  1.70983659e+00  1.11857707e+00  1.86497026e+00
  2.26896373e+00  1.65367282e+00  2.53172673e+00  2.47572024e+00
  2.14975769e+00  5.02084097e-01  2.00861123e+00  3.84376936e+00
  8.51096015e-02  3.21934065e+00  4.69368334e-01  3.44185745e+00
  3.19625146e+00  1.25361172e-01  3.74182336e+00  1.90876634e+00
  1.53302886e+00  2.56867754e+00  1.71024191e+00  1.34617364e+00
  1.45185858e+00  5.67068210e-01  7.62685057e-01  1.63432690e+00
 -3.19902863e-03  1.59224082e+00  2.35913348e+00  1.66929856e+00
  1.64143725e+00  2.97243570e+00  2.20656744e+00  1.97311198e+00
  1.48154754e+00  2.24266515e+00  9.03633645e-01  2.25195332e+00
  3.21056122e+00  8.58815252e-01  4.51898588e-01  2.02287633e+00
 -3.26799211e-01 -1.67672990e-02  3.97469266e-01  6.62969509e-01
  1.48094499e+00  1.30289014e+00  3.45780891e-01  9.99319990e-01
  1.19840016e+00  1.43471944e+00  7.71201362e-01  1.56859191e+00
  3.41037227e+00  2.52278687e+00  3.63785605e+00  2.63001013e+00]
Device (GPU) time: 1.1584 seconds
Iters. done: 498 [Current cost: -21.016453009622037]
Current parameters: [ 3.19227146e+00  4.61915458e+00  3.10381449e+00  3.31320541e+00
  3.01348245e+00  1.70954359e+00  1.11870448e+00  1.86380921e+00
  2.26936377e+00  1.65319448e+00  2.53192273e+00  2.47559682e+00
  2.15032782e+00  5.03240515e-01  2.00977030e+00  3.84342818e+00
  8.53179029e-02  3.21886486e+00  4.69733495e-01  3.44119728e+00
  3.19676530e+00  1.25660992e-01  3.74112519e+00  1.90921622e+00
  1.53216074e+00  2.56958018e+00  1.70966161e+00  1.34616464e+00
  1.45114366e+00  5.68049786e-01  7.63044690e-01  1.63454929e+00
 -3.18545507e-03  1.59241106e+00  2.35924964e+00  1.67026338e+00
  1.64081375e+00  2.97238381e+00  2.20694371e+00  1.97314529e+00
  1.48129164e+00  2.24276494e+00  9.02861601e-01  2.25070604e+00
  3.21068493e+00  8.59195906e-01  4.52473289e-01  2.02246845e+00
 -3.26951265e-01 -1.67972825e-02  3.97529909e-01  6.62950625e-01
  1.48098150e+00  1.30388644e+00  3.45768867e-01  9.99445253e-01
  1.19846943e+00  1.43435748e+00  7.71026915e-01  1.56863879e+00
  3.41054750e+00  2.52208947e+00  3.63809668e+00  2.62956516e+00]
Device (GPU) time: 1.1441 seconds
Iters. done: 499 [Current cost: -20.9798547071127]
Current parameters: [ 3.19207139e+00  4.61950310e+00  3.10443895e+00  3.31246542e+00
  3.01289023e+00  1.70957210e+00  1.11858660e+00  1.86359858e+00
  2.26985017e+00  1.65342899e+00  2.53153164e+00  2.47526783e+00
  2.15056289e+00  5.02452797e-01  2.01019164e+00  3.84364087e+00
  8.58083744e-02  3.21899011e+00  4.69860057e-01  3.44126588e+00
  3.19692844e+00  1.25817116e-01  3.74138475e+00  1.90938708e+00
  1.53468067e+00  2.56934814e+00  1.70955358e+00  1.34504379e+00
  1.45008041e+00  5.67080464e-01  7.62234960e-01  1.63409903e+00
 -3.63243662e-03  1.59144286e+00  2.36023541e+00  1.66924094e+00
  1.64031349e+00  2.97319443e+00  2.20666483e+00  1.97280498e+00
  1.48162506e+00  2.24266328e+00  9.03552503e-01  2.25051749e+00
  3.21073077e+00  8.59271120e-01  4.52230962e-01  2.02245759e+00
 -3.27046869e-01 -1.66315839e-02  3.97662221e-01  6.63287660e-01
  1.48120001e+00  1.30368336e+00  3.45591244e-01  9.99614814e-01
  1.19822541e+00  1.43439094e+00  7.70892776e-01  1.56883834e+00
  3.41059127e+00  2.52207336e+00  3.63796609e+00  2.62965511e+00]
Device (GPU) time: 1.0421 seconds
Iters. done: 500 [Current cost: -20.901224021853615]
Current parameters: [ 3.19244085e+00  4.61938583e+00  3.10386509e+00  3.31315694e+00
  3.01332788e+00  1.70958006e+00  1.11876708e+00  1.86400140e+00
  2.26984473e+00  1.65311610e+00  2.53221722e+00  2.47613112e+00
  2.15044912e+00  5.02595195e-01  2.00982713e+00  3.84311294e+00
  8.43810902e-02  3.21923996e+00  4.69969878e-01  3.44117575e+00
  3.19661418e+00  1.25809000e-01  3.74180815e+00  1.90906938e+00
  1.53308931e+00  2.56929954e+00  1.70996100e+00  1.34603531e+00
  1.45175386e+00  5.68035924e-01  7.62525692e-01  1.63371895e+00
 -3.67926523e-03  1.59242825e+00  2.35934316e+00  1.67006920e+00
  1.64069037e+00  2.97261250e+00  2.20706362e+00  1.97311723e+00
  1.48119289e+00  2.24270439e+00  9.03547289e-01  2.25069542e+00
  3.21065694e+00  8.59196234e-01  4.52644172e-01  2.02312410e+00
 -3.26772556e-01 -1.67302036e-02  3.97461801e-01  6.62139153e-01
  1.48109771e+00  1.30389510e+00  3.45445970e-01  9.99387201e-01
  1.19826925e+00  1.43411326e+00  7.70723532e-01  1.56860968e+00
  3.41059795e+00  2.52207215e+00  3.63820366e+00  2.62951850e+00]
Device (GPU) time: 1.1396 seconds
Iters. done: 501 [Current cost: -20.843999847055823]
Current parameters: [ 3.19208919e+00  4.61920722e+00  3.10438331e+00  3.31290456e+00
  3.01296039e+00  1.70907557e+00  1.11885776e+00  1.86343644e+00
  2.26771366e+00  1.65292093e+00  2.53111503e+00  2.47532843e+00
  2.14991151e+00  5.02828400e-01  2.00941651e+00  3.84326814e+00
  8.47250799e-02  3.21923812e+00  4.69518344e-01  3.44072800e+00
  3.19632877e+00  1.25540985e-01  3.74239776e+00  1.90889965e+00
  1.53280051e+00  2.56877720e+00  1.71082400e+00  1.34548003e+00
  1.45163071e+00  5.67617161e-01  7.62179069e-01  1.63412574e+00
 -3.99073668e-03  1.59253516e+00  2.35897712e+00  1.67080712e+00
  1.64063051e+00  2.97304323e+00  2.20632801e+00  1.97321299e+00
  1.48204840e+00  2.24286429e+00  9.02727369e-01  2.24967338e+00
  3.21088167e+00  8.59117358e-01  4.52424311e-01  2.02315547e+00
 -3.27575062e-01 -1.67698185e-02  3.97605447e-01  6.62123632e-01
  1.48044747e+00  1.30388603e+00  3.46623535e-01  9.99906623e-01
  1.19866615e+00  1.43468341e+00  7.71678505e-01  1.56890388e+00
  3.41029493e+00  2.52215126e+00  3.63762738e+00  2.62965783e+00]
Device (GPU) time: 1.1176 seconds
Iters. done: 502 [Current cost: -20.91695154516838]
Current parameters: [ 3.19226023e+00  4.61880236e+00  3.10387188e+00  3.31266152e+00
  3.01335216e+00  1.70909218e+00  1.11847575e+00  1.86386891e+00
  2.26916039e+00  1.65330111e+00  2.53184077e+00  2.47592805e+00
  2.15051394e+00  5.02831079e-01  2.00969962e+00  3.84362553e+00
  8.55106904e-02  3.21890215e+00  4.70324716e-01  3.44119066e+00
  3.19645110e+00  1.25203496e-01  3.74177351e+00  1.90913790e+00
  1.53311664e+00  2.56965571e+00  1.70972580e+00  1.34616704e+00
  1.45178809e+00  5.67806667e-01  7.62467575e-01  1.63418610e+00
 -3.55013991e-03  1.59181492e+00  2.35858259e+00  1.67000894e+00
  1.64080998e+00  2.97250899e+00  2.20641701e+00  1.97305895e+00
  1.48113872e+00  2.24277353e+00  9.03082691e-01  2.25080288e+00
  3.21057453e+00  8.59381950e-01  4.52398817e-01  2.02246404e+00
 -3.26778530e-01 -1.65329126e-02  3.97549009e-01  6.62035617e-01
  1.48111050e+00  1.30392855e+00  3.45765137e-01  9.99530723e-01
  1.19827883e+00  1.43376970e+00  7.70817973e-01  1.56881205e+00
  3.41025108e+00  2.52188827e+00  3.63841219e+00  2.63023550e+00]
Device (GPU) time: 1.1122 seconds
Iters. done: 503 [Current cost: -20.89635573755009]
Current parameters: [ 3.19199611e+00  4.61963823e+00  3.10363783e+00  3.31227798e+00
  3.01279740e+00  1.71010886e+00  1.11804377e+00  1.86396960e+00
  2.26910222e+00  1.65388683e+00  2.53232013e+00  2.47596554e+00
  2.14979915e+00  5.03090433e-01  2.01000918e+00  3.84371635e+00
  8.57655671e-02  3.21948831e+00  4.68430069e-01  3.44053597e+00
  3.19637258e+00  1.25154665e-01  3.74141504e+00  1.90947619e+00
  1.53351518e+00  2.57005415e+00  1.70965016e+00  1.34705414e+00
  1.45223860e+00  5.68245392e-01  7.61933720e-01  1.63478463e+00
 -3.96221136e-03  1.59264205e+00  2.35955296e+00  1.67041657e+00
  1.64103403e+00  2.97250682e+00  2.20623768e+00  1.97326397e+00
  1.48094713e+00  2.24294653e+00  9.03437019e-01  2.25042998e+00
  3.21068368e+00  8.59430984e-01  4.51823464e-01  2.02227116e+00
 -3.26709539e-01 -1.65982170e-02  3.96717468e-01  6.61911327e-01
  1.48135525e+00  1.30409589e+00  3.45573532e-01  9.99629484e-01
  1.19815212e+00  1.43540843e+00  7.70488589e-01  1.56917690e+00
  3.41077596e+00  2.52259256e+00  3.63796484e+00  2.62899080e+00]
Device (GPU) time: 0.9981 seconds
Iters. done: 504 [Current cost: -20.951133425020814]
Current parameters: [ 3.19216120e+00  4.61949501e+00  3.10346795e+00  3.31297448e+00
  3.01344019e+00  1.70970605e+00  1.11890624e+00  1.86391479e+00
  2.26921824e+00  1.65313774e+00  2.53204251e+00  2.47579164e+00
  2.15027988e+00  5.03046281e-01  2.01014718e+00  3.84391007e+00
  8.56386781e-02  3.21965089e+00  4.69741112e-01  3.44111246e+00
  3.19671336e+00  1.25736406e-01  3.74208217e+00  1.90873537e+00
  1.53269763e+00  2.56933003e+00  1.70956774e+00  1.34634678e+00
  1.45173861e+00  5.66952781e-01  7.62761364e-01  1.63384924e+00
 -3.40854823e-03  1.59234687e+00  2.35976484e+00  1.67021418e+00
  1.64077703e+00  2.97265753e+00  2.20675084e+00  1.97267763e+00
  1.48121654e+00  2.24233183e+00  9.02979648e-01  2.25053727e+00
  3.21069632e+00  8.59217487e-01  4.52681833e-01  2.02255237e+00
 -3.26878278e-01 -1.64345238e-02  3.97396392e-01  6.62128737e-01
  1.48062525e+00  1.30380414e+00  3.45758417e-01  9.99661440e-01
  1.19821041e+00  1.43407654e+00  7.70805030e-01  1.56871693e+00
  3.41040841e+00  2.52193752e+00  3.63835840e+00  2.62986381e+00]
Device (GPU) time: 1.1282 seconds
Iters. done: 505 [Current cost: -20.88911588236933]
Current parameters: [ 3.19227673e+00  4.62017370e+00  3.10296128e+00  3.31362551e+00
  3.01361246e+00  1.70974173e+00  1.11905934e+00  1.86334249e+00
  2.26888329e+00  1.65318078e+00  2.53061656e+00  2.47644392e+00
  2.15137651e+00  5.02279733e-01  2.00931429e+00  3.84287000e+00
  8.51427205e-02  3.21801096e+00  4.69912342e-01  3.44173830e+00
  3.19613493e+00  1.26702849e-01  3.74153347e+00  1.90895022e+00
  1.53271045e+00  2.57048338e+00  1.70956135e+00  1.34691331e+00
  1.45174615e+00  5.67602548e-01  7.61836355e-01  1.63390633e+00
 -3.80798143e-03  1.59215735e+00  2.35979789e+00  1.66960996e+00
  1.64097415e+00  2.97273339e+00  2.20675418e+00  1.97295051e+00
  1.48145580e+00  2.24298827e+00  9.02879038e-01  2.25036168e+00
  3.21057647e+00  8.59166312e-01  4.51504277e-01  2.02177397e+00
 -3.27368818e-01 -1.67698976e-02  3.97106713e-01  6.62048352e-01
  1.48061776e+00  1.30356220e+00  3.45599888e-01  9.99572826e-01
  1.19816207e+00  1.43429608e+00  7.70902517e-01  1.56881322e+00
  3.41019901e+00  2.52208319e+00  3.63798991e+00  2.62982992e+00]
Device (GPU) time: 1.0944 seconds
Iters. done: 506 [Current cost: -20.916136776221133]
Current parameters: [ 3.19241451e+00  4.61933743e+00  3.10352351e+00  3.31339265e+00
  3.01330438e+00  1.70997731e+00  1.11852244e+00  1.86361057e+00
  2.26908252e+00  1.65333239e+00  2.53166789e+00  2.47525262e+00
  2.15050824e+00  5.02757751e-01  2.00979682e+00  3.84370526e+00
  8.54510724e-02  3.21907404e+00  4.70660426e-01  3.44134882e+00
  3.19637430e+00  1.25632472e-01  3.74165507e+00  1.90936846e+00
  1.53297512e+00  2.56925700e+00  1.70954731e+00  1.34609424e+00
  1.45202202e+00  5.67996540e-01  7.62634550e-01  1.63408417e+00
 -3.73230943e-03  1.59220789e+00  2.35944874e+00  1.66992044e+00
  1.64059669e+00  2.97283355e+00  2.20658871e+00  1.97317137e+00
  1.48081719e+00  2.24231335e+00  9.03194799e-01  2.25087197e+00
  3.21067006e+00  8.59369218e-01  4.52721389e-01  2.02272286e+00
 -3.26356747e-01 -1.68514616e-02  3.97685841e-01  6.62143630e-01
  1.48077676e+00  1.30379984e+00  3.45930127e-01  9.99618456e-01
  1.19838507e+00  1.43500333e+00  7.71163482e-01  1.56868817e+00
  3.41055640e+00  2.52215606e+00  3.63801459e+00  2.62959806e+00]
Device (GPU) time: 1.1151 seconds
Iters. done: 507 [Current cost: -20.92528297648414]
Current parameters: [ 3.19244221e+00  4.61905977e+00  3.10352657e+00  3.31361527e+00
  3.01324615e+00  1.70918274e+00  1.11895446e+00  1.86440994e+00
  2.26904505e+00  1.65242814e+00  2.53113698e+00  2.47600425e+00
  2.15129818e+00  5.03933790e-01  2.00927298e+00  3.84401813e+00
  8.49746982e-02  3.21819924e+00  4.69188534e-01  3.44006423e+00
  3.19697577e+00  1.25498233e-01  3.74175638e+00  1.90827755e+00
  1.53393013e+00  2.56809765e+00  1.70869955e+00  1.34601499e+00
  1.45219252e+00  5.67905475e-01  7.62727337e-01  1.63439733e+00
 -2.31178657e-03  1.59204635e+00  2.35945900e+00  1.66997915e+00
  1.64049402e+00  2.97267753e+00  2.20679907e+00  1.97317756e+00
  1.48053460e+00  2.24283646e+00  9.03372310e-01  2.25086163e+00
  3.21043395e+00  8.58989798e-01  4.52367110e-01  2.02240207e+00
 -3.27308909e-01 -1.67728584e-02  3.97606159e-01  6.61921970e-01
  1.48123093e+00  1.30384277e+00  3.45642954e-01  9.99570283e-01
  1.19819232e+00  1.43483043e+00  7.70889078e-01  1.56883895e+00
  3.41063946e+00  2.52222910e+00  3.63793674e+00  2.62965789e+00]
Device (GPU) time: 1.1264 seconds
Iters. done: 508 [Current cost: -20.91866470876027]
Current parameters: [ 3.19245491e+00  4.61963735e+00  3.10451916e+00  3.31351441e+00
  3.01318390e+00  1.70986574e+00  1.11804445e+00  1.86409061e+00
  2.26892189e+00  1.65348116e+00  2.53183549e+00  2.47605067e+00
  2.15043410e+00  5.02850002e-01  2.00945913e+00  3.84349858e+00
  8.52406425e-02  3.21907621e+00  4.69729667e-01  3.44121046e+00
  3.19691048e+00  1.25494954e-01  3.74160201e+00  1.90894192e+00
  1.53307324e+00  2.56938965e+00  1.70959131e+00  1.34605026e+00
  1.45174809e+00  5.67824594e-01  7.62644722e-01  1.63401579e+00
 -3.35640295e-03  1.59238199e+00  2.35935596e+00  1.66980897e+00
  1.64072529e+00  2.97267758e+00  2.20666931e+00  1.97310817e+00
  1.48134124e+00  2.24255976e+00  9.03032233e-01  2.25067840e+00
  3.21045935e+00  8.59235304e-01  4.52518106e-01  2.02239426e+00
 -3.26647210e-01 -1.66012234e-02  3.97685374e-01  6.62298961e-01
  1.48037002e+00  1.30386689e+00  3.45735865e-01  9.99490652e-01
  1.19826817e+00  1.43427223e+00  7.70867839e-01  1.56870325e+00
  3.40957940e+00  2.52224414e+00  3.63885094e+00  2.62936740e+00]
Device (GPU) time: 1.0671 seconds
Iters. done: 509 [Current cost: -20.837229542530096]
Current parameters: [ 3.19163378e+00  4.61905563e+00  3.10341035e+00  3.31267336e+00
  3.01302163e+00  1.70906540e+00  1.11919574e+00  1.86389485e+00
  2.26854436e+00  1.65311821e+00  2.53195651e+00  2.47598117e+00
  2.15040292e+00  5.02742088e-01  2.00967655e+00  3.84409465e+00
  8.53161875e-02  3.21882068e+00  4.70801630e-01  3.44166672e+00
  3.19702170e+00  1.25745261e-01  3.74135826e+00  1.90869370e+00
  1.53286698e+00  2.56928899e+00  1.70966036e+00  1.34536164e+00
  1.45252015e+00  5.67820004e-01  7.62751482e-01  1.63447665e+00
 -3.82558429e-03  1.59299446e+00  2.35996917e+00  1.67002122e+00
  1.64101556e+00  2.97251551e+00  2.20597665e+00  1.97259305e+00
  1.48131123e+00  2.24250601e+00  9.03105353e-01  2.25085281e+00
  3.21026242e+00  8.59093926e-01  4.51918598e-01  2.02221120e+00
 -3.26734937e-01 -1.64533484e-02  3.97912216e-01  6.62543731e-01
  1.48181962e+00  1.30385172e+00  3.45819680e-01  9.99443299e-01
  1.19816879e+00  1.43315636e+00  7.70889485e-01  1.56860923e+00
  3.41040832e+00  2.52297787e+00  3.63791631e+00  2.62746112e+00]
Device (GPU) time: 1.1469 seconds
Iters. done: 510 [Current cost: -20.85990167319161]
Current parameters: [ 3.19233806e+00  4.61976741e+00  3.10381382e+00  3.31269643e+00
  3.01321170e+00  1.70986410e+00  1.11870763e+00  1.86398093e+00
  2.26894488e+00  1.65353190e+00  2.53222772e+00  2.47592891e+00
  2.15063143e+00  5.02814057e-01  2.00941186e+00  3.84309244e+00
  8.55412206e-02  3.21887791e+00  4.69866901e-01  3.44131101e+00
  3.19633467e+00  1.25685173e-01  3.74188480e+00  1.90903600e+00
  1.53311315e+00  2.56915214e+00  1.70961411e+00  1.34609037e+00
  1.45169075e+00  5.68143713e-01  7.63127805e-01  1.63369887e+00
 -3.10943655e-03  1.59200784e+00  2.35926606e+00  1.66989104e+00
  1.64093157e+00  2.97237384e+00  2.20658264e+00  1.97292803e+00
  1.48158819e+00  2.24251790e+00  9.02643206e-01  2.25051823e+00
  3.21065206e+00  8.59377675e-01  4.52678228e-01  2.02248990e+00
 -3.26900942e-01 -1.62963015e-02  3.98087738e-01  6.62130565e-01
  1.48092194e+00  1.30392769e+00  3.45695247e-01  9.99512365e-01
  1.19801656e+00  1.43432759e+00  7.70858528e-01  1.56910463e+00
  3.41095252e+00  2.52223900e+00  3.63785922e+00  2.62946270e+00]
Device (GPU) time: 1.1195 seconds
Iters. done: 511 [Current cost: -20.871970456499774]
Current parameters: [ 3.19225893e+00  4.61961607e+00  3.10413526e+00  3.31317770e+00
  3.01290055e+00  1.70993432e+00  1.11870308e+00  1.86350033e+00
  2.26879101e+00  1.65332727e+00  2.53159757e+00  2.47596494e+00
  2.15085267e+00  5.03083468e-01  2.01080551e+00  3.84358891e+00
  8.55028633e-02  3.21999449e+00  4.69721949e-01  3.44217568e+00
  3.19641853e+00  1.25704100e-01  3.74163320e+00  1.90935720e+00
  1.53314000e+00  2.56900604e+00  1.71111714e+00  1.34575949e+00
  1.45177453e+00  5.67817231e-01  7.63076868e-01  1.63403319e+00
 -2.11980946e-03  1.59241739e+00  2.35916739e+00  1.66941386e+00
  1.64061477e+00  2.97179918e+00  2.20649106e+00  1.97355835e+00
  1.48049965e+00  2.24291968e+00  9.03093224e-01  2.25067291e+00
  3.20967017e+00  8.58910355e-01  4.52044127e-01  2.02202336e+00
 -3.26955527e-01 -1.80316162e-02  3.96797704e-01  6.61828123e-01
  1.48116307e+00  1.30388503e+00  3.45804962e-01  9.99537409e-01
  1.19753300e+00  1.43395555e+00  7.71401997e-01  1.56861132e+00
  3.41053753e+00  2.52218222e+00  3.63774557e+00  2.62981903e+00]
Device (GPU) time: 1.1138 seconds
Iters. done: 512 [Current cost: -20.97457472705524]
Current parameters: [ 3.19238673e+00  4.61933108e+00  3.10380339e+00  3.31320001e+00
  3.01355995e+00  1.70957463e+00  1.11884045e+00  1.86406391e+00
  2.26906634e+00  1.65338609e+00  2.53188780e+00  2.47576208e+00
  2.15056023e+00  5.02864854e-01  2.00983071e+00  3.84362236e+00
  8.51264498e-02  3.21899441e+00  4.69894326e-01  3.44130471e+00
  3.19670980e+00  1.25696148e-01  3.74166371e+00  1.90891581e+00
  1.53333159e+00  2.56964593e+00  1.70954923e+00  1.34621861e+00
  1.45174297e+00  5.67524057e-01  7.63001508e-01  1.63410570e+00
 -3.50706981e-03  1.59221735e+00  2.35916277e+00  1.66980924e+00
  1.64053543e+00  2.97279447e+00  2.20602681e+00  1.97383467e+00
  1.48160903e+00  2.24271275e+00  9.02874824e-01  2.25047645e+00
  3.21040342e+00  8.59088947e-01  4.53177504e-01  2.02246640e+00
 -3.26729228e-01 -1.68114328e-02  3.96804543e-01  6.62243695e-01
  1.48074893e+00  1.30370111e+00  3.45849145e-01  9.99064706e-01
  1.19866223e+00  1.43411420e+00  7.70734515e-01  1.56891930e+00
  3.41080158e+00  2.52228574e+00  3.63807419e+00  2.62931033e+00]
Device (GPU) time: 1.0234 seconds
Iters. done: 513 [Current cost: -20.924101532142398]
Current parameters: [ 3.19224952e+00  4.61971497e+00  3.10353914e+00  3.31284092e+00
  3.01349181e+00  1.71051526e+00  1.11833903e+00  1.86366297e+00
  2.26874339e+00  1.65335140e+00  2.53175318e+00  2.47632601e+00
  2.15077042e+00  5.02532565e-01  2.00991849e+00  3.84370468e+00
  8.55535773e-02  3.21911455e+00  4.69874645e-01  3.44136864e+00
  3.19702555e+00  1.24649862e-01  3.74171859e+00  1.90844371e+00
  1.53157634e+00  2.56904090e+00  1.70886738e+00  1.34498537e+00
  1.45144374e+00  5.68295868e-01  7.62121016e-01  1.63444740e+00
 -3.44119693e-03  1.59199878e+00  2.35899277e+00  1.67002242e+00
  1.63969419e+00  2.97299205e+00  2.20680550e+00  1.97343974e+00
  1.48229583e+00  2.24192780e+00  9.03885270e-01  2.25091796e+00
  3.21129727e+00  8.59035036e-01  4.52503648e-01  2.02235642e+00
 -3.27064918e-01 -1.68013514e-02  3.96433251e-01  6.61790458e-01
  1.48150790e+00  1.30372311e+00  3.45420397e-01  9.99003293e-01
  1.19734484e+00  1.43416477e+00  7.71311811e-01  1.56905006e+00
  3.41048812e+00  2.52212604e+00  3.63765789e+00  2.62976326e+00]
Device (GPU) time: 1.1131 seconds
Iters. done: 514 [Current cost: -20.89943602398941]
Current parameters: [ 3.19199323e+00  4.61965046e+00  3.10388922e+00  3.31298129e+00
  3.01354084e+00  1.70969566e+00  1.11883823e+00  1.86439305e+00
  2.26899391e+00  1.65344436e+00  2.53240247e+00  2.47567508e+00
  2.15060932e+00  5.02969086e-01  2.00984871e+00  3.84315730e+00
  8.56723836e-02  3.21901822e+00  4.70092628e-01  3.44129365e+00
  3.19637483e+00  1.26100604e-01  3.74147577e+00  1.90873251e+00
  1.53308476e+00  2.56918549e+00  1.70926020e+00  1.34555022e+00
  1.45147630e+00  5.67804187e-01  7.62440242e-01  1.63392803e+00
 -3.43624836e-03  1.59279735e+00  2.35919410e+00  1.67024111e+00
  1.64092096e+00  2.97281907e+00  2.20653733e+00  1.97346128e+00
  1.48085062e+00  2.24283468e+00  9.03167872e-01  2.25077379e+00
  3.21088801e+00  8.59262861e-01  4.52126379e-01  2.02261215e+00
 -3.26805319e-01 -1.69103839e-02  3.97243611e-01  6.62032699e-01
  1.48088683e+00  1.30409600e+00  3.45917218e-01  9.99453104e-01
  1.19855169e+00  1.43409902e+00  7.71199678e-01  1.56913100e+00
  3.41023176e+00  2.52220432e+00  3.63821075e+00  2.62982045e+00]
Device (GPU) time: 1.1279 seconds
Iters. done: 515 [Current cost: -20.909476545285564]
Current parameters: [ 3.19266336e+00  4.61923831e+00  3.10433908e+00  3.31271144e+00
  3.01390225e+00  1.71060808e+00  1.11863213e+00  1.86328301e+00
  2.26867645e+00  1.65318117e+00  2.53278988e+00  2.47585548e+00
  2.15084808e+00  5.02916203e-01  2.01007544e+00  3.84304991e+00
  8.56318116e-02  3.21838981e+00  4.69692417e-01  3.44118140e+00
  3.19668590e+00  1.25888127e-01  3.74175081e+00  1.90849956e+00
  1.53319805e+00  2.56928463e+00  1.70934826e+00  1.34571191e+00
  1.45170541e+00  5.67243047e-01  7.61504439e-01  1.63547606e+00
 -3.92918611e-03  1.59264992e+00  2.35894757e+00  1.67022249e+00
  1.64122799e+00  2.97206698e+00  2.20649856e+00  1.97338042e+00
  1.48094596e+00  2.24253734e+00  9.03108105e-01  2.25057460e+00
  3.20976916e+00  8.58741624e-01  4.53097725e-01  2.02256157e+00
 -3.26975725e-01 -1.69226767e-02  3.98190390e-01  6.62155416e-01
  1.48041885e+00  1.30317090e+00  3.45624400e-01  9.99542284e-01
  1.19785525e+00  1.43411178e+00  7.70676477e-01  1.56710930e+00
  3.41108274e+00  2.52185587e+00  3.63764240e+00  2.62972537e+00]
Device (GPU) time: 1.0287 seconds
Iters. done: 516 [Current cost: -20.895356953433833]
Current parameters: [ 3.19243539e+00  4.61958196e+00  3.10391037e+00  3.31306013e+00
  3.01351105e+00  1.71004128e+00  1.11884740e+00  1.86394780e+00
  2.26856767e+00  1.65320177e+00  2.53182166e+00  2.47575705e+00
  2.15034032e+00  5.03007115e-01  2.00987189e+00  3.84342988e+00
  8.52415020e-02  3.21880276e+00  4.70094488e-01  3.44126273e+00
  3.19670928e+00  1.25582604e-01  3.74157545e+00  1.90896873e+00
  1.53308045e+00  2.56936008e+00  1.70991369e+00  1.34608735e+00
  1.45149648e+00  5.67907393e-01  7.62537205e-01  1.63394733e+00
 -3.29570935e-03  1.59229022e+00  2.35916412e+00  1.67017444e+00
  1.64068037e+00  2.97282190e+00  2.20664649e+00  1.97283594e+00
  1.48126255e+00  2.24280603e+00  9.03503740e-01  2.25119546e+00
  3.21086513e+00  8.59135364e-01  4.52603676e-01  2.02237731e+00
 -3.26875513e-01 -1.68819306e-02  3.97253000e-01  6.62324988e-01
  1.48092007e+00  1.30389210e+00  3.46525167e-01  9.99932800e-01
  1.19798328e+00  1.43411484e+00  7.69980025e-01  1.56877113e+00
  3.41092815e+00  2.52209663e+00  3.63855409e+00  2.62945670e+00]
Device (GPU) time: 1.1094 seconds
Iters. done: 517 [Current cost: -20.96117939197968]
Current parameters: [ 3.19276751e+00  4.61991043e+00  3.10430317e+00  3.31276366e+00
  3.01343542e+00  1.71003154e+00  1.11906861e+00  1.86433294e+00
  2.26801729e+00  1.65267461e+00  2.53175689e+00  2.47569572e+00
  2.15007931e+00  5.03401342e-01  2.00991875e+00  3.84339548e+00
  8.50979035e-02  3.21825077e+00  4.69757118e-01  3.44159211e+00
  3.19691598e+00  1.25466120e-01  3.74156047e+00  1.90894653e+00
  1.53335519e+00  2.56999218e+00  1.71042292e+00  1.34628144e+00
  1.45115586e+00  5.68005208e-01  7.62613929e-01  1.63386842e+00
 -3.50837387e-03  1.59215809e+00  2.35892435e+00  1.67025360e+00
  1.64073749e+00  2.97285621e+00  2.20647095e+00  1.97247480e+00
  1.48005251e+00  2.24080655e+00  9.03230939e-01  2.25120366e+00
  3.21029047e+00  8.58977096e-01  4.52485697e-01  2.02265973e+00
 -3.26855488e-01 -1.58560479e-02  3.96621613e-01  6.62457129e-01
  1.48102655e+00  1.30404485e+00  3.44592565e-01  9.99298603e-01
  1.19894956e+00  1.43408758e+00  7.71553842e-01  1.56888734e+00
  3.41052420e+00  2.52190106e+00  3.63760804e+00  2.62954711e+00]
Device (GPU) time: 1.1055 seconds
Iters. done: 518 [Current cost: -20.892544037672295]
Current parameters: [ 3.19242966e+00  4.61928460e+00  3.10404022e+00  3.31286911e+00
  3.01320364e+00  1.70992213e+00  1.11893993e+00  1.86456256e+00
  2.26899466e+00  1.65354932e+00  2.53172547e+00  2.47596942e+00
  2.15043512e+00  5.02940604e-01  2.00972250e+00  3.84367041e+00
  8.53441960e-02  3.21914934e+00  4.69782384e-01  3.44118511e+00
  3.19659899e+00  1.25915806e-01  3.74203639e+00  1.90912454e+00
  1.53307644e+00  2.56999664e+00  1.70936187e+00  1.34592646e+00
  1.45169642e+00  5.68134983e-01  7.62735874e-01  1.63391034e+00
 -3.34222814e-03  1.59211850e+00  2.35926375e+00  1.67049463e+00
  1.64059102e+00  2.97303696e+00  2.20677310e+00  1.97298144e+00
  1.48121435e+00  2.24264564e+00  9.02967604e-01  2.25076260e+00
  3.21042139e+00  8.59382071e-01  4.52536414e-01  2.02253362e+00
 -3.26826196e-01 -1.70803625e-02  3.97487890e-01  6.62182299e-01
  1.48126568e+00  1.30299857e+00  3.45990637e-01  9.99610480e-01
  1.19805826e+00  1.43414536e+00  7.71375140e-01  1.56825615e+00
  3.41045744e+00  2.52200616e+00  3.63812825e+00  2.62945331e+00]
Device (GPU) time: 1.0096 seconds
Iters. done: 519 [Current cost: -20.876774506396046]
Current parameters: [ 3.19176555e+00  4.62075796e+00  3.10393517e+00  3.31312867e+00
  3.01400004e+00  1.70858459e+00  1.11769526e+00  1.86389122e+00
  2.26890884e+00  1.65384564e+00  2.53157746e+00  2.47577679e+00
  2.15006699e+00  5.03167504e-01  2.01002348e+00  3.84332999e+00
  8.52871714e-02  3.21861763e+00  4.69816205e-01  3.44117966e+00
  3.19826408e+00  1.25351160e-01  3.74205040e+00  1.90946863e+00
  1.53319845e+00  2.56955285e+00  1.70954206e+00  1.34612053e+00
  1.45201108e+00  5.67751529e-01  7.63297790e-01  1.63426146e+00
 -4.08089121e-03  1.59257081e+00  2.35954436e+00  1.67027964e+00
  1.64080197e+00  2.97269475e+00  2.20684942e+00  1.97288292e+00
  1.48135449e+00  2.24270382e+00  9.03155427e-01  2.25140619e+00
  3.21096593e+00  8.58696405e-01  4.52401994e-01  2.02217567e+00
 -3.26491421e-01 -1.80087987e-02  3.98015080e-01  6.61671352e-01
  1.48076346e+00  1.30377066e+00  3.45589470e-01  9.99707022e-01
  1.19860864e+00  1.43376373e+00  7.70975151e-01  1.56880795e+00
  3.41118542e+00  2.52192429e+00  3.63705462e+00  2.63020260e+00]
Device (GPU) time: 1.1363 seconds
Iters. done: 520 [Current cost: -20.88512993745246]
Current parameters: [ 3.19238998e+00  4.61928492e+00  3.10364243e+00  3.31335069e+00
  3.01328240e+00  1.70965305e+00  1.11880247e+00  1.86384522e+00
  2.26844014e+00  1.65354540e+00  2.53152125e+00  2.47554609e+00
  2.15041115e+00  5.02891700e-01  2.00992546e+00  3.84330886e+00
  8.52925278e-02  3.21925289e+00  4.69606722e-01  3.44114021e+00
  3.19651991e+00  1.25484933e-01  3.74146983e+00  1.90884928e+00
  1.53317742e+00  2.56942346e+00  1.70953914e+00  1.34569491e+00
  1.45160714e+00  5.67543768e-01  7.62718456e-01  1.63401920e+00
 -3.67903915e-03  1.59264220e+00  2.35893350e+00  1.66974554e+00
  1.64113991e+00  2.97295818e+00  2.20728871e+00  1.97307044e+00
  1.48135549e+00  2.24257650e+00  9.02671791e-01  2.25072521e+00
  3.21060743e+00  8.59399843e-01  4.52593841e-01  2.02251588e+00
 -3.26421915e-01 -1.69117630e-02  3.97525790e-01  6.62073105e-01
  1.48148923e+00  1.30384871e+00  3.45146019e-01  9.99375198e-01
  1.19813347e+00  1.43418416e+00  7.70533750e-01  1.56861570e+00
  3.41059925e+00  2.52219224e+00  3.63823117e+00  2.62966833e+00]
Device (GPU) time: 1.1038 seconds
Iters. done: 521 [Current cost: -20.903061967251013]
Current parameters: [ 3.19273652e+00  4.61911813e+00  3.10369412e+00  3.31392922e+00
  3.01251705e+00  1.70985644e+00  1.11935401e+00  1.86352299e+00
  2.26951627e+00  1.65347613e+00  2.53191035e+00  2.47602121e+00
  2.15050581e+00  5.02212695e-01  2.01032323e+00  3.84340345e+00
  8.56016546e-02  3.21900663e+00  4.68963786e-01  3.44052415e+00
  3.19603952e+00  1.25417392e-01  3.74200629e+00  1.90898436e+00
  1.53330517e+00  2.56979406e+00  1.70934719e+00  1.34533379e+00
  1.45184947e+00  5.68212826e-01  7.63504815e-01  1.63445576e+00
 -4.15553856e-03  1.59279693e+00  2.35908608e+00  1.66942192e+00
  1.64092567e+00  2.97209209e+00  2.20640734e+00  1.97303928e+00
  1.48161501e+00  2.24191379e+00  9.03078969e-01  2.25247761e+00
  3.21062328e+00  8.59164706e-01  4.52264275e-01  2.02244759e+00
 -3.27591997e-01 -1.66039254e-02  3.97275063e-01  6.62132306e-01
  1.48035284e+00  1.30398099e+00  3.46418438e-01  1.00028230e+00
  1.19885208e+00  1.43370968e+00  7.71095673e-01  1.56878570e+00
  3.41036345e+00  2.52200631e+00  3.63766098e+00  2.62971639e+00]
Device (GPU) time: 1.0921 seconds
Iters. done: 522 [Current cost: -20.817508771882725]
Current parameters: [ 3.19228495e+00  4.61962337e+00  3.10430279e+00  3.31290053e+00
  3.01317153e+00  1.70977166e+00  1.11866268e+00  1.86408255e+00
  2.26896436e+00  1.65260599e+00  2.53171676e+00  2.47600661e+00
  2.15026683e+00  5.03196369e-01  2.00970095e+00  3.84374891e+00
  8.56125112e-02  3.21882999e+00  4.69847265e-01  3.44125675e+00
  3.19671793e+00  1.25697134e-01  3.74172998e+00  1.90928489e+00
  1.53266530e+00  2.56956975e+00  1.70962320e+00  1.34573052e+00
  1.45172836e+00  5.67826874e-01  7.62438291e-01  1.63389750e+00
 -3.80837765e-03  1.59242116e+00  2.35970439e+00  1.66938017e+00
  1.64114430e+00  2.97234327e+00  2.20666326e+00  1.97307185e+00
  1.48126611e+00  2.24296957e+00  9.02891421e-01  2.25111768e+00
  3.21057721e+00  8.59189215e-01  4.52847261e-01  2.02287211e+00
 -3.26920371e-01 -1.66961933e-02  3.97356553e-01  6.61830532e-01
  1.48126167e+00  1.30374412e+00  3.46012282e-01  9.98948800e-01
  1.19830798e+00  1.43438389e+00  7.70927318e-01  1.56876638e+00
  3.41063496e+00  2.52208296e+00  3.63816463e+00  2.62979592e+00]
Device (GPU) time: 1.1063 seconds
Iters. done: 523 [Current cost: -20.899894521866266]
Current parameters: [ 3.19268228e+00  4.61923995e+00  3.10400645e+00  3.31226289e+00
  3.01333009e+00  1.71056938e+00  1.11896942e+00  1.86436606e+00
  2.26948829e+00  1.65304576e+00  2.53127533e+00  2.47575541e+00
  2.14975362e+00  5.02751087e-01  2.01037759e+00  3.84405892e+00
  8.53618999e-02  3.21820141e+00  4.69302998e-01  3.44208334e+00
  3.19637635e+00  1.25900368e-01  3.74149993e+00  1.90920304e+00
  1.53301615e+00  2.56853293e+00  1.70938082e+00  1.34646418e+00
  1.45202990e+00  5.67764055e-01  7.63370151e-01  1.63405836e+00
 -4.54813711e-03  1.59315754e+00  2.35847789e+00  1.66985796e+00
  1.63929078e+00  2.97300385e+00  2.20700559e+00  1.97291561e+00
  1.48111121e+00  2.24273018e+00  9.03024062e-01  2.25018229e+00
  3.21022777e+00  8.58713557e-01  4.51848430e-01  2.02204575e+00
 -3.26983011e-01 -1.68997360e-02  3.98317640e-01  6.62153178e-01
  1.48083429e+00  1.30416016e+00  3.46066744e-01  9.98690992e-01
  1.19828862e+00  1.43401415e+00  7.70591973e-01  1.56900594e+00
  3.41045035e+00  2.52200339e+00  3.63815022e+00  2.62992747e+00]
Device (GPU) time: 1.0476 seconds
Iters. done: 524 [Current cost: -20.969862507421574]
Current parameters: [ 3.19236739e+00  4.61947176e+00  3.10411243e+00  3.31293105e+00
  3.01362503e+00  1.71005825e+00  1.11874628e+00  1.86332589e+00
  2.26949209e+00  1.65375327e+00  2.53208721e+00  2.47577055e+00
  2.15011400e+00  5.03627271e-01  2.00938319e+00  3.84396594e+00
  8.49870979e-02  3.21871833e+00  4.70100239e-01  3.44111963e+00
  3.19647079e+00  1.25684815e-01  3.74200836e+00  1.90857094e+00
  1.53313639e+00  2.56982600e+00  1.70980641e+00  1.34573165e+00
  1.45187408e+00  5.67572560e-01  7.62579049e-01  1.63391000e+00
 -3.32040380e-03  1.59249439e+00  2.35907521e+00  1.66966492e+00
  1.64072282e+00  2.97270454e+00  2.20686304e+00  1.97299693e+00
  1.48136985e+00  2.24255421e+00  9.02964482e-01  2.25076707e+00
  3.21078006e+00  8.59046043e-01  4.52341824e-01  2.02223755e+00
 -3.26852816e-01 -1.69276503e-02  3.97382490e-01  6.62097440e-01
  1.48114114e+00  1.30409983e+00  3.45823764e-01  9.99568574e-01
  1.19832710e+00  1.43431379e+00  7.71109524e-01  1.56873564e+00
  3.41047293e+00  2.52211844e+00  3.63796361e+00  2.62950467e+00]
Device (GPU) time: 1.1130 seconds
Iters. done: 525 [Current cost: -20.971430558847686]
Current parameters: [ 3.19232279e+00  4.61856212e+00  3.10349856e+00  3.31320002e+00
  3.01407861e+00  1.71045696e+00  1.11924791e+00  1.86289618e+00
  2.26882192e+00  1.65358572e+00  2.53146516e+00  2.47750152e+00
  2.14994580e+00  5.03788598e-01  2.00925408e+00  3.84278614e+00
  8.54259214e-02  3.21966714e+00  4.69059088e-01  3.44181704e+00
  3.19720255e+00  1.25636424e-01  3.74120117e+00  1.90958678e+00
  1.53326444e+00  2.56900721e+00  1.70923887e+00  1.34606279e+00
  1.45136360e+00  5.67820509e-01  7.62670119e-01  1.63411453e+00
 -3.85911925e-03  1.59166903e+00  2.35953413e+00  1.66978150e+00
  1.64093638e+00  2.97325238e+00  2.20615683e+00  1.97309131e+00
  1.48061500e+00  2.24265482e+00  9.03287153e-01  2.25063007e+00
  3.21086107e+00  8.59145263e-01  4.52806388e-01  2.02297207e+00
 -3.26249636e-01 -1.68577046e-02  3.97894013e-01  6.62004782e-01
  1.48106735e+00  1.30429103e+00  3.46350954e-01  9.99722848e-01
  1.19848052e+00  1.43352967e+00  7.71557751e-01  1.56898133e+00
  3.41044590e+00  2.52223489e+00  3.63795620e+00  2.62954884e+00]
Device (GPU) time: 1.1064 seconds
Iters. done: 526 [Current cost: -20.908799012949494]
Current parameters: [ 3.19262495e+00  4.61939767e+00  3.10375736e+00  3.31323867e+00
  3.01320048e+00  1.70984524e+00  1.11805333e+00  1.86399393e+00
  2.26905245e+00  1.65257510e+00  2.53212275e+00  2.47557610e+00
  2.15042301e+00  5.02751445e-01  2.00966595e+00  3.84339437e+00
  8.53390462e-02  3.21905674e+00  4.69470833e-01  3.44111698e+00
  3.19655895e+00  1.25872911e-01  3.74173361e+00  1.90877022e+00
  1.53292454e+00  2.56945163e+00  1.70965348e+00  1.34609859e+00
  1.45162129e+00  5.67389931e-01  7.62432183e-01  1.63391118e+00
 -3.54180870e-03  1.59195798e+00  2.35890674e+00  1.66988752e+00
  1.64044478e+00  2.97256614e+00  2.20664584e+00  1.97284341e+00
  1.48114507e+00  2.24283228e+00  9.02997729e-01  2.25093785e+00
  3.21092813e+00  8.59480718e-01  4.52348326e-01  2.02223797e+00
 -3.26260956e-01 -1.70031933e-02  3.97482717e-01  6.62183945e-01
  1.48094598e+00  1.30394640e+00  3.45951103e-01  9.99439714e-01
  1.19832957e+00  1.43376678e+00  7.71322400e-01  1.56870051e+00
  3.41078265e+00  2.52221233e+00  3.63777547e+00  2.62913655e+00]
Device (GPU) time: 1.1075 seconds
Iters. done: 527 [Current cost: -20.96428699625433]
Current parameters: [ 3.19167310e+00  4.61899785e+00  3.10481930e+00  3.31460818e+00
  3.01378805e+00  1.70967814e+00  1.11824528e+00  1.86446770e+00
  2.26913596e+00  1.65420286e+00  2.53159174e+00  2.47584207e+00
  2.15052356e+00  5.02948279e-01  2.01018258e+00  3.84354862e+00
  8.59218843e-02  3.21941124e+00  4.69925687e-01  3.44134944e+00
  3.19662342e+00  1.26411963e-01  3.74194105e+00  1.90921922e+00
  1.53252329e+00  2.56953252e+00  1.70969665e+00  1.34634692e+00
  1.45177683e+00  5.67074445e-01  7.62217170e-01  1.63401505e+00
 -3.70466789e-03  1.59164299e+00  2.35839989e+00  1.67003432e+00
  1.64048469e+00  2.97285466e+00  2.20657931e+00  1.97291112e+00
  1.48091245e+00  2.24250026e+00  9.03273225e-01  2.25114944e+00
  3.21060557e+00  8.58526262e-01  4.52445829e-01  2.02289706e+00
 -3.28315520e-01 -1.62940000e-02  3.98012921e-01  6.61949735e-01
  1.48160330e+00  1.30443964e+00  3.45585614e-01  9.99173005e-01
  1.19804700e+00  1.43448768e+00  7.70885219e-01  1.56893309e+00
  3.41131751e+00  2.52246714e+00  3.63794230e+00  2.62888061e+00]
Device (GPU) time: 1.0234 seconds
Iters. done: 528 [Current cost: -20.921170852999595]
Current parameters: [ 3.19281874e+00  4.61943066e+00  3.10384546e+00  3.31264226e+00
  3.01382376e+00  1.70949508e+00  1.11818666e+00  1.86393583e+00
  2.26920686e+00  1.65343961e+00  2.53176666e+00  2.47580821e+00
  2.15063663e+00  5.03183575e-01  2.00995918e+00  3.84324922e+00
  8.54827740e-02  3.21891422e+00  4.69706434e-01  3.44099331e+00
  3.19636321e+00  1.26070008e-01  3.74133686e+00  1.90929385e+00
  1.53293946e+00  2.56914512e+00  1.70998558e+00  1.34560013e+00
  1.45233912e+00  5.67832602e-01  7.62777722e-01  1.63432125e+00
 -3.52217813e-03  1.59210839e+00  2.35955941e+00  1.66996218e+00
  1.64067323e+00  2.97322968e+00  2.20664698e+00  1.97289173e+00
  1.48135146e+00  2.24234720e+00  9.02714799e-01  2.25094429e+00
  3.21068417e+00  8.59228649e-01  4.52418096e-01  2.02267462e+00
 -3.27045897e-01 -1.67304118e-02  3.97076975e-01  6.62113566e-01
  1.48078468e+00  1.30398694e+00  3.45748037e-01  9.99390238e-01
  1.19809301e+00  1.43398601e+00  7.70954901e-01  1.56847994e+00
  3.41061334e+00  2.52207342e+00  3.63834911e+00  2.62946719e+00]
Device (GPU) time: 1.2014 seconds
Iters. done: 529 [Current cost: -20.917100605130475]
Current parameters: [ 3.19309443e+00  4.61949979e+00  3.10480626e+00  3.31298529e+00
  3.01401685e+00  1.71039158e+00  1.11950404e+00  1.86364381e+00
  2.26945279e+00  1.65288475e+00  2.53204073e+00  2.47613347e+00
  2.15095817e+00  5.01604382e-01  2.01032306e+00  3.84395610e+00
  8.55209353e-02  3.21911674e+00  4.70054163e-01  3.44075538e+00
  3.19810330e+00  1.25005790e-01  3.74094017e+00  1.90897985e+00
  1.53277947e+00  2.56959790e+00  1.70993236e+00  1.34584024e+00
  1.45253829e+00  5.67423895e-01  7.62590990e-01  1.63379263e+00
 -3.00843366e-03  1.59218697e+00  2.35887830e+00  1.67021659e+00
  1.64121988e+00  2.97338058e+00  2.20671856e+00  1.97323406e+00
  1.48104729e+00  2.24318965e+00  9.02103846e-01  2.25066959e+00
  3.21070454e+00  8.59240654e-01  4.51577119e-01  2.02273935e+00
 -3.26627158e-01 -1.63826230e-02  3.97594311e-01  6.62142730e-01
  1.48105144e+00  1.30366625e+00  3.45850300e-01  9.99948247e-01
  1.19863681e+00  1.43463382e+00  7.70973372e-01  1.56929760e+00
  3.41077736e+00  2.52216362e+00  3.63761822e+00  2.62959899e+00]
Device (GPU) time: 1.1710 seconds
Iters. done: 530 [Current cost: -20.88486185978057]
Current parameters: [ 3.19206344e+00  4.61964721e+00  3.10415109e+00  3.31293938e+00
  3.01356272e+00  1.71001522e+00  1.11870565e+00  1.86383420e+00
  2.26898961e+00  1.65302289e+00  2.53176574e+00  2.47601013e+00
  2.15097945e+00  5.02791192e-01  2.00968674e+00  3.84356148e+00
  8.53873325e-02  3.21910874e+00  4.69870666e-01  3.44106094e+00
  3.19634145e+00  1.25679559e-01  3.74176464e+00  1.90889358e+00
  1.53312776e+00  2.56956241e+00  1.70986090e+00  1.34588765e+00
  1.45169820e+00  5.67714423e-01  7.63117259e-01  1.63454656e+00
 -3.82703620e-03  1.59206287e+00  2.35936320e+00  1.67035418e+00
  1.64054205e+00  2.97244508e+00  2.20695631e+00  1.97294023e+00
  1.48133224e+00  2.24262468e+00  9.03146685e-01  2.25077280e+00
  3.21061700e+00  8.58614621e-01  4.52549365e-01  2.02244681e+00
 -3.26458306e-01 -1.67816121e-02  3.97474156e-01  6.62018133e-01
  1.48126363e+00  1.30394395e+00  3.45686319e-01  9.99685622e-01
  1.19864264e+00  1.43419587e+00  7.71243389e-01  1.56879400e+00
  3.41080728e+00  2.52284732e+00  3.63874839e+00  2.62980024e+00]
Device (GPU) time: 1.0526 seconds
Iters. done: 531 [Current cost: -20.886211588899833]
Current parameters: [ 3.19181180e+00  4.61959051e+00  3.10422638e+00  3.31291360e+00
  3.01402453e+00  1.71009964e+00  1.11878406e+00  1.86392757e+00
  2.26845624e+00  1.65308655e+00  2.53258833e+00  2.47606621e+00
  2.15141947e+00  5.02843244e-01  2.00938880e+00  3.84355501e+00
  8.52836701e-02  3.21896096e+00  4.69724192e-01  3.44091651e+00
  3.19615604e+00  1.25593392e-01  3.74202445e+00  1.90955653e+00
  1.53270292e+00  2.56947614e+00  1.71024254e+00  1.34594863e+00
  1.45169884e+00  5.67015643e-01  7.63810696e-01  1.63475346e+00
 -3.83679162e-03  1.59197742e+00  2.35946805e+00  1.66986980e+00
  1.64040738e+00  2.97320386e+00  2.20707829e+00  1.97311447e+00
  1.48089892e+00  2.24294841e+00  9.03864633e-01  2.25088489e+00
  3.21046096e+00  8.60354983e-01  4.52767847e-01  2.02218452e+00
 -3.27107720e-01 -1.69489004e-02  3.97623629e-01  6.61948700e-01
  1.48156499e+00  1.30397082e+00  3.45827194e-01  9.99280811e-01
  1.19874711e+00  1.43446201e+00  7.70123144e-01  1.56885051e+00
  3.40923791e+00  2.52114327e+00  3.63705301e+00  2.62908158e+00]
Device (GPU) time: 1.2036 seconds
Iters. done: 532 [Current cost: -20.948399453078316]
Current parameters: [ 3.19302504e+00  4.61976897e+00  3.10389655e+00  3.31288610e+00
  3.01298263e+00  1.70946459e+00  1.11872506e+00  1.86392798e+00
  2.26882846e+00  1.65321879e+00  2.53199731e+00  2.47629629e+00
  2.15050980e+00  5.03137867e-01  2.00948587e+00  3.84362749e+00
  8.53999958e-02  3.21933408e+00  4.70147750e-01  3.44119078e+00
  3.19653350e+00  1.25489353e-01  3.74184485e+00  1.90905148e+00
  1.53274684e+00  2.56959319e+00  1.70947516e+00  1.34593079e+00
  1.45171364e+00  5.67430846e-01  7.62718697e-01  1.63412501e+00
 -3.71564571e-03  1.59236589e+00  2.35923400e+00  1.67002156e+00
  1.64073998e+00  2.97317099e+00  2.20682052e+00  1.97343025e+00
  1.48111623e+00  2.24273715e+00  9.03462069e-01  2.25094226e+00
  3.21009145e+00  8.59423172e-01  4.52313155e-01  2.02242063e+00
 -3.27087646e-01 -1.69483185e-02  3.97668023e-01  6.62651540e-01
  1.48066754e+00  1.30425289e+00  3.45608511e-01  9.99461949e-01
  1.19820745e+00  1.43421386e+00  7.71026928e-01  1.56878060e+00
  3.41101874e+00  2.52252639e+00  3.63808717e+00  2.62973853e+00]
Device (GPU) time: 1.1444 seconds
Iters. done: 533 [Current cost: -20.882045900162588]
Current parameters: [ 3.19299586e+00  4.61991952e+00  3.10317214e+00  3.31256986e+00
  3.01255709e+00  1.71069664e+00  1.11784852e+00  1.86431497e+00
  2.26916926e+00  1.65346946e+00  2.53156128e+00  2.47543603e+00
  2.15021190e+00  5.03076307e-01  2.00989406e+00  3.84357129e+00
  8.47717411e-02  3.21901644e+00  4.70357001e-01  3.44121652e+00
  3.19687868e+00  1.25404077e-01  3.74058436e+00  1.90854016e+00
  1.53294836e+00  2.56925588e+00  1.70982380e+00  1.34636246e+00
  1.45146783e+00  5.67138937e-01  7.63095141e-01  1.63429776e+00
 -3.68851667e-03  1.59170218e+00  2.35933640e+00  1.66991732e+00
  1.64165035e+00  2.97259144e+00  2.20679499e+00  1.97401055e+00
  1.48111086e+00  2.24236452e+00  9.03354255e-01  2.25042731e+00
  3.21102567e+00  8.59100653e-01  4.52595193e-01  2.02254653e+00
 -3.28274385e-01 -1.69553929e-02  3.98008167e-01  6.61209725e-01
  1.48171428e+00  1.30346783e+00  3.46050199e-01  1.00002979e+00
  1.19908851e+00  1.43358370e+00  7.71267955e-01  1.56864398e+00
  3.41039835e+00  2.52196146e+00  3.63839191e+00  2.62936509e+00]
Device (GPU) time: 1.0406 seconds
Iters. done: 534 [Current cost: -20.94352664037972]
Current parameters: [ 3.19197921e+00  4.61959258e+00  3.10343428e+00  3.31340769e+00
  3.01312913e+00  1.71003173e+00  1.11881344e+00  1.86435283e+00
  2.26931359e+00  1.65306698e+00  2.53219760e+00  2.47601347e+00
  2.15037412e+00  5.03259060e-01  2.00984492e+00  3.84343843e+00
  8.53568885e-02  3.21886815e+00  4.70117264e-01  3.44108971e+00
  3.19666515e+00  1.25384937e-01  3.74163018e+00  1.90909388e+00
  1.53311877e+00  2.56946943e+00  1.71027501e+00  1.34613030e+00
  1.45140582e+00  5.67763083e-01  7.62401709e-01  1.63468902e+00
 -3.39969018e-03  1.59235643e+00  2.35921816e+00  1.66982555e+00
  1.64051169e+00  2.97339732e+00  2.20657638e+00  1.97298560e+00
  1.48157737e+00  2.24263961e+00  9.02639673e-01  2.25101757e+00
  3.21037372e+00  8.59164774e-01  4.52433636e-01  2.02267778e+00
 -3.26763042e-01 -1.67997565e-02  3.97766387e-01  6.61807649e-01
  1.48078877e+00  1.30377345e+00  3.45715891e-01  9.99454622e-01
  1.19810459e+00  1.43406797e+00  7.70966773e-01  1.56883243e+00
  3.41042471e+00  2.52245519e+00  3.63796111e+00  2.62973530e+00]
Device (GPU) time: 1.1085 seconds
Iters. done: 535 [Current cost: -20.894840934813576]
Current parameters: [ 3.19180022e+00  4.61887315e+00  3.10355069e+00  3.31256085e+00
  3.01388740e+00  1.70979073e+00  1.11878775e+00  1.86391443e+00
  2.26839153e+00  1.65291593e+00  2.53234733e+00  2.47467711e+00
  2.15051551e+00  5.02685633e-01  2.00951955e+00  3.84354579e+00
  8.53110742e-02  3.21938853e+00  4.69373277e-01  3.44154682e+00
  3.19681969e+00  1.25256608e-01  3.74196871e+00  1.90992342e+00
  1.53287643e+00  2.57017520e+00  1.70941280e+00  1.34605815e+00
  1.45201538e+00  5.68360837e-01  7.62264134e-01  1.63429739e+00
 -2.36119077e-03  1.59253065e+00  2.35936249e+00  1.66855289e+00
  1.64037474e+00  2.97342359e+00  2.20779920e+00  1.97335447e+00
  1.48102637e+00  2.24281298e+00  9.03690363e-01  2.25033210e+00
  3.21096280e+00  8.58592701e-01  4.52316329e-01  2.02204057e+00
 -3.27456290e-01 -1.64222575e-02  3.97713117e-01  6.61626107e-01
  1.48026316e+00  1.30416049e+00  3.45959547e-01  9.99525858e-01
  1.19928417e+00  1.43367070e+00  7.71196583e-01  1.56821834e+00
  3.41125354e+00  2.52218156e+00  3.63837997e+00  2.62930244e+00]
Device (GPU) time: 1.1039 seconds
Iters. done: 536 [Current cost: -20.859506432428393]
Current parameters: [ 3.19204221e+00  4.61916349e+00  3.10373068e+00  3.31278005e+00
  3.01365932e+00  1.70977698e+00  1.11873608e+00  1.86393921e+00
  2.26870212e+00  1.65307868e+00  2.53210620e+00  2.47524227e+00
  2.15048852e+00  5.02788655e-01  2.00965201e+00  3.84351852e+00
  8.53031088e-02  3.21923462e+00  4.69617424e-01  3.44137737e+00
  3.19673004e+00  1.25421238e-01  3.74180767e+00  1.90946897e+00
  1.53293783e+00  2.56982520e+00  1.70952296e+00  1.34602052e+00
  1.45187621e+00  5.68084166e-01  7.62464660e-01  1.63422322e+00
 -2.92270692e-03  1.59241792e+00  2.35931432e+00  1.66921543e+00
  1.64054972e+00  2.97309210e+00  2.20725460e+00  1.97320751e+00
  1.48111330e+00  2.24270719e+00  9.03415488e-01  2.25054133e+00
  3.21078727e+00  8.58871768e-01  4.52410425e-01  2.02225175e+00
 -3.27181180e-01 -1.65950594e-02  3.97616199e-01  6.61861799e-01
  1.48057341e+00  1.30401962e+00  3.45863457e-01  9.99510706e-01
  1.19879341e+00  1.43390195e+00  7.71085516e-01  1.56845718e+00
  3.41091512e+00  2.52217818e+00  3.63822151e+00  2.62943305e+00]
Device (GPU) time: 1.0941 seconds
Iters. done: 537 [Current cost: -20.874545603198587]
Current parameters: [ 3.19226678e+00  4.61935379e+00  3.10391332e+00  3.31306943e+00
  3.01336469e+00  1.70962486e+00  1.11874011e+00  1.86399337e+00
  2.26920019e+00  1.65318510e+00  2.53193836e+00  2.47592309e+00
  2.15046082e+00  5.02777853e-01  2.00974408e+00  3.84356784e+00
  8.55413540e-02  3.21891030e+00  4.69710250e-01  3.44127578e+00
  3.19664147e+00  1.25617979e-01  3.74153311e+00  1.90901783e+00
  1.53293377e+00  2.56936319e+00  1.70986624e+00  1.34593105e+00
  1.45176291e+00  5.67851508e-01  7.62586277e-01  1.63394388e+00
 -3.47391907e-03  1.59235297e+00  2.35920101e+00  1.66997838e+00
  1.64099111e+00  2.97297553e+00  2.20670122e+00  1.97302346e+00
  1.48130684e+00  2.24242934e+00  9.03376804e-01  2.25065475e+00
  3.21062116e+00  8.59141902e-01  4.52795873e-01  2.02204920e+00
 -3.26886632e-01 -1.68966949e-02  3.97564314e-01  6.62014325e-01
  1.48092740e+00  1.30390475e+00  3.45771768e-01  9.99510948e-01
  1.19841361e+00  1.43426626e+00  7.71025181e-01  1.56859434e+00
  3.41058582e+00  2.52225703e+00  3.63807802e+00  2.62959871e+00]
Device (GPU) time: 1.1042 seconds
Iters. done: 538 [Current cost: -20.88297965980628]
Current parameters: [ 3.19227253e+00  4.61948902e+00  3.10400009e+00  3.31276571e+00
  3.01355902e+00  1.70994895e+00  1.11873651e+00  1.86422855e+00
  2.26908818e+00  1.65320926e+00  2.53127337e+00  2.47582568e+00
  2.15057433e+00  5.02743613e-01  2.00994626e+00  3.84345906e+00
  8.54805491e-02  3.21921989e+00  4.69926291e-01  3.44109496e+00
  3.19660749e+00  1.25500545e-01  3.74182592e+00  1.90832742e+00
  1.53299325e+00  2.56977931e+00  1.70980351e+00  1.34625339e+00
  1.45160649e+00  5.68066856e-01  7.62921321e-01  1.63430730e+00
 -3.30832599e-03  1.59249256e+00  2.35937634e+00  1.66967165e+00
  1.64079689e+00  2.97288941e+00  2.20613397e+00  1.97309288e+00
  1.48120415e+00  2.24278909e+00  9.03251472e-01  2.25074738e+00
  3.21113885e+00  8.59309689e-01  4.52494475e-01  2.02278369e+00
 -3.26802079e-01 -1.69590696e-02  3.97799470e-01  6.62225391e-01
  1.48087084e+00  1.30467139e+00  3.45600917e-01  9.99328830e-01
  1.19823371e+00  1.43420676e+00  7.70992868e-01  1.56802199e+00
  3.41058174e+00  2.52201084e+00  3.63797329e+00  2.62954873e+00]
Device (GPU) time: 1.0499 seconds
Iters. done: 539 [Current cost: -20.93406334987181]
Current parameters: [ 3.19237465e+00  4.61955717e+00  3.10375164e+00  3.31332324e+00
  3.01364001e+00  1.70969372e+00  1.11853658e+00  1.86401798e+00
  2.26904085e+00  1.65308273e+00  2.53195160e+00  2.47592649e+00
  2.15021611e+00  5.02877069e-01  2.00984494e+00  3.84352347e+00
  8.53278553e-02  3.21905701e+00  4.69829410e-01  3.44142070e+00
  3.19654373e+00  1.25422080e-01  3.74171946e+00  1.90889631e+00
  1.53309693e+00  2.56962323e+00  1.70966349e+00  1.34560982e+00
  1.45172296e+00  5.67895537e-01  7.62853025e-01  1.63425307e+00
 -3.52739858e-03  1.59225936e+00  2.35929747e+00  1.66990738e+00
  1.64073917e+00  2.97276561e+00  2.20659903e+00  1.97300614e+00
  1.48108393e+00  2.24271984e+00  9.03169827e-01  2.25046911e+00
  3.21059004e+00  8.59241603e-01  4.52355452e-01  2.02241779e+00
 -3.26982970e-01 -1.66131541e-02  3.97539835e-01  6.62046575e-01
  1.48091864e+00  1.30379603e+00  3.45782763e-01  9.99522118e-01
  1.19830475e+00  1.43426251e+00  7.70953094e-01  1.56865729e+00
  3.41073878e+00  2.52201880e+00  3.63819140e+00  2.62956915e+00]
Device (GPU) time: 1.1369 seconds
Iters. done: 540 [Current cost: -20.908933873187678]
Current parameters: [ 3.19243538e+00  4.61903807e+00  3.10414341e+00  3.31280110e+00
  3.01310390e+00  1.70941874e+00  1.11884277e+00  1.86401753e+00
  2.26874934e+00  1.65348743e+00  2.53208343e+00  2.47610634e+00
  2.14977518e+00  5.02526918e-01  2.01007963e+00  3.84300056e+00
  8.51935916e-02  3.21876966e+00  4.70130912e-01  3.44128431e+00
  3.19662624e+00  1.25755369e-01  3.74153182e+00  1.90853806e+00
  1.53283208e+00  2.56951977e+00  1.70945284e+00  1.34610244e+00
  1.45172949e+00  5.67532765e-01  7.62871879e-01  1.63451320e+00
 -3.20823204e-03  1.59190173e+00  2.35961644e+00  1.66967551e+00
  1.64048210e+00  2.97277590e+00  2.20703928e+00  1.97280225e+00
  1.48109787e+00  2.24273915e+00  9.03109849e-01  2.25086566e+00
  3.21059933e+00  8.59043022e-01  4.52558969e-01  2.02239446e+00
 -3.26787790e-01 -1.69213617e-02  3.97318712e-01  6.61647358e-01
  1.48077364e+00  1.30398273e+00  3.45833850e-01  9.99477125e-01
  1.19839669e+00  1.43461520e+00  7.71015805e-01  1.56870942e+00
  3.41051153e+00  2.52233628e+00  3.63796747e+00  2.62955011e+00]
Device (GPU) time: 1.1275 seconds
Iters. done: 541 [Current cost: -20.91525808287812]
Current parameters: [ 3.19243364e+00  4.61945274e+00  3.10381972e+00  3.31294973e+00
  3.01360313e+00  1.70968448e+00  1.11863736e+00  1.86416802e+00
  2.26900754e+00  1.65325752e+00  2.53176713e+00  2.47586229e+00
  2.15052102e+00  5.02869073e-01  2.00988630e+00  3.84350994e+00
  8.53413353e-02  3.21916896e+00  4.69863495e-01  3.44126837e+00
  3.19673782e+00  1.25704158e-01  3.74166496e+00  1.90884386e+00
  1.53310420e+00  2.56959381e+00  1.70973560e+00  1.34600444e+00
  1.45180329e+00  5.67900096e-01  7.62443055e-01  1.63436641e+00
 -3.50070632e-03  1.59241925e+00  2.35928812e+00  1.66978610e+00
  1.64068902e+00  2.97263426e+00  2.20697807e+00  1.97310978e+00
  1.48130515e+00  2.24251654e+00  9.03144722e-01  2.25072793e+00
  3.21044136e+00  8.59220065e-01  4.52769517e-01  2.02243662e+00
 -3.26844253e-01 -1.67241426e-02  3.97628437e-01  6.62218298e-01
  1.48100587e+00  1.30405507e+00  3.45974175e-01  9.99661581e-01
  1.19826066e+00  1.43416419e+00  7.71146029e-01  1.56906149e+00
  3.41055279e+00  2.52195968e+00  3.63805048e+00  2.62951172e+00]
Device (GPU) time: 1.1463 seconds
Iters. done: 542 [Current cost: -20.9532673226833]
Current parameters: [ 3.19200690e+00  4.61970687e+00  3.10411550e+00  3.31295011e+00
  3.01334719e+00  1.70943810e+00  1.11843222e+00  1.86360158e+00
  2.26918198e+00  1.65324930e+00  2.53176951e+00  2.47574532e+00
  2.15057734e+00  5.03111658e-01  2.00978153e+00  3.84329271e+00
  8.54984211e-02  3.21927907e+00  4.69835091e-01  3.44136475e+00
  3.19669251e+00  1.25637714e-01  3.74143046e+00  1.90842181e+00
  1.53301722e+00  2.56935281e+00  1.70971257e+00  1.34634469e+00
  1.45165507e+00  5.67981019e-01  7.62948451e-01  1.63400955e+00
 -3.62867268e-03  1.59249274e+00  2.35909115e+00  1.66972620e+00
  1.64061571e+00  2.97316532e+00  2.20702487e+00  1.97334464e+00
  1.48114082e+00  2.24270466e+00  9.03290529e-01  2.25092423e+00
  3.21029523e+00  8.59224873e-01  4.52392935e-01  2.02250381e+00
 -3.26686339e-01 -1.58560125e-02  3.97308701e-01  6.61997407e-01
  1.48107647e+00  1.30352303e+00  3.46323257e-01  9.99576614e-01
  1.19822589e+00  1.43413912e+00  7.71062408e-01  1.56825290e+00
  3.41062039e+00  2.52228929e+00  3.63777441e+00  2.62964553e+00]
Device (GPU) time: 1.0123 seconds
Iters. done: 543 [Current cost: -20.899617477201616]
Current parameters: [ 3.19234345e+00  4.61932527e+00  3.10393623e+00  3.31311862e+00
  3.01336787e+00  1.70984582e+00  1.11858934e+00  1.86387870e+00
  2.26891574e+00  1.65339284e+00  2.53194278e+00  2.47571632e+00
  2.15051479e+00  5.02742129e-01  2.00968783e+00  3.84346500e+00
  8.50938795e-02  3.21916321e+00  4.69850171e-01  3.44099801e+00
  3.19670046e+00  1.25659664e-01  3.74159733e+00  1.90895275e+00
  1.53299424e+00  2.56954134e+00  1.70971643e+00  1.34600380e+00
  1.45172207e+00  5.67821117e-01  7.62674521e-01  1.63421478e+00
 -3.38708844e-03  1.59244979e+00  2.35951256e+00  1.66994828e+00
  1.64074589e+00  2.97283271e+00  2.20653413e+00  1.97293587e+00
  1.48113684e+00  2.24247011e+00  9.03210437e-01  2.25074698e+00
  3.21053172e+00  8.59167846e-01  4.52416182e-01  2.02229467e+00
 -3.26876860e-01 -1.66952859e-02  3.97641060e-01  6.62102506e-01
  1.48104908e+00  1.30385651e+00  3.45989470e-01  9.99032080e-01
  1.19828313e+00  1.43403545e+00  7.71015610e-01  1.56882096e+00
  3.41073871e+00  2.52208661e+00  3.63811119e+00  2.62986804e+00]
Device (GPU) time: 1.1620 seconds
Iters. done: 544 [Current cost: -20.952312867373198]
Current parameters: [ 3.19224284e+00  4.62028518e+00  3.10365946e+00  3.31280665e+00
  3.01352435e+00  1.70944380e+00  1.11927801e+00  1.86365473e+00
  2.26922223e+00  1.65335419e+00  2.53166674e+00  2.47574558e+00
  2.15028420e+00  5.02860292e-01  2.00993225e+00  3.84314659e+00
  8.53786179e-02  3.21917716e+00  4.69706622e-01  3.44089840e+00
  3.19666272e+00  1.25396162e-01  3.74159346e+00  1.90909205e+00
  1.53297115e+00  2.56951737e+00  1.70966126e+00  1.34584506e+00
  1.45179835e+00  5.67595405e-01  7.62442451e-01  1.63426698e+00
 -3.25092527e-03  1.59208089e+00  2.35875130e+00  1.66988112e+00
  1.64051816e+00  2.97257317e+00  2.20666020e+00  1.97303428e+00
  1.48101639e+00  2.24245603e+00  9.03249021e-01  2.25093473e+00
  3.21057672e+00  8.59335271e-01  4.52582828e-01  2.02245971e+00
 -3.26889341e-01 -1.68494096e-02  3.97864265e-01  6.62022846e-01
  1.48091487e+00  1.30372186e+00  3.46060779e-01  9.98820558e-01
  1.19845552e+00  1.43433457e+00  7.71143319e-01  1.56860361e+00
  3.41044127e+00  2.52211551e+00  3.63859071e+00  2.62913797e+00]
Device (GPU) time: 1.1074 seconds
Iters. done: 545 [Current cost: -20.895817252834174]
Current parameters: [ 3.19234884e+00  4.61949196e+00  3.10387508e+00  3.31302513e+00
  3.01330724e+00  1.70972755e+00  1.11887341e+00  1.86411245e+00
  2.26893249e+00  1.65340571e+00  2.53188444e+00  2.47589279e+00
  2.15051079e+00  5.02977544e-01  2.00961767e+00  3.84378060e+00
  8.52760591e-02  3.21931170e+00  4.69927484e-01  3.44118876e+00
  3.19681804e+00  1.25900444e-01  3.74148522e+00  1.90901936e+00
  1.53300700e+00  2.56935042e+00  1.70977182e+00  1.34587902e+00
  1.45165500e+00  5.67946219e-01  7.62625431e-01  1.63429197e+00
 -3.63170693e-03  1.59213568e+00  2.35914795e+00  1.66982689e+00
  1.64068854e+00  2.97257123e+00  2.20676195e+00  1.97303298e+00
  1.48129353e+00  2.24263020e+00  9.03164919e-01  2.25072555e+00
  3.21074200e+00  8.59193455e-01  4.52344561e-01  2.02234368e+00
 -3.26763109e-01 -1.66364156e-02  3.97469996e-01  6.61934052e-01
  1.48067050e+00  1.30390010e+00  3.45704037e-01  9.99429587e-01
  1.19842592e+00  1.43420008e+00  7.70881840e-01  1.56853988e+00
  3.41069454e+00  2.52199160e+00  3.63801789e+00  2.62958202e+00]
Device (GPU) time: 1.0046 seconds
Iters. done: 546 [Current cost: -20.855564690898767]
Current parameters: [ 3.19230706e+00  4.61919511e+00  3.10425597e+00  3.31296192e+00
  3.01333526e+00  1.70977982e+00  1.11862426e+00  1.86429359e+00
  2.26933186e+00  1.65350998e+00  2.53128092e+00  2.47608106e+00
  2.15070073e+00  5.03104838e-01  2.00957788e+00  3.84317267e+00
  8.54657950e-02  3.21898162e+00  4.70025941e-01  3.44119109e+00
  3.19625920e+00  1.25034412e-01  3.74152371e+00  1.90916781e+00
  1.53282916e+00  2.56949641e+00  1.70977316e+00  1.34586059e+00
  1.45163413e+00  5.67272588e-01  7.62535536e-01  1.63419218e+00
 -3.28108503e-03  1.59290695e+00  2.35944743e+00  1.66994515e+00
  1.64051370e+00  2.97251381e+00  2.20678784e+00  1.97301957e+00
  1.48108536e+00  2.24244653e+00  9.03282149e-01  2.25061826e+00
  3.21083981e+00  8.59346851e-01  4.52411481e-01  2.02247504e+00
 -3.26591071e-01 -1.66526452e-02  3.97496681e-01  6.61831788e-01
  1.48056862e+00  1.30345717e+00  3.45749196e-01  9.99591911e-01
  1.19854635e+00  1.43399192e+00  7.70899791e-01  1.56888393e+00
  3.41109415e+00  2.52196107e+00  3.63793082e+00  2.62927187e+00]
Device (GPU) time: 1.1129 seconds
Iters. done: 547 [Current cost: -20.91678369722837]
Current parameters: [ 3.19217421e+00  4.61948141e+00  3.10401134e+00  3.31299486e+00
  3.01358022e+00  1.70977110e+00  1.11875356e+00  1.86395791e+00
  2.26900269e+00  1.65318315e+00  2.53183547e+00  2.47578021e+00
  2.15019250e+00  5.02798687e-01  2.00968965e+00  3.84343979e+00
  8.52680371e-02  3.21905311e+00  4.69840713e-01  3.44098851e+00
  3.19668135e+00  1.25770525e-01  3.74162554e+00  1.90905827e+00
  1.53283793e+00  2.56938821e+00  1.70966963e+00  1.34599104e+00
  1.45171550e+00  5.67814382e-01  7.62617414e-01  1.63409878e+00
 -3.47634186e-03  1.59236487e+00  2.35937080e+00  1.66973172e+00
  1.64043553e+00  2.97270659e+00  2.20648972e+00  1.97334853e+00
  1.48119237e+00  2.24250747e+00  9.03096654e-01  2.25081467e+00
  3.21046832e+00  8.59433920e-01  4.52487569e-01  2.02230430e+00
 -3.26896260e-01 -1.67337689e-02  3.97605304e-01  6.62021285e-01
  1.48107403e+00  1.30386418e+00  3.45554197e-01  9.99851581e-01
  1.19829989e+00  1.43409000e+00  7.70976136e-01  1.56864355e+00
  3.41069576e+00  2.52217015e+00  3.63823448e+00  2.62966826e+00]
Device (GPU) time: 1.0916 seconds
Iters. done: 548 [Current cost: -20.951368553547194]
Current parameters: [ 3.19274064e+00  4.61976713e+00  3.10376486e+00  3.31301854e+00
  3.01337320e+00  1.70963323e+00  1.11859300e+00  1.86395809e+00
  2.26898381e+00  1.65318804e+00  2.53193070e+00  2.47584524e+00
  2.15035411e+00  5.02766364e-01  2.00938297e+00  3.84337334e+00
  8.55657396e-02  3.21944813e+00  4.70051597e-01  3.44085235e+00
  3.19642218e+00  1.25675531e-01  3.74128060e+00  1.90923052e+00
  1.53293986e+00  2.56957430e+00  1.70943653e+00  1.34597946e+00
  1.45166911e+00  5.67768541e-01  7.62665250e-01  1.63408544e+00
 -3.26675410e-03  1.59268605e+00  2.35904638e+00  1.66968803e+00
  1.64035725e+00  2.97281737e+00  2.20631688e+00  1.97253039e+00
  1.48120645e+00  2.24285419e+00  9.03205125e-01  2.25052554e+00
  3.21045872e+00  8.58223240e-01  4.52795367e-01  2.02259698e+00
 -3.26896189e-01 -1.67673272e-02  3.97456825e-01  6.62103156e-01
  1.48130235e+00  1.30382903e+00  3.45676039e-01  9.99817897e-01
  1.19845616e+00  1.43414908e+00  7.70809343e-01  1.56861461e+00
  3.41025344e+00  2.52195485e+00  3.63772800e+00  2.62962859e+00]
Device (GPU) time: 1.0074 seconds
Iters. done: 549 [Current cost: -20.89715344237897]
Current parameters: [ 3.19242450e+00  4.61950128e+00  3.10399537e+00  3.31304489e+00
  3.01338302e+00  1.70968538e+00  1.11880671e+00  1.86396036e+00
  2.26903626e+00  1.65311510e+00  2.53182553e+00  2.47576798e+00
  2.15031970e+00  5.02843859e-01  2.00971187e+00  3.84349102e+00
  8.52504730e-02  3.21910578e+00  4.69877372e-01  3.44128868e+00
  3.19658747e+00  1.25671066e-01  3.74168103e+00  1.90922664e+00
  1.53313609e+00  2.56955636e+00  1.70965890e+00  1.34597807e+00
  1.45178965e+00  5.67670879e-01  7.62732011e-01  1.63434363e+00
 -3.41518101e-03  1.59238657e+00  2.35930913e+00  1.67004668e+00
  1.64075593e+00  2.97277703e+00  2.20675516e+00  1.97338185e+00
  1.48111648e+00  2.24263198e+00  9.03132698e-01  2.25085573e+00
  3.21103556e+00  8.58985920e-01  4.52620462e-01  2.02225127e+00
 -3.26863641e-01 -1.65066188e-02  3.97591904e-01  6.62053760e-01
  1.48090810e+00  1.30389444e+00  3.45722840e-01  9.99460769e-01
  1.19790645e+00  1.43408593e+00  7.71033084e-01  1.56870484e+00
  3.41045687e+00  2.52218587e+00  3.63798996e+00  2.62957977e+00]
Device (GPU) time: 1.1681 seconds
Iters. done: 550 [Current cost: -20.833321463610595]
Current parameters: [ 3.19221993e+00  4.61937888e+00  3.10394358e+00  3.31313843e+00
  3.01359431e+00  1.70980491e+00  1.11886857e+00  1.86401262e+00
  2.26890555e+00  1.65324281e+00  2.53213170e+00  2.47576485e+00
  2.15049087e+00  5.02787015e-01  2.00957013e+00  3.84340543e+00
  8.55056712e-02  3.21883738e+00  4.70162609e-01  3.44078207e+00
  3.19694667e+00  1.25431222e-01  3.74149863e+00  1.90922999e+00
  1.53327004e+00  2.56931642e+00  1.70963557e+00  1.34642756e+00
  1.45165500e+00  5.67642666e-01  7.63091050e-01  1.63418140e+00
 -3.85916923e-03  1.59261737e+00  2.35900215e+00  1.66944319e+00
  1.64085363e+00  2.97260178e+00  2.20685642e+00  1.97269579e+00
  1.48123725e+00  2.24259679e+00  9.03353162e-01  2.25034940e+00
  3.21072531e+00  8.59423754e-01  4.52455185e-01  2.02265007e+00
 -3.27191095e-01 -1.70097212e-02  3.97014458e-01  6.62137698e-01
  1.48081211e+00  1.30385373e+00  3.45858116e-01  9.99506715e-01
  1.19761792e+00  1.43411012e+00  7.71657649e-01  1.56862541e+00
  3.41073574e+00  2.52215561e+00  3.63834982e+00  2.62945667e+00]
Device (GPU) time: 1.1045 seconds
Iters. done: 551 [Current cost: -20.893062345858226]
Current parameters: [ 3.19229803e+00  4.61951010e+00  3.10397562e+00  3.31295185e+00
  3.01330575e+00  1.70967546e+00  1.11875110e+00  1.86397779e+00
  2.26900131e+00  1.65331949e+00  2.53196614e+00  2.47567482e+00
  2.15071347e+00  5.03003276e-01  2.00987726e+00  3.84352335e+00
  8.49669254e-02  3.21903501e+00  4.69657803e-01  3.44156531e+00
  3.19668214e+00  1.25597824e-01  3.74152782e+00  1.90907185e+00
  1.53290026e+00  2.56951618e+00  1.70951561e+00  1.34597063e+00
  1.45181290e+00  5.67635837e-01  7.62676252e-01  1.63425340e+00
 -3.45662719e-03  1.59241138e+00  2.35917461e+00  1.66981397e+00
  1.64070695e+00  2.97284293e+00  2.20641957e+00  1.97281862e+00
  1.48132126e+00  2.24273257e+00  9.03236836e-01  2.25085616e+00
  3.21066457e+00  8.59287234e-01  4.52599799e-01  2.02251193e+00
 -3.26871470e-01 -1.66719612e-02  3.97577419e-01  6.62011549e-01
  1.48094690e+00  1.30389665e+00  3.45712114e-01  9.99695774e-01
  1.19825985e+00  1.43429458e+00  7.71161205e-01  1.56871531e+00
  3.41063678e+00  2.52212741e+00  3.63820302e+00  2.62966033e+00]
Device (GPU) time: 1.0961 seconds
Iters. done: 552 [Current cost: -20.90904128395951]
Current parameters: [ 3.19227118e+00  4.61964709e+00  3.10402194e+00  3.31299125e+00
  3.01356412e+00  1.70995663e+00  1.11853435e+00  1.86373469e+00
  2.26915635e+00  1.65329853e+00  2.53163567e+00  2.47587180e+00
  2.15030537e+00  5.02623463e-01  2.00962079e+00  3.84366673e+00
  8.52197676e-02  3.21935010e+00  4.70077617e-01  3.44146813e+00
  3.19657991e+00  1.25500429e-01  3.74168762e+00  1.90900525e+00
  1.53327614e+00  2.56913263e+00  1.70943786e+00  1.34610252e+00
  1.45167447e+00  5.68041336e-01  7.62417359e-01  1.63443370e+00
 -3.34283434e-03  1.59254815e+00  2.35922556e+00  1.67016090e+00
  1.64059884e+00  2.97271772e+00  2.20687696e+00  1.97253128e+00
  1.48093704e+00  2.24295479e+00  9.02692255e-01  2.25091825e+00
  3.21070881e+00  8.59832044e-01  4.53045018e-01  2.02224910e+00
 -3.27508022e-01 -1.67841822e-02  3.97170480e-01  6.62132754e-01
  1.48087124e+00  1.30390530e+00  3.45636793e-01  9.99376496e-01
  1.19868408e+00  1.43387511e+00  7.70946640e-01  1.56861744e+00
  3.41057508e+00  2.52266547e+00  3.63787414e+00  2.62967769e+00]
Device (GPU) time: 1.2251 seconds
Iters. done: 553 [Current cost: -20.89023165099899]
Current parameters: [ 3.19237754e+00  4.61939384e+00  3.10384337e+00  3.31306514e+00
  3.01351157e+00  1.70993429e+00  1.11869111e+00  1.86393291e+00
  2.26894081e+00  1.65325372e+00  2.53173974e+00  2.47568896e+00
  2.15031649e+00  5.03040044e-01  2.00997467e+00  3.84343722e+00
  8.54199539e-02  3.21898999e+00  4.69920302e-01  3.44108079e+00
  3.19669546e+00  1.25725994e-01  3.74154125e+00  1.90908270e+00
  1.53307238e+00  2.56961088e+00  1.70967188e+00  1.34589476e+00
  1.45189611e+00  5.67781542e-01  7.62727672e-01  1.63405362e+00
 -3.33401269e-03  1.59230153e+00  2.35924641e+00  1.67002125e+00
  1.64071663e+00  2.97260984e+00  2.20673069e+00  1.97299964e+00
  1.48148273e+00  2.24284575e+00  9.03552485e-01  2.25073802e+00
  3.21048922e+00  8.59325135e-01  4.52535212e-01  2.02254813e+00
 -3.26864579e-01 -1.65821315e-02  3.97585751e-01  6.62033762e-01
  1.48077922e+00  1.30386077e+00  3.45620126e-01  9.99421811e-01
  1.19834441e+00  1.43403007e+00  7.71042894e-01  1.56873497e+00
  3.41046675e+00  2.52239840e+00  3.63792948e+00  2.62966275e+00]
Device (GPU) time: 1.0298 seconds
Iters. done: 554 [Current cost: -20.878246700377918]
Current parameters: [ 3.19227757e+00  4.61935675e+00  3.10395233e+00  3.31291668e+00
  3.01361150e+00  1.70955084e+00  1.11863813e+00  1.86411696e+00
  2.26902267e+00  1.65295934e+00  2.53197101e+00  2.47582500e+00
  2.15065100e+00  5.03031491e-01  2.00965356e+00  3.84348300e+00
  8.51876465e-02  3.21927673e+00  4.69753337e-01  3.44134847e+00
  3.19675832e+00  1.25633324e-01  3.74123816e+00  1.90900471e+00
  1.53309623e+00  2.56999485e+00  1.70952716e+00  1.34583727e+00
  1.45179275e+00  5.67683453e-01  7.62676497e-01  1.63401571e+00
 -3.49372476e-03  1.59231934e+00  2.35915838e+00  1.66976862e+00
  1.64042904e+00  2.97243835e+00  2.20671835e+00  1.97305804e+00
  1.48113808e+00  2.24178777e+00  9.03004039e-01  2.25043287e+00
  3.21082376e+00  8.59439453e-01  4.52367773e-01  2.02276616e+00
 -3.27109709e-01 -1.71116799e-02  3.97687226e-01  6.62000166e-01
  1.48088801e+00  1.30388879e+00  3.46231945e-01  9.99542894e-01
  1.19813011e+00  1.43432014e+00  7.70458359e-01  1.56856125e+00
  3.41037060e+00  2.52298965e+00  3.63773149e+00  2.62987368e+00]
Device (GPU) time: 1.1251 seconds
Iters. done: 555 [Current cost: -20.883314801805632]
Current parameters: [ 3.19255276e+00  4.61934704e+00  3.10393748e+00  3.31289777e+00
  3.01370838e+00  1.70969326e+00  1.11862176e+00  1.86396815e+00
  2.26905997e+00  1.65315446e+00  2.53179674e+00  2.47583057e+00
  2.15054789e+00  5.03014497e-01  2.01003460e+00  3.84343475e+00
  8.51421342e-02  3.21923504e+00  4.70007645e-01  3.44109407e+00
  3.19663784e+00  1.25608715e-01  3.74183503e+00  1.90908806e+00
  1.53297044e+00  2.56937846e+00  1.70954290e+00  1.34604683e+00
  1.45132897e+00  5.67875024e-01  7.62699662e-01  1.63410709e+00
 -3.59631942e-03  1.59240153e+00  2.35922479e+00  1.66987557e+00
  1.64089353e+00  2.97273601e+00  2.20655980e+00  1.97299063e+00
  1.48129234e+00  2.24257449e+00  9.03108378e-01  2.25082441e+00
  3.21053716e+00  8.59140206e-01  4.52385345e-01  2.02220174e+00
 -3.26896000e-01 -1.67296179e-02  3.97561310e-01  6.61858154e-01
  1.48089210e+00  1.30381213e+00  3.45771833e-01  9.99472444e-01
  1.19826184e+00  1.43431736e+00  7.70978785e-01  1.56875241e+00
  3.41046339e+00  2.52233039e+00  3.63804379e+00  2.62940561e+00]
Device (GPU) time: 1.1204 seconds
Iters. done: 556 [Current cost: -20.935677146468723]
Current parameters: [ 3.19187072e+00  4.61913461e+00  3.10373194e+00  3.31267271e+00
  3.01356033e+00  1.70996586e+00  1.11856178e+00  1.86384404e+00
  2.26871069e+00  1.65311118e+00  2.53210597e+00  2.47530888e+00
  2.15066702e+00  5.02858663e-01  2.00978636e+00  3.84347740e+00
  8.52518308e-02  3.21909481e+00  4.69657733e-01  3.44127667e+00
  3.19660972e+00  1.25221756e-01  3.74209168e+00  1.90936025e+00
  1.53283696e+00  2.56964145e+00  1.70937548e+00  1.34615765e+00
  1.45180419e+00  5.68088687e-01  7.62445742e-01  1.63397601e+00
 -3.13893734e-03  1.59217346e+00  2.35939834e+00  1.66933090e+00
  1.64069499e+00  2.97312927e+00  2.20722897e+00  1.97328738e+00
  1.48104656e+00  2.24265812e+00  9.03045361e-01  2.25070654e+00
  3.21053376e+00  8.58651161e-01  4.52221575e-01  2.02263009e+00
 -3.27163056e-01 -1.69563908e-02  3.97515992e-01  6.62189230e-01
  1.48058688e+00  1.30399327e+00  3.45790029e-01  9.99525154e-01
  1.19881256e+00  1.43380933e+00  7.70909560e-01  1.56862870e+00
  3.41076683e+00  2.52212315e+00  3.63822965e+00  2.62927994e+00]
Device (GPU) time: 1.0951 seconds
Iters. done: 557 [Current cost: -20.917147285559484]
Current parameters: [ 3.19206248e+00  4.61935739e+00  3.10379897e+00  3.31291792e+00
  3.01331182e+00  1.70960683e+00  1.11876548e+00  1.86390870e+00
  2.26892443e+00  1.65321910e+00  2.53186026e+00  2.47585521e+00
  2.15045289e+00  5.02837662e-01  2.00978963e+00  3.84364093e+00
  8.52641192e-02  3.21900224e+00  4.70092499e-01  3.44131513e+00
  3.19673599e+00  1.25566369e-01  3.74158695e+00  1.90889988e+00
  1.53294335e+00  2.56938026e+00  1.70962092e+00  1.34586998e+00
  1.45194077e+00  5.67812929e-01  7.62661131e-01  1.63420350e+00
 -3.60391409e-03  1.59242549e+00  2.35945616e+00  1.66994005e+00
  1.64080190e+00  2.97266428e+00  2.20651773e+00  1.97294617e+00
  1.48118971e+00  2.24255075e+00  9.03124765e-01  2.25077121e+00
  3.21048806e+00  8.59095685e-01  4.52340250e-01  2.02245539e+00
 -3.26870097e-01 -1.67479375e-02  3.97598925e-01  6.62273997e-01
  1.48108025e+00  1.30386659e+00  3.45747820e-01  9.99493358e-01
  1.19824400e+00  1.43388331e+00  7.70925669e-01  1.56869062e+00
  3.41047561e+00  2.52232045e+00  3.63800269e+00  2.62905425e+00]
Device (GPU) time: 1.0782 seconds
Iters. done: 558 [Current cost: -20.939431114992253]
Current parameters: [ 3.19219990e+00  4.61937583e+00  3.10379726e+00  3.31287553e+00
  3.01337556e+00  1.70978665e+00  1.11859006e+00  1.86393542e+00
  2.26903115e+00  1.65327810e+00  2.53183206e+00  2.47584301e+00
  2.15051840e+00  5.02832506e-01  2.00980168e+00  3.84348240e+00
  8.53073936e-02  3.21905270e+00  4.69853446e-01  3.44117070e+00
  3.19676604e+00  1.25616585e-01  3.74161566e+00  1.90903374e+00
  1.53311562e+00  2.56953350e+00  1.70969883e+00  1.34582265e+00
  1.45159773e+00  5.67716879e-01  7.62672629e-01  1.63404812e+00
 -3.51743687e-03  1.59232362e+00  2.35928935e+00  1.66985725e+00
  1.64061646e+00  2.97275993e+00  2.20671000e+00  1.97306115e+00
  1.48113336e+00  2.24267473e+00  9.03117341e-01  2.25081018e+00
  3.21062457e+00  8.59124574e-01  4.52553282e-01  2.02242636e+00
 -3.26978171e-01 -1.67075860e-02  3.97540878e-01  6.62185324e-01
  1.48084610e+00  1.30387478e+00  3.45736981e-01  9.99495576e-01
  1.19827116e+00  1.43424806e+00  7.70998483e-01  1.56868194e+00
  3.41057905e+00  2.52217469e+00  3.63807924e+00  2.62955618e+00]
Device (GPU) time: 1.1496 seconds
Iters. done: 559 [Current cost: -20.898512089684814]
Current parameters: [ 3.19228431e+00  4.61957999e+00  3.10421841e+00  3.31298975e+00
  3.01335415e+00  1.70970784e+00  1.11876058e+00  1.86388255e+00
  2.26922633e+00  1.65324928e+00  2.53178469e+00  2.47560000e+00
  2.15041898e+00  5.02846161e-01  2.00989788e+00  3.84353535e+00
  8.54054427e-02  3.21907936e+00  4.69842010e-01  3.44125498e+00
  3.19654943e+00  1.25573872e-01  3.74159470e+00  1.90907251e+00
  1.53331031e+00  2.56935003e+00  1.70951053e+00  1.34593406e+00
  1.45143811e+00  5.67726562e-01  7.62525207e-01  1.63426122e+00
 -3.50372749e-03  1.59199961e+00  2.35950945e+00  1.66973133e+00
  1.64075225e+00  2.97287612e+00  2.20669484e+00  1.97299381e+00
  1.48138179e+00  2.24252195e+00  9.03275792e-01  2.25061001e+00
  3.21060711e+00  8.59182389e-01  4.52355282e-01  2.02251844e+00
 -3.26878969e-01 -1.68573328e-02  3.97514399e-01  6.62359629e-01
  1.48099385e+00  1.30382627e+00  3.45742780e-01  9.99534653e-01
  1.19830196e+00  1.43406285e+00  7.70917612e-01  1.56877162e+00
  3.41057758e+00  2.52211680e+00  3.63796646e+00  2.62961318e+00]
Device (GPU) time: 1.0938 seconds
Iters. done: 560 [Current cost: -20.885217585288]
Current parameters: [ 3.19227155e+00  4.61936114e+00  3.10384364e+00  3.31303543e+00
  3.01347799e+00  1.70979936e+00  1.11875589e+00  1.86388149e+00
  2.26900383e+00  1.65328201e+00  2.53176870e+00  2.47599231e+00
  2.15038146e+00  5.02992641e-01  2.00970865e+00  3.84343912e+00
  8.52961997e-02  3.21918382e+00  4.69779597e-01  3.44127805e+00
  3.19670195e+00  1.25576467e-01  3.74159303e+00  1.90910950e+00
  1.53302016e+00  2.56944082e+00  1.70960336e+00  1.34600207e+00
  1.45169520e+00  5.67839109e-01  7.62726916e-01  1.63407642e+00
 -3.50062962e-03  1.59221917e+00  2.35931450e+00  1.66984117e+00
  1.64072361e+00  2.97285870e+00  2.20666506e+00  1.97304379e+00
  1.48114952e+00  2.24261294e+00  9.03157608e-01  2.25075022e+00
  3.21068710e+00  8.59173520e-01  4.52505490e-01  2.02251527e+00
 -3.26831519e-01 -1.67715913e-02  3.97526470e-01  6.62081362e-01
  1.48093868e+00  1.30396121e+00  3.45845057e-01  9.99518912e-01
  1.19834998e+00  1.43406351e+00  7.71055186e-01  1.56880484e+00
  3.41053962e+00  2.52220132e+00  3.63807533e+00  2.62954768e+00]
Device (GPU) time: 1.0157 seconds
Iters. done: 561 [Current cost: -20.90612234368887]
Current parameters: [ 3.19233502e+00  4.61934904e+00  3.10397609e+00  3.31297420e+00
  3.01359861e+00  1.71003672e+00  1.11869223e+00  1.86371467e+00
  2.26892666e+00  1.65327824e+00  2.53204777e+00  2.47597663e+00
  2.15051142e+00  5.02976180e-01  2.00980793e+00  3.84330247e+00
  8.53479849e-02  3.21895949e+00  4.69748483e-01  3.44124936e+00
  3.19666455e+00  1.25612070e-01  3.74166456e+00  1.90890312e+00
  1.53300907e+00  2.56934072e+00  1.70949776e+00  1.34601471e+00
  1.45174334e+00  5.67715790e-01  7.62412053e-01  1.63439482e+00
 -3.62695915e-03  1.59229626e+00  2.35919254e+00  1.66999306e+00
  1.64088537e+00  2.97260308e+00  2.20659646e+00  1.97316975e+00
  1.48106247e+00  2.24256700e+00  9.03104928e-01  2.25068653e+00
  3.21042070e+00  8.59031853e-01  4.52669105e-01  2.02259780e+00
 -3.26857349e-01 -1.68629833e-02  3.97672677e-01  6.62121175e-01
  1.48074655e+00  1.30376181e+00  3.45768869e-01  9.99523277e-01
  1.19821604e+00  1.43406984e+00  7.70927035e-01  1.56840755e+00
  3.41063266e+00  2.52205689e+00  3.63794463e+00  2.62962951e+00]
Device (GPU) time: 1.1118 seconds
Iters. done: 562 [Current cost: -20.9539772261571]
Current parameters: [ 3.19224260e+00  4.61950048e+00  3.10391919e+00  3.31287929e+00
  3.01338444e+00  1.70983886e+00  1.11860085e+00  1.86393276e+00
  2.26902064e+00  1.65336644e+00  2.53196574e+00  2.47581047e+00
  2.15033182e+00  5.02829847e-01  2.00984306e+00  3.84346779e+00
  8.53582154e-02  3.21918670e+00  4.69772810e-01  3.44122906e+00
  3.19658627e+00  1.25548941e-01  3.74161105e+00  1.90911597e+00
  1.53297812e+00  2.56964014e+00  1.70970971e+00  1.34608143e+00
  1.45174935e+00  5.67847713e-01  7.62588539e-01  1.63419180e+00
 -3.62301080e-03  1.59235604e+00  2.35927324e+00  1.66992239e+00
  1.64077434e+00  2.97274182e+00  2.20665772e+00  1.97307285e+00
  1.48122854e+00  2.24262174e+00  9.03152324e-01  2.25071134e+00
  3.21063092e+00  8.59189615e-01  4.52448469e-01  2.02244862e+00
 -3.26857690e-01 -1.67521338e-02  3.97434765e-01  6.62094188e-01
  1.48090379e+00  1.30390344e+00  3.45756972e-01  9.99501271e-01
  1.19829516e+00  1.43419933e+00  7.70933475e-01  1.56873314e+00
  3.41059159e+00  2.52221138e+00  3.63806244e+00  2.62950044e+00]
Device (GPU) time: 1.0931 seconds
Iters. done: 563 [Current cost: -21.002545679270938]
Current parameters: [ 3.19223540e+00  4.61942068e+00  3.10379399e+00  3.31301173e+00
  3.01329675e+00  1.70968958e+00  1.11862190e+00  1.86406058e+00
  2.26905543e+00  1.65316678e+00  2.53177753e+00  2.47584649e+00
  2.15052706e+00  5.03106458e-01  2.00974409e+00  3.84363001e+00
  8.52505321e-02  3.21896670e+00  4.69529914e-01  3.44086576e+00
  3.19662891e+00  1.25456342e-01  3.74165038e+00  1.90891305e+00
  1.53319585e+00  2.56928324e+00  1.70946141e+00  1.34620073e+00
  1.45194045e+00  5.67922227e-01  7.62570494e-01  1.63426430e+00
 -3.34130157e-03  1.59228251e+00  2.35931854e+00  1.67000733e+00
  1.64073142e+00  2.97267924e+00  2.20667345e+00  1.97311748e+00
  1.48101478e+00  2.24268618e+00  9.03223395e-01  2.25072891e+00
  3.21057298e+00  8.59137607e-01  4.52360450e-01  2.02245358e+00
 -3.26973254e-01 -1.67892999e-02  3.97379546e-01  6.62044911e-01
  1.48100325e+00  1.30390702e+00  3.45687755e-01  9.99529457e-01
  1.19824614e+00  1.43445354e+00  7.70865450e-01  1.56881936e+00
  3.41060538e+00  2.52220729e+00  3.63799693e+00  2.62952937e+00]
Device (GPU) time: 1.0098 seconds
Iters. done: 564 [Current cost: -20.84043369424099]
Current parameters: [ 3.19229382e+00  4.61944407e+00  3.10389114e+00  3.31297202e+00
  3.01343210e+00  1.70980779e+00  1.11873695e+00  1.86407462e+00
  2.26912442e+00  1.65326513e+00  2.53181395e+00  2.47565964e+00
  2.15043565e+00  5.02903496e-01  2.00963683e+00  3.84336870e+00
  8.52767763e-02  3.21903047e+00  4.69851189e-01  3.44113103e+00
  3.19674509e+00  1.25574555e-01  3.74173104e+00  1.90896994e+00
  1.53290243e+00  2.56952014e+00  1.70954471e+00  1.34590620e+00
  1.45176529e+00  5.67805449e-01  7.62657312e-01  1.63421025e+00
 -3.64888282e-03  1.59223385e+00  2.35925323e+00  1.66987863e+00
  1.64078606e+00  2.97284203e+00  2.20669925e+00  1.97299023e+00
  1.48114734e+00  2.24261619e+00  9.03149737e-01  2.25070447e+00
  3.21061019e+00  8.59153355e-01  4.52569310e-01  2.02243072e+00
 -3.26880538e-01 -1.66654278e-02  3.97499071e-01  6.62115346e-01
  1.48085257e+00  1.30390954e+00  3.45788643e-01  9.99522352e-01
  1.19830755e+00  1.43411998e+00  7.70893803e-01  1.56873826e+00
  3.41056170e+00  2.52223997e+00  3.63805907e+00  2.62956621e+00]
Device (GPU) time: 1.1097 seconds
Iters. done: 565 [Current cost: -20.900924785321013]
Current parameters: [ 3.19226422e+00  4.61952314e+00  3.10396877e+00  3.31303869e+00
  3.01326911e+00  1.70986286e+00  1.11871820e+00  1.86396399e+00
  2.26909956e+00  1.65329942e+00  2.53172455e+00  2.47566074e+00
  2.15054995e+00  5.02925048e-01  2.00991090e+00  3.84336190e+00
  8.52909686e-02  3.21928628e+00  4.69853947e-01  3.44140606e+00
  3.19666228e+00  1.25573367e-01  3.74177233e+00  1.90903408e+00
  1.53285027e+00  2.56937252e+00  1.70997162e+00  1.34587338e+00
  1.45180793e+00  5.67829784e-01  7.62801938e-01  1.63412227e+00
 -3.28855258e-03  1.59222138e+00  2.35920241e+00  1.66976596e+00
  1.64077546e+00  2.97254078e+00  2.20664957e+00  1.97311337e+00
  1.48094425e+00  2.24268108e+00  9.03101370e-01  2.25066870e+00
  3.21032125e+00  8.59073919e-01  4.52455616e-01  2.02233247e+00
 -3.26889275e-01 -1.70316728e-02  3.97288391e-01  6.62065019e-01
  1.48087426e+00  1.30391520e+00  3.45780505e-01  9.99540107e-01
  1.19806546e+00  1.43405409e+00  7.70984034e-01  1.56874940e+00
  3.41050057e+00  2.52220920e+00  3.63797270e+00  2.62967422e+00]
Device (GPU) time: 1.1513 seconds
Iters. done: 566 [Current cost: -20.897223990768772]
Current parameters: [ 3.19235911e+00  4.61942679e+00  3.10388339e+00  3.31296156e+00
  3.01335934e+00  1.70978034e+00  1.11869431e+00  1.86399759e+00
  2.26910239e+00  1.65324645e+00  2.53174854e+00  2.47577870e+00
  2.15031041e+00  5.02885876e-01  2.00986682e+00  3.84352257e+00
  8.52989151e-02  3.21903293e+00  4.69839495e-01  3.44129848e+00
  3.19667287e+00  1.25605518e-01  3.74159757e+00  1.90897015e+00
  1.53302985e+00  2.56941107e+00  1.70954975e+00  1.34602014e+00
  1.45175852e+00  5.67889498e-01  7.62593872e-01  1.63407307e+00
 -3.52207167e-03  1.59239800e+00  2.35919066e+00  1.66988070e+00
  1.64066234e+00  2.97272882e+00  2.20669009e+00  1.97304629e+00
  1.48122758e+00  2.24257249e+00  9.03056045e-01  2.25070004e+00
  3.21060108e+00  8.58997762e-01  4.52435551e-01  2.02246593e+00
 -3.26888982e-01 -1.67569600e-02  3.97562082e-01  6.62118676e-01
  1.48080701e+00  1.30388483e+00  3.45780557e-01  9.99462381e-01
  1.19825288e+00  1.43409261e+00  7.71035363e-01  1.56870470e+00
  3.41070444e+00  2.52226619e+00  3.63817426e+00  2.62964248e+00]
Device (GPU) time: 1.1302 seconds
Iters. done: 567 [Current cost: -20.98099148733456]
Current parameters: [ 3.19228887e+00  4.61944984e+00  3.10399105e+00  3.31285390e+00
  3.01349397e+00  1.70996944e+00  1.11873987e+00  1.86405049e+00
  2.26900907e+00  1.65317925e+00  2.53185800e+00  2.47583202e+00
  2.15045620e+00  5.02831235e-01  2.00986884e+00  3.84362833e+00
  8.52954366e-02  3.21886582e+00  4.69757617e-01  3.44134762e+00
  3.19647894e+00  1.25638909e-01  3.74168549e+00  1.90910839e+00
  1.53293129e+00  2.56928442e+00  1.70964984e+00  1.34611078e+00
  1.45180042e+00  5.67704302e-01  7.62982921e-01  1.63416196e+00
 -3.75058097e-03  1.59243896e+00  2.35911999e+00  1.66989219e+00
  1.64039585e+00  2.97285798e+00  2.20683956e+00  1.97304931e+00
  1.48116896e+00  2.24265289e+00  9.03178142e-01  2.25067614e+00
  3.21052049e+00  8.59226052e-01  4.52412234e-01  2.02238724e+00
 -3.26952491e-01 -1.68479897e-02  3.97690097e-01  6.62100761e-01
  1.48095800e+00  1.30393067e+00  3.45829489e-01  9.99289508e-01
  1.19837734e+00  1.43414183e+00  7.70764365e-01  1.56878343e+00
  3.41034678e+00  2.52195724e+00  3.63795452e+00  2.62958194e+00]
Device (GPU) time: 0.9961 seconds
Iters. done: 568 [Current cost: -20.92460762662413]
Current parameters: [ 3.19229580e+00  4.61944468e+00  3.10382097e+00  3.31295730e+00
  3.01360896e+00  1.70980692e+00  1.11866387e+00  1.86410826e+00
  2.26906541e+00  1.65330404e+00  2.53188249e+00  2.47582033e+00
  2.15040427e+00  5.02805070e-01  2.00966843e+00  3.84353892e+00
  8.52979494e-02  3.21910815e+00  4.69823478e-01  3.44129964e+00
  3.19659871e+00  1.25559500e-01  3.74161740e+00  1.90898646e+00
  1.53301210e+00  2.56942078e+00  1.70964226e+00  1.34602675e+00
  1.45175888e+00  5.67730516e-01  7.62692670e-01  1.63416606e+00
 -3.43107000e-03  1.59228031e+00  2.35926325e+00  1.66976651e+00
  1.64081484e+00  2.97271303e+00  2.20670973e+00  1.97305689e+00
  1.48119824e+00  2.24259827e+00  9.03212832e-01  2.25094431e+00
  3.21058952e+00  8.59112995e-01  4.52443798e-01  2.02246956e+00
 -3.26860777e-01 -1.67691438e-02  3.97512522e-01  6.62197216e-01
  1.48090229e+00  1.30376338e+00  3.45728822e-01  9.99456051e-01
  1.19828970e+00  1.43417420e+00  7.70969939e-01  1.56867966e+00
  3.41056793e+00  2.52224365e+00  3.63805879e+00  2.62961138e+00]
Device (GPU) time: 1.1483 seconds
Iters. done: 569 [Current cost: -20.9467420931058]
Current parameters: [ 3.19221559e+00  4.61940484e+00  3.10397713e+00  3.31295562e+00
  3.01346457e+00  1.70960142e+00  1.11870057e+00  1.86393149e+00
  2.26870202e+00  1.65319109e+00  2.53169047e+00  2.47569541e+00
  2.15027661e+00  5.02784799e-01  2.00961079e+00  3.84346581e+00
  8.50974272e-02  3.21914334e+00  4.69763687e-01  3.44113973e+00
  3.19649982e+00  1.25530455e-01  3.74181355e+00  1.90894250e+00
  1.53291955e+00  2.56925856e+00  1.70995660e+00  1.34590440e+00
  1.45173030e+00  5.67719873e-01  7.62554144e-01  1.63412946e+00
 -3.57649234e-03  1.59234108e+00  2.35918363e+00  1.67005065e+00
  1.64077816e+00  2.97279389e+00  2.20663259e+00  1.97310388e+00
  1.48144347e+00  2.24264969e+00  9.03084320e-01  2.25063626e+00
  3.21067765e+00  8.59095636e-01  4.52438045e-01  2.02268632e+00
 -3.27068652e-01 -1.67995774e-02  3.97527232e-01  6.62192726e-01
  1.48076413e+00  1.30378439e+00  3.45941889e-01  9.99571555e-01
  1.19839689e+00  1.43429437e+00  7.71164064e-01  1.56873551e+00
  3.41050116e+00  2.52219395e+00  3.63792342e+00  2.62962551e+00]
Device (GPU) time: 1.0960 seconds
Iters. done: 570 [Current cost: -20.935634537797394]
Current parameters: [ 3.19237233e+00  4.61948864e+00  3.10385469e+00  3.31295683e+00
  3.01333006e+00  1.70982695e+00  1.11861737e+00  1.86402255e+00
  2.26903799e+00  1.65325797e+00  2.53183734e+00  2.47573549e+00
  2.15041844e+00  5.02937742e-01  2.00978821e+00  3.84348903e+00
  8.52321438e-02  3.21907092e+00  4.69910375e-01  3.44119809e+00
  3.19664217e+00  1.25626178e-01  3.74152909e+00  1.90899576e+00
  1.53307744e+00  2.56947812e+00  1.70969863e+00  1.34607099e+00
  1.45172449e+00  5.67702299e-01  7.62741766e-01  1.63415397e+00
 -3.51025281e-03  1.59226269e+00  2.35928868e+00  1.66987365e+00
  1.64088743e+00  2.97273509e+00  2.20671890e+00  1.97314349e+00
  1.48112459e+00  2.24261968e+00  9.03119832e-01  2.25071122e+00
  3.21061743e+00  8.59152002e-01  4.52507011e-01  2.02247923e+00
 -3.27048374e-01 -1.67935198e-02  3.97631823e-01  6.62016415e-01
  1.48095103e+00  1.30384359e+00  3.45824247e-01  9.99583369e-01
  1.19844705e+00  1.43406964e+00  7.70990410e-01  1.56866409e+00
  3.41056953e+00  2.52216201e+00  3.63812520e+00  2.62952848e+00]
Device (GPU) time: 1.0803 seconds
Iters. done: 571 [Current cost: -20.889395395031283]
Current parameters: [ 3.19232151e+00  4.61960196e+00  3.10377928e+00  3.31297212e+00
  3.01335226e+00  1.70998593e+00  1.11847405e+00  1.86390761e+00
  2.26896965e+00  1.65328775e+00  2.53185623e+00  2.47589913e+00
  2.15054531e+00  5.02801996e-01  2.00985644e+00  3.84355222e+00
  8.52663120e-02  3.21907008e+00  4.69994798e-01  3.44122579e+00
  3.19670607e+00  1.25330300e-01  3.74156940e+00  1.90881584e+00
  1.53263593e+00  2.56939042e+00  1.70945356e+00  1.34588258e+00
  1.45166556e+00  5.67879863e-01  7.62611607e-01  1.63414587e+00
 -3.47327844e-03  1.59214604e+00  2.35921539e+00  1.66994442e+00
  1.64060400e+00  2.97276203e+00  2.20675457e+00  1.97325186e+00
  1.48146585e+00  2.24237910e+00  9.03268183e-01  2.25076676e+00
  3.21081108e+00  8.59124076e-01  4.52552983e-01  2.02250551e+00
 -3.27069860e-01 -1.68122848e-02  3.97323977e-01  6.61959761e-01
  1.48104930e+00  1.30380516e+00  3.45675080e-01  9.99437113e-01
  1.19818754e+00  1.43405743e+00  7.71052303e-01  1.56877975e+00
  3.41051834e+00  2.52207776e+00  3.63803403e+00  2.62959003e+00]
Device (GPU) time: 1.0874 seconds
Iters. done: 572 [Current cost: -20.915552177239434]
Current parameters: [ 3.19220760e+00  4.61951508e+00  3.10374659e+00  3.31305637e+00
  3.01340029e+00  1.70969963e+00  1.11864889e+00  1.86393482e+00
  2.26897010e+00  1.65326350e+00  2.53173840e+00  2.47583965e+00
  2.15049809e+00  5.02947081e-01  2.00970075e+00  3.84339614e+00
  8.52541884e-02  3.21898459e+00  4.69851712e-01  3.44129166e+00
  3.19646981e+00  1.25732886e-01  3.74169452e+00  1.90901112e+00
  1.53298997e+00  2.56955841e+00  1.70960335e+00  1.34608422e+00
  1.45166825e+00  5.67820361e-01  7.62598340e-01  1.63415577e+00
 -3.55897483e-03  1.59229915e+00  2.35934656e+00  1.66983012e+00
  1.64070550e+00  2.97270224e+00  2.20671516e+00  1.97303150e+00
  1.48123297e+00  2.24258387e+00  9.03210281e-01  2.25072472e+00
  3.21059993e+00  8.59141762e-01  4.52495416e-01  2.02237734e+00
 -3.26973009e-01 -1.68004038e-02  3.97477297e-01  6.62090411e-01
  1.48084127e+00  1.30386990e+00  3.45739733e-01  9.99465713e-01
  1.19826124e+00  1.43410011e+00  7.70967766e-01  1.56865706e+00
  3.41052687e+00  2.52216213e+00  3.63809160e+00  2.62959139e+00]
Device (GPU) time: 1.0023 seconds
Iters. done: 573 [Current cost: -20.843275284247706]
Current parameters: [ 3.19240606e+00  4.61958154e+00  3.10395420e+00  3.31311580e+00
  3.01358872e+00  1.70984191e+00  1.11889853e+00  1.86378959e+00
  2.26906595e+00  1.65314744e+00  2.53172910e+00  2.47597028e+00
  2.15072147e+00  5.02541609e-01  2.00983814e+00  3.84348323e+00
  8.53070425e-02  3.21891411e+00  4.69931626e-01  3.44119331e+00
  3.19680853e+00  1.25644982e-01  3.74151865e+00  1.90899454e+00
  1.53289421e+00  2.56968810e+00  1.70966494e+00  1.34613731e+00
  1.45190507e+00  5.67725896e-01  7.62514634e-01  1.63401104e+00
 -3.42725971e-03  1.59226687e+00  2.35927730e+00  1.66990544e+00
  1.64085821e+00  2.97286763e+00  2.20673853e+00  1.97305885e+00
  1.48121355e+00  2.24275986e+00  9.02873672e-01  2.25068861e+00
  3.21062322e+00  8.59167088e-01  4.52174280e-01  2.02243643e+00
 -3.26919120e-01 -1.67182050e-02  3.97458042e-01  6.62111830e-01
  1.48084430e+00  1.30379924e+00  3.45736677e-01  9.99588480e-01
  1.19835199e+00  1.43422817e+00  7.70946847e-01  1.56881275e+00
  3.41055889e+00  2.52212513e+00  3.63796646e+00  2.62961318e+00]
Device (GPU) time: 1.1666 seconds
Iters. done: 574 [Current cost: -20.851823009339434]
Current parameters: [ 3.19224139e+00  4.61933633e+00  3.10401232e+00  3.31317592e+00
  3.01344426e+00  1.70981392e+00  1.11868281e+00  1.86401961e+00
  2.26902781e+00  1.65331774e+00  2.53184352e+00  2.47581028e+00
  2.15048804e+00  5.02885379e-01  2.00981785e+00  3.84350704e+00
  8.53710777e-02  3.21914010e+00  4.69865036e-01  3.44122587e+00
  3.19656170e+00  1.25689773e-01  3.74166175e+00  1.90901601e+00
  1.53293320e+00  2.56947800e+00  1.70964513e+00  1.34601274e+00
  1.45172930e+00  5.67722822e-01  7.62578948e-01  1.63413579e+00
 -3.48155516e-03  1.59222087e+00  2.35915352e+00  1.66986503e+00
  1.64069409e+00  2.97277546e+00  2.20669270e+00  1.97305186e+00
  1.48116170e+00  2.24258788e+00  9.03155201e-01  2.25076470e+00
  3.21059553e+00  8.59099666e-01  4.52498438e-01  2.02252430e+00
 -3.27090858e-01 -1.66564084e-02  3.97551270e-01  6.62096157e-01
  1.48097884e+00  1.30395141e+00  3.45755533e-01  9.99445736e-01
  1.19825991e+00  1.43419046e+00  7.70965033e-01  1.56871331e+00
  3.41063637e+00  2.52222460e+00  3.63809321e+00  2.62945224e+00]
Device (GPU) time: 1.1200 seconds
Iters. done: 575 [Current cost: -20.935250241961374]
Current parameters: [ 3.19207823e+00  4.61970036e+00  3.10407631e+00  3.31319564e+00
  3.01359275e+00  1.70944910e+00  1.11841633e+00  1.86401740e+00
  2.26899036e+00  1.65346299e+00  2.53188166e+00  2.47579113e+00
  2.15038674e+00  5.02954493e-01  2.00991364e+00  3.84347890e+00
  8.53431489e-02  3.21902761e+00  4.69921136e-01  3.44118280e+00
  3.19696243e+00  1.25574321e-01  3.74180654e+00  1.90912515e+00
  1.53300195e+00  2.56951035e+00  1.70958666e+00  1.34607999e+00
  1.45181427e+00  5.67794130e-01  7.62803309e-01  1.63407412e+00
 -3.58150799e-03  1.59231244e+00  2.35923332e+00  1.67004147e+00
  1.64071661e+00  2.97273961e+00  2.20673164e+00  1.97300113e+00
  1.48120495e+00  2.24257691e+00  9.03099316e-01  2.25096233e+00
  3.21068355e+00  8.59012830e-01  4.52534728e-01  2.02251637e+00
 -3.26876788e-01 -1.70233429e-02  3.97669632e-01  6.62036921e-01
  1.48086360e+00  1.30390365e+00  3.45701616e-01  9.99513317e-01
  1.19836154e+00  1.43406335e+00  7.70939341e-01  1.56873865e+00
  3.41076322e+00  2.52208798e+00  3.63786311e+00  2.62963526e+00]
Device (GPU) time: 1.1095 seconds
Iters. done: 576 [Current cost: -20.892276177873562]
Current parameters: [ 3.19228906e+00  4.61952540e+00  3.10396581e+00  3.31290224e+00
  3.01350792e+00  1.70977805e+00  1.11866135e+00  1.86403370e+00
  2.26888586e+00  1.65316809e+00  2.53185787e+00  2.47578109e+00
  2.15042240e+00  5.02994846e-01  2.00975145e+00  3.84348880e+00
  8.52483136e-02  3.21901051e+00  4.69932843e-01  3.44129935e+00
  3.19671130e+00  1.25589360e-01  3.74160524e+00  1.90900897e+00
  1.53300594e+00  2.56949206e+00  1.70973129e+00  1.34606826e+00
  1.45167396e+00  5.67791747e-01  7.62592129e-01  1.63409147e+00
 -3.43080082e-03  1.59224793e+00  2.35925050e+00  1.66995284e+00
  1.64071006e+00  2.97281950e+00  2.20670771e+00  1.97300969e+00
  1.48105949e+00  2.24249313e+00  9.03154512e-01  2.25064891e+00
  3.21058183e+00  8.59134466e-01  4.52527117e-01  2.02248445e+00
 -3.26842018e-01 -1.66913840e-02  3.97456872e-01  6.62131377e-01
  1.48093183e+00  1.30389027e+00  3.45606450e-01  9.99412061e-01
  1.19831677e+00  1.43416607e+00  7.71014111e-01  1.56871423e+00
  3.41058585e+00  2.52216136e+00  3.63805997e+00  2.62955148e+00]
Device (GPU) time: 1.0146 seconds
Iters. done: 577 [Current cost: -20.878312638876345]
Current parameters: [ 3.19242786e+00  4.61943557e+00  3.10397264e+00  3.31313360e+00
  3.01325388e+00  1.70980807e+00  1.11888456e+00  1.86393037e+00
  2.26893994e+00  1.65317181e+00  2.53194544e+00  2.47581145e+00
  2.15043108e+00  5.02824743e-01  2.00993355e+00  3.84347423e+00
  8.53167737e-02  3.21896625e+00  4.69718355e-01  3.44110987e+00
  3.19651520e+00  1.25487743e-01  3.74172124e+00  1.90898082e+00
  1.53311079e+00  2.56961007e+00  1.70967365e+00  1.34591790e+00
  1.45168106e+00  5.67969257e-01  7.62835303e-01  1.63411922e+00
 -3.55571288e-03  1.59239982e+00  2.35917314e+00  1.66985903e+00
  1.64076317e+00  2.97264066e+00  2.20662867e+00  1.97297166e+00
  1.48110962e+00  2.24217557e+00  9.03100706e-01  2.25114671e+00
  3.21055937e+00  8.59150201e-01  4.52494808e-01  2.02254577e+00
 -3.26976602e-01 -1.66071991e-02  3.97324021e-01  6.62195020e-01
  1.48075373e+00  1.30393615e+00  3.45707483e-01  9.99612912e-01
  1.19851833e+00  1.43402693e+00  7.71055602e-01  1.56872722e+00
  3.41050691e+00  2.52206863e+00  3.63795630e+00  2.62957661e+00]
Device (GPU) time: 1.1114 seconds
Iters. done: 578 [Current cost: -20.850217740914843]
Current parameters: [ 3.19223378e+00  4.61936768e+00  3.10392892e+00  3.31293988e+00
  3.01347086e+00  1.70974901e+00  1.11868668e+00  1.86392516e+00
  2.26895064e+00  1.65316661e+00  2.53202437e+00  2.47569976e+00
  2.15052237e+00  5.02879105e-01  2.00980417e+00  3.84353540e+00
  8.53053833e-02  3.21915394e+00  4.69870586e-01  3.44118335e+00
  3.19659125e+00  1.25498108e-01  3.74173862e+00  1.90909327e+00
  1.53295746e+00  2.56950313e+00  1.70956866e+00  1.34596738e+00
  1.45178935e+00  5.67904870e-01  7.62637584e-01  1.63415050e+00
 -3.33095343e-03  1.59235647e+00  2.35928836e+00  1.66976514e+00
  1.64069411e+00  2.97283395e+00  2.20684416e+00  1.97311587e+00
  1.48125166e+00  2.24265795e+00  9.03114274e-01  2.25071936e+00
  3.21061206e+00  8.59113978e-01  4.52501035e-01  2.02248029e+00
 -3.26877648e-01 -1.68102156e-02  3.97549981e-01  6.62071813e-01
  1.48079944e+00  1.30389942e+00  3.45808808e-01  9.99489195e-01
  1.19837902e+00  1.43406614e+00  7.70955414e-01  1.56862404e+00
  3.41063413e+00  2.52217301e+00  3.63814263e+00  2.62950919e+00]
Device (GPU) time: 1.1277 seconds
Iters. done: 579 [Current cost: -20.890676183464706]
Current parameters: [ 3.19225457e+00  4.61946326e+00  3.10391577e+00  3.31297271e+00
  3.01339066e+00  1.70977961e+00  1.11864050e+00  1.86393127e+00
  2.26903787e+00  1.65320821e+00  2.53182560e+00  2.47582911e+00
  2.15043913e+00  5.02854789e-01  2.00977990e+00  3.84349353e+00
  8.53060167e-02  3.21906943e+00  4.69868114e-01  3.44122223e+00
  3.19668009e+00  1.25667116e-01  3.74170966e+00  1.90905859e+00
  1.53302201e+00  2.56946219e+00  1.70959947e+00  1.34596342e+00
  1.45171300e+00  5.67782048e-01  7.62682199e-01  1.63422304e+00
 -3.41638857e-03  1.59232645e+00  2.35921451e+00  1.66986001e+00
  1.64077402e+00  2.97279224e+00  2.20670634e+00  1.97305686e+00
  1.48122650e+00  2.24254530e+00  9.03175143e-01  2.25072400e+00
  3.21060451e+00  8.59163428e-01  4.52468660e-01  2.02250094e+00
 -3.26890208e-01 -1.67682184e-02  3.97493701e-01  6.62109312e-01
  1.48090012e+00  1.30387364e+00  3.45773538e-01  9.99504449e-01
  1.19832525e+00  1.43414313e+00  7.70947196e-01  1.56871079e+00
  3.41059232e+00  2.52216468e+00  3.63806520e+00  2.62956214e+00]
Device (GPU) time: 1.0582 seconds
Iters. done: 580 [Current cost: -20.963155956128777]
Current parameters: [ 3.19230375e+00  4.61950953e+00  3.10407842e+00  3.31300805e+00
  3.01341356e+00  1.70972076e+00  1.11874946e+00  1.86392623e+00
  2.26910738e+00  1.65325979e+00  2.53186810e+00  2.47569666e+00
  2.15046442e+00  5.02881945e-01  2.00986134e+00  3.84352252e+00
  8.53516086e-02  3.21909293e+00  4.69850846e-01  3.44120982e+00
  3.19657519e+00  1.25521065e-01  3.74158396e+00  1.90901326e+00
  1.53314698e+00  2.56940604e+00  1.70958898e+00  1.34594651e+00
  1.45160386e+00  5.67783547e-01  7.62588201e-01  1.63417212e+00
 -3.52593775e-03  1.59215176e+00  2.35941842e+00  1.66982313e+00
  1.64069818e+00  2.97279124e+00  2.20670290e+00  1.97303530e+00
  1.48129167e+00  2.24260256e+00  9.03185393e-01  2.25069659e+00
  3.21061172e+00  8.59168062e-01  4.52459528e-01  2.02246851e+00
 -3.26890388e-01 -1.68237847e-02  3.97537276e-01  6.62222532e-01
  1.48092516e+00  1.30384959e+00  3.45756648e-01  9.99511126e-01
  1.19827483e+00  1.43409722e+00  7.70958697e-01  1.56871508e+00
  3.41056779e+00  2.52214292e+00  3.63800408e+00  2.62959417e+00]
Device (GPU) time: 1.1409 seconds
Iters. done: 581 [Current cost: -20.888031726613576]
Current parameters: [ 3.19231660e+00  4.61950336e+00  3.10386562e+00  3.31300475e+00
  3.01343629e+00  1.70975134e+00  1.11868359e+00  1.86393139e+00
  2.26897937e+00  1.65321089e+00  2.53192784e+00  2.47578385e+00
  2.15042900e+00  5.02860995e-01  2.00977412e+00  3.84351387e+00
  8.52989385e-02  3.21911848e+00  4.69859962e-01  3.44118210e+00
  3.19666134e+00  1.25648200e-01  3.74163082e+00  1.90901512e+00
  1.53301122e+00  2.56948049e+00  1.70960506e+00  1.34599441e+00
  1.45174187e+00  5.67857528e-01  7.62678135e-01  1.63413978e+00
 -3.48789992e-03  1.59227448e+00  2.35923168e+00  1.66985701e+00
  1.64071744e+00  2.97278932e+00  2.20667208e+00  1.97302496e+00
  1.48121233e+00  2.24263572e+00  9.03131351e-01  2.25074665e+00
  3.21057725e+00  8.59062352e-01  4.52536075e-01  2.02247136e+00
 -3.26935549e-01 -1.67788318e-02  3.97517094e-01  6.62123951e-01
  1.48094693e+00  1.30391671e+00  3.45762099e-01  9.99510692e-01
  1.19829017e+00  1.43414891e+00  7.70969282e-01  1.56867111e+00
  3.41050152e+00  2.52217890e+00  3.63805185e+00  2.62959794e+00]
Device (GPU) time: 1.1398 seconds
Iters. done: 582 [Current cost: -20.94143548352832]
Current parameters: [ 3.19237592e+00  4.61947220e+00  3.10394345e+00  3.31300257e+00
  3.01340581e+00  1.70973405e+00  1.11866087e+00  1.86401175e+00
  2.26905568e+00  1.65327220e+00  2.53180236e+00  2.47587012e+00
  2.15048436e+00  5.02897420e-01  2.00967573e+00  3.84342682e+00
  8.53792733e-02  3.21914198e+00  4.69931982e-01  3.44112827e+00
  3.19653574e+00  1.25504833e-01  3.74155297e+00  1.90906619e+00
  1.53295364e+00  2.56948763e+00  1.70962042e+00  1.34595572e+00
  1.45172129e+00  5.67724534e-01  7.62647861e-01  1.63414731e+00
 -3.41089069e-03  1.59248583e+00  2.35925032e+00  1.66986046e+00
  1.64061510e+00  2.97272227e+00  2.20664770e+00  1.97295085e+00
  1.48118714e+00  2.24262633e+00  9.03164340e-01  2.25068432e+00
  3.21061404e+00  8.59015802e-01  4.52553829e-01  2.02249150e+00
 -3.26846360e-01 -1.67618059e-02  3.97504038e-01  6.62052674e-01
  1.48091247e+00  1.30380058e+00  3.45755940e-01  9.99569374e-01
  1.19836563e+00  1.43411280e+00  7.70927307e-01  1.56870048e+00
  3.41059870e+00  2.52209688e+00  3.63797700e+00  2.62952836e+00]
Device (GPU) time: 1.0463 seconds
Iters. done: 583 [Current cost: -20.803576798508313]
Current parameters: [ 3.19226826e+00  4.61943140e+00  3.10387768e+00  3.31302230e+00
  3.01345045e+00  1.70974948e+00  1.11870307e+00  1.86395801e+00
  2.26903747e+00  1.65320750e+00  2.53185118e+00  2.47579579e+00
  2.15043044e+00  5.02912526e-01  2.00984933e+00  3.84356351e+00
  8.53064371e-02  3.21915061e+00  4.69849941e-01  3.44119044e+00
  3.19667276e+00  1.25591531e-01  3.74166713e+00  1.90898681e+00
  1.53296168e+00  2.56948876e+00  1.70962863e+00  1.34600768e+00
  1.45174106e+00  5.67700004e-01  7.62635391e-01  1.63415890e+00
 -3.50856984e-03  1.59233395e+00  2.35931246e+00  1.66990809e+00
  1.64071224e+00  2.97278341e+00  2.20672446e+00  1.97303610e+00
  1.48116927e+00  2.24258337e+00  9.03167305e-01  2.25075020e+00
  3.21061621e+00  8.59138035e-01  4.52506442e-01  2.02246897e+00
 -3.26903919e-01 -1.67763886e-02  3.97460289e-01  6.62097622e-01
  1.48085646e+00  1.30386773e+00  3.45772574e-01  9.99509546e-01
  1.19831803e+00  1.43411167e+00  7.70968424e-01  1.56866377e+00
  3.41052962e+00  2.52214740e+00  3.63810753e+00  2.62959999e+00]
Device (GPU) time: 1.1244 seconds
Iters. done: 584 [Current cost: -20.92998065557562]
Current parameters: [ 3.19226542e+00  4.61951340e+00  3.10383079e+00  3.31293319e+00
  3.01339575e+00  1.70977494e+00  1.11872982e+00  1.86395393e+00
  2.26902718e+00  1.65327861e+00  2.53196917e+00  2.47583144e+00
  2.15047400e+00  5.02896612e-01  2.00978344e+00  3.84348631e+00
  8.53983165e-02  3.21913190e+00  4.69845695e-01  3.44121075e+00
  3.19659672e+00  1.25609005e-01  3.74176836e+00  1.90895605e+00
  1.53296696e+00  2.56938320e+00  1.70961802e+00  1.34606439e+00
  1.45174148e+00  5.67744035e-01  7.62774023e-01  1.63402185e+00
 -3.39917024e-03  1.59226293e+00  2.35935005e+00  1.66993762e+00
  1.64077098e+00  2.97266132e+00  2.20669343e+00  1.97297908e+00
  1.48127688e+00  2.24254212e+00  9.03010949e-01  2.25067451e+00
  3.21063901e+00  8.59221733e-01  4.52565922e-01  2.02248883e+00
 -3.26902604e-01 -1.66409080e-02  3.97610723e-01  6.62107106e-01
  1.48084079e+00  1.30388429e+00  3.45757329e-01  9.99519639e-01
  1.19822566e+00  1.43415583e+00  7.70925167e-01  1.56876279e+00
  3.41062416e+00  2.52215410e+00  3.63806448e+00  2.62958571e+00]
Device (GPU) time: 1.1130 seconds
Iters. done: 585 [Current cost: -20.938478001188084]
Current parameters: [ 3.19223944e+00  4.61945028e+00  3.10390000e+00  3.31300597e+00
  3.01340444e+00  1.70975026e+00  1.11867332e+00  1.86404935e+00
  2.26896266e+00  1.65315628e+00  2.53183760e+00  2.47583037e+00
  2.15048877e+00  5.02833785e-01  2.00984266e+00  3.84340904e+00
  8.53061968e-02  3.21915133e+00  4.69863673e-01  3.44120597e+00
  3.19664309e+00  1.25576928e-01  3.74158587e+00  1.90906332e+00
  1.53299420e+00  2.56943912e+00  1.70959760e+00  1.34600660e+00
  1.45175581e+00  5.67826376e-01  7.62679210e-01  1.63416617e+00
 -3.50823577e-03  1.59227473e+00  2.35927116e+00  1.66989941e+00
  1.64073780e+00  2.97277010e+00  2.20669154e+00  1.97306098e+00
  1.48120101e+00  2.24260108e+00  9.03150064e-01  2.25075495e+00
  3.21059602e+00  8.59161384e-01  4.52524705e-01  2.02245217e+00
 -3.26912808e-01 -1.67508969e-02  3.97532705e-01  6.62130030e-01
  1.48084990e+00  1.30385213e+00  3.45761954e-01  9.99484433e-01
  1.19830386e+00  1.43413029e+00  7.70963402e-01  1.56869110e+00
  3.41059374e+00  2.52215968e+00  3.63807383e+00  2.62958059e+00]
Device (GPU) time: 1.0939 seconds
Iters. done: 586 [Current cost: -20.899746415687538]
Current parameters: [ 3.19216465e+00  4.61944635e+00  3.10398513e+00  3.31298489e+00
  3.01343914e+00  1.70987009e+00  1.11867925e+00  1.86393396e+00
  2.26907732e+00  1.65320452e+00  2.53188585e+00  2.47587147e+00
  2.15038668e+00  5.03060371e-01  2.00978824e+00  3.84344506e+00
  8.51753861e-02  3.21913827e+00  4.69993242e-01  3.44115569e+00
  3.19656417e+00  1.25591485e-01  3.74162024e+00  1.90894925e+00
  1.53305014e+00  2.56952395e+00  1.70959693e+00  1.34593718e+00
  1.45188117e+00  5.67765482e-01  7.62673684e-01  1.63409247e+00
 -3.48371852e-03  1.59229944e+00  2.35918553e+00  1.66984423e+00
  1.64076861e+00  2.97275958e+00  2.20672379e+00  1.97303506e+00
  1.48129009e+00  2.24257764e+00  9.03078283e-01  2.25077699e+00
  3.21064606e+00  8.59145035e-01  4.52491157e-01  2.02231365e+00
 -3.26903907e-01 -1.68020438e-02  3.97499723e-01  6.62210304e-01
  1.48089300e+00  1.30390418e+00  3.45780478e-01  9.99489205e-01
  1.19831469e+00  1.43421247e+00  7.71005653e-01  1.56869009e+00
  3.41058673e+00  2.52209784e+00  3.63804336e+00  2.62958643e+00]
Device (GPU) time: 1.1130 seconds
Iters. done: 587 [Current cost: -20.943715123102105]
Current parameters: [ 3.19221727e+00  4.61950246e+00  3.10388852e+00  3.31299284e+00
  3.01347802e+00  1.70975922e+00  1.11873427e+00  1.86393854e+00
  2.26904776e+00  1.65325346e+00  2.53183739e+00  2.47576002e+00
  2.15044127e+00  5.02868203e-01  2.00982279e+00  3.84344879e+00
  8.52933380e-02  3.21906743e+00  4.69822653e-01  3.44118156e+00
  3.19665144e+00  1.25577280e-01  3.74162429e+00  1.90902037e+00
  1.53301853e+00  2.56946828e+00  1.70964929e+00  1.34597352e+00
  1.45174489e+00  5.67820131e-01  7.62639514e-01  1.63416118e+00
 -3.44397372e-03  1.59227943e+00  2.35922166e+00  1.66986705e+00
  1.64070485e+00  2.97270828e+00  2.20669736e+00  1.97302656e+00
  1.48119083e+00  2.24257597e+00  9.03122658e-01  2.25075064e+00
  3.21065136e+00  8.59144219e-01  4.52528410e-01  2.02246529e+00
 -3.26888862e-01 -1.67591767e-02  3.97537319e-01  6.62043205e-01
  1.48090546e+00  1.30383010e+00  3.45808360e-01  9.99437275e-01
  1.19832476e+00  1.43414434e+00  7.70985285e-01  1.56868259e+00
  3.41052662e+00  2.52213943e+00  3.63810996e+00  2.62951035e+00]
Device (GPU) time: 0.9919 seconds
Iters. done: 588 [Current cost: -20.935785309966516]
Current parameters: [ 3.19241515e+00  4.61964416e+00  3.10387845e+00  3.31294398e+00
  3.01336858e+00  1.70965541e+00  1.11879281e+00  1.86389381e+00
  2.26900923e+00  1.65326358e+00  2.53186762e+00  2.47588975e+00
  2.15045078e+00  5.02929807e-01  2.00975344e+00  3.84346815e+00
  8.53270736e-02  3.21912930e+00  4.69890426e-01  3.44115488e+00
  3.19662614e+00  1.25517919e-01  3.74168250e+00  1.90902023e+00
  1.53294504e+00  2.56949957e+00  1.70961160e+00  1.34594602e+00
  1.45175159e+00  5.67717680e-01  7.62640604e-01  1.63417033e+00
 -3.48712309e-03  1.59228850e+00  2.35917448e+00  1.66990602e+00
  1.64069061e+00  2.97279738e+00  2.20672689e+00  1.97313421e+00
  1.48115365e+00  2.24260444e+00  9.03210382e-01  2.25081945e+00
  3.21051102e+00  8.59247211e-01  4.52479165e-01  2.02246122e+00
 -3.26938689e-01 -1.68326181e-02  3.97606884e-01  6.62182689e-01
  1.48084611e+00  1.30392936e+00  3.45792238e-01  9.99372683e-01
  1.19830283e+00  1.43417594e+00  7.71013889e-01  1.56868812e+00
  3.41064078e+00  2.52224090e+00  3.63814582e+00  2.62951579e+00]
Device (GPU) time: 1.1284 seconds
Iters. done: 589 [Current cost: -20.953337565581975]
Current parameters: [ 3.19227972e+00  4.61938789e+00  3.10390397e+00  3.31296319e+00
  3.01341286e+00  1.70970381e+00  1.11866405e+00  1.86394313e+00
  2.26902756e+00  1.65326484e+00  2.53185441e+00  2.47581928e+00
  2.15045752e+00  5.02875909e-01  2.00978373e+00  3.84350482e+00
  8.53262934e-02  3.21904996e+00  4.69919349e-01  3.44119683e+00
  3.19661263e+00  1.25536138e-01  3.74168763e+00  1.90902651e+00
  1.53300560e+00  2.56946390e+00  1.70964705e+00  1.34601518e+00
  1.45173881e+00  5.67815073e-01  7.62642825e-01  1.63416035e+00
 -3.49026448e-03  1.59225030e+00  2.35919799e+00  1.66989591e+00
  1.64075122e+00  2.97275220e+00  2.20667689e+00  1.97305909e+00
  1.48119500e+00  2.24266739e+00  9.03140449e-01  2.25077466e+00
  3.21059538e+00  8.59157222e-01  4.52498820e-01  2.02244763e+00
 -3.26883968e-01 -1.67258780e-02  3.97512386e-01  6.62098756e-01
  1.48090733e+00  1.30388633e+00  3.45739543e-01  9.99496507e-01
  1.19831201e+00  1.43408096e+00  7.70986892e-01  1.56871485e+00
  3.41055331e+00  2.52209538e+00  3.63811809e+00  2.62961690e+00]
Device (GPU) time: 1.1163 seconds
Iters. done: 590 [Current cost: -20.85870425694769]
Current parameters: [ 3.19228964e+00  4.61934924e+00  3.10393616e+00  3.31295606e+00
  3.01346519e+00  1.70964635e+00  1.11865198e+00  1.86398128e+00
  2.26902447e+00  1.65319388e+00  2.53190517e+00  2.47582849e+00
  2.15051855e+00  5.02915891e-01  2.00974327e+00  3.84352371e+00
  8.52876114e-02  3.21908485e+00  4.69887839e-01  3.44124520e+00
  3.19664973e+00  1.25551671e-01  3.74157101e+00  1.90900824e+00
  1.53303139e+00  2.56960554e+00  1.70963198e+00  1.34595549e+00
  1.45176701e+00  5.67801944e-01  7.62655346e-01  1.63413440e+00
 -3.49442627e-03  1.59227430e+00  2.35917656e+00  1.66987656e+00
  1.64066719e+00  2.97265449e+00  2.20668698e+00  1.97307847e+00
  1.48118913e+00  2.24244846e+00  9.03100783e-01  2.25068969e+00
  3.21066042e+00  8.59264668e-01  4.52465705e-01  2.02253225e+00
 -3.26926384e-01 -1.68293221e-02  3.97562084e-01  6.62055467e-01
  1.48090622e+00  1.30389384e+00  3.45872955e-01  9.99510494e-01
  1.19824330e+00  1.43413318e+00  7.70847957e-01  1.56866940e+00
  3.41050486e+00  2.52234026e+00  3.63801554e+00  2.62970029e+00]
Device (GPU) time: 1.1660 seconds
Iters. done: 591 [Current cost: -21.001425489188687]
Current parameters: [ 3.19230169e+00  4.61946709e+00  3.10390571e+00  3.31301444e+00
  3.01343598e+00  1.70978695e+00  1.11870183e+00  1.86394741e+00
  2.26895481e+00  1.65323905e+00  2.53188764e+00  2.47579911e+00
  2.15044178e+00  5.02912541e-01  2.00978751e+00  3.84348493e+00
  8.52793957e-02  3.21904387e+00  4.69885774e-01  3.44122032e+00
  3.19665193e+00  1.25586292e-01  3.74163160e+00  1.90904214e+00
  1.53300918e+00  2.56944797e+00  1.70965460e+00  1.34598357e+00
  1.45171663e+00  5.67805810e-01  7.62638189e-01  1.63412068e+00
 -3.46991212e-03  1.59229397e+00  2.35924927e+00  1.66991903e+00
  1.64071376e+00  2.97275894e+00  2.20672994e+00  1.97303250e+00
  1.48120576e+00  2.24261600e+00  9.03177979e-01  2.25080131e+00
  3.21061634e+00  8.59140387e-01  4.52512408e-01  2.02243702e+00
 -3.26912164e-01 -1.67698592e-02  3.97476178e-01  6.62118007e-01
  1.48088747e+00  1.30384369e+00  3.45862791e-01  9.99554999e-01
  1.19826928e+00  1.43412552e+00  7.70858996e-01  1.56873692e+00
  3.41061860e+00  2.52217219e+00  3.63811971e+00  2.62955207e+00]
Device (GPU) time: 1.0020 seconds
Iters. done: 592 [Current cost: -20.916757924806763]
Current parameters: [ 3.19229819e+00  4.61946914e+00  3.10394754e+00  3.31296749e+00
  3.01346365e+00  1.70983894e+00  1.11870691e+00  1.86402422e+00
  2.26899664e+00  1.65323368e+00  2.53174090e+00  2.47581548e+00
  2.15048686e+00  5.02864630e-01  2.00982610e+00  3.84349011e+00
  8.53315698e-02  3.21906758e+00  4.69892203e-01  3.44118740e+00
  3.19663356e+00  1.25570391e-01  3.74167988e+00  1.90883883e+00
  1.53299920e+00  2.56952399e+00  1.70970992e+00  1.34604258e+00
  1.45168771e+00  5.67893639e-01  7.62718712e-01  1.63416056e+00
 -3.43135017e-03  1.59236441e+00  2.35929377e+00  1.66986959e+00
  1.64074613e+00  2.97280488e+00  2.20658293e+00  1.97305957e+00
  1.48121491e+00  2.24266452e+00  9.03187540e-01  2.25079398e+00
  3.21075355e+00  8.59199192e-01  4.52527420e-01  2.02253740e+00
 -3.26861815e-01 -1.68490056e-02  3.97554147e-01  6.62141630e-01
  1.48088232e+00  1.30406220e+00  3.45797711e-01  9.99491811e-01
  1.19825093e+00  1.43415573e+00  7.70893312e-01  1.56854043e+00
  3.41061088e+00  2.52215026e+00  3.63808872e+00  2.62953590e+00]
Device (GPU) time: 1.1214 seconds
Iters. done: 593 [Current cost: -20.90881109061243]
Current parameters: [ 3.19228898e+00  4.61946244e+00  3.10387600e+00  3.31303143e+00
  3.01342975e+00  1.70977002e+00  1.11869283e+00  1.86400110e+00
  2.26898218e+00  1.65327964e+00  2.53184431e+00  2.47579831e+00
  2.15045830e+00  5.02873130e-01  2.00979194e+00  3.84347072e+00
  8.52739481e-02  3.21906090e+00  4.69853220e-01  3.44121459e+00
  3.19664633e+00  1.25535835e-01  3.74165090e+00  1.90907057e+00
  1.53302149e+00  2.56945010e+00  1.70960293e+00  1.34596090e+00
  1.45172316e+00  5.67753414e-01  7.62646325e-01  1.63412601e+00
 -3.47756582e-03  1.59231860e+00  2.35927057e+00  1.66990141e+00
  1.64074314e+00  2.97273768e+00  2.20675372e+00  1.97307180e+00
  1.48124308e+00  2.24258955e+00  9.03096127e-01  2.25074160e+00
  3.21056892e+00  8.59160565e-01  4.52484409e-01  2.02245019e+00
 -3.26864422e-01 -1.67383472e-02  3.97484558e-01  6.62089476e-01
  1.48095464e+00  1.30397633e+00  3.45791274e-01  9.99493111e-01
  1.19831121e+00  1.43414201e+00  7.70971531e-01  1.56860071e+00
  3.41057263e+00  2.52217225e+00  3.63805031e+00  2.62957745e+00]
Device (GPU) time: 1.1194 seconds
Iters. done: 594 [Current cost: -20.9390044930107]
Current parameters: [ 3.19230826e+00  4.61939692e+00  3.10387743e+00  3.31306774e+00
  3.01339379e+00  1.70973200e+00  1.11870869e+00  1.86389086e+00
  2.26888112e+00  1.65329456e+00  2.53180156e+00  2.47574497e+00
  2.15045668e+00  5.02907634e-01  2.00981487e+00  3.84346600e+00
  8.53096279e-02  3.21913885e+00  4.69796072e-01  3.44118636e+00
  3.19660514e+00  1.25595698e-01  3.74159915e+00  1.90891354e+00
  1.53302419e+00  2.56947758e+00  1.70963154e+00  1.34591966e+00
  1.45172143e+00  5.67791862e-01  7.62700403e-01  1.63413859e+00
 -3.54482933e-03  1.59239416e+00  2.35918018e+00  1.66981847e+00
  1.64081894e+00  2.97283153e+00  2.20683773e+00  1.97306027e+00
  1.48120419e+00  2.24260423e+00  9.03045503e-01  2.25074961e+00
  3.21064565e+00  8.59214592e-01  4.52543854e-01  2.02249120e+00
 -3.26816168e-01 -1.68435570e-02  3.97552039e-01  6.62093591e-01
  1.48097991e+00  1.30378365e+00  3.45573929e-01  9.99463590e-01
  1.19824677e+00  1.43413697e+00  7.70866012e-01  1.56875739e+00
  3.41059084e+00  2.52219198e+00  3.63810483e+00  2.62957044e+00]
Device (GPU) time: 1.0227 seconds
Iters. done: 595 [Current cost: -20.91443533810191]
Current parameters: [ 3.19227441e+00  4.61947918e+00  3.10395238e+00  3.31297208e+00
  3.01339809e+00  1.70978201e+00  1.11866771e+00  1.86396390e+00
  2.26900369e+00  1.65317666e+00  2.53185100e+00  2.47582773e+00
  2.15043646e+00  5.02918656e-01  2.00977334e+00  3.84349930e+00
  8.53367531e-02  3.21906890e+00  4.69857281e-01  3.44120255e+00
  3.19663995e+00  1.25584199e-01  3.74165167e+00  1.90904565e+00
  1.53294057e+00  2.56946638e+00  1.70964037e+00  1.34594006e+00
  1.45173578e+00  5.67836246e-01  7.62614738e-01  1.63413306e+00
 -3.50799563e-03  1.59232290e+00  2.35931118e+00  1.66984469e+00
  1.64077647e+00  2.97272393e+00  2.20677182e+00  1.97298718e+00
  1.48116628e+00  2.24262021e+00  9.03146158e-01  2.25080627e+00
  3.21062896e+00  8.59159848e-01  4.52467394e-01  2.02249536e+00
 -3.26924186e-01 -1.67579394e-02  3.97574835e-01  6.62062076e-01
  1.48092686e+00  1.30388502e+00  3.45779138e-01  9.99493103e-01
  1.19826857e+00  1.43415510e+00  7.70993698e-01  1.56868024e+00
  3.41055979e+00  2.52215680e+00  3.63807012e+00  2.62960659e+00]
Device (GPU) time: 1.1488 seconds
Iters. done: 596 [Current cost: -20.91609997315714]
Current parameters: [ 3.19230019e+00  4.61946178e+00  3.10397891e+00  3.31301357e+00
  3.01340670e+00  1.70973968e+00  1.11870503e+00  1.86399293e+00
  2.26901211e+00  1.65314967e+00  2.53185699e+00  2.47583914e+00
  2.15044895e+00  5.02943986e-01  2.00977414e+00  3.84356974e+00
  8.53226724e-02  3.21901165e+00  4.69861261e-01  3.44123656e+00
  3.19667013e+00  1.25617800e-01  3.74167101e+00  1.90904073e+00
  1.53298604e+00  2.56951485e+00  1.70961504e+00  1.34597106e+00
  1.45174616e+00  5.67776251e-01  7.62683360e-01  1.63410120e+00
 -3.54997318e-03  1.59232171e+00  2.35934252e+00  1.66977038e+00
  1.64076687e+00  2.97268395e+00  2.20659580e+00  1.97319892e+00
  1.48127833e+00  2.24268791e+00  9.03044461e-01  2.25077174e+00
  3.21056820e+00  8.59152116e-01  4.52676590e-01  2.02254316e+00
 -3.26888260e-01 -1.67741409e-02  3.97371492e-01  6.62066746e-01
  1.48092139e+00  1.30382191e+00  3.45825026e-01  9.99320917e-01
  1.19836096e+00  1.43417380e+00  7.70938574e-01  1.56874676e+00
  3.41063008e+00  2.52218823e+00  3.63806502e+00  2.62955304e+00]
Device (GPU) time: 1.1142 seconds
Iters. done: 597 [Current cost: -20.90287027935216]
Current parameters: [ 3.19228743e+00  4.61941837e+00  3.10393686e+00  3.31297011e+00
  3.01340688e+00  1.70974292e+00  1.11869229e+00  1.86396780e+00
  2.26892523e+00  1.65327472e+00  2.53186076e+00  2.47581348e+00
  2.15039434e+00  5.02877833e-01  2.00980996e+00  3.84347231e+00
  8.53556740e-02  3.21903673e+00  4.69879578e-01  3.44121824e+00
  3.19663953e+00  1.25586565e-01  3.74162223e+00  1.90896319e+00
  1.53297586e+00  2.56949300e+00  1.70959174e+00  1.34598869e+00
  1.45173453e+00  5.67763804e-01  7.62696765e-01  1.63421732e+00
 -3.44228820e-03  1.59225571e+00  2.35929487e+00  1.66984578e+00
  1.64070424e+00  2.97277503e+00  2.20671531e+00  1.97303041e+00
  1.48119076e+00  2.24260696e+00  9.03106559e-01  2.25076532e+00
  3.21060649e+00  8.59137399e-01  4.52499993e-01  2.02240510e+00
 -3.26902741e-01 -1.67862595e-02  3.97504012e-01  6.62049504e-01
  1.48085639e+00  1.30388719e+00  3.45798830e-01  9.99502336e-01
  1.19831447e+00  1.43418366e+00  7.70998721e-01  1.56870349e+00
  3.41056786e+00  2.52219896e+00  3.63804524e+00  2.62956577e+00]
Device (GPU) time: 1.0212 seconds
Iters. done: 598 [Current cost: -20.951278157316832]
Current parameters: [ 3.19233681e+00  4.61937407e+00  3.10394659e+00  3.31300718e+00
  3.01337011e+00  1.70968350e+00  1.11872102e+00  1.86396755e+00
  2.26914546e+00  1.65326224e+00  2.53199138e+00  2.47591784e+00
  2.15037175e+00  5.02775010e-01  2.00983301e+00  3.84335410e+00
  8.50884403e-02  3.21905847e+00  4.69918031e-01  3.44121724e+00
  3.19663520e+00  1.25646563e-01  3.74166848e+00  1.90894304e+00
  1.53299050e+00  2.56943756e+00  1.70967209e+00  1.34600649e+00
  1.45175149e+00  5.67829757e-01  7.62677641e-01  1.63412504e+00
 -3.48235613e-03  1.59228214e+00  2.35934214e+00  1.66989187e+00
  1.64067244e+00  2.97273445e+00  2.20683661e+00  1.97304728e+00
  1.48118227e+00  2.24263711e+00  9.03212711e-01  2.25074726e+00
  3.21061452e+00  8.59150476e-01  4.52535653e-01  2.02258508e+00
 -3.26870161e-01 -1.68001305e-02  3.97479647e-01  6.62037272e-01
  1.48089240e+00  1.30389410e+00  3.45708172e-01  9.99474642e-01
  1.19830771e+00  1.43419378e+00  7.70947607e-01  1.56868068e+00
  3.41057742e+00  2.52219528e+00  3.63805536e+00  2.62953344e+00]
Device (GPU) time: 1.1352 seconds
Iters. done: 599 [Current cost: -20.90064085941025]
Current parameters: [ 3.19235759e+00  4.61943126e+00  3.10388815e+00  3.31296828e+00
  3.01347556e+00  1.70976354e+00  1.11865717e+00  1.86398976e+00
  2.26901746e+00  1.65325997e+00  2.53186309e+00  2.47581214e+00
  2.15046918e+00  5.02902240e-01  2.00980154e+00  3.84348361e+00
  8.52965235e-02  3.21904912e+00  4.69848874e-01  3.44117464e+00
  3.19660992e+00  1.25627955e-01  3.74163436e+00  1.90908889e+00
  1.53299198e+00  2.56945314e+00  1.70966025e+00  1.34591772e+00
  1.45180155e+00  5.67795797e-01  7.62653327e-01  1.63417666e+00
 -3.47630364e-03  1.59227131e+00  2.35930832e+00  1.66989765e+00
  1.64072825e+00  2.97277296e+00  2.20667873e+00  1.97302170e+00
  1.48121943e+00  2.24256884e+00  9.03087770e-01  2.25075551e+00
  3.21064426e+00  8.59152184e-01  4.52504794e-01  2.02248030e+00
 -3.26937582e-01 -1.68370616e-02  3.97493489e-01  6.62107076e-01
  1.48085871e+00  1.30391764e+00  3.45720793e-01  9.99478742e-01
  1.19828866e+00  1.43411818e+00  7.70965109e-01  1.56871056e+00
  3.41057696e+00  2.52215591e+00  3.63811302e+00  2.62954788e+00]
Device (GPU) time: 1.1035 seconds
Iters. done: 600 [Current cost: -20.99095981229355]
Current parameters: [ 3.19231245e+00  4.61949844e+00  3.10394641e+00  3.31293763e+00
  3.01348574e+00  1.70966754e+00  1.11855440e+00  1.86387968e+00
  2.26907852e+00  1.65328018e+00  2.53184595e+00  2.47579297e+00
  2.15052771e+00  5.02981060e-01  2.00980662e+00  3.84342776e+00
  8.53597723e-02  3.21908928e+00  4.69826121e-01  3.44120725e+00
  3.19660969e+00  1.25662804e-01  3.74156218e+00  1.90893826e+00
  1.53299292e+00  2.56939308e+00  1.70970367e+00  1.34598913e+00
  1.45182557e+00  5.67859144e-01  7.62743128e-01  1.63415446e+00
 -3.51945297e-03  1.59232261e+00  2.35928242e+00  1.66986575e+00
  1.64068969e+00  2.97291239e+00  2.20676340e+00  1.97310121e+00
  1.48121241e+00  2.24257602e+00  9.03098173e-01  2.25080707e+00
  3.21055879e+00  8.59182712e-01  4.52464910e-01  2.02250320e+00
 -3.26894236e-01 -1.65979920e-02  3.97412093e-01  6.62082871e-01
  1.48089213e+00  1.30382445e+00  3.45868261e-01  9.99497764e-01
  1.19825258e+00  1.43410178e+00  7.71001501e-01  1.56857755e+00
  3.41059640e+00  2.52219255e+00  3.63803477e+00  2.62954975e+00]
Device (GPU) time: 1.1085 seconds
Iters. done: 601 [Current cost: -21.02536650310041]
Current parameters: [ 3.19231253e+00  4.61942850e+00  3.10391527e+00  3.31301322e+00
  3.01342931e+00  1.70977264e+00  1.11867975e+00  1.86392316e+00
  2.26900874e+00  1.65321936e+00  2.53182466e+00  2.47582013e+00
  2.15044597e+00  5.02875687e-01  2.00976200e+00  3.84352414e+00
  8.52683302e-02  3.21907245e+00  4.69855808e-01  3.44117167e+00
  3.19668823e+00  1.25523870e-01  3.74165434e+00  1.90905891e+00
  1.53300777e+00  2.56949683e+00  1.70967577e+00  1.34605558e+00
  1.45175893e+00  5.67798285e-01  7.62716574e-01  1.63417687e+00
 -3.51331364e-03  1.59227205e+00  2.35925748e+00  1.66981372e+00
  1.64071191e+00  2.97274454e+00  2.20673770e+00  1.97299604e+00
  1.48124031e+00  2.24257547e+00  9.03151373e-01  2.25072221e+00
  3.21059042e+00  8.59156841e-01  4.52543159e-01  2.02245490e+00
 -3.26931945e-01 -1.67658948e-02  3.97518438e-01  6.62105671e-01
  1.48087887e+00  1.30385355e+00  3.45757539e-01  9.99500982e-01
  1.19823088e+00  1.43413679e+00  7.70995104e-01  1.56864472e+00
  3.41062368e+00  2.52216942e+00  3.63806727e+00  2.62953031e+00]
Device (GPU) time: 1.0400 seconds
Iters. done: 602 [Current cost: -20.852385126830274]
Current parameters: [ 3.19222881e+00  4.61946676e+00  3.10392398e+00  3.31303995e+00
  3.01348739e+00  1.70977416e+00  1.11874313e+00  1.86402615e+00
  2.26899235e+00  1.65327614e+00  2.53201410e+00  2.47577988e+00
  2.15050371e+00  5.02878322e-01  2.00973704e+00  3.84345237e+00
  8.53838121e-02  3.21902134e+00  4.69947662e-01  3.44113782e+00
  3.19667082e+00  1.25621104e-01  3.74159877e+00  1.90901206e+00
  1.53306723e+00  2.56939729e+00  1.70958655e+00  1.34600506e+00
  1.45169155e+00  5.67794114e-01  7.62727193e-01  1.63413716e+00
 -3.55532004e-03  1.59245315e+00  2.35920769e+00  1.66985099e+00
  1.64077035e+00  2.97273416e+00  2.20671849e+00  1.97306485e+00
  1.48115859e+00  2.24262557e+00  9.03184294e-01  2.25066161e+00
  3.21067312e+00  8.59229788e-01  4.52439138e-01  2.02250803e+00
 -3.26952166e-01 -1.68457969e-02  3.97389455e-01  6.62095263e-01
  1.48085322e+00  1.30389931e+00  3.45802913e-01  9.99496259e-01
  1.19819193e+00  1.43411537e+00  7.71164370e-01  1.56874389e+00
  3.41056802e+00  2.52218736e+00  3.63812171e+00  2.62956259e+00]
Device (GPU) time: 1.1118 seconds
Iters. done: 603 [Current cost: -20.909671329576955]
Current parameters: [ 3.19229218e+00  4.61949642e+00  3.10394518e+00  3.31299421e+00
  3.01341578e+00  1.70979328e+00  1.11865779e+00  1.86398723e+00
  2.26896745e+00  1.65325611e+00  2.53185708e+00  2.47584172e+00
  2.15047641e+00  5.02848543e-01  2.00977383e+00  3.84349904e+00
  8.52903680e-02  3.21910624e+00  4.69871831e-01  3.44120929e+00
  3.19663575e+00  1.25573476e-01  3.74170706e+00  1.90898774e+00
  1.53310190e+00  2.56945944e+00  1.70962813e+00  1.34596380e+00
  1.45180815e+00  5.67779280e-01  7.62619204e-01  1.63409632e+00
 -3.51497224e-03  1.59229548e+00  2.35927152e+00  1.66982945e+00
  1.64071411e+00  2.97280235e+00  2.20668063e+00  1.97305227e+00
  1.48119468e+00  2.24258035e+00  9.03169744e-01  2.25075312e+00
  3.21059725e+00  8.59148665e-01  4.52508757e-01  2.02245966e+00
 -3.26890882e-01 -1.67580451e-02  3.97524306e-01  6.62003492e-01
  1.48085254e+00  1.30387739e+00  3.45765996e-01  9.99501359e-01
  1.19828147e+00  1.43411175e+00  7.70964161e-01  1.56870312e+00
  3.41054241e+00  2.52218759e+00  3.63808889e+00  2.62955606e+00]
Device (GPU) time: 1.1390 seconds
Iters. done: 604 [Current cost: -20.93277195810862]
Current parameters: [ 3.19231778e+00  4.61947410e+00  3.10405245e+00  3.31313807e+00
  3.01338297e+00  1.70977911e+00  1.11853307e+00  1.86397137e+00
  2.26902237e+00  1.65330120e+00  2.53187698e+00  2.47584363e+00
  2.15046125e+00  5.02912961e-01  2.00970566e+00  3.84349988e+00
  8.52772820e-02  3.21906299e+00  4.69811497e-01  3.44121819e+00
  3.19671232e+00  1.25563718e-01  3.74160291e+00  1.90900216e+00
  1.53294409e+00  2.56945829e+00  1.70962021e+00  1.34600342e+00
  1.45169920e+00  5.67847449e-01  7.62688311e-01  1.63415250e+00
 -3.42472369e-03  1.59234326e+00  2.35929259e+00  1.66990403e+00
  1.64072493e+00  2.97271045e+00  2.20671876e+00  1.97309991e+00
  1.48123720e+00  2.24260232e+00  9.03086197e-01  2.25072874e+00
  3.21057863e+00  8.59175287e-01  4.52498162e-01  2.02244525e+00
 -3.26854018e-01 -1.67409199e-02  3.97569406e-01  6.62216053e-01
  1.48075865e+00  1.30387551e+00  3.45755325e-01  9.99492837e-01
  1.19831934e+00  1.43417392e+00  7.70956326e-01  1.56869850e+00
  3.41034095e+00  2.52219709e+00  3.63822688e+00  2.62950617e+00]
Device (GPU) time: 1.0883 seconds
Iters. done: 605 [Current cost: -20.905740908970145]
Current parameters: [ 3.19231626e+00  4.61945799e+00  3.10387223e+00  3.31303801e+00
  3.01340815e+00  1.70977798e+00  1.11867192e+00  1.86395629e+00
  2.26899179e+00  1.65328261e+00  2.53186639e+00  2.47580075e+00
  2.15048089e+00  5.02901633e-01  2.00984798e+00  3.84349460e+00
  8.53056042e-02  3.21905777e+00  4.69924473e-01  3.44120034e+00
  3.19663436e+00  1.25588024e-01  3.74169917e+00  1.90905539e+00
  1.53298044e+00  2.56943379e+00  1.70964799e+00  1.34599649e+00
  1.45178164e+00  5.67828201e-01  7.62643115e-01  1.63415637e+00
 -3.50665691e-03  1.59230353e+00  2.35927729e+00  1.66981959e+00
  1.64070197e+00  2.97275880e+00  2.20669550e+00  1.97307054e+00
  1.48114900e+00  2.24258553e+00  9.03151579e-01  2.25072121e+00
  3.21068312e+00  8.59166610e-01  4.52521247e-01  2.02246231e+00
 -3.26861133e-01 -1.67515464e-02  3.97534821e-01  6.62163315e-01
  1.48091021e+00  1.30383377e+00  3.45788609e-01  9.99511131e-01
  1.19834813e+00  1.43418872e+00  7.70990505e-01  1.56867563e+00
  3.41056466e+00  2.52221712e+00  3.63804927e+00  2.62959155e+00]
Device (GPU) time: 1.1302 seconds
Iters. done: 606 [Current cost: -20.8694011073185]
Current parameters: [ 3.19227159e+00  4.61941089e+00  3.10385000e+00  3.31306082e+00
  3.01343207e+00  1.70981238e+00  1.11865497e+00  1.86385899e+00
  2.26906873e+00  1.65321107e+00  2.53181206e+00  2.47564198e+00
  2.15045799e+00  5.02838411e-01  2.00969374e+00  3.84356001e+00
  8.53232443e-02  3.21911313e+00  4.70007930e-01  3.44126974e+00
  3.19656521e+00  1.25593084e-01  3.74157525e+00  1.90905537e+00
  1.53301442e+00  2.56946730e+00  1.70958101e+00  1.34599021e+00
  1.45176145e+00  5.67846072e-01  7.62688087e-01  1.63412132e+00
 -3.52342130e-03  1.59228518e+00  2.35930965e+00  1.66998747e+00
  1.64071485e+00  2.97278522e+00  2.20669481e+00  1.97309390e+00
  1.48115620e+00  2.24253538e+00  9.03136481e-01  2.25083151e+00
  3.21052133e+00  8.59194766e-01  4.52541420e-01  2.02254303e+00
 -3.26809119e-01 -1.68256603e-02  3.97553263e-01  6.62015320e-01
  1.48080561e+00  1.30392136e+00  3.45782631e-01  9.99511616e-01
  1.19826787e+00  1.43431113e+00  7.71011092e-01  1.56872769e+00
  3.41059438e+00  2.52211348e+00  3.63804868e+00  2.62952576e+00]
Device (GPU) time: 1.0467 seconds
Iters. done: 607 [Current cost: -20.948864581084333]
Current parameters: [ 3.19228984e+00  4.61943487e+00  3.10387006e+00  3.31303535e+00
  3.01339580e+00  1.70978890e+00  1.11870995e+00  1.86398153e+00
  2.26903866e+00  1.65320514e+00  2.53190607e+00  2.47579590e+00
  2.15046603e+00  5.02943946e-01  2.00975591e+00  3.84342136e+00
  8.53517647e-02  3.21908858e+00  4.69887505e-01  3.44124945e+00
  3.19669921e+00  1.25555473e-01  3.74167849e+00  1.90900809e+00
  1.53303881e+00  2.56946774e+00  1.70969880e+00  1.34601494e+00
  1.45173673e+00  5.67806400e-01  7.62637096e-01  1.63420116e+00
 -3.48523066e-03  1.59232651e+00  2.35928100e+00  1.66988767e+00
  1.64067383e+00  2.97279761e+00  2.20669444e+00  1.97305939e+00
  1.48126906e+00  2.24259799e+00  9.03103268e-01  2.25079169e+00
  3.21060734e+00  8.59148702e-01  4.52463514e-01  2.02246821e+00
 -3.26930379e-01 -1.67874754e-02  3.97534076e-01  6.62071384e-01
  1.48090767e+00  1.30385892e+00  3.45740724e-01  9.99479587e-01
  1.19831806e+00  1.43415218e+00  7.70967640e-01  1.56869587e+00
  3.41055763e+00  2.52217979e+00  3.63807000e+00  2.62957468e+00]
Device (GPU) time: 1.1657 seconds
Iters. done: 608 [Current cost: -20.884098047124873]
Current parameters: [ 3.19216628e+00  4.61953192e+00  3.10383126e+00  3.31306362e+00
  3.01340344e+00  1.70981108e+00  1.11868523e+00  1.86405232e+00
  2.26907012e+00  1.65325046e+00  2.53191529e+00  2.47589227e+00
  2.15043850e+00  5.02923829e-01  2.00985264e+00  3.84360622e+00
  8.52087495e-02  3.21899844e+00  4.69885640e-01  3.44110494e+00
  3.19654349e+00  1.25568234e-01  3.74158906e+00  1.90903918e+00
  1.53296225e+00  2.56948573e+00  1.70972271e+00  1.34596482e+00
  1.45163043e+00  5.67807987e-01  7.62628618e-01  1.63423811e+00
 -3.44785225e-03  1.59229476e+00  2.35922808e+00  1.66985773e+00
  1.64074040e+00  2.97290268e+00  2.20669550e+00  1.97305570e+00
  1.48120275e+00  2.24262063e+00  9.03036034e-01  2.25076550e+00
  3.21053642e+00  8.59157772e-01  4.52545428e-01  2.02252146e+00
 -3.26827593e-01 -1.67539826e-02  3.97580373e-01  6.62048593e-01
  1.48080270e+00  1.30388092e+00  3.45791755e-01  9.99511045e-01
  1.19821882e+00  1.43406260e+00  7.70985544e-01  1.56874644e+00
  3.41056894e+00  2.52226635e+00  3.63799193e+00  2.62959023e+00]
Device (GPU) time: 1.0998 seconds
Iters. done: 609 [Current cost: -20.86883189009074]
Current parameters: [ 3.19227056e+00  4.61948539e+00  3.10390554e+00  3.31301458e+00
  3.01346354e+00  1.70975861e+00  1.11864922e+00  1.86388838e+00
  2.26902505e+00  1.65321296e+00  2.53186431e+00  2.47579616e+00
  2.15045274e+00  5.02866772e-01  2.00977764e+00  3.84348776e+00
  8.52839183e-02  3.21909349e+00  4.69882986e-01  3.44123064e+00
  3.19664111e+00  1.25549945e-01  3.74160799e+00  1.90900300e+00
  1.53301135e+00  2.56939831e+00  1.70965029e+00  1.34599426e+00
  1.45173706e+00  5.67790089e-01  7.62640939e-01  1.63419683e+00
 -3.48955627e-03  1.59234181e+00  2.35926353e+00  1.66983620e+00
  1.64072958e+00  2.97272890e+00  2.20671381e+00  1.97303251e+00
  1.48118123e+00  2.24262147e+00  9.03128955e-01  2.25076059e+00
  3.21064122e+00  8.59175757e-01  4.52540841e-01  2.02243456e+00
 -3.26953813e-01 -1.67334058e-02  3.97499858e-01  6.62088819e-01
  1.48084536e+00  1.30397133e+00  3.45735170e-01  9.99476366e-01
  1.19835296e+00  1.43411559e+00  7.70933774e-01  1.56873542e+00
  3.41059115e+00  2.52222474e+00  3.63804513e+00  2.62958511e+00]
Device (GPU) time: 1.1676 seconds
Iters. done: 610 [Current cost: -20.860567174105977]
Current parameters: [ 3.19230168e+00  4.61946440e+00  3.10396643e+00  3.31297067e+00
  3.01343787e+00  1.70982253e+00  1.11870179e+00  1.86399977e+00
  2.26904070e+00  1.65330286e+00  2.53181739e+00  2.47584022e+00
  2.15044668e+00  5.02845093e-01  2.00973660e+00  3.84357447e+00
  8.52737262e-02  3.21914895e+00  4.69861791e-01  3.44127267e+00
  3.19662061e+00  1.25625885e-01  3.74171450e+00  1.90901172e+00
  1.53305370e+00  2.56949035e+00  1.70954666e+00  1.34597264e+00
  1.45172542e+00  5.67920504e-01  7.62634080e-01  1.63417389e+00
 -3.42868036e-03  1.59233783e+00  2.35926362e+00  1.67005041e+00
  1.64067836e+00  2.97278318e+00  2.20675207e+00  1.97297673e+00
  1.48114888e+00  2.24267543e+00  9.03032510e-01  2.25077862e+00
  3.21060539e+00  8.59315715e-01  4.52606957e-01  2.02241018e+00
 -3.27018183e-01 -1.68226340e-02  3.97458756e-01  6.62114644e-01
  1.48093382e+00  1.30375536e+00  3.45769291e-01  9.99494994e-01
  1.19834757e+00  1.43406832e+00  7.71039119e-01  1.56861984e+00
  3.41057892e+00  2.52224639e+00  3.63800699e+00  2.62955729e+00]
Device (GPU) time: 0.9920 seconds
Iters. done: 611 [Current cost: -20.96248341691598]
Current parameters: [ 3.19223370e+00  4.61947110e+00  3.10394144e+00  3.31296921e+00
  3.01346441e+00  1.70976847e+00  1.11875584e+00  1.86395326e+00
  2.26900697e+00  1.65330310e+00  2.53183074e+00  2.47584471e+00
  2.15049533e+00  5.02901548e-01  2.00979208e+00  3.84350603e+00
  8.52955146e-02  3.21908496e+00  4.69905556e-01  3.44120967e+00
  3.19663242e+00  1.25559278e-01  3.74164369e+00  1.90903480e+00
  1.53301485e+00  2.56948278e+00  1.70964383e+00  1.34596460e+00
  1.45174771e+00  5.67848641e-01  7.62716878e-01  1.63419817e+00
 -3.49735889e-03  1.59233000e+00  2.35931167e+00  1.66990406e+00
  1.64074543e+00  2.97276425e+00  2.20673119e+00  1.97307786e+00
  1.48121389e+00  2.24257705e+00  9.03156854e-01  2.25073099e+00
  3.21057684e+00  8.59083570e-01  4.52524454e-01  2.02248703e+00
 -3.26952311e-01 -1.67424656e-02  3.97520776e-01  6.62083349e-01
  1.48089838e+00  1.30387495e+00  3.45742308e-01  9.99512600e-01
  1.19831903e+00  1.43417753e+00  7.70951072e-01  1.56870112e+00
  3.41056694e+00  2.52220896e+00  3.63813411e+00  2.62962467e+00]
Device (GPU) time: 1.6578 seconds
Iters. done: 612 [Current cost: -20.89470300187461]
Current parameters: [ 3.19227202e+00  4.61948487e+00  3.10395195e+00  3.31300568e+00
  3.01343984e+00  1.70982844e+00  1.11861819e+00  1.86393431e+00
  2.26901163e+00  1.65311832e+00  2.53188475e+00  2.47582011e+00
  2.15058410e+00  5.02856922e-01  2.00974974e+00  3.84350182e+00
  8.53149358e-02  3.21908274e+00  4.69800511e-01  3.44116844e+00
  3.19656358e+00  1.25639467e-01  3.74168675e+00  1.90894850e+00
  1.53300816e+00  2.56949734e+00  1.70967707e+00  1.34596489e+00
  1.45171877e+00  5.67746562e-01  7.62742313e-01  1.63420125e+00
 -3.56223930e-03  1.59221469e+00  2.35924838e+00  1.66999305e+00
  1.64065146e+00  2.97266404e+00  2.20675716e+00  1.97303019e+00
  1.48122257e+00  2.24262975e+00  9.03128798e-01  2.25077310e+00
  3.21064546e+00  8.59062969e-01  4.52482613e-01  2.02243330e+00
 -3.26733230e-01 -1.68083471e-02  3.97512550e-01  6.62093113e-01
  1.48096938e+00  1.30390007e+00  3.45770123e-01  9.99533477e-01
  1.19838242e+00  1.43409358e+00  7.71077496e-01  1.56872119e+00
  3.41065912e+00  2.52232460e+00  3.63816068e+00  2.62955244e+00]
Device (GPU) time: 1.1397 seconds
Iters. done: 613 [Current cost: -20.900560543968442]
Current parameters: [ 3.19225816e+00  4.61946569e+00  3.10393796e+00  3.31300115e+00
  3.01346511e+00  1.70976556e+00  1.11870197e+00  1.86396068e+00
  2.26901289e+00  1.65323017e+00  2.53185245e+00  2.47580824e+00
  2.15039362e+00  5.02867774e-01  2.00976287e+00  3.84347764e+00
  8.52890741e-02  3.21906974e+00  4.69857052e-01  3.44115276e+00
  3.19665332e+00  1.25632076e-01  3.74163760e+00  1.90901857e+00
  1.53295986e+00  2.56944764e+00  1.70964358e+00  1.34598412e+00
  1.45173242e+00  5.67804983e-01  7.62655356e-01  1.63413886e+00
 -3.49017861e-03  1.59231924e+00  2.35929089e+00  1.66984997e+00
  1.64065372e+00  2.97274087e+00  2.20664718e+00  1.97312980e+00
  1.48119713e+00  2.24257461e+00  9.03128880e-01  2.25076854e+00
  3.21057388e+00  8.59223173e-01  4.52499937e-01  2.02242574e+00
 -3.26903543e-01 -1.67621521e-02  3.97538789e-01  6.62081200e-01
  1.48093588e+00  1.30387274e+00  3.45713556e-01  9.99584694e-01
  1.19829592e+00  1.43412406e+00  7.70974014e-01  1.56868546e+00
  3.41060205e+00  2.52217253e+00  3.63809791e+00  2.62959061e+00]
Device (GPU) time: 1.1370 seconds
Iters. done: 614 [Current cost: -20.973460749308927]
Current parameters: [ 3.19225785e+00  4.61936211e+00  3.10391406e+00  3.31292034e+00
  3.01350149e+00  1.70975191e+00  1.11869326e+00  1.86396189e+00
  2.26897987e+00  1.65322452e+00  2.53199532e+00  2.47568499e+00
  2.15052764e+00  5.02923704e-01  2.00976742e+00  3.84353424e+00
  8.52515505e-02  3.21911750e+00  4.69749685e-01  3.44123683e+00
  3.19661125e+00  1.25580171e-01  3.74170854e+00  1.90903115e+00
  1.53292194e+00  2.56957072e+00  1.70956037e+00  1.34593438e+00
  1.45175130e+00  5.67904321e-01  7.62652892e-01  1.63406364e+00
 -3.35952103e-03  1.59234089e+00  2.35929305e+00  1.66981926e+00
  1.64071331e+00  2.97281474e+00  2.20679130e+00  1.97321886e+00
  1.48120651e+00  2.24261756e+00  9.03168649e-01  2.25070417e+00
  3.21061062e+00  8.59104124e-01  4.52427113e-01  2.02243601e+00
 -3.26924824e-01 -1.67953600e-02  3.97586406e-01  6.62087329e-01
  1.48078822e+00  1.30389808e+00  3.45772500e-01  9.99501573e-01
  1.19836940e+00  1.43404850e+00  7.70995532e-01  1.56868207e+00
  3.41066359e+00  2.52214905e+00  3.63801287e+00  2.62946575e+00]
Device (GPU) time: 1.0638 seconds
Iters. done: 615 [Current cost: -21.0105050253036]
Current parameters: [ 3.19230289e+00  4.61948686e+00  3.10387440e+00  3.31298713e+00
  3.01341122e+00  1.70981979e+00  1.11863440e+00  1.86395670e+00
  2.26901435e+00  1.65326483e+00  2.53185741e+00  2.47583061e+00
  2.15048017e+00  5.02875122e-01  2.00979894e+00  3.84350825e+00
  8.52811871e-02  3.21907693e+00  4.69873685e-01  3.44121810e+00
  3.19666763e+00  1.25529687e-01  3.74161950e+00  1.90895609e+00
  1.53291312e+00  2.56945718e+00  1.70959005e+00  1.34594627e+00
  1.45171774e+00  5.67821561e-01  7.62662848e-01  1.63414102e+00
 -3.49158663e-03  1.59226552e+00  2.35925247e+00  1.66990712e+00
  1.64070556e+00  2.97275612e+00  2.20671046e+00  1.97311825e+00
  1.48125888e+00  2.24254896e+00  9.03179764e-01  2.25075442e+00
  3.21066286e+00  8.59142057e-01  4.52507914e-01  2.02246744e+00
 -3.26948498e-01 -1.67778061e-02  3.97480173e-01  6.62066474e-01
  1.48092211e+00  1.30385901e+00  3.45748773e-01  9.99483047e-01
  1.19827138e+00  1.43411606e+00  7.70998705e-01  1.56872789e+00
  3.41056302e+00  2.52214958e+00  3.63803317e+00  2.62956630e+00]
Device (GPU) time: 1.1215 seconds
Iters. done: 616 [Current cost: -20.87135737070814]
Current parameters: [ 3.19227122e+00  4.61945391e+00  3.10392090e+00  3.31298940e+00
  3.01342796e+00  1.70973408e+00  1.11868534e+00  1.86396562e+00
  2.26899237e+00  1.65323681e+00  2.53185847e+00  2.47580719e+00
  2.15045562e+00  5.02869147e-01  2.00975105e+00  3.84349328e+00
  8.52662969e-02  3.21909528e+00  4.69846179e-01  3.44121298e+00
  3.19662445e+00  1.25569659e-01  3.74167023e+00  1.90900334e+00
  1.53298653e+00  2.56944517e+00  1.70965973e+00  1.34598198e+00
  1.45172134e+00  5.67801652e-01  7.62650481e-01  1.63415461e+00
 -3.50615476e-03  1.59230816e+00  2.35926000e+00  1.66988075e+00
  1.64073027e+00  2.97277787e+00  2.20670121e+00  1.97306914e+00
  1.48119844e+00  2.24258586e+00  9.03101542e-01  2.25074190e+00
  3.21063025e+00  8.59131140e-01  4.52496484e-01  2.02247408e+00
 -3.26923715e-01 -1.67841236e-02  3.97514219e-01  6.62111185e-01
  1.48088122e+00  1.30387227e+00  3.45796062e-01  9.99508566e-01
  1.19830754e+00  1.43415856e+00  7.70986836e-01  1.56869788e+00
  3.41057970e+00  2.52215825e+00  3.63806275e+00  2.62956275e+00]
Device (GPU) time: 1.1090 seconds
Iters. done: 617 [Current cost: -20.88133934169514]
Current parameters: [ 3.19229269e+00  4.61943148e+00  3.10391381e+00  3.31300383e+00
  3.01345432e+00  1.70976562e+00  1.11869450e+00  1.86395253e+00
  2.26895673e+00  1.65324155e+00  2.53181568e+00  2.47576876e+00
  2.15040833e+00  5.02907778e-01  2.00979404e+00  3.84347834e+00
  8.52865573e-02  3.21906996e+00  4.69842834e-01  3.44117622e+00
  3.19663217e+00  1.25609855e-01  3.74165205e+00  1.90900982e+00
  1.53300468e+00  2.56946983e+00  1.70968961e+00  1.34594770e+00
  1.45176949e+00  5.67788903e-01  7.62665390e-01  1.63412294e+00
 -3.47409755e-03  1.59231474e+00  2.35924989e+00  1.66994180e+00
  1.64073610e+00  2.97273130e+00  2.20669416e+00  1.97305986e+00
  1.48128444e+00  2.24265683e+00  9.03211069e-01  2.25073034e+00
  3.21059244e+00  8.59174226e-01  4.52491154e-01  2.02251316e+00
 -3.26919741e-01 -1.67418828e-02  3.97539713e-01  6.62107777e-01
  1.48083979e+00  1.30386045e+00  3.45768202e-01  9.99493553e-01
  1.19832152e+00  1.43413708e+00  7.71016342e-01  1.56871370e+00
  3.41054545e+00  2.52221890e+00  3.63799517e+00  2.62958514e+00]
Device (GPU) time: 1.0262 seconds
Iters. done: 618 [Current cost: -20.865767106300034]
Current parameters: [ 3.19228692e+00  4.61946725e+00  3.10391668e+00  3.31298908e+00
  3.01342459e+00  1.70976596e+00  1.11868632e+00  1.86396295e+00
  2.26899654e+00  1.65325344e+00  2.53186884e+00  2.47578543e+00
  2.15048569e+00  5.02911509e-01  2.00979660e+00  3.84348816e+00
  8.52439343e-02  3.21909003e+00  4.69854242e-01  3.44123667e+00
  3.19664431e+00  1.25584430e-01  3.74164439e+00  1.90901974e+00
  1.53299501e+00  2.56948812e+00  1.70960312e+00  1.34598589e+00
  1.45174222e+00  5.67787529e-01  7.62672592e-01  1.63417553e+00
 -3.48241109e-03  1.59231150e+00  2.35926263e+00  1.66986377e+00
  1.64070158e+00  2.97275120e+00  2.20668292e+00  1.97304039e+00
  1.48120324e+00  2.24262780e+00  9.03130824e-01  2.25076836e+00
  3.21061603e+00  8.59164606e-01  4.52490207e-01  2.02250088e+00
 -3.26904322e-01 -1.67483230e-02  3.97521222e-01  6.62095955e-01
  1.48088618e+00  1.30387838e+00  3.45761726e-01  9.99513474e-01
  1.19828963e+00  1.43413794e+00  7.70988239e-01  1.56870605e+00
  3.41058172e+00  2.52216365e+00  3.63807524e+00  2.62957010e+00]
Device (GPU) time: 1.1345 seconds
Iters. done: 619 [Current cost: -20.945100496613097]
Current parameters: [ 3.19228340e+00  4.61944204e+00  3.10392737e+00  3.31300603e+00
  3.01339967e+00  1.70972144e+00  1.11871062e+00  1.86396878e+00
  2.26905638e+00  1.65324658e+00  2.53190243e+00  2.47581358e+00
  2.15050914e+00  5.02892844e-01  2.00979706e+00  3.84351331e+00
  8.52961893e-02  3.21903435e+00  4.69792581e-01  3.44127931e+00
  3.19665002e+00  1.25598907e-01  3.74160340e+00  1.90901768e+00
  1.53297501e+00  2.56946406e+00  1.70965198e+00  1.34596939e+00
  1.45175919e+00  5.67791855e-01  7.62657396e-01  1.63412245e+00
 -3.47847785e-03  1.59233512e+00  2.35924205e+00  1.66989383e+00
  1.64077695e+00  2.97280711e+00  2.20665874e+00  1.97302006e+00
  1.48122751e+00  2.24258635e+00  9.03201115e-01  2.25074917e+00
  3.21061130e+00  8.59169614e-01  4.52568548e-01  2.02238744e+00
 -3.26891507e-01 -1.67859684e-02  3.97542694e-01  6.62073493e-01
  1.48090051e+00  1.30388742e+00  3.45757243e-01  9.99528109e-01
  1.19831271e+00  1.43417586e+00  7.71006632e-01  1.56867913e+00
  3.41058972e+00  2.52218050e+00  3.63807046e+00  2.62957449e+00]
Device (GPU) time: 1.0982 seconds
Iters. done: 620 [Current cost: -20.904495921446276]
Current parameters: [ 3.19230028e+00  4.61945743e+00  3.10391041e+00  3.31297967e+00
  3.01345971e+00  1.70974970e+00  1.11868840e+00  1.86397245e+00
  2.26902577e+00  1.65321997e+00  2.53185213e+00  2.47581797e+00
  2.15046344e+00  5.02915862e-01  2.00981392e+00  3.84348918e+00
  8.53019311e-02  3.21908533e+00  4.69874479e-01  3.44121871e+00
  3.19663447e+00  1.25580688e-01  3.74166658e+00  1.90902635e+00
  1.53299736e+00  2.56946106e+00  1.70961787e+00  1.34598608e+00
  1.45170544e+00  5.67811663e-01  7.62667088e-01  1.63413939e+00
 -3.50254875e-03  1.59229921e+00  2.35923933e+00  1.66987108e+00
  1.64073635e+00  2.97275175e+00  2.20671460e+00  1.97306678e+00
  1.48121373e+00  2.24261173e+00  9.03131352e-01  2.25075687e+00
  3.21061332e+00  8.59148354e-01  4.52503291e-01  2.02245781e+00
 -3.26908037e-01 -1.67716793e-02  3.97511082e-01  6.62077641e-01
  1.48086858e+00  1.30387548e+00  3.45746572e-01  9.99537832e-01
  1.19830121e+00  1.43415741e+00  7.70970879e-01  1.56868870e+00
  3.41055210e+00  2.52219579e+00  3.63805691e+00  2.62952188e+00]
Device (GPU) time: 1.0876 seconds
Iters. done: 621 [Current cost: -20.965712769807595]
Current parameters: [ 3.19234434e+00  4.61941182e+00  3.10392342e+00  3.31300047e+00
  3.01347417e+00  1.70976387e+00  1.11865975e+00  1.86394855e+00
  2.26901113e+00  1.65325230e+00  2.53186909e+00  2.47580023e+00
  2.15049028e+00  5.02893347e-01  2.00981865e+00  3.84347741e+00
  8.52379494e-02  3.21911979e+00  4.69883562e-01  3.44115115e+00
  3.19665144e+00  1.25605374e-01  3.74167301e+00  1.90901347e+00
  1.53299642e+00  2.56947078e+00  1.70962493e+00  1.34599748e+00
  1.45166127e+00  5.67825095e-01  7.62677081e-01  1.63414983e+00
 -3.48973612e-03  1.59234886e+00  2.35930163e+00  1.66989346e+00
  1.64076137e+00  2.97276154e+00  2.20665216e+00  1.97303158e+00
  1.48119786e+00  2.24257290e+00  9.03144654e-01  2.25076376e+00
  3.21057736e+00  8.59150259e-01  4.52461536e-01  2.02238524e+00
 -3.26896119e-01 -1.67543864e-02  3.97550367e-01  6.62058032e-01
  1.48091096e+00  1.30386301e+00  3.45803594e-01  9.99412433e-01
  1.19828869e+00  1.43414462e+00  7.70976210e-01  1.56872714e+00
  3.41058303e+00  2.52218757e+00  3.63805504e+00  2.62957630e+00]
Device (GPU) time: 1.0191 seconds
Iters. done: 622 [Current cost: -20.946238155617763]
Current parameters: [ 3.19227268e+00  4.61943108e+00  3.10389206e+00  3.31298094e+00
  3.01341023e+00  1.70976112e+00  1.11870956e+00  1.86395460e+00
  2.26900236e+00  1.65322499e+00  2.53186681e+00  2.47581465e+00
  2.15046433e+00  5.02882365e-01  2.00977957e+00  3.84351153e+00
  8.52894554e-02  3.21907627e+00  4.69884821e-01  3.44122163e+00
  3.19663464e+00  1.25583931e-01  3.74163196e+00  1.90899563e+00
  1.53299381e+00  2.56946129e+00  1.70963528e+00  1.34596232e+00
  1.45175732e+00  5.67810554e-01  7.62657646e-01  1.63416345e+00
 -3.49112702e-03  1.59231946e+00  2.35928831e+00  1.66987839e+00
  1.64073309e+00  2.97274896e+00  2.20668809e+00  1.97305313e+00
  1.48119931e+00  2.24259695e+00  9.03140702e-01  2.25074046e+00
  3.21059541e+00  8.59152297e-01  4.52485045e-01  2.02245803e+00
 -3.26900568e-01 -1.67509019e-02  3.97520599e-01  6.62119250e-01
  1.48090567e+00  1.30387593e+00  3.45768389e-01  9.99494110e-01
  1.19829045e+00  1.43410927e+00  7.70970611e-01  1.56869195e+00
  3.41055598e+00  2.52219220e+00  3.63806501e+00  2.62950318e+00]
Device (GPU) time: 1.1001 seconds
Iters. done: 623 [Current cost: -20.923123617381517]
Current parameters: [ 3.19222199e+00  4.61950011e+00  3.10393071e+00  3.31304245e+00
  3.01345462e+00  1.70968318e+00  1.11863794e+00  1.86397757e+00
  2.26901747e+00  1.65329949e+00  2.53186422e+00  2.47581517e+00
  2.15044386e+00  5.02906344e-01  2.00980550e+00  3.84350157e+00
  8.53123193e-02  3.21905757e+00  4.69882522e-01  3.44121691e+00
  3.19672106e+00  1.25600885e-01  3.74166859e+00  1.90902242e+00
  1.53300814e+00  2.56949265e+00  1.70961660e+00  1.34599212e+00
  1.45177417e+00  5.67805735e-01  7.62703269e-01  1.63413316e+00
 -3.52279630e-03  1.59231172e+00  2.35928173e+00  1.66992192e+00
  1.64073232e+00  2.97273677e+00  2.20670240e+00  1.97305078e+00
  1.48117732e+00  2.24259266e+00  9.03130645e-01  2.25079757e+00
  3.21061515e+00  8.59111559e-01  4.52485244e-01  2.02246674e+00
 -3.26897411e-01 -1.68200463e-02  3.97565437e-01  6.62108746e-01
  1.48089197e+00  1.30388754e+00  3.45750457e-01  9.99495078e-01
  1.19830422e+00  1.43408532e+00  7.70953566e-01  1.56870920e+00
  3.41061358e+00  2.52216278e+00  3.63799680e+00  2.62952596e+00]
Device (GPU) time: 1.1099 seconds
Iters. done: 624 [Current cost: -20.86268089035249]
Current parameters: [ 3.19229190e+00  4.61946429e+00  3.10390450e+00  3.31302260e+00
  3.01343583e+00  1.70974669e+00  1.11869238e+00  1.86394350e+00
  2.26901604e+00  1.65324144e+00  2.53185639e+00  2.47581530e+00
  2.15048040e+00  5.02873564e-01  2.00977905e+00  3.84347639e+00
  8.52952216e-02  3.21909027e+00  4.69878508e-01  3.44119330e+00
  3.19666574e+00  1.25585393e-01  3.74163340e+00  1.90900301e+00
  1.53299867e+00  2.56951014e+00  1.70963360e+00  1.34598278e+00
  1.45174164e+00  5.67811573e-01  7.62622157e-01  1.63413768e+00
 -3.45235967e-03  1.59228893e+00  2.35928282e+00  1.66987736e+00
  1.64076909e+00  2.97275746e+00  2.20669908e+00  1.97306142e+00
  1.48120583e+00  2.24260609e+00  9.03119121e-01  2.25075480e+00
  3.21062149e+00  8.59144555e-01  4.52490963e-01  2.02246912e+00
 -3.26903765e-01 -1.67575159e-02  3.97497980e-01  6.62097936e-01
  1.48087369e+00  1.30386664e+00  3.45758642e-01  9.99523088e-01
  1.19829992e+00  1.43413758e+00  7.70994340e-01  1.56869385e+00
  3.41059865e+00  2.52219404e+00  3.63806843e+00  2.62956518e+00]
Device (GPU) time: 1.1025 seconds
Iters. done: 625 [Current cost: -20.88874421175234]
Current parameters: [ 3.19231821e+00  4.61947541e+00  3.10392618e+00  3.31299902e+00
  3.01346766e+00  1.70981930e+00  1.11874019e+00  1.86394706e+00
  2.26904007e+00  1.65321915e+00  2.53183694e+00  2.47584516e+00
  2.15051083e+00  5.02821485e-01  2.00979892e+00  3.84350490e+00
  8.53050902e-02  3.21901690e+00  4.69842114e-01  3.44122378e+00
  3.19664516e+00  1.25615364e-01  3.74162068e+00  1.90902043e+00
  1.53298134e+00  2.56950421e+00  1.70963622e+00  1.34602730e+00
  1.45177286e+00  5.67781002e-01  7.62689217e-01  1.63411726e+00
 -3.51165430e-03  1.59231198e+00  2.35924938e+00  1.66988310e+00
  1.64070031e+00  2.97279224e+00  2.20674217e+00  1.97307119e+00
  1.48118122e+00  2.24264070e+00  9.03096189e-01  2.25072274e+00
  3.21060055e+00  8.59167404e-01  4.52424366e-01  2.02244188e+00
 -3.26912545e-01 -1.67671055e-02  3.97530893e-01  6.62106544e-01
  1.48087699e+00  1.30387511e+00  3.45772265e-01  9.99479931e-01
  1.19832035e+00  1.43414996e+00  7.70933828e-01  1.56873501e+00
  3.41054261e+00  2.52212905e+00  3.63801998e+00  2.62958148e+00]
Device (GPU) time: 1.0595 seconds
Iters. done: 626 [Current cost: -20.953981193921585]
Current parameters: [ 3.19228630e+00  4.61944902e+00  3.10391547e+00  3.31300471e+00
  3.01343323e+00  1.70976946e+00  1.11867603e+00  1.86394915e+00
  2.26901708e+00  1.65322023e+00  2.53186492e+00  2.47579792e+00
  2.15045200e+00  5.02878801e-01  2.00980914e+00  3.84345872e+00
  8.52976515e-02  3.21904846e+00  4.69846329e-01  3.44120607e+00
  3.19661340e+00  1.25548497e-01  3.74166750e+00  1.90901266e+00
  1.53300632e+00  2.56949973e+00  1.70962204e+00  1.34599065e+00
  1.45174006e+00  5.67801627e-01  7.62680480e-01  1.63413042e+00
 -3.47479083e-03  1.59232782e+00  2.35927361e+00  1.66988128e+00
  1.64073102e+00  2.97277471e+00  2.20669973e+00  1.97305711e+00
  1.48118328e+00  2.24257097e+00  9.03136436e-01  2.25077808e+00
  3.21059663e+00  8.59145786e-01  4.52520846e-01  2.02247960e+00
 -3.26927419e-01 -1.67682854e-02  3.97512297e-01  6.62121625e-01
  1.48089945e+00  1.30388093e+00  3.45769565e-01  9.99509356e-01
  1.19830369e+00  1.43411961e+00  7.70990445e-01  1.56871639e+00
  3.41055949e+00  2.52218875e+00  3.63806314e+00  2.62956167e+00]
Device (GPU) time: 1.6845 seconds
Iters. done: 627 [Current cost: -20.88742086968645]
Current parameters: [ 3.19232729e+00  4.61945094e+00  3.10391723e+00  3.31302564e+00
  3.01337601e+00  1.70977799e+00  1.11874912e+00  1.86398683e+00
  2.26899992e+00  1.65325672e+00  2.53188802e+00  2.47581797e+00
  2.15045873e+00  5.02908037e-01  2.00978207e+00  3.84352316e+00
  8.53044434e-02  3.21909163e+00  4.69825364e-01  3.44118698e+00
  3.19662885e+00  1.25620823e-01  3.74163422e+00  1.90900321e+00
  1.53303490e+00  2.56949374e+00  1.70965557e+00  1.34595436e+00
  1.45170456e+00  5.67861802e-01  7.62698746e-01  1.63415802e+00
 -3.51495343e-03  1.59229352e+00  2.35923180e+00  1.66986600e+00
  1.64072264e+00  2.97270491e+00  2.20670858e+00  1.97305213e+00
  1.48117477e+00  2.24251653e+00  9.03145218e-01  2.25081791e+00
  3.21061448e+00  8.59157927e-01  4.52485674e-01  2.02246152e+00
 -3.26899187e-01 -1.67182629e-02  3.97474153e-01  6.62099758e-01
  1.48082251e+00  1.30389801e+00  3.45744954e-01  9.99500163e-01
  1.19835788e+00  1.43411695e+00  7.70973095e-01  1.56867889e+00
  3.41058381e+00  2.52212523e+00  3.63802878e+00  2.62957179e+00]
Device (GPU) time: 1.1390 seconds
Iters. done: 628 [Current cost: -20.845525410345772]
Current parameters: [ 3.19227945e+00  4.61943360e+00  3.10392841e+00  3.31296574e+00
  3.01342503e+00  1.70979181e+00  1.11869903e+00  1.86393793e+00
  2.26900347e+00  1.65325970e+00  2.53186926e+00  2.47581280e+00
  2.15048758e+00  5.02900016e-01  2.00977972e+00  3.84347236e+00
  8.52963619e-02  3.21907462e+00  4.69854382e-01  3.44119232e+00
  3.19665403e+00  1.25604337e-01  3.74164027e+00  1.90901904e+00
  1.53299384e+00  2.56945170e+00  1.70962040e+00  1.34601828e+00
  1.45173666e+00  5.67790535e-01  7.62628231e-01  1.63415795e+00
 -3.49195777e-03  1.59230853e+00  2.35925865e+00  1.66988426e+00
  1.64073463e+00  2.97274873e+00  2.20671157e+00  1.97307596e+00
  1.48119823e+00  2.24258879e+00  9.03134894e-01  2.25077317e+00
  3.21060163e+00  8.59132064e-01  4.52533565e-01  2.02247691e+00
 -3.26894639e-01 -1.67875992e-02  3.97530651e-01  6.62105263e-01
  1.48087007e+00  1.30387876e+00  3.45766929e-01  9.99495806e-01
  1.19829354e+00  1.43411658e+00  7.70974861e-01  1.56867886e+00
  3.41056482e+00  2.52217992e+00  3.63804159e+00  2.62956804e+00]
Device (GPU) time: 1.1036 seconds
Iters. done: 629 [Current cost: -21.02373961762868]
Current parameters: [ 3.19230835e+00  4.61944452e+00  3.10389471e+00  3.31304228e+00
  3.01349704e+00  1.70980673e+00  1.11865955e+00  1.86392529e+00
  2.26900952e+00  1.65322583e+00  2.53191383e+00  2.47586427e+00
  2.15043075e+00  5.02914135e-01  2.00979432e+00  3.84346003e+00
  8.53154213e-02  3.21906160e+00  4.69825385e-01  3.44125072e+00
  3.19663108e+00  1.25568506e-01  3.74165798e+00  1.90897660e+00
  1.53302689e+00  2.56947563e+00  1.70961082e+00  1.34592094e+00
  1.45173068e+00  5.67804029e-01  7.62652450e-01  1.63420880e+00
 -3.51133433e-03  1.59229301e+00  2.35926143e+00  1.66990456e+00
  1.64074927e+00  2.97273204e+00  2.20667627e+00  1.97308415e+00
  1.48114540e+00  2.24262292e+00  9.03142382e-01  2.25068561e+00
  3.21057538e+00  8.59144451e-01  4.52516620e-01  2.02247765e+00
 -3.26904571e-01 -1.67631485e-02  3.97555555e-01  6.62096053e-01
  1.48086299e+00  1.30384780e+00  3.45773628e-01  9.99500521e-01
  1.19827624e+00  1.43414347e+00  7.70961814e-01  1.56863839e+00
  3.41061491e+00  2.52212563e+00  3.63805756e+00  2.62957846e+00]
Device (GPU) time: 1.0092 seconds
Iters. done: 630 [Current cost: -20.96791787566699]
Current parameters: [ 3.19226652e+00  4.61944533e+00  3.10389164e+00  3.31299481e+00
  3.01342480e+00  1.70976506e+00  1.11866754e+00  1.86397137e+00
  2.26901411e+00  1.65324809e+00  2.53186057e+00  2.47581630e+00
  2.15047944e+00  5.02913631e-01  2.00978768e+00  3.84350193e+00
  8.52960079e-02  3.21907024e+00  4.69832169e-01  3.44117318e+00
  3.19664607e+00  1.25567803e-01  3.74164293e+00  1.90898783e+00
  1.53300395e+00  2.56945304e+00  1.70961753e+00  1.34599997e+00
  1.45174714e+00  5.67829049e-01  7.62651437e-01  1.63413932e+00
 -3.47986254e-03  1.59229557e+00  2.35926715e+00  1.66987240e+00
  1.64072142e+00  2.97275313e+00  2.20670274e+00  1.97303556e+00
  1.48119205e+00  2.24260619e+00  9.03148024e-01  2.25073954e+00
  3.21057018e+00  8.59165108e-01  4.52482875e-01  2.02248169e+00
 -3.26915208e-01 -1.67930000e-02  3.97501461e-01  6.62098107e-01
  1.48089147e+00  1.30388064e+00  3.45765698e-01  9.99501976e-01
  1.19833458e+00  1.43416421e+00  7.70961304e-01  1.56870671e+00
  3.41058976e+00  2.52217643e+00  3.63806466e+00  2.62955894e+00]
Device (GPU) time: 1.2138 seconds
Iters. done: 631 [Current cost: -20.92216585220759]
Current parameters: [ 3.19229840e+00  4.61945298e+00  3.10390723e+00  3.31300186e+00
  3.01339665e+00  1.70973882e+00  1.11869130e+00  1.86398446e+00
  2.26903640e+00  1.65321256e+00  2.53184631e+00  2.47580540e+00
  2.15045075e+00  5.02930680e-01  2.00976083e+00  3.84351756e+00
  8.52864133e-02  3.21907593e+00  4.69798321e-01  3.44115987e+00
  3.19662639e+00  1.25582753e-01  3.74164869e+00  1.90903417e+00
  1.53306205e+00  2.56945815e+00  1.70960604e+00  1.34601610e+00
  1.45177778e+00  5.67807216e-01  7.62666637e-01  1.63419441e+00
 -3.43634372e-03  1.59231199e+00  2.35928601e+00  1.66992709e+00
  1.64072089e+00  2.97274958e+00  2.20672116e+00  1.97313645e+00
  1.48114780e+00  2.24263037e+00  9.03159274e-01  2.25075421e+00
  3.21067709e+00  8.59125666e-01  4.52501306e-01  2.02242153e+00
 -3.26904061e-01 -1.67359936e-02  3.97508387e-01  6.62082185e-01
  1.48090770e+00  1.30389156e+00  3.45749204e-01  9.99487219e-01
  1.19821726e+00  1.43418029e+00  7.70961299e-01  1.56872245e+00
  3.41056393e+00  2.52218313e+00  3.63803456e+00  2.62956216e+00]
Device (GPU) time: 1.1947 seconds
Iters. done: 632 [Current cost: -20.877197061244797]
Current parameters: [ 3.19226576e+00  4.61945669e+00  3.10392286e+00  3.31300603e+00
  3.01340318e+00  1.70977809e+00  1.11869150e+00  1.86394103e+00
  2.26901861e+00  1.65324350e+00  2.53186776e+00  2.47579385e+00
  2.15045906e+00  5.02896162e-01  2.00977868e+00  3.84348120e+00
  8.52898124e-02  3.21908200e+00  4.69860238e-01  3.44121143e+00
  3.19663219e+00  1.25571913e-01  3.74165120e+00  1.90903528e+00
  1.53297971e+00  2.56945710e+00  1.70963942e+00  1.34597356e+00
  1.45173251e+00  5.67797980e-01  7.62697614e-01  1.63412264e+00
 -3.47344110e-03  1.59228723e+00  2.35926064e+00  1.66988210e+00
  1.64073121e+00  2.97276409e+00  2.20667628e+00  1.97305736e+00
  1.48117393e+00  2.24261578e+00  9.03138097e-01  2.25074876e+00
  3.21061597e+00  8.59139025e-01  4.52472713e-01  2.02245881e+00
 -3.26911902e-01 -1.67858435e-02  3.97494657e-01  6.62082710e-01
  1.48086936e+00  1.30386153e+00  3.45745185e-01  9.99479557e-01
  1.19829486e+00  1.43412584e+00  7.70955733e-01  1.56865863e+00
  3.41057510e+00  2.52220138e+00  3.63805980e+00  2.62957515e+00]
Device (GPU) time: 1.0340 seconds
Iters. done: 633 [Current cost: -20.934578325818567]
Current parameters: [ 3.19229544e+00  4.61946538e+00  3.10391395e+00  3.31299554e+00
  3.01341562e+00  1.70977994e+00  1.11868584e+00  1.86398958e+00
  2.26904046e+00  1.65326223e+00  2.53182521e+00  2.47577875e+00
  2.15048673e+00  5.02899847e-01  2.00981744e+00  3.84346142e+00
  8.53041966e-02  3.21914291e+00  4.69858555e-01  3.44125924e+00
  3.19665842e+00  1.25600989e-01  3.74167391e+00  1.90900154e+00
  1.53297794e+00  2.56947228e+00  1.70971737e+00  1.34595333e+00
  1.45175338e+00  5.67822727e-01  7.62675259e-01  1.63416049e+00
 -3.44386393e-03  1.59229600e+00  2.35925650e+00  1.66983955e+00
  1.64072557e+00  2.97270321e+00  2.20673276e+00  1.97308104e+00
  1.48115395e+00  2.24261452e+00  9.03135112e-01  2.25072328e+00
  3.21053036e+00  8.59146042e-01  4.52528574e-01  2.02242962e+00
 -3.26889920e-01 -1.68227199e-02  3.97483894e-01  6.62106785e-01
  1.48089238e+00  1.30391059e+00  3.45797524e-01  9.99518970e-01
  1.19824398e+00  1.43411503e+00  7.70993498e-01  1.56875063e+00
  3.41055859e+00  2.52215995e+00  3.63804070e+00  2.62958285e+00]
Device (GPU) time: 1.1798 seconds
Iters. done: 634 [Current cost: -20.85490398836209]
Current parameters: [ 3.19228718e+00  4.61945184e+00  3.10389410e+00  3.31298941e+00
  3.01346884e+00  1.70977190e+00  1.11867979e+00  1.86399458e+00
  2.26902534e+00  1.65325501e+00  2.53187131e+00  2.47580917e+00
  2.15044986e+00  5.02874757e-01  2.00975960e+00  3.84350202e+00
  8.52973542e-02  3.21908752e+00  4.69854375e-01  3.44122655e+00
  3.19663012e+00  1.25582219e-01  3.74163931e+00  1.90900846e+00
  1.53300209e+00  2.56946574e+00  1.70963314e+00  1.34599122e+00
  1.45174014e+00  5.67792108e-01  7.62671636e-01  1.63415101e+00
 -3.47219010e-03  1.59230028e+00  2.35926600e+00  1.66985477e+00
  1.64074094e+00  2.97275215e+00  2.20671306e+00  1.97306154e+00
  1.48120179e+00  2.24260129e+00  9.03156480e-01  2.25078808e+00
  3.21060822e+00  8.59144939e-01  4.52493304e-01  2.02246446e+00
 -3.26895215e-01 -1.67690861e-02  3.97520223e-01  6.62118277e-01
  1.48088656e+00  1.30385545e+00  3.45760367e-01  9.99485017e-01
  1.19830024e+00  1.43413989e+00  7.70972585e-01  1.56869187e+00
  3.41057612e+00  2.52218841e+00  3.63806197e+00  2.62957355e+00]
Device (GPU) time: 1.1594 seconds
Iters. done: 635 [Current cost: -20.848437471015014]
Current parameters: [ 3.19228787e+00  4.61944643e+00  3.10390780e+00  3.31301209e+00
  3.01343725e+00  1.70975694e+00  1.11869477e+00  1.86396453e+00
  2.26901166e+00  1.65323046e+00  2.53185228e+00  2.47581277e+00
  2.15047176e+00  5.02900802e-01  2.00977643e+00  3.84349195e+00
  8.52890108e-02  3.21907349e+00  4.69867744e-01  3.44120801e+00
  3.19664757e+00  1.25589191e-01  3.74164848e+00  1.90900750e+00
  1.53300192e+00  2.56945802e+00  1.70962471e+00  1.34597385e+00
  1.45173456e+00  5.67804529e-01  7.62674563e-01  1.63414265e+00
 -3.47115837e-03  1.59229759e+00  2.35926694e+00  1.66987251e+00
  1.64071981e+00  2.97276544e+00  2.20671375e+00  1.97305885e+00
  1.48119592e+00  2.24259977e+00  9.03139986e-01  2.25075438e+00
  3.21061216e+00  8.59147737e-01  4.52510030e-01  2.02246592e+00
 -3.26908523e-01 -1.67695124e-02  3.97527761e-01  6.62097320e-01
  1.48088336e+00  1.30387886e+00  3.45770756e-01  9.99495707e-01
  1.19830483e+00  1.43412461e+00  7.70980918e-01  1.56869573e+00
  3.41057412e+00  2.52217203e+00  3.63806349e+00  2.62956936e+00]
Device (GPU) time: 1.1920 seconds
Iters. done: 636 [Current cost: -20.888734988208984]
Current parameters: [ 3.19227927e+00  4.61943999e+00  3.10390232e+00  3.31299540e+00
  3.01343590e+00  1.70977504e+00  1.11869098e+00  1.86394573e+00
  2.26901359e+00  1.65325918e+00  2.53185836e+00  2.47584106e+00
  2.15043706e+00  5.02908030e-01  2.00977465e+00  3.84348043e+00
  8.53025538e-02  3.21910979e+00  4.69840484e-01  3.44122144e+00
  3.19664580e+00  1.25583978e-01  3.74163223e+00  1.90904027e+00
  1.53300168e+00  2.56948470e+00  1.70963082e+00  1.34599278e+00
  1.45172794e+00  5.67818067e-01  7.62671612e-01  1.63413638e+00
 -3.49723655e-03  1.59229355e+00  2.35927646e+00  1.66987535e+00
  1.64072419e+00  2.97277998e+00  2.20670180e+00  1.97306085e+00
  1.48119569e+00  2.24260595e+00  9.03145368e-01  2.25074204e+00
  3.21062915e+00  8.59161209e-01  4.52502752e-01  2.02247182e+00
 -3.26886570e-01 -1.67686643e-02  3.97517350e-01  6.62093495e-01
  1.48089409e+00  1.30389807e+00  3.45782900e-01  9.99497446e-01
  1.19831147e+00  1.43412237e+00  7.70985170e-01  1.56871849e+00
  3.41057269e+00  2.52218114e+00  3.63806507e+00  2.62955527e+00]
Device (GPU) time: 1.0100 seconds
Iters. done: 637 [Current cost: -20.92615713289585]
Current parameters: [ 3.19228242e+00  4.61945119e+00  3.10390693e+00  3.31300583e+00
  3.01343101e+00  1.70976390e+00  1.11867802e+00  1.86394857e+00
  2.26900738e+00  1.65323731e+00  2.53186439e+00  2.47580665e+00
  2.15046272e+00  5.02886573e-01  2.00978932e+00  3.84350517e+00
  8.52983529e-02  3.21908627e+00  4.69872955e-01  3.44121786e+00
  3.19662796e+00  1.25587278e-01  3.74163590e+00  1.90902165e+00
  1.53300722e+00  2.56947113e+00  1.70963617e+00  1.34598952e+00
  1.45173720e+00  5.67810300e-01  7.62667003e-01  1.63414284e+00
 -3.47513693e-03  1.59230866e+00  2.35926982e+00  1.66988534e+00
  1.64071976e+00  2.97275638e+00  2.20670983e+00  1.97306741e+00
  1.48120047e+00  2.24259582e+00  9.03139818e-01  2.25076001e+00
  3.21060541e+00  8.59153238e-01  4.52502679e-01  2.02247051e+00
 -3.26901179e-01 -1.67790257e-02  3.97522933e-01  6.62089954e-01
  1.48088065e+00  1.30387935e+00  3.45766918e-01  9.99494858e-01
  1.19829993e+00  1.43414692e+00  7.70983185e-01  1.56869477e+00
  3.41057881e+00  2.52216522e+00  3.63806319e+00  2.62956085e+00]
Device (GPU) time: 1.5902 seconds
Iters. done: 638 [Current cost: -20.834755952775183]
Current parameters: [ 3.19228437e+00  4.61944943e+00  3.10390516e+00  3.31299775e+00
  3.01342858e+00  1.70977655e+00  1.11868514e+00  1.86397047e+00
  2.26903854e+00  1.65324327e+00  2.53185802e+00  2.47575838e+00
  2.15045631e+00  5.02886115e-01  2.00975303e+00  3.84348133e+00
  8.52994651e-02  3.21907741e+00  4.69879344e-01  3.44119980e+00
  3.19664455e+00  1.25588141e-01  3.74165116e+00  1.90901361e+00
  1.53298440e+00  2.56948915e+00  1.70961158e+00  1.34597171e+00
  1.45174357e+00  5.67813660e-01  7.62664284e-01  1.63415536e+00
 -3.51704896e-03  1.59229419e+00  2.35926860e+00  1.66989319e+00
  1.64072936e+00  2.97277749e+00  2.20671232e+00  1.97305583e+00
  1.48119084e+00  2.24259747e+00  9.03142601e-01  2.25074537e+00
  3.21060179e+00  8.59159893e-01  4.52522024e-01  2.02246528e+00
 -3.26889024e-01 -1.67587066e-02  3.97522250e-01  6.62089331e-01
  1.48086704e+00  1.30388974e+00  3.45773136e-01  9.99497756e-01
  1.19829903e+00  1.43415127e+00  7.70961924e-01  1.56870319e+00
  3.41057938e+00  2.52217552e+00  3.63806156e+00  2.62955821e+00]
Device (GPU) time: 1.1592 seconds
Iters. done: 639 [Current cost: -20.8436690200714]
Current parameters: [ 3.19227616e+00  4.61944660e+00  3.10389910e+00  3.31298931e+00
  3.01342645e+00  1.70976156e+00  1.11867590e+00  1.86395967e+00
  2.26901402e+00  1.65324206e+00  2.53186537e+00  2.47580866e+00
  2.15046802e+00  5.02889385e-01  2.00978802e+00  3.84348639e+00
  8.52972691e-02  3.21907512e+00  4.69860064e-01  3.44120120e+00
  3.19665158e+00  1.25586720e-01  3.74163984e+00  1.90901522e+00
  1.53300646e+00  2.56948029e+00  1.70964264e+00  1.34596845e+00
  1.45172489e+00  5.67793927e-01  7.62668300e-01  1.63413799e+00
 -3.48974370e-03  1.59230527e+00  2.35926877e+00  1.66986781e+00
  1.64071752e+00  2.97275929e+00  2.20670773e+00  1.97306624e+00
  1.48119747e+00  2.24260362e+00  9.03144395e-01  2.25075371e+00
  3.21061313e+00  8.59140293e-01  4.52502890e-01  2.02246304e+00
 -3.26906063e-01 -1.67603541e-02  3.97524744e-01  6.62104926e-01
  1.48087744e+00  1.30388475e+00  3.45764793e-01  9.99495641e-01
  1.19829719e+00  1.43414652e+00  7.70973214e-01  1.56869919e+00
  3.41057723e+00  2.52217126e+00  3.63806625e+00  2.62956303e+00]
Device (GPU) time: 1.1242 seconds
Iters. done: 640 [Current cost: -20.913815556867302]
Current parameters: [ 3.19228089e+00  4.61945447e+00  3.10391790e+00  3.31297766e+00
  3.01342385e+00  1.70977402e+00  1.11867579e+00  1.86397432e+00
  2.26901680e+00  1.65325692e+00  2.53186480e+00  2.47581791e+00
  2.15046172e+00  5.02880196e-01  2.00978579e+00  3.84350175e+00
  8.52959814e-02  3.21908905e+00  4.69857632e-01  3.44120968e+00
  3.19664819e+00  1.25597424e-01  3.74165941e+00  1.90901613e+00
  1.53301639e+00  2.56948958e+00  1.70962651e+00  1.34596999e+00
  1.45172223e+00  5.67819093e-01  7.62654862e-01  1.63414890e+00
 -3.47801745e-03  1.59231668e+00  2.35926403e+00  1.66990129e+00
  1.64070397e+00  2.97276455e+00  2.20672455e+00  1.97304503e+00
  1.48119319e+00  2.24262572e+00  9.03120641e-01  2.25074855e+00
  3.21061780e+00  8.59178736e-01  4.52528255e-01  2.02244387e+00
 -3.26935556e-01 -1.67688311e-02  3.97510606e-01  6.62109217e-01
  1.48089086e+00  1.30385710e+00  3.45764452e-01  9.99489611e-01
  1.19831018e+00  1.43412104e+00  7.70980212e-01  1.56867621e+00
  3.41057895e+00  2.52218802e+00  3.63805794e+00  2.62956330e+00]
Device (GPU) time: 1.0379 seconds
Iters. done: 641 [Current cost: -20.990773123413828]
Current parameters: [ 3.19228275e+00  4.61945297e+00  3.10391612e+00  3.31300528e+00
  3.01342564e+00  1.70977016e+00  1.11869881e+00  1.86396940e+00
  2.26901238e+00  1.65323946e+00  2.53186694e+00  2.47580303e+00
  2.15045654e+00  5.02883879e-01  2.00978535e+00  3.84349885e+00
  8.52916537e-02  3.21908030e+00  4.69863838e-01  3.44120883e+00
  3.19663977e+00  1.25576505e-01  3.74165131e+00  1.90902073e+00
  1.53300761e+00  2.56947957e+00  1.70962485e+00  1.34598076e+00
  1.45172215e+00  5.67801920e-01  7.62654856e-01  1.63414964e+00
 -3.48312599e-03  1.59229641e+00  2.35927242e+00  1.66987614e+00
  1.64072628e+00  2.97274891e+00  2.20670485e+00  1.97305674e+00
  1.48120364e+00  2.24260266e+00  9.03146949e-01  2.25074177e+00
  3.21061646e+00  8.59149237e-01  4.52505271e-01  2.02245973e+00
 -3.26906905e-01 -1.67857959e-02  3.97530256e-01  6.62105298e-01
  1.48088432e+00  1.30388199e+00  3.45757340e-01  9.99496184e-01
  1.19830582e+00  1.43413414e+00  7.70971907e-01  1.56870794e+00
  3.41057518e+00  2.52217280e+00  3.63806158e+00  2.62956575e+00]
Device (GPU) time: 1.6470 seconds
Iters. done: 642 [Current cost: -20.967330238823983]
Current parameters: [ 3.19229210e+00  4.61947362e+00  3.10394850e+00  3.31299110e+00
  3.01343176e+00  1.70974305e+00  1.11867988e+00  1.86395512e+00
  2.26903330e+00  1.65324839e+00  2.53187003e+00  2.47578825e+00
  2.15046600e+00  5.02904319e-01  2.00980354e+00  3.84348567e+00
  8.53126245e-02  3.21908162e+00  4.69853907e-01  3.44120582e+00
  3.19662190e+00  1.25589173e-01  3.74162892e+00  1.90900461e+00
  1.53301728e+00  2.56946120e+00  1.70963343e+00  1.34598372e+00
  1.45172459e+00  5.67807916e-01  7.62657748e-01  1.63415638e+00
 -3.49341760e-03  1.59228416e+00  2.35928846e+00  1.66986479e+00
  1.64071921e+00  2.97278083e+00  2.20671861e+00  1.97306266e+00
  1.48122241e+00  2.24259767e+00  9.03146907e-01  2.25073542e+00
  3.21060916e+00  8.59155892e-01  4.52490623e-01  2.02246663e+00
 -3.26903161e-01 -1.67575967e-02  3.97511263e-01  6.62115368e-01
  1.48089385e+00  1.30387009e+00  3.45775932e-01  9.99493568e-01
  1.19829497e+00  1.43411491e+00  7.70967935e-01  1.56868449e+00
  3.41057944e+00  2.52217063e+00  3.63805363e+00  2.62956747e+00]
Device (GPU) time: 1.1186 seconds
Iters. done: 643 [Current cost: -20.947313883824282]
Current parameters: [ 3.19228066e+00  4.61944300e+00  3.10392143e+00  3.31301788e+00
  3.01343179e+00  1.70976818e+00  1.11868437e+00  1.86396991e+00
  2.26901557e+00  1.65324991e+00  2.53186171e+00  2.47580944e+00
  2.15046383e+00  5.02890879e-01  2.00978752e+00  3.84349251e+00
  8.53032236e-02  3.21908661e+00  4.69862611e-01  3.44120946e+00
  3.19663244e+00  1.25596817e-01  3.74164704e+00  1.90901343e+00
  1.53299327e+00  2.56947506e+00  1.70963464e+00  1.34598575e+00
  1.45173578e+00  5.67797766e-01  7.62657256e-01  1.63414779e+00
 -3.48530552e-03  1.59229654e+00  2.35925418e+00  1.66987832e+00
  1.64072176e+00  2.97276123e+00  2.20670698e+00  1.97305836e+00
  1.48119622e+00  2.24259974e+00  9.03141690e-01  2.25075240e+00
  3.21061028e+00  8.59146872e-01  4.52504645e-01  2.02246987e+00
 -3.26924267e-01 -1.67567472e-02  3.97521889e-01  6.62097921e-01
  1.48089409e+00  1.30388577e+00  3.45766415e-01  9.99490187e-01
  1.19829703e+00  1.43414013e+00  7.70973389e-01  1.56869838e+00
  3.41058185e+00  2.52218025e+00  3.63806531e+00  2.62955309e+00]
Device (GPU) time: 1.1408 seconds
Iters. done: 644 [Current cost: -20.864357200807902]
Current parameters: [ 3.19228143e+00  4.61945216e+00  3.10391201e+00  3.31298317e+00
  3.01343884e+00  1.70976055e+00  1.11868317e+00  1.86397357e+00
  2.26899308e+00  1.65323353e+00  2.53189977e+00  2.47579842e+00
  2.15046297e+00  5.02900612e-01  2.00979080e+00  3.84348849e+00
  8.52896024e-02  3.21908059e+00  4.69847252e-01  3.44119994e+00
  3.19663896e+00  1.25583246e-01  3.74166510e+00  1.90902148e+00
  1.53297237e+00  2.56949598e+00  1.70963142e+00  1.34599101e+00
  1.45175342e+00  5.67824398e-01  7.62661283e-01  1.63415119e+00
 -3.46709311e-03  1.59232473e+00  2.35925918e+00  1.66985983e+00
  1.64072565e+00  2.97276363e+00  2.20673131e+00  1.97308207e+00
  1.48121262e+00  2.24260643e+00  9.03146551e-01  2.25072721e+00
  3.21061920e+00  8.59140001e-01  4.52496821e-01  2.02244957e+00
 -3.26905062e-01 -1.67668216e-02  3.97527750e-01  6.62084016e-01
  1.48087141e+00  1.30388622e+00  3.45766375e-01  9.99490874e-01
  1.19832031e+00  1.43410524e+00  7.70963580e-01  1.56868720e+00
  3.41058886e+00  2.52217261e+00  3.63807336e+00  2.62955793e+00]
Device (GPU) time: 1.0362 seconds
Iters. done: 645 [Current cost: -20.92640007083776]
Current parameters: [ 3.19228440e+00  4.61945125e+00  3.10389817e+00  3.31298866e+00
  3.01343187e+00  1.70976288e+00  1.11870432e+00  1.86396424e+00
  2.26901115e+00  1.65323742e+00  2.53186620e+00  2.47580396e+00
  2.15046224e+00  5.02891148e-01  2.00979140e+00  3.84349296e+00
  8.52969622e-02  3.21908365e+00  4.69862724e-01  3.44120628e+00
  3.19663270e+00  1.25590020e-01  3.74165045e+00  1.90901450e+00
  1.53300718e+00  2.56947826e+00  1.70963618e+00  1.34597790e+00
  1.45173791e+00  5.67809237e-01  7.62665201e-01  1.63414988e+00
 -3.49203111e-03  1.59230134e+00  2.35926194e+00  1.66987448e+00
  1.64072451e+00  2.97276121e+00  2.20670843e+00  1.97305749e+00
  1.48119429e+00  2.24259402e+00  9.03145158e-01  2.25075864e+00
  3.21061526e+00  8.59148987e-01  4.52502810e-01  2.02246455e+00
 -3.26911255e-01 -1.67656568e-02  3.97511096e-01  6.62087663e-01
  1.48088990e+00  1.30388052e+00  3.45766343e-01  9.99497504e-01
  1.19830651e+00  1.43412849e+00  7.70976803e-01  1.56869501e+00
  3.41059937e+00  2.52216993e+00  3.63804409e+00  2.62956885e+00]
Device (GPU) time: 1.6800 seconds
Iters. done: 646 [Current cost: -20.86246392977983]
Current parameters: [ 3.19230630e+00  4.61946388e+00  3.10392693e+00  3.31301804e+00
  3.01340517e+00  1.70976700e+00  1.11869165e+00  1.86397460e+00
  2.26900676e+00  1.65325147e+00  2.53187366e+00  2.47582058e+00
  2.15045554e+00  5.02898366e-01  2.00977852e+00  3.84349794e+00
  8.52938729e-02  3.21907915e+00  4.69842685e-01  3.44119901e+00
  3.19664721e+00  1.25592913e-01  3.74164007e+00  1.90900741e+00
  1.53300417e+00  2.56948219e+00  1.70964249e+00  1.34597832e+00
  1.45172669e+00  5.67830446e-01  7.62679240e-01  1.63415949e+00
 -3.49532867e-03  1.59230993e+00  2.35925509e+00  1.66988052e+00
  1.64072991e+00  2.97273408e+00  2.20670774e+00  1.97305655e+00
  1.48119820e+00  2.24257282e+00  9.03134422e-01  2.25076894e+00
  3.21061237e+00  8.59157422e-01  4.52498750e-01  2.02245727e+00
 -3.26895430e-01 -1.67461573e-02  3.97503113e-01  6.62108844e-01
  1.48085290e+00  1.30388204e+00  3.45759655e-01  9.99499156e-01
  1.19832167e+00  1.43412744e+00  7.70970717e-01  1.56869033e+00
  3.41055164e+00  2.52216027e+00  3.63806753e+00  2.62956430e+00]
Device (GPU) time: 1.0993 seconds
Iters. done: 647 [Current cost: -20.941058549513492]
Current parameters: [ 3.19229090e+00  4.61945116e+00  3.10391929e+00  3.31299539e+00
  3.01343409e+00  1.70976503e+00  1.11867940e+00  1.86395539e+00
  2.26900885e+00  1.65323156e+00  2.53186309e+00  2.47580276e+00
  2.15047257e+00  5.02886785e-01  2.00977722e+00  3.84348444e+00
  8.53023712e-02  3.21908646e+00  4.69855466e-01  3.44121196e+00
  3.19664099e+00  1.25590893e-01  3.74165336e+00  1.90900782e+00
  1.53300247e+00  2.56947587e+00  1.70963056e+00  1.34598265e+00
  1.45174282e+00  5.67802928e-01  7.62673638e-01  1.63414746e+00
 -3.49268567e-03  1.59229923e+00  2.35926753e+00  1.66988808e+00
  1.64071814e+00  2.97274358e+00  2.20671469e+00  1.97305857e+00
  1.48120173e+00  2.24260229e+00  9.03146736e-01  2.25075126e+00
  3.21061936e+00  8.59143509e-01  4.52500314e-01  2.02245666e+00
 -3.26898530e-01 -1.67716193e-02  3.97514613e-01  6.62100356e-01
  1.48089546e+00  1.30388067e+00  3.45765688e-01  9.99497406e-01
  1.19831469e+00  1.43413497e+00  7.70981333e-01  1.56869482e+00
  3.41058357e+00  2.52218050e+00  3.63807540e+00  2.62956132e+00]
Device (GPU) time: 1.1128 seconds
Iters. done: 648 [Current cost: -20.88572866882609]
Current parameters: [ 3.19226620e+00  4.61947580e+00  3.10390251e+00  3.31300872e+00
  3.01342652e+00  1.70977827e+00  1.11867309e+00  1.86397615e+00
  2.26902038e+00  1.65322715e+00  2.53187457e+00  2.47582678e+00
  2.15046960e+00  5.02892378e-01  2.00979299e+00  3.84350668e+00
  8.52847815e-02  3.21906487e+00  4.69859877e-01  3.44118500e+00
  3.19661960e+00  1.25588415e-01  3.74164336e+00  1.90901041e+00
  1.53299277e+00  2.56947910e+00  1.70965475e+00  1.34598217e+00
  1.45172221e+00  5.67797871e-01  7.62669260e-01  1.63417348e+00
 -3.49171578e-03  1.59229474e+00  2.35925659e+00  1.66989152e+00
  1.64071981e+00  2.97277030e+00  2.20671360e+00  1.97305197e+00
  1.48120700e+00  2.24261099e+00  9.03123281e-01  2.25075129e+00
  3.21060639e+00  8.59142321e-01  4.52510618e-01  2.02246563e+00
 -3.26868984e-01 -1.67719247e-02  3.97526870e-01  6.62087487e-01
  1.48088531e+00  1.30387935e+00  3.45772802e-01  9.99500603e-01
  1.19829722e+00  1.43411595e+00  7.70986331e-01  1.56870646e+00
  3.41058183e+00  2.52220795e+00  3.63806654e+00  2.62957081e+00]
Device (GPU) time: 1.0254 seconds
Iters. done: 649 [Current cost: -20.896383312679117]
Current parameters: [ 3.19227708e+00  4.61945698e+00  3.10391415e+00  3.31300192e+00
  3.01343920e+00  1.70976385e+00  1.11868405e+00  1.86396263e+00
  2.26900324e+00  1.65324043e+00  2.53187227e+00  2.47581032e+00
  2.15047680e+00  5.02891240e-01  2.00977802e+00  3.84348802e+00
  8.52958868e-02  3.21908489e+00  4.69864842e-01  3.44119849e+00
  3.19663709e+00  1.25583695e-01  3.74165239e+00  1.90901360e+00
  1.53299634e+00  2.56948279e+00  1.70964366e+00  1.34598150e+00
  1.45173327e+00  5.67802161e-01  7.62673561e-01  1.63415697e+00
 -3.47890467e-03  1.59229769e+00  2.35927416e+00  1.66987759e+00
  1.64073163e+00  2.97276520e+00  2.20670785e+00  1.97306169e+00
  1.48119787e+00  2.24260639e+00  9.03150572e-01  2.25075692e+00
  3.21061710e+00  8.59166946e-01  4.52512060e-01  2.02246481e+00
 -3.26906386e-01 -1.67712868e-02  3.97515902e-01  6.62096843e-01
  1.48089123e+00  1.30388367e+00  3.45767048e-01  9.99498722e-01
  1.19830605e+00  1.43413761e+00  7.70965848e-01  1.56869032e+00
  3.41056509e+00  2.52216460e+00  3.63805356e+00  2.62955524e+00]
Device (GPU) time: 1.1699 seconds
Iters. done: 650 [Current cost: -20.82478962386737]
Current parameters: [ 3.19229280e+00  4.61945820e+00  3.10391452e+00  3.31298839e+00
  3.01343159e+00  1.70977550e+00  1.11868856e+00  1.86397953e+00
  2.26901613e+00  1.65324053e+00  2.53183330e+00  2.47580951e+00
  2.15045202e+00  5.02886317e-01  2.00979939e+00  3.84348976e+00
  8.53020422e-02  3.21907417e+00  4.69867988e-01  3.44120940e+00
  3.19664319e+00  1.25585114e-01  3.74164799e+00  1.90897764e+00
  1.53299984e+00  2.56948026e+00  1.70964096e+00  1.34600006e+00
  1.45173062e+00  5.67828108e-01  7.62670166e-01  1.63414593e+00
 -3.47726932e-03  1.59232555e+00  2.35926324e+00  1.66987914e+00
  1.64072683e+00  2.97276630e+00  2.20668308e+00  1.97305800e+00
  1.48120603e+00  2.24261343e+00  9.03145083e-01  2.25075149e+00
  3.21063862e+00  8.59150787e-01  4.52506253e-01  2.02247652e+00
 -3.26896067e-01 -1.67831986e-02  3.97527038e-01  6.62107319e-01
  1.48087945e+00  1.30391134e+00  3.45775131e-01  9.99490507e-01
  1.19828761e+00  1.43413305e+00  7.70959519e-01  1.56866787e+00
  3.41058869e+00  2.52217310e+00  3.63807732e+00  2.62956659e+00]
Device (GPU) time: 1.1701 seconds
Iters. done: 651 [Current cost: -20.970409438521926]
Current parameters: [ 3.19229486e+00  4.61945494e+00  3.10391193e+00  3.31299624e+00
  3.01342539e+00  1.70976043e+00  1.11867841e+00  1.86396250e+00
  2.26901800e+00  1.65324144e+00  2.53185076e+00  2.47581386e+00
  2.15046069e+00  5.02893735e-01  2.00977962e+00  3.84348984e+00
  8.52938750e-02  3.21908969e+00  4.69859903e-01  3.44120834e+00
  3.19663046e+00  1.25578934e-01  3.74164400e+00  1.90901694e+00
  1.53299136e+00  2.56948250e+00  1.70963542e+00  1.34597894e+00
  1.45173914e+00  5.67803199e-01  7.62659812e-01  1.63414911e+00
 -3.47355864e-03  1.59230727e+00  2.35926931e+00  1.66987901e+00
  1.64071352e+00  2.97276014e+00  2.20670456e+00  1.97305419e+00
  1.48120230e+00  2.24260059e+00  9.03138889e-01  2.25075179e+00
  3.21060751e+00  8.59136051e-01  4.52512471e-01  2.02246206e+00
 -3.26898751e-01 -1.67620644e-02  3.97528630e-01  6.62094975e-01
  1.48088759e+00  1.30387223e+00  3.45763566e-01  9.99500402e-01
  1.19831567e+00  1.43413342e+00  7.70957025e-01  1.56869347e+00
  3.41057877e+00  2.52217000e+00  3.63805155e+00  2.62956131e+00]
Device (GPU) time: 1.0272 seconds
Iters. done: 652 [Current cost: -20.933229249514994]
Current parameters: [ 3.19229267e+00  4.61946347e+00  3.10391505e+00  3.31300154e+00
  3.01343262e+00  1.70975553e+00  1.11868708e+00  1.86398052e+00
  2.26901634e+00  1.65325120e+00  2.53187737e+00  2.47581654e+00
  2.15046237e+00  5.02892101e-01  2.00976335e+00  3.84347302e+00
  8.53174689e-02  3.21907831e+00  4.69884743e-01  3.44118723e+00
  3.19663407e+00  1.25581328e-01  3.74162455e+00  1.90902288e+00
  1.53299979e+00  2.56946688e+00  1.70962197e+00  1.34598620e+00
  1.45173222e+00  5.67791340e-01  7.62671088e-01  1.63414662e+00
 -3.48579080e-03  1.59235408e+00  2.35925219e+00  1.66987368e+00
  1.64071938e+00  2.97274953e+00  2.20670380e+00  1.97304301e+00
  1.48119566e+00  2.24260833e+00  9.03149153e-01  2.25072144e+00
  3.21061901e+00  8.59144480e-01  4.52504418e-01  2.02247130e+00
 -3.26905014e-01 -1.67785245e-02  3.97497837e-01  6.62089981e-01
  1.48088585e+00  1.30386639e+00  3.45771425e-01  9.99501914e-01
  1.19829196e+00  1.43412675e+00  7.70990881e-01  1.56870467e+00
  3.41057459e+00  2.52216417e+00  3.63806010e+00  2.62956365e+00]
Device (GPU) time: 1.1251 seconds
Iters. done: 653 [Current cost: -20.8381678980927]
Current parameters: [ 3.19228634e+00  4.61944887e+00  3.10392169e+00  3.31300573e+00
  3.01343278e+00  1.70976102e+00  1.11868196e+00  1.86396682e+00
  2.26901124e+00  1.65323319e+00  2.53185569e+00  2.47580723e+00
  2.15045989e+00  5.02893727e-01  2.00978433e+00  3.84349559e+00
  8.52883740e-02  3.21907211e+00  4.69862863e-01  3.44120914e+00
  3.19664567e+00  1.25584734e-01  3.74163769e+00  1.90902158e+00
  1.53300107e+00  2.56948441e+00  1.70963341e+00  1.34597499e+00
  1.45173728e+00  5.67811661e-01  7.62656785e-01  1.63415686e+00
 -3.49516495e-03  1.59230949e+00  2.35926336e+00  1.66986697e+00
  1.64072341e+00  2.97276419e+00  2.20670509e+00  1.97307510e+00
  1.48119846e+00  2.24261217e+00  9.03145813e-01  2.25075895e+00
  3.21060704e+00  8.59145062e-01  4.52509215e-01  2.02246512e+00
 -3.26904880e-01 -1.67783362e-02  3.97503258e-01  6.62094705e-01
  1.48088960e+00  1.30387490e+00  3.45771857e-01  9.99483529e-01
  1.19831228e+00  1.43413348e+00  7.70976468e-01  1.56869345e+00
  3.41057615e+00  2.52217661e+00  3.63806339e+00  2.62956110e+00]
Device (GPU) time: 1.0947 seconds
Iters. done: 654 [Current cost: -20.983915711787827]
Current parameters: [ 3.19228496e+00  4.61946517e+00  3.10391030e+00  3.31299182e+00
  3.01342149e+00  1.70975781e+00  1.11869154e+00  1.86396776e+00
  2.26901444e+00  1.65322986e+00  2.53187552e+00  2.47581678e+00
  2.15045514e+00  5.02901769e-01  2.00978570e+00  3.84350236e+00
  8.53086448e-02  3.21907393e+00  4.69859147e-01  3.44121476e+00
  3.19664396e+00  1.25596378e-01  3.74166463e+00  1.90901232e+00
  1.53299176e+00  2.56947155e+00  1.70962683e+00  1.34599278e+00
  1.45174116e+00  5.67794168e-01  7.62678749e-01  1.63412618e+00
 -3.48721761e-03  1.59230249e+00  2.35928665e+00  1.66986989e+00
  1.64074065e+00  2.97273661e+00  2.20669112e+00  1.97307380e+00
  1.48122305e+00  2.24260898e+00  9.03109952e-01  2.25074265e+00
  3.21060637e+00  8.59160674e-01  4.52540210e-01  2.02247739e+00
 -3.26903396e-01 -1.67540185e-02  3.97505035e-01  6.62093561e-01
  1.48088672e+00  1.30386828e+00  3.45776141e-01  9.99466588e-01
  1.19830183e+00  1.43414137e+00  7.70959992e-01  1.56871225e+00
  3.41058693e+00  2.52217362e+00  3.63806568e+00  2.62956883e+00]
Device (GPU) time: 1.1168 seconds
Iters. done: 655 [Current cost: -20.997139870825187]
Current parameters: [ 3.19227114e+00  4.61945733e+00  3.10391538e+00  3.31299768e+00
  3.01343504e+00  1.70977660e+00  1.11868201e+00  1.86396134e+00
  2.26901224e+00  1.65323671e+00  2.53186084e+00  2.47580783e+00
  2.15045973e+00  5.02912565e-01  2.00978224e+00  3.84349403e+00
  8.52943008e-02  3.21908765e+00  4.69870360e-01  3.44120293e+00
  3.19663396e+00  1.25583922e-01  3.74164301e+00  1.90901198e+00
  1.53300428e+00  2.56948185e+00  1.70962786e+00  1.34597785e+00
  1.45174929e+00  5.67802575e-01  7.62665717e-01  1.63414521e+00
 -3.48449728e-03  1.59230609e+00  2.35925534e+00  1.66987427e+00
  1.64073092e+00  2.97276212e+00  2.20670466e+00  1.97305948e+00
  1.48120906e+00  2.24259687e+00  9.03131738e-01  2.25075242e+00
  3.21061460e+00  8.59150469e-01  4.52501891e-01  2.02244393e+00
 -3.26908020e-01 -1.67697433e-02  3.97519624e-01  6.62110953e-01
  1.48088356e+00  1.30388021e+00  3.45771074e-01  9.99495903e-01
  1.19830354e+00  1.43413730e+00  7.70978598e-01  1.56869624e+00
  3.41057760e+00  2.52216767e+00  3.63806119e+00  2.62956716e+00]
Device (GPU) time: 0.9959 seconds
Iters. done: 656 [Current cost: -20.88112461868022]
Current parameters: [ 3.19228227e+00  4.61944159e+00  3.10392138e+00  3.31299692e+00
  3.01341937e+00  1.70975577e+00  1.11868872e+00  1.86396253e+00
  2.26904060e+00  1.65324135e+00  2.53188826e+00  2.47583396e+00
  2.15043266e+00  5.02886386e-01  2.00979740e+00  3.84346000e+00
  8.52453552e-02  3.21908093e+00  4.69883266e-01  3.44120631e+00
  3.19663612e+00  1.25598536e-01  3.74164672e+00  1.90899651e+00
  1.53300062e+00  2.56947295e+00  1.70963463e+00  1.34598512e+00
  1.45175499e+00  5.67807078e-01  7.62665727e-01  1.63414071e+00
 -3.48541002e-03  1.59229917e+00  2.35926942e+00  1.66988077e+00
  1.64072296e+00  2.97275671e+00  2.20673644e+00  1.97305441e+00
  1.48120563e+00  2.24260569e+00  9.03148355e-01  2.25075053e+00
  3.21061413e+00  8.59151716e-01  4.52507591e-01  2.02246750e+00
 -3.26900065e-01 -1.67764657e-02  3.97511052e-01  6.62097078e-01
  1.48088757e+00  1.30388222e+00  3.45758799e-01  9.99489416e-01
  1.19830274e+00  1.43414991e+00  7.70969978e-01  1.56869246e+00
  3.41057323e+00  2.52216996e+00  3.63806243e+00  2.62956519e+00]
Device (GPU) time: 1.5231 seconds
Iters. done: 657 [Current cost: -20.884818902516674]
Current parameters: [ 3.19229331e+00  4.61946447e+00  3.10390352e+00  3.31300144e+00
  3.01342115e+00  1.70975370e+00  1.11869422e+00  1.86395417e+00
  2.26902059e+00  1.65324705e+00  2.53186513e+00  2.47581528e+00
  2.15046293e+00  5.02887403e-01  2.00978491e+00  3.84348912e+00
  8.53006551e-02  3.21908974e+00  4.69858979e-01  3.44119771e+00
  3.19663476e+00  1.25581340e-01  3.74165177e+00  1.90901567e+00
  1.53299471e+00  2.56947595e+00  1.70962462e+00  1.34597508e+00
  1.45174223e+00  5.67801166e-01  7.62667975e-01  1.63415496e+00
 -3.48800931e-03  1.59230730e+00  2.35926000e+00  1.66987521e+00
  1.64072334e+00  2.97275960e+00  2.20671118e+00  1.97306918e+00
  1.48120572e+00  2.24260843e+00  9.03145437e-01  2.25076231e+00
  3.21060580e+00  8.59158937e-01  4.52501349e-01  2.02246137e+00
 -3.26913230e-01 -1.67779422e-02  3.97530009e-01  6.62101826e-01
  1.48087772e+00  1.30388151e+00  3.45780056e-01  9.99491396e-01
  1.19830214e+00  1.43413420e+00  7.70974740e-01  1.56869374e+00
  3.41058024e+00  2.52218029e+00  3.63807035e+00  2.62956096e+00]
Device (GPU) time: 1.0938 seconds
Iters. done: 658 [Current cost: -20.93995392484996]
Current parameters: [ 3.19230249e+00  4.61949185e+00  3.10391291e+00  3.31297571e+00
  3.01343524e+00  1.70974900e+00  1.11869355e+00  1.86396654e+00
  2.26899196e+00  1.65323310e+00  2.53186337e+00  2.47581341e+00
  2.15045211e+00  5.02911908e-01  2.00977742e+00  3.84348748e+00
  8.52915367e-02  3.21907576e+00  4.69873496e-01  3.44121694e+00
  3.19665326e+00  1.25578675e-01  3.74164347e+00  1.90901479e+00
  1.53299209e+00  2.56948181e+00  1.70964447e+00  1.34599289e+00
  1.45172999e+00  5.67794149e-01  7.62649719e-01  1.63414398e+00
 -3.47755457e-03  1.59229428e+00  2.35925017e+00  1.66989568e+00
  1.64071921e+00  2.97277516e+00  2.20671226e+00  1.97306280e+00
  1.48117215e+00  2.24258343e+00  9.03152170e-01  2.25074046e+00
  3.21059374e+00  8.59162489e-01  4.52504090e-01  2.02246510e+00
 -3.26901213e-01 -1.67646147e-02  3.97522420e-01  6.62113146e-01
  1.48088607e+00  1.30388502e+00  3.45745818e-01  9.99464982e-01
  1.19830326e+00  1.43414201e+00  7.70983913e-01  1.56869813e+00
  3.41058310e+00  2.52218281e+00  3.63807357e+00  2.62955824e+00]
Device (GPU) time: 1.1360 seconds
Iters. done: 659 [Current cost: -20.972712618628655]
Current parameters: [ 3.19227866e+00  4.61944755e+00  3.10391209e+00  3.31300724e+00
  3.01343634e+00  1.70975612e+00  1.11869124e+00  1.86395456e+00
  2.26900164e+00  1.65324354e+00  2.53186256e+00  2.47580866e+00
  2.15046420e+00  5.02888844e-01  2.00978665e+00  3.84348941e+00
  8.53010288e-02  3.21908539e+00  4.69853578e-01  3.44120713e+00
  3.19663787e+00  1.25583592e-01  3.74165265e+00  1.90900967e+00
  1.53299496e+00  2.56947469e+00  1.70962778e+00  1.34597227e+00
  1.45173680e+00  5.67814296e-01  7.62661350e-01  1.63414813e+00
 -3.48624694e-03  1.59231408e+00  2.35925841e+00  1.66987457e+00
  1.64071878e+00  2.97276741e+00  2.20671781e+00  1.97305381e+00
  1.48120643e+00  2.24260059e+00  9.03136081e-01  2.25075377e+00
  3.21061327e+00  8.59154635e-01  4.52507109e-01  2.02246325e+00
 -3.26889015e-01 -1.67706225e-02  3.97512353e-01  6.62103610e-01
  1.48088521e+00  1.30387506e+00  3.45750186e-01  9.99486714e-01
  1.19828796e+00  1.43413807e+00  7.70965746e-01  1.56870238e+00
  3.41057793e+00  2.52217606e+00  3.63806184e+00  2.62956696e+00]
Device (GPU) time: 0.9965 seconds
Iters. done: 660 [Current cost: -20.872870135406625]
Current parameters: [ 3.19230011e+00  4.61945042e+00  3.10389625e+00  3.31300291e+00
  3.01341211e+00  1.70976560e+00  1.11867688e+00  1.86396205e+00
  2.26899629e+00  1.65325312e+00  2.53185120e+00  2.47578736e+00
  2.15045292e+00  5.02899082e-01  2.00979170e+00  3.84348720e+00
  8.52882003e-02  3.21908631e+00  4.69855825e-01  3.44120519e+00
  3.19663890e+00  1.25593077e-01  3.74162280e+00  1.90899786e+00
  1.53301283e+00  2.56947570e+00  1.70964091e+00  1.34598701e+00
  1.45173380e+00  5.67792291e-01  7.62679939e-01  1.63414888e+00
 -3.49805093e-03  1.59231280e+00  2.35925517e+00  1.66987133e+00
  1.64076272e+00  2.97276790e+00  2.20673075e+00  1.97307230e+00
  1.48119146e+00  2.24260452e+00  9.03123478e-01  2.25074244e+00
  3.21061755e+00  8.59161522e-01  4.52509887e-01  2.02246763e+00
 -3.26912456e-01 -1.67817919e-02  3.97540104e-01  6.62084679e-01
  1.48090743e+00  1.30385798e+00  3.45747317e-01  9.99502740e-01
  1.19831232e+00  1.43412231e+00  7.70958218e-01  1.56870136e+00
  3.41057475e+00  2.52217576e+00  3.63807796e+00  2.62956289e+00]
Device (GPU) time: 1.6993 seconds
Iters. done: 661 [Current cost: -20.90291242433212]
Current parameters: [ 3.19228765e+00  4.61944128e+00  3.10392068e+00  3.31299212e+00
  3.01343562e+00  1.70975553e+00  1.11868342e+00  1.86396696e+00
  2.26901605e+00  1.65323502e+00  2.53187475e+00  2.47580740e+00
  2.15046393e+00  5.02889565e-01  2.00978668e+00  3.84349888e+00
  8.52973628e-02  3.21908717e+00  4.69864761e-01  3.44120606e+00
  3.19665068e+00  1.25575259e-01  3.74163774e+00  1.90901489e+00
  1.53300257e+00  2.56948147e+00  1.70963411e+00  1.34597590e+00
  1.45174349e+00  5.67806069e-01  7.62667509e-01  1.63414828e+00
 -3.48096367e-03  1.59230176e+00  2.35925281e+00  1.66988076e+00
  1.64072124e+00  2.97275475e+00  2.20670686e+00  1.97306289e+00
  1.48119739e+00  2.24258963e+00  9.03133779e-01  2.25074687e+00
  3.21061623e+00  8.59160571e-01  4.52502021e-01  2.02247348e+00
 -3.26904005e-01 -1.67707775e-02  3.97524744e-01  6.62094447e-01
  1.48088832e+00  1.30388014e+00  3.45777855e-01  9.99498155e-01
  1.19830022e+00  1.43413433e+00  7.70963818e-01  1.56869555e+00
  3.41057183e+00  2.52218799e+00  3.63805892e+00  2.62957493e+00]
Device (GPU) time: 1.1022 seconds
Iters. done: 662 [Current cost: -20.893826857480153]
Current parameters: [ 3.19227083e+00  4.61945402e+00  3.10388323e+00  3.31300296e+00
  3.01342998e+00  1.70973788e+00  1.11867257e+00  1.86396206e+00
  2.26900795e+00  1.65324063e+00  2.53184694e+00  2.47581498e+00
  2.15047192e+00  5.02901883e-01  2.00976794e+00  3.84347841e+00
  8.52872229e-02  3.21906307e+00  4.69860544e-01  3.44122796e+00
  3.19661545e+00  1.25608331e-01  3.74164705e+00  1.90901481e+00
  1.53299974e+00  2.56950317e+00  1.70962669e+00  1.34599998e+00
  1.45172944e+00  5.67811082e-01  7.62651380e-01  1.63415015e+00
 -3.49905091e-03  1.59229994e+00  2.35926978e+00  1.66987244e+00
  1.64071625e+00  2.97273924e+00  2.20670715e+00  1.97305756e+00
  1.48120540e+00  2.24258267e+00  9.03149369e-01  2.25073698e+00
  3.21061456e+00  8.59161426e-01  4.52497951e-01  2.02245363e+00
 -3.26920855e-01 -1.67783662e-02  3.97516950e-01  6.62090842e-01
  1.48087774e+00  1.30387737e+00  3.45775236e-01  9.99491520e-01
  1.19828824e+00  1.43412453e+00  7.70959561e-01  1.56868671e+00
  3.41055659e+00  2.52218924e+00  3.63806309e+00  2.62958609e+00]
Device (GPU) time: 1.1184 seconds
Iters. done: 663 [Current cost: -20.956060793802664]
Current parameters: [ 3.19228315e+00  4.61945074e+00  3.10391622e+00  3.31299981e+00
  3.01343111e+00  1.70975794e+00  1.11869151e+00  1.86396893e+00
  2.26901696e+00  1.65324130e+00  2.53186055e+00  2.47579952e+00
  2.15046339e+00  5.02895570e-01  2.00978665e+00  3.84348427e+00
  8.52975437e-02  3.21909098e+00  4.69858932e-01  3.44121423e+00
  3.19663821e+00  1.25595491e-01  3.74165443e+00  1.90901947e+00
  1.53300736e+00  2.56947790e+00  1.70965097e+00  1.34598310e+00
  1.45174116e+00  5.67808262e-01  7.62666892e-01  1.63415092e+00
 -3.47648358e-03  1.59230928e+00  2.35926675e+00  1.66986800e+00
  1.64072777e+00  2.97275270e+00  2.20671302e+00  1.97305633e+00
  1.48118472e+00  2.24261028e+00  9.03133555e-01  2.25074590e+00
  3.21059238e+00  8.59151293e-01  4.52507219e-01  2.02245846e+00
 -3.26897888e-01 -1.67752538e-02  3.97518435e-01  6.62103776e-01
  1.48087928e+00  1.30388600e+00  3.45774384e-01  9.99501310e-01
  1.19829816e+00  1.43413259e+00  7.70974660e-01  1.56869988e+00
  3.41057615e+00  2.52217675e+00  3.63806375e+00  2.62956483e+00]
Device (GPU) time: 1.0446 seconds
Iters. done: 664 [Current cost: -20.99685697880976]
Current parameters: [ 3.19229350e+00  4.61947090e+00  3.10389938e+00  3.31299234e+00
  3.01342146e+00  1.70978546e+00  1.11866680e+00  1.86397008e+00
  2.26902149e+00  1.65325751e+00  2.53185186e+00  2.47580544e+00
  2.15046698e+00  5.02885875e-01  2.00980176e+00  3.84348791e+00
  8.52926763e-02  3.21909021e+00  4.69860080e-01  3.44122755e+00
  3.19666294e+00  1.25570888e-01  3.74164911e+00  1.90899928e+00
  1.53296617e+00  2.56946318e+00  1.70964315e+00  1.34597028e+00
  1.45173933e+00  5.67820919e-01  7.62663959e-01  1.63415407e+00
 -3.47764418e-03  1.59229245e+00  2.35926451e+00  1.66987923e+00
  1.64072209e+00  2.97274684e+00  2.20671540e+00  1.97308104e+00
  1.48120665e+00  2.24259297e+00  9.03150222e-01  2.25074040e+00
  3.21060355e+00  8.59145818e-01  4.52510048e-01  2.02245034e+00
 -3.26917696e-01 -1.67794107e-02  3.97498588e-01  6.62088954e-01
  1.48089404e+00  1.30387894e+00  3.45771552e-01  9.99500082e-01
  1.19827708e+00  1.43411961e+00  7.70987681e-01  1.56871987e+00
  3.41056372e+00  2.52216435e+00  3.63805024e+00  2.62957239e+00]
Device (GPU) time: 1.1484 seconds
Iters. done: 665 [Current cost: -20.97042721194396]
Current parameters: [ 3.19228961e+00  4.61945032e+00  3.10390537e+00  3.31299911e+00
  3.01342572e+00  1.70976271e+00  1.11868152e+00  1.86396386e+00
  2.26900926e+00  1.65324348e+00  2.53186467e+00  2.47580525e+00
  2.15047184e+00  5.02896929e-01  2.00978925e+00  3.84349315e+00
  8.52958868e-02  3.21908240e+00  4.69861711e-01  3.44121707e+00
  3.19663754e+00  1.25577634e-01  3.74164902e+00  1.90901377e+00
  1.53300734e+00  2.56947976e+00  1.70963446e+00  1.34598095e+00
  1.45173985e+00  5.67806845e-01  7.62666861e-01  1.63415008e+00
 -3.48276702e-03  1.59230281e+00  2.35926036e+00  1.66988669e+00
  1.64073933e+00  2.97276302e+00  2.20672148e+00  1.97304649e+00
  1.48120544e+00  2.24260953e+00  9.03146453e-01  2.25074599e+00
  3.21061830e+00  8.59137603e-01  4.52504783e-01  2.02247295e+00
 -3.26907554e-01 -1.67674942e-02  3.97516406e-01  6.62101248e-01
  1.48087115e+00  1.30387896e+00  3.45778249e-01  9.99478024e-01
  1.19830508e+00  1.43413552e+00  7.70976677e-01  1.56869893e+00
  3.41056987e+00  2.52217747e+00  3.63805294e+00  2.62955986e+00]
Device (GPU) time: 1.1362 seconds
Iters. done: 666 [Current cost: -20.914679938639257]
Current parameters: [ 3.19228420e+00  4.61944961e+00  3.10391542e+00  3.31299985e+00
  3.01344538e+00  1.70976261e+00  1.11868868e+00  1.86396060e+00
  2.26899148e+00  1.65324238e+00  2.53184532e+00  2.47579269e+00
  2.15042745e+00  5.02891566e-01  2.00978661e+00  3.84348532e+00
  8.52899925e-02  3.21907034e+00  4.69849756e-01  3.44119132e+00
  3.19664536e+00  1.25599772e-01  3.74165073e+00  1.90901827e+00
  1.53299647e+00  2.56946461e+00  1.70965678e+00  1.34597533e+00
  1.45175114e+00  5.67803075e-01  7.62661602e-01  1.63414172e+00
 -3.48476223e-03  1.59231273e+00  2.35926650e+00  1.66990165e+00
  1.64072274e+00  2.97275111e+00  2.20669579e+00  1.97306662e+00
  1.48123226e+00  2.24262180e+00  9.03163724e-01  2.25074183e+00
  3.21060031e+00  8.59166815e-01  4.52497095e-01  2.02247307e+00
 -3.26913256e-01 -1.67528905e-02  3.97531803e-01  6.62098489e-01
  1.48087034e+00  1.30386921e+00  3.45763770e-01  9.99506421e-01
  1.19830974e+00  1.43413259e+00  7.70990228e-01  1.56870043e+00
  3.41056584e+00  2.52219050e+00  3.63804309e+00  2.62957741e+00]
Device (GPU) time: 1.0365 seconds
Iters. done: 667 [Current cost: -20.93195739725734]
Current parameters: [ 3.19229151e+00  4.61945328e+00  3.10391425e+00  3.31299876e+00
  3.01343206e+00  1.70976043e+00  1.11868932e+00  1.86394956e+00
  2.26902537e+00  1.65325639e+00  2.53187361e+00  2.47580413e+00
  2.15046205e+00  5.02901317e-01  2.00977600e+00  3.84350766e+00
  8.52929790e-02  3.21906365e+00  4.69853873e-01  3.44121648e+00
  3.19664127e+00  1.25588076e-01  3.74165276e+00  1.90900709e+00
  1.53299747e+00  2.56947920e+00  1.70964176e+00  1.34597769e+00
  1.45173661e+00  5.67802079e-01  7.62661464e-01  1.63414413e+00
 -3.47991928e-03  1.59231360e+00  2.35926247e+00  1.66987553e+00
  1.64072822e+00  2.97276433e+00  2.20670713e+00  1.97305506e+00
  1.48120330e+00  2.24259973e+00  9.03145222e-01  2.25074991e+00
  3.21061468e+00  8.59150790e-01  4.52508285e-01  2.02245658e+00
 -3.26903718e-01 -1.67724900e-02  3.97519376e-01  6.62089184e-01
  1.48089164e+00  1.30388430e+00  3.45767553e-01  9.99501505e-01
  1.19830363e+00  1.43413910e+00  7.70979859e-01  1.56869481e+00
  3.41057500e+00  2.52217767e+00  3.63806289e+00  2.62956264e+00]
Device (GPU) time: 1.1311 seconds
Iters. done: 668 [Current cost: -20.885589474082064]
Current parameters: [ 3.19227333e+00  4.61945267e+00  3.10391405e+00  3.31300144e+00
  3.01341571e+00  1.70974563e+00  1.11868844e+00  1.86398736e+00
  2.26901647e+00  1.65322558e+00  2.53187254e+00  2.47581501e+00
  2.15047974e+00  5.02875861e-01  2.00980307e+00  3.84347977e+00
  8.52960561e-02  3.21907838e+00  4.69836292e-01  3.44123316e+00
  3.19665013e+00  1.25587512e-01  3.74162070e+00  1.90903131e+00
  1.53298973e+00  2.56945969e+00  1.70962895e+00  1.34598992e+00
  1.45174963e+00  5.67809883e-01  7.62664349e-01  1.63414855e+00
 -3.49116725e-03  1.59230969e+00  2.35926341e+00  1.66988894e+00
  1.64074517e+00  2.97278145e+00  2.20668839e+00  1.97304656e+00
  1.48120729e+00  2.24259819e+00  9.03158417e-01  2.25074911e+00
  3.21060846e+00  8.59158301e-01  4.52527802e-01  2.02243186e+00
 -3.26904307e-01 -1.67659544e-02  3.97531896e-01  6.62096329e-01
  1.48087954e+00  1.30387396e+00  3.45764393e-01  9.99504718e-01
  1.19830584e+00  1.43414460e+00  7.70981435e-01  1.56868854e+00
  3.41058426e+00  2.52217124e+00  3.63807083e+00  2.62957238e+00]
Device (GPU) time: 1.1138 seconds
Iters. done: 669 [Current cost: -20.981702224403353]
Current parameters: [ 3.19228937e+00  4.61944658e+00  3.10390917e+00  3.31300123e+00
  3.01343732e+00  1.70975523e+00  1.11869095e+00  1.86396839e+00
  2.26900923e+00  1.65324960e+00  2.53187157e+00  2.47580435e+00
  2.15046539e+00  5.02897274e-01  2.00978526e+00  3.84349195e+00
  8.52956932e-02  3.21908026e+00  4.69865141e-01  3.44120433e+00
  3.19663066e+00  1.25566530e-01  3.74163824e+00  1.90900726e+00
  1.53299548e+00  2.56947669e+00  1.70964057e+00  1.34598922e+00
  1.45174169e+00  5.67812888e-01  7.62660146e-01  1.63413613e+00
 -3.49742490e-03  1.59229665e+00  2.35927017e+00  1.66988282e+00
  1.64071767e+00  2.97275398e+00  2.20670795e+00  1.97306113e+00
  1.48119488e+00  2.24261739e+00  9.03134134e-01  2.25075753e+00
  3.21061173e+00  8.59149007e-01  4.52510763e-01  2.02245453e+00
 -3.26907205e-01 -1.67643097e-02  3.97523498e-01  6.62095382e-01
  1.48088253e+00  1.30388034e+00  3.45763903e-01  9.99493967e-01
  1.19829919e+00  1.43412700e+00  7.70980584e-01  1.56869483e+00
  3.41057184e+00  2.52217010e+00  3.63806722e+00  2.62956837e+00]
Device (GPU) time: 1.1020 seconds
Iters. done: 670 [Current cost: -20.90817007108473]
Current parameters: [ 3.19227768e+00  4.61943357e+00  3.10390936e+00  3.31298027e+00
  3.01341912e+00  1.70974491e+00  1.11866712e+00  1.86395311e+00
  2.26902439e+00  1.65324603e+00  2.53185555e+00  2.47581588e+00
  2.15045301e+00  5.02878061e-01  2.00978392e+00  3.84349661e+00
  8.53079745e-02  3.21906517e+00  4.69881872e-01  3.44120639e+00
  3.19664081e+00  1.25582896e-01  3.74167371e+00  1.90902874e+00
  1.53300539e+00  2.56946834e+00  1.70962930e+00  1.34599532e+00
  1.45173323e+00  5.67809518e-01  7.62659974e-01  1.63416750e+00
 -3.47615473e-03  1.59228975e+00  2.35923568e+00  1.66988315e+00
  1.64074276e+00  2.97276454e+00  2.20669821e+00  1.97306149e+00
  1.48120058e+00  2.24261765e+00  9.03143769e-01  2.25075272e+00
  3.21060407e+00  8.59155076e-01  4.52493285e-01  2.02246157e+00
 -3.26895467e-01 -1.67498597e-02  3.97513841e-01  6.62099990e-01
  1.48089278e+00  1.30387929e+00  3.45758603e-01  9.99496770e-01
  1.19830945e+00  1.43411206e+00  7.70973176e-01  1.56870561e+00
  3.41057072e+00  2.52214296e+00  3.63808381e+00  2.62958233e+00]
Device (GPU) time: 1.0082 seconds
Iters. done: 671 [Current cost: -20.92638813501843]
Current parameters: [ 3.19228013e+00  4.61944780e+00  3.10391231e+00  3.31300306e+00
  3.01343029e+00  1.70976595e+00  1.11868575e+00  1.86397408e+00
  2.26901322e+00  1.65325138e+00  2.53185290e+00  2.47580957e+00
  2.15046583e+00  5.02893515e-01  2.00978705e+00  3.84348500e+00
  8.52915535e-02  3.21907233e+00  4.69860611e-01  3.44121267e+00
  3.19663818e+00  1.25569577e-01  3.74164956e+00  1.90902245e+00
  1.53300065e+00  2.56947082e+00  1.70963290e+00  1.34597806e+00
  1.45173435e+00  5.67792425e-01  7.62660590e-01  1.63414710e+00
 -3.48273157e-03  1.59231160e+00  2.35927183e+00  1.66988440e+00
  1.64072840e+00  2.97275312e+00  2.20672182e+00  1.97306738e+00
  1.48120459e+00  2.24259468e+00  9.03135601e-01  2.25074984e+00
  3.21061066e+00  8.59165187e-01  4.52497021e-01  2.02245986e+00
 -3.26895791e-01 -1.67620296e-02  3.97514631e-01  6.62092467e-01
  1.48088455e+00  1.30388716e+00  3.45771561e-01  9.99492986e-01
  1.19830570e+00  1.43413216e+00  7.70974788e-01  1.56868604e+00
  3.41058713e+00  2.52217383e+00  3.63806287e+00  2.62956062e+00]
Device (GPU) time: 1.1808 seconds
Iters. done: 672 [Current cost: -20.907200225350312]
Current parameters: [ 3.19229512e+00  4.61947302e+00  3.10388787e+00  3.31300950e+00
  3.01343350e+00  1.70976279e+00  1.11868503e+00  1.86396700e+00
  2.26899554e+00  1.65324445e+00  2.53187822e+00  2.47579816e+00
  2.15044881e+00  5.02876399e-01  2.00978396e+00  3.84349181e+00
  8.52895652e-02  3.21908460e+00  4.69856732e-01  3.44120251e+00
  3.19665127e+00  1.25591249e-01  3.74164390e+00  1.90903241e+00
  1.53300904e+00  2.56946926e+00  1.70961380e+00  1.34598241e+00
  1.45173414e+00  5.67808993e-01  7.62663836e-01  1.63414096e+00
 -3.48414194e-03  1.59230141e+00  2.35926034e+00  1.66987960e+00
  1.64072766e+00  2.97276368e+00  2.20671252e+00  1.97305494e+00
  1.48121455e+00  2.24260844e+00  9.03123273e-01  2.25074503e+00
  3.21058923e+00  8.59127658e-01  4.52505744e-01  2.02246032e+00
 -3.26903019e-01 -1.67610519e-02  3.97509740e-01  6.62102911e-01
  1.48092056e+00  1.30391676e+00  3.45773248e-01  9.99498795e-01
  1.19830107e+00  1.43413817e+00  7.70971092e-01  1.56866137e+00
  3.41055385e+00  2.52217527e+00  3.63805577e+00  2.62957667e+00]
Device (GPU) time: 1.1081 seconds
Iters. done: 673 [Current cost: -20.966321670214256]
Current parameters: [ 3.19228790e+00  4.61944803e+00  3.10390148e+00  3.31300675e+00
  3.01343023e+00  1.70976034e+00  1.11867855e+00  1.86396436e+00
  2.26901745e+00  1.65322823e+00  2.53186709e+00  2.47580088e+00
  2.15045226e+00  5.02893833e-01  2.00979406e+00  3.84350115e+00
  8.52969321e-02  3.21909153e+00  4.69854197e-01  3.44120487e+00
  3.19664665e+00  1.25590104e-01  3.74165033e+00  1.90900749e+00
  1.53299117e+00  2.56947645e+00  1.70963105e+00  1.34598920e+00
  1.45173637e+00  5.67784900e-01  7.62653901e-01  1.63414452e+00
 -3.48654110e-03  1.59230677e+00  2.35926800e+00  1.66987961e+00
  1.64072009e+00  2.97276386e+00  2.20670971e+00  1.97305443e+00
  1.48119350e+00  2.24260151e+00  9.03142924e-01  2.25075294e+00
  3.21061682e+00  8.59157142e-01  4.52502349e-01  2.02246090e+00
 -3.26899955e-01 -1.67724131e-02  3.97509510e-01  6.62099275e-01
  1.48087740e+00  1.30387744e+00  3.45771338e-01  9.99495701e-01
  1.19830310e+00  1.43412417e+00  7.70976384e-01  1.56869016e+00
  3.41057027e+00  2.52216609e+00  3.63806142e+00  2.62956197e+00]
Device (GPU) time: 1.0238 seconds
Iters. done: 674 [Current cost: -20.922918257737166]
Current parameters: [ 3.19226395e+00  4.61945706e+00  3.10391333e+00  3.31299391e+00
  3.01344836e+00  1.70976286e+00  1.11871037e+00  1.86396085e+00
  2.26901863e+00  1.65325421e+00  2.53185190e+00  2.47581716e+00
  2.15046212e+00  5.02898759e-01  2.00980301e+00  3.84351372e+00
  8.52974693e-02  3.21909756e+00  4.69870816e-01  3.44120435e+00
  3.19664949e+00  1.25581225e-01  3.74165134e+00  1.90901597e+00
  1.53299502e+00  2.56948090e+00  1.70963263e+00  1.34598626e+00
  1.45174128e+00  5.67798835e-01  7.62675586e-01  1.63416933e+00
 -3.49547195e-03  1.59232172e+00  2.35929588e+00  1.66989479e+00
  1.64072802e+00  2.97276928e+00  2.20672117e+00  1.97306201e+00
  1.48119496e+00  2.24258984e+00  9.03150466e-01  2.25074182e+00
  3.21060143e+00  8.59124937e-01  4.52509096e-01  2.02247071e+00
 -3.26921688e-01 -1.67599761e-02  3.97507179e-01  6.62093066e-01
  1.48087905e+00  1.30387267e+00  3.45760822e-01  9.99504039e-01
  1.19831113e+00  1.43413985e+00  7.70964034e-01  1.56869071e+00
  3.41056212e+00  2.52217946e+00  3.63809682e+00  2.62959133e+00]
Device (GPU) time: 1.1745 seconds
Iters. done: 675 [Current cost: -20.95841437804446]
Current parameters: [ 3.19228202e+00  4.61946071e+00  3.10392088e+00  3.31299410e+00
  3.01343114e+00  1.70976678e+00  1.11868121e+00  1.86396885e+00
  2.26900722e+00  1.65323941e+00  2.53186354e+00  2.47581407e+00
  2.15046195e+00  5.02883140e-01  2.00977561e+00  3.84349222e+00
  8.52931631e-02  3.21908764e+00  4.69856380e-01  3.44120900e+00
  3.19664027e+00  1.25583495e-01  3.74165124e+00  1.90900538e+00
  1.53301899e+00  2.56947706e+00  1.70963061e+00  1.34597810e+00
  1.45174437e+00  5.67800341e-01  7.62659703e-01  1.63413915e+00
 -3.48704102e-03  1.59230370e+00  2.35926585e+00  1.66987607e+00
  1.64072539e+00  2.97276800e+00  2.20670655e+00  1.97305803e+00
  1.48120494e+00  2.24259953e+00  9.03144420e-01  2.25075424e+00
  3.21060134e+00  8.59148716e-01  4.52503401e-01  2.02246243e+00
 -3.26908423e-01 -1.67679743e-02  3.97518428e-01  6.62074007e-01
  1.48087535e+00  1.30388350e+00  3.45764781e-01  9.99494830e-01
  1.19829397e+00  1.43412336e+00  7.70970899e-01  1.56869951e+00
  3.41057213e+00  2.52217232e+00  3.63806903e+00  2.62955927e+00]
Device (GPU) time: 1.1633 seconds
Iters. done: 676 [Current cost: -20.95743692717876]
Current parameters: [ 3.19229741e+00  4.61946791e+00  3.10390570e+00  3.31301021e+00
  3.01342142e+00  1.70977630e+00  1.11867198e+00  1.86396836e+00
  2.26899743e+00  1.65326003e+00  2.53186555e+00  2.47581294e+00
  2.15046854e+00  5.02884328e-01  2.00980389e+00  3.84349344e+00
  8.52970492e-02  3.21907590e+00  4.69883131e-01  3.44120587e+00
  3.19664117e+00  1.25586838e-01  3.74167839e+00  1.90902486e+00
  1.53301491e+00  2.56945723e+00  1.70963409e+00  1.34598689e+00
  1.45176749e+00  5.67813939e-01  7.62648662e-01  1.63414206e+00
 -3.49947916e-03  1.59230376e+00  2.35927455e+00  1.66984802e+00
  1.64071416e+00  2.97277083e+00  2.20669928e+00  1.97306433e+00
  1.48117915e+00  2.24259243e+00  9.03148285e-01  2.25073853e+00
  3.21063340e+00  8.59155205e-01  4.52508571e-01  2.02246021e+00
 -3.26888280e-01 -1.67582566e-02  3.97528213e-01  6.62100320e-01
  1.48088337e+00  1.30386063e+00  3.45774841e-01  9.99501512e-01
  1.19831303e+00  1.43414515e+00  7.70976482e-01  1.56869171e+00
  3.41056569e+00  2.52219261e+00  3.63806298e+00  2.62957006e+00]
Device (GPU) time: 1.0352 seconds
Iters. done: 677 [Current cost: -20.890160176648347]
Current parameters: [ 3.19229801e+00  4.61944479e+00  3.10391216e+00  3.31300565e+00
  3.01343201e+00  1.70976913e+00  1.11867344e+00  1.86396254e+00
  2.26900631e+00  1.65323692e+00  2.53187554e+00  2.47582214e+00
  2.15046081e+00  5.02898113e-01  2.00977950e+00  3.84349363e+00
  8.52976313e-02  3.21908028e+00  4.69863367e-01  3.44121779e+00
  3.19663748e+00  1.25584215e-01  3.74165183e+00  1.90900867e+00
  1.53299956e+00  2.56947624e+00  1.70962793e+00  1.34597664e+00
  1.45173496e+00  5.67804816e-01  7.62667120e-01  1.63415507e+00
 -3.49405473e-03  1.59230790e+00  2.35927293e+00  1.66988275e+00
  1.64073139e+00  2.97276529e+00  2.20670737e+00  1.97306843e+00
  1.48119490e+00  2.24260796e+00  9.03142993e-01  2.25074283e+00
  3.21060090e+00  8.59150914e-01  4.52502167e-01  2.02246478e+00
 -3.26909195e-01 -1.67685230e-02  3.97520650e-01  6.62106217e-01
  1.48087763e+00  1.30388252e+00  3.45761733e-01  9.99506277e-01
  1.19829547e+00  1.43413291e+00  7.70971412e-01  1.56869098e+00
  3.41058954e+00  2.52217463e+00  3.63805512e+00  2.62957353e+00]
Device (GPU) time: 1.2187 seconds
Iters. done: 678 [Current cost: -20.976551705815794]
Current parameters: [ 3.19227469e+00  4.61946579e+00  3.10390050e+00  3.31300955e+00
  3.01346501e+00  1.70977601e+00  1.11868823e+00  1.86394535e+00
  2.26902168e+00  1.65323888e+00  2.53187425e+00  2.47581281e+00
  2.15044401e+00  5.02891273e-01  2.00979683e+00  3.84346885e+00
  8.52995107e-02  3.21906898e+00  4.69838326e-01  3.44121522e+00
  3.19664364e+00  1.25578683e-01  3.74164461e+00  1.90900564e+00
  1.53301193e+00  2.56947336e+00  1.70962836e+00  1.34596433e+00
  1.45173604e+00  5.67813688e-01  7.62654514e-01  1.63417365e+00
 -3.48253560e-03  1.59229618e+00  2.35925651e+00  1.66988380e+00
  1.64072806e+00  2.97273924e+00  2.20669609e+00  1.97305951e+00
  1.48117951e+00  2.24260205e+00  9.03132521e-01  2.25072974e+00
  3.21061083e+00  8.59146165e-01  4.52512014e-01  2.02246759e+00
 -3.26903689e-01 -1.67624621e-02  3.97536313e-01  6.62084316e-01
  1.48088093e+00  1.30385466e+00  3.45780491e-01  9.99483273e-01
  1.19829876e+00  1.43413752e+00  7.70972993e-01  1.56867590e+00
  3.41057639e+00  2.52215143e+00  3.63807325e+00  2.62955179e+00]
Device (GPU) time: 1.1487 seconds
Iters. done: 679 [Current cost: -20.897247648477624]
Current parameters: [ 3.19227368e+00  4.61946045e+00  3.10391425e+00  3.31300443e+00
  3.01343965e+00  1.70975565e+00  1.11867734e+00  1.86396306e+00
  2.26900956e+00  1.65325356e+00  2.53186768e+00  2.47580883e+00
  2.15046037e+00  5.02888004e-01  2.00979047e+00  3.84348949e+00
  8.52984006e-02  3.21907847e+00  4.69874172e-01  3.44121714e+00
  3.19665380e+00  1.25588870e-01  3.74164941e+00  1.90901327e+00
  1.53299097e+00  2.56947923e+00  1.70963537e+00  1.34597921e+00
  1.45173606e+00  5.67806870e-01  7.62670836e-01  1.63414108e+00
 -3.49762466e-03  1.59230529e+00  2.35926517e+00  1.66987674e+00
  1.64072557e+00  2.97275885e+00  2.20670757e+00  1.97304795e+00
  1.48120503e+00  2.24259642e+00  9.03136184e-01  2.25075636e+00
  3.21060329e+00  8.59149047e-01  4.52501878e-01  2.02246885e+00
 -3.26905154e-01 -1.67795919e-02  3.97527922e-01  6.62100928e-01
  1.48088122e+00  1.30387821e+00  3.45767962e-01  9.99496221e-01
  1.19831484e+00  1.43411974e+00  7.70972890e-01  1.56869390e+00
  3.41058343e+00  2.52217135e+00  3.63805782e+00  2.62955830e+00]
Device (GPU) time: 1.1479 seconds
Iters. done: 680 [Current cost: -20.866075484834248]
Current parameters: [ 3.19227171e+00  4.61946951e+00  3.10391590e+00  3.31300576e+00
  3.01342684e+00  1.70973464e+00  1.11867242e+00  1.86397463e+00
  2.26902109e+00  1.65324634e+00  2.53186024e+00  2.47580724e+00
  2.15044957e+00  5.02904415e-01  2.00978062e+00  3.84350023e+00
  8.52926558e-02  3.21906987e+00  4.69846491e-01  3.44119759e+00
  3.19666388e+00  1.25589119e-01  3.74165312e+00  1.90902562e+00
  1.53301618e+00  2.56947169e+00  1.70961879e+00  1.34600282e+00
  1.45175616e+00  5.67814755e-01  7.62675275e-01  1.63416316e+00
 -3.48182887e-03  1.59231189e+00  2.35928228e+00  1.66990190e+00
  1.64072547e+00  2.97275392e+00  2.20671178e+00  1.97307774e+00
  1.48117958e+00  2.24260836e+00  9.03134952e-01  2.25076425e+00
  3.21063200e+00  8.59132445e-01  4.52492560e-01  2.02245124e+00
 -3.26909271e-01 -1.67697080e-02  3.97528605e-01  6.62098561e-01
  1.48088960e+00  1.30388240e+00  3.45759121e-01  9.99496233e-01
  1.19827714e+00  1.43413201e+00  7.70964205e-01  1.56871111e+00
  3.41058313e+00  2.52217764e+00  3.63803817e+00  2.62954668e+00]
Device (GPU) time: 1.0111 seconds
Iters. done: 681 [Current cost: -20.839230289025927]
Current parameters: [ 3.19227966e+00  4.61945529e+00  3.10391091e+00  3.31299850e+00
  3.01343424e+00  1.70975871e+00  1.11867737e+00  1.86395792e+00
  2.26902388e+00  1.65323850e+00  2.53186118e+00  2.47580750e+00
  2.15046381e+00  5.02885254e-01  2.00978316e+00  3.84349190e+00
  8.52964734e-02  3.21908839e+00  4.69860014e-01  3.44120851e+00
  3.19663855e+00  1.25581589e-01  3.74164463e+00  1.90900853e+00
  1.53299897e+00  2.56947076e+00  1.70963151e+00  1.34598411e+00
  1.45174047e+00  5.67805738e-01  7.62666881e-01  1.63415941e+00
 -3.48725180e-03  1.59231136e+00  2.35926868e+00  1.66986618e+00
  1.64072711e+00  2.97275717e+00  2.20670710e+00  1.97306199e+00
  1.48119708e+00  2.24260130e+00  9.03132970e-01  2.25074321e+00
  3.21061442e+00  8.59155510e-01  4.52507452e-01  2.02246395e+00
 -3.26910640e-01 -1.67634887e-02  3.97524245e-01  6.62093028e-01
  1.48087852e+00  1.30389549e+00  3.45747567e-01  9.99483320e-01
  1.19831415e+00  1.43413242e+00  7.70989076e-01  1.56869378e+00
  3.41057136e+00  2.52218109e+00  3.63805144e+00  2.62956813e+00]
Device (GPU) time: 1.1090 seconds
Iters. done: 682 [Current cost: -20.92545048586646]
Current parameters: [ 3.19228571e+00  4.61946870e+00  3.10390811e+00  3.31300458e+00
  3.01344317e+00  1.70977095e+00  1.11867695e+00  1.86393692e+00
  2.26900482e+00  1.65323117e+00  2.53187139e+00  2.47580070e+00
  2.15045246e+00  5.02886131e-01  2.00978203e+00  3.84348792e+00
  8.52865389e-02  3.21907509e+00  4.69872488e-01  3.44121797e+00
  3.19664431e+00  1.25577084e-01  3.74162892e+00  1.90901930e+00
  1.53300346e+00  2.56944332e+00  1.70964219e+00  1.34599020e+00
  1.45172942e+00  5.67806498e-01  7.62651271e-01  1.63415865e+00
 -3.48155506e-03  1.59231562e+00  2.35926337e+00  1.66987308e+00
  1.64072285e+00  2.97275259e+00  2.20671785e+00  1.97304604e+00
  1.48119582e+00  2.24261241e+00  9.03143925e-01  2.25076314e+00
  3.21062208e+00  8.59157810e-01  4.52516620e-01  2.02244568e+00
 -3.26924514e-01 -1.67541459e-02  3.97502642e-01  6.62100130e-01
  1.48086931e+00  1.30389926e+00  3.45780447e-01  9.99502388e-01
  1.19831211e+00  1.43412385e+00  7.70933200e-01  1.56872012e+00
  3.41059065e+00  2.52219175e+00  3.63807232e+00  2.62956809e+00]
Device (GPU) time: 1.1263 seconds
Iters. done: 683 [Current cost: -20.95322968173806]
Current parameters: [ 3.19228909e+00  4.61944662e+00  3.10390411e+00  3.31300547e+00
  3.01343666e+00  1.70976111e+00  1.11868673e+00  1.86395935e+00
  2.26901379e+00  1.65324993e+00  2.53186284e+00  2.47580542e+00
  2.15046401e+00  5.02885263e-01  2.00978380e+00  3.84349363e+00
  8.52850075e-02  3.21908176e+00  4.69861642e-01  3.44120470e+00
  3.19664594e+00  1.25579074e-01  3.74164666e+00  1.90901429e+00
  1.53301016e+00  2.56947916e+00  1.70963675e+00  1.34599848e+00
  1.45173976e+00  5.67801555e-01  7.62679631e-01  1.63415494e+00
 -3.48350246e-03  1.59229839e+00  2.35925751e+00  1.66987629e+00
  1.64071444e+00  2.97276501e+00  2.20670266e+00  1.97306567e+00
  1.48121058e+00  2.24259525e+00  9.03140898e-01  2.25073785e+00
  3.21060637e+00  8.59149988e-01  4.52515245e-01  2.02245649e+00
 -3.26905944e-01 -1.67693237e-02  3.97509739e-01  6.62104445e-01
  1.48087576e+00  1.30387481e+00  3.45764244e-01  9.99496590e-01
  1.19830025e+00  1.43412988e+00  7.70973534e-01  1.56869286e+00
  3.41058494e+00  2.52217724e+00  3.63806233e+00  2.62955256e+00]
Device (GPU) time: 1.1360 seconds
Iters. done: 684 [Current cost: -20.924927293967237]
Current parameters: [ 3.19229342e+00  4.61945233e+00  3.10392234e+00  3.31299402e+00
  3.01342268e+00  1.70977451e+00  1.11867930e+00  1.86395287e+00
  2.26901093e+00  1.65321884e+00  2.53184952e+00  2.47581548e+00
  2.15044902e+00  5.02890576e-01  2.00977348e+00  3.84350348e+00
  8.52948317e-02  3.21907392e+00  4.69856522e-01  3.44119393e+00
  3.19665725e+00  1.25568100e-01  3.74164933e+00  1.90903885e+00
  1.53298607e+00  2.56948104e+00  1.70964721e+00  1.34600053e+00
  1.45174122e+00  5.67816552e-01  7.62671277e-01  1.63415472e+00
 -3.49841373e-03  1.59229893e+00  2.35927593e+00  1.66984824e+00
  1.64073161e+00  2.97274983e+00  2.20673561e+00  1.97302345e+00
  1.48120643e+00  2.24259788e+00  9.03143907e-01  2.25075124e+00
  3.21060787e+00  8.59155964e-01  4.52506622e-01  2.02246632e+00
 -3.26919785e-01 -1.67623380e-02  3.97532168e-01  6.62092672e-01
  1.48088988e+00  1.30386914e+00  3.45768281e-01  9.99496057e-01
  1.19827095e+00  1.43413794e+00  7.70985747e-01  1.56867623e+00
  3.41058757e+00  2.52216942e+00  3.63806809e+00  2.62956245e+00]
Device (GPU) time: 1.1568 seconds
Iters. done: 685 [Current cost: -20.952202538736127]
Current parameters: [ 3.19229332e+00  4.61944934e+00  3.10391789e+00  3.31299466e+00
  3.01344263e+00  1.70975976e+00  1.11867733e+00  1.86395944e+00
  2.26900885e+00  1.65324761e+00  2.53186059e+00  2.47580757e+00
  2.15046566e+00  5.02885587e-01  2.00979343e+00  3.84349746e+00
  8.52783596e-02  3.21908626e+00  4.69861841e-01  3.44119396e+00
  3.19663480e+00  1.25592547e-01  3.74164738e+00  1.90901509e+00
  1.53299369e+00  2.56947504e+00  1.70962374e+00  1.34598134e+00
  1.45172448e+00  5.67810205e-01  7.62670473e-01  1.63414318e+00
 -3.48527860e-03  1.59230962e+00  2.35926995e+00  1.66987916e+00
  1.64073679e+00  2.97275638e+00  2.20670219e+00  1.97305589e+00
  1.48119155e+00  2.24259723e+00  9.03145098e-01  2.25074779e+00
  3.21060697e+00  8.59150827e-01  4.52502304e-01  2.02244995e+00
 -3.26901732e-01 -1.67634596e-02  3.97522385e-01  6.62094215e-01
  1.48088499e+00  1.30387856e+00  3.45776695e-01  9.99484520e-01
  1.19829846e+00  1.43413331e+00  7.70975831e-01  1.56870119e+00
  3.41057997e+00  2.52217613e+00  3.63806098e+00  2.62956416e+00]
Device (GPU) time: 1.0343 seconds
Iters. done: 686 [Current cost: -20.945305905884005]
Current parameters: [ 3.19230177e+00  4.61943886e+00  3.10390087e+00  3.31300774e+00
  3.01342949e+00  1.70977442e+00  1.11868743e+00  1.86396881e+00
  2.26902173e+00  1.65323187e+00  2.53188077e+00  2.47580093e+00
  2.15046863e+00  5.02907862e-01  2.00978233e+00  3.84346392e+00
  8.52990200e-02  3.21909172e+00  4.69873372e-01  3.44120856e+00
  3.19666262e+00  1.25583437e-01  3.74166295e+00  1.90901369e+00
  1.53300916e+00  2.56947156e+00  1.70965103e+00  1.34599909e+00
  1.45171609e+00  5.67815626e-01  7.62658626e-01  1.63416687e+00
 -3.48516097e-03  1.59232333e+00  2.35928121e+00  1.66988464e+00
  1.64071581e+00  2.97277603e+00  2.20669233e+00  1.97305491e+00
  1.48122286e+00  2.24259452e+00  9.03126693e-01  2.25076538e+00
  3.21060217e+00  8.59150579e-01  4.52478246e-01  2.02244569e+00
 -3.26912690e-01 -1.67692753e-02  3.97531598e-01  6.62079943e-01
  1.48089602e+00  1.30386635e+00  3.45768676e-01  9.99470785e-01
  1.19830513e+00  1.43414169e+00  7.70972782e-01  1.56870468e+00
  3.41057056e+00  2.52217980e+00  3.63806524e+00  2.62957026e+00]
Device (GPU) time: 1.1608 seconds
Iters. done: 687 [Current cost: -20.93343309949821]
Current parameters: [ 3.19228120e+00  4.61944536e+00  3.10391375e+00  3.31299445e+00
  3.01342321e+00  1.70975455e+00  1.11867960e+00  1.86396669e+00
  2.26899495e+00  1.65324983e+00  2.53186748e+00  2.47580449e+00
  2.15044423e+00  5.02896863e-01  2.00978768e+00  3.84348652e+00
  8.53055209e-02  3.21907931e+00  4.69866487e-01  3.44120779e+00
  3.19663974e+00  1.25583165e-01  3.74164497e+00  1.90900522e+00
  1.53299729e+00  2.56947539e+00  1.70962548e+00  1.34597954e+00
  1.45173292e+00  5.67802763e-01  7.62668981e-01  1.63416403e+00
 -3.47398385e-03  1.59229588e+00  2.35927272e+00  1.66987192e+00
  1.64072303e+00  2.97275988e+00  2.20670830e+00  1.97305430e+00
  1.48120038e+00  2.24259823e+00  9.03140300e-01  2.25075600e+00
  3.21061169e+00  8.59146996e-01  4.52512688e-01  2.02245452e+00
 -3.26904625e-01 -1.67713007e-02  3.97515803e-01  6.62087879e-01
  1.48087963e+00  1.30388086e+00  3.45772309e-01  9.99497432e-01
  1.19830310e+00  1.43413993e+00  7.70982452e-01  1.56869327e+00
  3.41057871e+00  2.52218356e+00  3.63806422e+00  2.62956303e+00]
Device (GPU) time: 1.2383 seconds
Iters. done: 688 [Current cost: -20.914322969486353]
Current parameters: [ 3.19229704e+00  4.61945560e+00  3.10392125e+00  3.31298941e+00
  3.01343785e+00  1.70977879e+00  1.11870710e+00  1.86396050e+00
  2.26900401e+00  1.65323966e+00  2.53185481e+00  2.47582124e+00
  2.15046446e+00  5.02862244e-01  2.00979287e+00  3.84349155e+00
  8.53087147e-02  3.21904927e+00  4.69857572e-01  3.44121705e+00
  3.19664210e+00  1.25598044e-01  3.74163169e+00  1.90900640e+00
  1.53298538e+00  2.56948894e+00  1.70962423e+00  1.34600020e+00
  1.45174756e+00  5.67792796e-01  7.62677340e-01  1.63415292e+00
 -3.48404894e-03  1.59229721e+00  2.35926826e+00  1.66987249e+00
  1.64071315e+00  2.97277669e+00  2.20672207e+00  1.97305951e+00
  1.48119248e+00  2.24261747e+00  9.03113685e-01  2.25074209e+00
  3.21060789e+00  8.59153735e-01  4.52472725e-01  2.02244542e+00
 -3.26908822e-01 -1.67691894e-02  3.97518591e-01  6.62092590e-01
  1.48087357e+00  1.30387685e+00  3.45776385e-01  9.99495272e-01
  1.19831126e+00  1.43414917e+00  7.70966838e-01  1.56871164e+00
  3.41056202e+00  2.52216512e+00  3.63804680e+00  2.62956750e+00]
Device (GPU) time: 1.1709 seconds
Iters. done: 689 [Current cost: -20.875279994494665]
Current parameters: [ 3.19229929e+00  4.61944931e+00  3.10390622e+00  3.31299250e+00
  3.01344043e+00  1.70976331e+00  1.11867925e+00  1.86397018e+00
  2.26901403e+00  1.65324555e+00  2.53186468e+00  2.47580856e+00
  2.15046292e+00  5.02894154e-01  2.00978757e+00  3.84348885e+00
  8.52952531e-02  3.21907403e+00  4.69858210e-01  3.44120063e+00
  3.19663490e+00  1.25594363e-01  3.74164470e+00  1.90902937e+00
  1.53299728e+00  2.56947092e+00  1.70963846e+00  1.34596923e+00
  1.45175020e+00  5.67804931e-01  7.62662694e-01  1.63415501e+00
 -3.48314458e-03  1.59229800e+00  2.35927460e+00  1.66988149e+00
  1.64072576e+00  2.97276343e+00  2.20670359e+00  1.97305221e+00
  1.48120412e+00  2.24259509e+00  9.03129901e-01  2.25075108e+00
  3.21061881e+00  8.59150984e-01  4.52504644e-01  2.02246607e+00
 -3.26912714e-01 -1.67813598e-02  3.97513782e-01  6.62099941e-01
  1.48087877e+00  1.30388667e+00  3.45757910e-01  9.99492150e-01
  1.19829997e+00  1.43412930e+00  7.70972065e-01  1.56869915e+00
  3.41057661e+00  2.52217157e+00  3.63807327e+00  2.62956060e+00]
Device (GPU) time: 1.0370 seconds
Iters. done: 690 [Current cost: -20.908359208951342]
Current parameters: [ 3.19227958e+00  4.61945860e+00  3.10390462e+00  3.31300134e+00
  3.01342090e+00  1.70977321e+00  1.11866940e+00  1.86394626e+00
  2.26900916e+00  1.65323005e+00  2.53187231e+00  2.47579549e+00
  2.15045875e+00  5.02880361e-01  2.00979044e+00  3.84351671e+00
  8.52998493e-02  3.21908735e+00  4.69878524e-01  3.44122540e+00
  3.19661720e+00  1.25599965e-01  3.74162460e+00  1.90903446e+00
  1.53300803e+00  2.56946678e+00  1.70963309e+00  1.34599929e+00
  1.45172946e+00  5.67836316e-01  7.62664503e-01  1.63413659e+00
 -3.46071723e-03  1.59231636e+00  2.35927770e+00  1.66989468e+00
  1.64071098e+00  2.97275890e+00  2.20671980e+00  1.97308427e+00
  1.48120375e+00  2.24259284e+00  9.03137752e-01  2.25075824e+00
  3.21059880e+00  8.59158139e-01  4.52503091e-01  2.02248028e+00
 -3.26901437e-01 -1.67797411e-02  3.97526099e-01  6.62087071e-01
  1.48086864e+00  1.30387213e+00  3.45767073e-01  9.99497715e-01
  1.19829885e+00  1.43415058e+00  7.70990987e-01  1.56869089e+00
  3.41057917e+00  2.52215787e+00  3.63807419e+00  2.62955820e+00]
Device (GPU) time: 1.1307 seconds
Iters. done: 691 [Current cost: -20.86880313484202]
Current parameters: [ 3.19227958e+00  4.61945860e+00  3.10390462e+00  3.31300134e+00
  3.01342090e+00  1.70977321e+00  1.11866940e+00  1.86394626e+00
  2.26900916e+00  1.65323005e+00  2.53187231e+00  2.47579549e+00
  2.15045875e+00  5.02880361e-01  2.00979044e+00  3.84351671e+00
  8.52998493e-02  3.21908735e+00  4.69878524e-01  3.44122540e+00
  3.19661720e+00  1.25599965e-01  3.74162460e+00  1.90903446e+00
  1.53300803e+00  2.56946678e+00  1.70963309e+00  1.34599929e+00
  1.45172946e+00  5.67836316e-01  7.62664503e-01  1.63413659e+00
 -3.46071723e-03  1.59231636e+00  2.35927770e+00  1.66989468e+00
  1.64071098e+00  2.97275890e+00  2.20671980e+00  1.97308427e+00
  1.48120375e+00  2.24259284e+00  9.03137752e-01  2.25075824e+00
  3.21059880e+00  8.59158139e-01  4.52503091e-01  2.02248028e+00
 -3.26901437e-01 -1.67797411e-02  3.97526099e-01  6.62087071e-01
  1.48086864e+00  1.30387213e+00  3.45767073e-01  9.99497715e-01
  1.19829885e+00  1.43415058e+00  7.70990987e-01  1.56869089e+00
  3.41057917e+00  2.52215787e+00  3.63807419e+00  2.62955820e+00]
Device (GPU) time: 1.1107 seconds

Total time: 775.3991863728 seconds
Total device time: 774.7059175968 seconds
Total classical optimizer time 0.6932687759 
 message: Optimization terminated successfully.
 success: True
  status: 1
     fun: -20.86880313484202
       x: [ 3.192e+00  4.619e+00 ...  3.638e+00  2.630e+00]
    nfev: 691
   maxcv: 0.0

=== GROUND STATE ENERGY ===
 
* Electronic ground state energy (Hartree): -68.642956149424
  - computed part:      -20.868803134842
  - FreezeCoreTransformer extracted energy part: -47.774153014582
~ Nuclear repulsion energy (Hartree): 14.033695679786
> Total ground state energy (Hartree): -54.609260469639
 
=== MEASURED OBSERVABLES ===
 
 
=== DIPOLE MOMENTS ===
 
~ Nuclear dipole moment (a.u.): [0.0  0.0  0.0]
 
calculting using numpy
=== GROUND STATE ENERGY ===
 
* Electronic ground state energy (Hartree): -69.770627941648
  - computed part:      -21.996474927066
  - FreezeCoreTransformer extracted energy part: -47.774153014582
~ Nuclear repulsion energy (Hartree): 14.033695679786
> Total ground state energy (Hartree): -55.736932261862
 
=== MEASURED OBSERVABLES ===
 
 
=== DIPOLE MOMENTS ===
 
~ Nuclear dipole moment (a.u.): [0.0  0.0  0.0]
 

real    12m59.715s
user    37m53.458s
sys     24m34.777s