using usscd = 64

Iters. done: 1 [Current cost: -16.040261081278974]
Current parameters: [2.86059024 2.6437867  0.77558757 1.17555542 1.1291682  1.85526663
 1.50683988 1.05378536 0.87523282 2.65991015 2.38142516 2.3813015
 2.08847487 1.17323363 0.37625461 1.68329366 1.88498385 0.99520618
 1.98563748 2.04692642 0.2909677  2.75484896 1.52501113 0.76321438
 0.41326306 0.67579622 2.65117744 0.32708107 0.87237824 2.51159011
 2.93987061 1.19441062 2.49190825 1.74380548 3.01600118 0.21059667
 2.20238099 0.43610783 1.27526958 2.66162497 0.83475801 1.03423546
 1.5571958  2.90807739 1.37217132 1.64746211 1.76725811 1.27542881
 1.28308961 2.15036345 0.37638981 0.70594784 0.04131858 1.51276526
 1.13369149 1.88243492 1.47551838 0.4560445  1.64920534 0.98168554
 2.65519512 2.90295871 2.93666151 0.21620837]
Device (GPU) time: 1.1411 seconds
Iters. done: 2 [Current cost: -16.02454247477539]
Current parameters: [1.86059024 3.6437867  0.77558757 1.17555542 1.1291682  1.85526663
 1.50683988 1.05378536 0.87523282 2.65991015 2.38142516 2.3813015
 2.08847487 1.17323363 0.37625461 1.68329366 1.88498385 0.99520618
 1.98563748 2.04692642 0.2909677  2.75484896 1.52501113 0.76321438
 0.41326306 0.67579622 2.65117744 0.32708107 0.87237824 2.51159011
 2.93987061 1.19441062 2.49190825 1.74380548 3.01600118 0.21059667
 2.20238099 0.43610783 1.27526958 2.66162497 0.83475801 1.03423546
 1.5571958  2.90807739 1.37217132 1.64746211 1.76725811 1.27542881
 1.28308961 2.15036345 0.37638981 0.70594784 0.04131858 1.51276526
 1.13369149 1.88243492 1.47551838 0.4560445  1.64920534 0.98168554
 2.65519512 2.90295871 2.93666151 0.21620837]
Device (GPU) time: 1.5365 seconds
Iters. done: 3 [Current cost: -15.575801049265865]
Current parameters: [1.86059024 2.6437867  1.77558757 1.17555542 1.1291682  1.85526663
 1.50683988 1.05378536 0.87523282 2.65991015 2.38142516 2.3813015
 2.08847487 1.17323363 0.37625461 1.68329366 1.88498385 0.99520618
 1.98563748 2.04692642 0.2909677  2.75484896 1.52501113 0.76321438
 0.41326306 0.67579622 2.65117744 0.32708107 0.87237824 2.51159011
 2.93987061 1.19441062 2.49190825 1.74380548 3.01600118 0.21059667
 2.20238099 0.43610783 1.27526958 2.66162497 0.83475801 1.03423546
 1.5571958  2.90807739 1.37217132 1.64746211 1.76725811 1.27542881
 1.28308961 2.15036345 0.37638981 0.70594784 0.04131858 1.51276526
 1.13369149 1.88243492 1.47551838 0.4560445  1.64920534 0.98168554
 2.65519512 2.90295871 2.93666151 0.21620837]
Device (GPU) time: 1.1135 seconds
Iters. done: 4 [Current cost: -16.0039624213305]
Current parameters: [1.86059024 2.6437867  0.77558757 2.17555542 1.1291682  1.85526663
 1.50683988 1.05378536 0.87523282 2.65991015 2.38142516 2.3813015
 2.08847487 1.17323363 0.37625461 1.68329366 1.88498385 0.99520618
 1.98563748 2.04692642 0.2909677  2.75484896 1.52501113 0.76321438
 0.41326306 0.67579622 2.65117744 0.32708107 0.87237824 2.51159011
 2.93987061 1.19441062 2.49190825 1.74380548 3.01600118 0.21059667
 2.20238099 0.43610783 1.27526958 2.66162497 0.83475801 1.03423546
 1.5571958  2.90807739 1.37217132 1.64746211 1.76725811 1.27542881
 1.28308961 2.15036345 0.37638981 0.70594784 0.04131858 1.51276526
 1.13369149 1.88243492 1.47551838 0.4560445  1.64920534 0.98168554
 2.65519512 2.90295871 2.93666151 0.21620837]
Device (GPU) time: 1.1927 seconds
Iters. done: 5 [Current cost: -15.693314197184673]
Current parameters: [1.86059024 2.6437867  0.77558757 1.17555542 2.1291682  1.85526663
 1.50683988 1.05378536 0.87523282 2.65991015 2.38142516 2.3813015
 2.08847487 1.17323363 0.37625461 1.68329366 1.88498385 0.99520618
 1.98563748 2.04692642 0.2909677  2.75484896 1.52501113 0.76321438
 0.41326306 0.67579622 2.65117744 0.32708107 0.87237824 2.51159011
 2.93987061 1.19441062 2.49190825 1.74380548 3.01600118 0.21059667
 2.20238099 0.43610783 1.27526958 2.66162497 0.83475801 1.03423546
 1.5571958  2.90807739 1.37217132 1.64746211 1.76725811 1.27542881
 1.28308961 2.15036345 0.37638981 0.70594784 0.04131858 1.51276526
 1.13369149 1.88243492 1.47551838 0.4560445  1.64920534 0.98168554
 2.65519512 2.90295871 2.93666151 0.21620837]
Device (GPU) time: 0.9798 seconds
Iters. done: 6 [Current cost: -14.99974519283183]
Current parameters: [1.86059024 2.6437867  0.77558757 1.17555542 1.1291682  2.85526663
 1.50683988 1.05378536 0.87523282 2.65991015 2.38142516 2.3813015
 2.08847487 1.17323363 0.37625461 1.68329366 1.88498385 0.99520618
 1.98563748 2.04692642 0.2909677  2.75484896 1.52501113 0.76321438
 0.41326306 0.67579622 2.65117744 0.32708107 0.87237824 2.51159011
 2.93987061 1.19441062 2.49190825 1.74380548 3.01600118 0.21059667
 2.20238099 0.43610783 1.27526958 2.66162497 0.83475801 1.03423546
 1.5571958  2.90807739 1.37217132 1.64746211 1.76725811 1.27542881
 1.28308961 2.15036345 0.37638981 0.70594784 0.04131858 1.51276526
 1.13369149 1.88243492 1.47551838 0.4560445  1.64920534 0.98168554
 2.65519512 2.90295871 2.93666151 0.21620837]
Device (GPU) time: 1.1486 seconds
Iters. done: 7 [Current cost: -15.656323400163606]
Current parameters: [1.86059024 2.6437867  0.77558757 1.17555542 1.1291682  1.85526663
 2.50683988 1.05378536 0.87523282 2.65991015 2.38142516 2.3813015
 2.08847487 1.17323363 0.37625461 1.68329366 1.88498385 0.99520618
 1.98563748 2.04692642 0.2909677  2.75484896 1.52501113 0.76321438
 0.41326306 0.67579622 2.65117744 0.32708107 0.87237824 2.51159011
 2.93987061 1.19441062 2.49190825 1.74380548 3.01600118 0.21059667
 2.20238099 0.43610783 1.27526958 2.66162497 0.83475801 1.03423546
 1.5571958  2.90807739 1.37217132 1.64746211 1.76725811 1.27542881
 1.28308961 2.15036345 0.37638981 0.70594784 0.04131858 1.51276526
 1.13369149 1.88243492 1.47551838 0.4560445  1.64920534 0.98168554
 2.65519512 2.90295871 2.93666151 0.21620837]
Device (GPU) time: 1.1177 seconds
Iters. done: 8 [Current cost: -15.950207083946632]
Current parameters: [1.86059024 2.6437867  0.77558757 1.17555542 1.1291682  1.85526663
 1.50683988 2.05378536 0.87523282 2.65991015 2.38142516 2.3813015
 2.08847487 1.17323363 0.37625461 1.68329366 1.88498385 0.99520618
 1.98563748 2.04692642 0.2909677  2.75484896 1.52501113 0.76321438
 0.41326306 0.67579622 2.65117744 0.32708107 0.87237824 2.51159011
 2.93987061 1.19441062 2.49190825 1.74380548 3.01600118 0.21059667
 2.20238099 0.43610783 1.27526958 2.66162497 0.83475801 1.03423546
 1.5571958  2.90807739 1.37217132 1.64746211 1.76725811 1.27542881
 1.28308961 2.15036345 0.37638981 0.70594784 0.04131858 1.51276526
 1.13369149 1.88243492 1.47551838 0.4560445  1.64920534 0.98168554
 2.65519512 2.90295871 2.93666151 0.21620837]
Device (GPU) time: 1.1165 seconds
Iters. done: 9 [Current cost: -15.351862416565433]
Current parameters: [1.86059024 2.6437867  0.77558757 1.17555542 1.1291682  1.85526663
 1.50683988 1.05378536 1.87523282 2.65991015 2.38142516 2.3813015
 2.08847487 1.17323363 0.37625461 1.68329366 1.88498385 0.99520618
 1.98563748 2.04692642 0.2909677  2.75484896 1.52501113 0.76321438
 0.41326306 0.67579622 2.65117744 0.32708107 0.87237824 2.51159011
 2.93987061 1.19441062 2.49190825 1.74380548 3.01600118 0.21059667
 2.20238099 0.43610783 1.27526958 2.66162497 0.83475801 1.03423546
 1.5571958  2.90807739 1.37217132 1.64746211 1.76725811 1.27542881
 1.28308961 2.15036345 0.37638981 0.70594784 0.04131858 1.51276526
 1.13369149 1.88243492 1.47551838 0.4560445  1.64920534 0.98168554
 2.65519512 2.90295871 2.93666151 0.21620837]
Device (GPU) time: 1.0013 seconds
Iters. done: 10 [Current cost: -16.251101669288495]
Current parameters: [1.86059024 2.6437867  0.77558757 1.17555542 1.1291682  1.85526663
 1.50683988 1.05378536 1.87523282 3.65991015 2.38142516 2.3813015
 2.08847487 1.17323363 0.37625461 1.68329366 1.88498385 0.99520618
 1.98563748 2.04692642 0.2909677  2.75484896 1.52501113 0.76321438
 0.41326306 0.67579622 2.65117744 0.32708107 0.87237824 2.51159011
 2.93987061 1.19441062 2.49190825 1.74380548 3.01600118 0.21059667
 2.20238099 0.43610783 1.27526958 2.66162497 0.83475801 1.03423546
 1.5571958  2.90807739 1.37217132 1.64746211 1.76725811 1.27542881
 1.28308961 2.15036345 0.37638981 0.70594784 0.04131858 1.51276526
 1.13369149 1.88243492 1.47551838 0.4560445  1.64920534 0.98168554
 2.65519512 2.90295871 2.93666151 0.21620837]
Device (GPU) time: 1.0986 seconds
Iters. done: 11 [Current cost: -16.290361717152738]
Current parameters: [1.86059024 2.6437867  0.77558757 1.17555542 1.1291682  1.85526663
 1.50683988 1.05378536 1.87523282 3.65991015 3.38142516 2.3813015
 2.08847487 1.17323363 0.37625461 1.68329366 1.88498385 0.99520618
 1.98563748 2.04692642 0.2909677  2.75484896 1.52501113 0.76321438
 0.41326306 0.67579622 2.65117744 0.32708107 0.87237824 2.51159011
 2.93987061 1.19441062 2.49190825 1.74380548 3.01600118 0.21059667
 2.20238099 0.43610783 1.27526958 2.66162497 0.83475801 1.03423546
 1.5571958  2.90807739 1.37217132 1.64746211 1.76725811 1.27542881
 1.28308961 2.15036345 0.37638981 0.70594784 0.04131858 1.51276526
 1.13369149 1.88243492 1.47551838 0.4560445  1.64920534 0.98168554
 2.65519512 2.90295871 2.93666151 0.21620837]
Device (GPU) time: 1.1262 seconds
Iters. done: 12 [Current cost: -16.35207190737065]
Current parameters: [1.86059024 2.6437867  0.77558757 1.17555542 1.1291682  1.85526663
 1.50683988 1.05378536 1.87523282 3.65991015 3.38142516 3.3813015
 2.08847487 1.17323363 0.37625461 1.68329366 1.88498385 0.99520618
 1.98563748 2.04692642 0.2909677  2.75484896 1.52501113 0.76321438
 0.41326306 0.67579622 2.65117744 0.32708107 0.87237824 2.51159011
 2.93987061 1.19441062 2.49190825 1.74380548 3.01600118 0.21059667
 2.20238099 0.43610783 1.27526958 2.66162497 0.83475801 1.03423546
 1.5571958  2.90807739 1.37217132 1.64746211 1.76725811 1.27542881
 1.28308961 2.15036345 0.37638981 0.70594784 0.04131858 1.51276526
 1.13369149 1.88243492 1.47551838 0.4560445  1.64920534 0.98168554
 2.65519512 2.90295871 2.93666151 0.21620837]
Device (GPU) time: 0.9835 seconds
Iters. done: 13 [Current cost: -16.148214187648794]
Current parameters: [1.86059024 2.6437867  0.77558757 1.17555542 1.1291682  1.85526663
 1.50683988 1.05378536 1.87523282 3.65991015 3.38142516 2.3813015
 3.08847487 1.17323363 0.37625461 1.68329366 1.88498385 0.99520618
 1.98563748 2.04692642 0.2909677  2.75484896 1.52501113 0.76321438
 0.41326306 0.67579622 2.65117744 0.32708107 0.87237824 2.51159011
 2.93987061 1.19441062 2.49190825 1.74380548 3.01600118 0.21059667
 2.20238099 0.43610783 1.27526958 2.66162497 0.83475801 1.03423546
 1.5571958  2.90807739 1.37217132 1.64746211 1.76725811 1.27542881
 1.28308961 2.15036345 0.37638981 0.70594784 0.04131858 1.51276526
 1.13369149 1.88243492 1.47551838 0.4560445  1.64920534 0.98168554
 2.65519512 2.90295871 2.93666151 0.21620837]
Device (GPU) time: 1.5068 seconds
Iters. done: 14 [Current cost: -15.95658461425021]
Current parameters: [1.86059024 2.6437867  0.77558757 1.17555542 1.1291682  1.85526663
 1.50683988 1.05378536 1.87523282 3.65991015 3.38142516 2.3813015
 2.08847487 2.17323363 0.37625461 1.68329366 1.88498385 0.99520618
 1.98563748 2.04692642 0.2909677  2.75484896 1.52501113 0.76321438
 0.41326306 0.67579622 2.65117744 0.32708107 0.87237824 2.51159011
 2.93987061 1.19441062 2.49190825 1.74380548 3.01600118 0.21059667
 2.20238099 0.43610783 1.27526958 2.66162497 0.83475801 1.03423546
 1.5571958  2.90807739 1.37217132 1.64746211 1.76725811 1.27542881
 1.28308961 2.15036345 0.37638981 0.70594784 0.04131858 1.51276526
 1.13369149 1.88243492 1.47551838 0.4560445  1.64920534 0.98168554
 2.65519512 2.90295871 2.93666151 0.21620837]
Device (GPU) time: 1.1648 seconds
Iters. done: 15 [Current cost: -16.030398013397733]
Current parameters: [1.86059024 2.6437867  0.77558757 1.17555542 1.1291682  1.85526663
 1.50683988 1.05378536 1.87523282 3.65991015 3.38142516 2.3813015
 2.08847487 1.17323363 1.37625461 1.68329366 1.88498385 0.99520618
 1.98563748 2.04692642 0.2909677  2.75484896 1.52501113 0.76321438
 0.41326306 0.67579622 2.65117744 0.32708107 0.87237824 2.51159011
 2.93987061 1.19441062 2.49190825 1.74380548 3.01600118 0.21059667
 2.20238099 0.43610783 1.27526958 2.66162497 0.83475801 1.03423546
 1.5571958  2.90807739 1.37217132 1.64746211 1.76725811 1.27542881
 1.28308961 2.15036345 0.37638981 0.70594784 0.04131858 1.51276526
 1.13369149 1.88243492 1.47551838 0.4560445  1.64920534 0.98168554
 2.65519512 2.90295871 2.93666151 0.21620837]
Device (GPU) time: 1.1374 seconds
Iters. done: 16 [Current cost: -16.361822975008206]
Current parameters: [1.86059024 2.6437867  0.77558757 1.17555542 1.1291682  1.85526663
 1.50683988 1.05378536 1.87523282 3.65991015 3.38142516 2.3813015
 2.08847487 1.17323363 1.37625461 2.68329366 1.88498385 0.99520618
 1.98563748 2.04692642 0.2909677  2.75484896 1.52501113 0.76321438
 0.41326306 0.67579622 2.65117744 0.32708107 0.87237824 2.51159011
 2.93987061 1.19441062 2.49190825 1.74380548 3.01600118 0.21059667
 2.20238099 0.43610783 1.27526958 2.66162497 0.83475801 1.03423546
 1.5571958  2.90807739 1.37217132 1.64746211 1.76725811 1.27542881
 1.28308961 2.15036345 0.37638981 0.70594784 0.04131858 1.51276526
 1.13369149 1.88243492 1.47551838 0.4560445  1.64920534 0.98168554
 2.65519512 2.90295871 2.93666151 0.21620837]
Device (GPU) time: 1.0141 seconds
Iters. done: 17 [Current cost: -16.208867572609]
Current parameters: [1.86059024 2.6437867  0.77558757 1.17555542 1.1291682  1.85526663
 1.50683988 1.05378536 1.87523282 3.65991015 3.38142516 2.3813015
 2.08847487 1.17323363 1.37625461 1.68329366 2.88498385 0.99520618
 1.98563748 2.04692642 0.2909677  2.75484896 1.52501113 0.76321438
 0.41326306 0.67579622 2.65117744 0.32708107 0.87237824 2.51159011
 2.93987061 1.19441062 2.49190825 1.74380548 3.01600118 0.21059667
 2.20238099 0.43610783 1.27526958 2.66162497 0.83475801 1.03423546
 1.5571958  2.90807739 1.37217132 1.64746211 1.76725811 1.27542881
 1.28308961 2.15036345 0.37638981 0.70594784 0.04131858 1.51276526
 1.13369149 1.88243492 1.47551838 0.4560445  1.64920534 0.98168554
 2.65519512 2.90295871 2.93666151 0.21620837]
Device (GPU) time: 1.7565 seconds
Iters. done: 18 [Current cost: -16.40490022368239]
Current parameters: [1.86059024 2.6437867  0.77558757 1.17555542 1.1291682  1.85526663
 1.50683988 1.05378536 1.87523282 3.65991015 3.38142516 2.3813015
 2.08847487 1.17323363 1.37625461 1.68329366 2.88498385 1.99520618
 1.98563748 2.04692642 0.2909677  2.75484896 1.52501113 0.76321438
 0.41326306 0.67579622 2.65117744 0.32708107 0.87237824 2.51159011
 2.93987061 1.19441062 2.49190825 1.74380548 3.01600118 0.21059667
 2.20238099 0.43610783 1.27526958 2.66162497 0.83475801 1.03423546
 1.5571958  2.90807739 1.37217132 1.64746211 1.76725811 1.27542881
 1.28308961 2.15036345 0.37638981 0.70594784 0.04131858 1.51276526
 1.13369149 1.88243492 1.47551838 0.4560445  1.64920534 0.98168554
 2.65519512 2.90295871 2.93666151 0.21620837]
Device (GPU) time: 1.0985 seconds
Iters. done: 19 [Current cost: -16.612720675973417]
Current parameters: [1.86059024 2.6437867  0.77558757 1.17555542 1.1291682  1.85526663
 1.50683988 1.05378536 1.87523282 3.65991015 3.38142516 2.3813015
 2.08847487 1.17323363 1.37625461 1.68329366 2.88498385 1.99520618
 2.98563748 2.04692642 0.2909677  2.75484896 1.52501113 0.76321438
 0.41326306 0.67579622 2.65117744 0.32708107 0.87237824 2.51159011
 2.93987061 1.19441062 2.49190825 1.74380548 3.01600118 0.21059667
 2.20238099 0.43610783 1.27526958 2.66162497 0.83475801 1.03423546
 1.5571958  2.90807739 1.37217132 1.64746211 1.76725811 1.27542881
 1.28308961 2.15036345 0.37638981 0.70594784 0.04131858 1.51276526
 1.13369149 1.88243492 1.47551838 0.4560445  1.64920534 0.98168554
 2.65519512 2.90295871 2.93666151 0.21620837]
Device (GPU) time: 1.0662 seconds
Iters. done: 20 [Current cost: -16.415877623787]
Current parameters: [1.86059024 2.6437867  0.77558757 1.17555542 1.1291682  1.85526663
 1.50683988 1.05378536 1.87523282 3.65991015 3.38142516 2.3813015
 2.08847487 1.17323363 1.37625461 1.68329366 2.88498385 1.99520618
 1.98563748 3.04692642 0.2909677  2.75484896 1.52501113 0.76321438
 0.41326306 0.67579622 2.65117744 0.32708107 0.87237824 2.51159011
 2.93987061 1.19441062 2.49190825 1.74380548 3.01600118 0.21059667
 2.20238099 0.43610783 1.27526958 2.66162497 0.83475801 1.03423546
 1.5571958  2.90807739 1.37217132 1.64746211 1.76725811 1.27542881
 1.28308961 2.15036345 0.37638981 0.70594784 0.04131858 1.51276526
 1.13369149 1.88243492 1.47551838 0.4560445  1.64920534 0.98168554
 2.65519512 2.90295871 2.93666151 0.21620837]
Device (GPU) time: 1.0082 seconds
Iters. done: 21 [Current cost: -16.210474060149025]
Current parameters: [1.86059024 2.6437867  0.77558757 1.17555542 1.1291682  1.85526663
 1.50683988 1.05378536 1.87523282 3.65991015 3.38142516 2.3813015
 2.08847487 1.17323363 1.37625461 1.68329366 2.88498385 1.99520618
 1.98563748 2.04692642 1.2909677  2.75484896 1.52501113 0.76321438
 0.41326306 0.67579622 2.65117744 0.32708107 0.87237824 2.51159011
 2.93987061 1.19441062 2.49190825 1.74380548 3.01600118 0.21059667
 2.20238099 0.43610783 1.27526958 2.66162497 0.83475801 1.03423546
 1.5571958  2.90807739 1.37217132 1.64746211 1.76725811 1.27542881
 1.28308961 2.15036345 0.37638981 0.70594784 0.04131858 1.51276526
 1.13369149 1.88243492 1.47551838 0.4560445  1.64920534 0.98168554
 2.65519512 2.90295871 2.93666151 0.21620837]
Device (GPU) time: 1.6575 seconds
Iters. done: 22 [Current cost: -16.626200229084535]
Current parameters: [1.86059024 2.6437867  0.77558757 1.17555542 1.1291682  1.85526663
 1.50683988 1.05378536 1.87523282 3.65991015 3.38142516 2.3813015
 2.08847487 1.17323363 1.37625461 1.68329366 2.88498385 1.99520618
 1.98563748 2.04692642 1.2909677  3.75484896 1.52501113 0.76321438
 0.41326306 0.67579622 2.65117744 0.32708107 0.87237824 2.51159011
 2.93987061 1.19441062 2.49190825 1.74380548 3.01600118 0.21059667
 2.20238099 0.43610783 1.27526958 2.66162497 0.83475801 1.03423546
 1.5571958  2.90807739 1.37217132 1.64746211 1.76725811 1.27542881
 1.28308961 2.15036345 0.37638981 0.70594784 0.04131858 1.51276526
 1.13369149 1.88243492 1.47551838 0.4560445  1.64920534 0.98168554
 2.65519512 2.90295871 2.93666151 0.21620837]
Device (GPU) time: 1.1497 seconds
Iters. done: 23 [Current cost: -16.680675214543434]
Current parameters: [1.86059024 2.6437867  0.77558757 1.17555542 1.1291682  1.85526663
 1.50683988 1.05378536 1.87523282 3.65991015 3.38142516 2.3813015
 2.08847487 1.17323363 1.37625461 1.68329366 2.88498385 1.99520618
 1.98563748 2.04692642 1.2909677  3.75484896 2.52501113 0.76321438
 0.41326306 0.67579622 2.65117744 0.32708107 0.87237824 2.51159011
 2.93987061 1.19441062 2.49190825 1.74380548 3.01600118 0.21059667
 2.20238099 0.43610783 1.27526958 2.66162497 0.83475801 1.03423546
 1.5571958  2.90807739 1.37217132 1.64746211 1.76725811 1.27542881
 1.28308961 2.15036345 0.37638981 0.70594784 0.04131858 1.51276526
 1.13369149 1.88243492 1.47551838 0.4560445  1.64920534 0.98168554
 2.65519512 2.90295871 2.93666151 0.21620837]
Device (GPU) time: 1.1011 seconds
Iters. done: 24 [Current cost: -16.68937787323009]
Current parameters: [1.86059024 2.6437867  0.77558757 1.17555542 1.1291682  1.85526663
 1.50683988 1.05378536 1.87523282 3.65991015 3.38142516 2.3813015
 2.08847487 1.17323363 1.37625461 1.68329366 2.88498385 1.99520618
 1.98563748 2.04692642 1.2909677  3.75484896 2.52501113 1.76321438
 0.41326306 0.67579622 2.65117744 0.32708107 0.87237824 2.51159011
 2.93987061 1.19441062 2.49190825 1.74380548 3.01600118 0.21059667
 2.20238099 0.43610783 1.27526958 2.66162497 0.83475801 1.03423546
 1.5571958  2.90807739 1.37217132 1.64746211 1.76725811 1.27542881
 1.28308961 2.15036345 0.37638981 0.70594784 0.04131858 1.51276526
 1.13369149 1.88243492 1.47551838 0.4560445  1.64920534 0.98168554
 2.65519512 2.90295871 2.93666151 0.21620837]
Device (GPU) time: 1.0036 seconds
Iters. done: 25 [Current cost: -16.89989412581532]
Current parameters: [1.86059024 2.6437867  0.77558757 1.17555542 1.1291682  1.85526663
 1.50683988 1.05378536 1.87523282 3.65991015 3.38142516 2.3813015
 2.08847487 1.17323363 1.37625461 1.68329366 2.88498385 1.99520618
 1.98563748 2.04692642 1.2909677  3.75484896 2.52501113 1.76321438
 1.41326306 0.67579622 2.65117744 0.32708107 0.87237824 2.51159011
 2.93987061 1.19441062 2.49190825 1.74380548 3.01600118 0.21059667
 2.20238099 0.43610783 1.27526958 2.66162497 0.83475801 1.03423546
 1.5571958  2.90807739 1.37217132 1.64746211 1.76725811 1.27542881
 1.28308961 2.15036345 0.37638981 0.70594784 0.04131858 1.51276526
 1.13369149 1.88243492 1.47551838 0.4560445  1.64920534 0.98168554
 2.65519512 2.90295871 2.93666151 0.21620837]
Device (GPU) time: 1.0843 seconds
Iters. done: 26 [Current cost: -16.971192208015637]
Current parameters: [1.86059024 2.6437867  0.77558757 1.17555542 1.1291682  1.85526663
 1.50683988 1.05378536 1.87523282 3.65991015 3.38142516 2.3813015
 2.08847487 1.17323363 1.37625461 1.68329366 2.88498385 1.99520618
 1.98563748 2.04692642 1.2909677  3.75484896 2.52501113 1.76321438
 1.41326306 1.67579622 2.65117744 0.32708107 0.87237824 2.51159011
 2.93987061 1.19441062 2.49190825 1.74380548 3.01600118 0.21059667
 2.20238099 0.43610783 1.27526958 2.66162497 0.83475801 1.03423546
 1.5571958  2.90807739 1.37217132 1.64746211 1.76725811 1.27542881
 1.28308961 2.15036345 0.37638981 0.70594784 0.04131858 1.51276526
 1.13369149 1.88243492 1.47551838 0.4560445  1.64920534 0.98168554
 2.65519512 2.90295871 2.93666151 0.21620837]
Device (GPU) time: 1.0958 seconds
Iters. done: 27 [Current cost: -16.968279467253456]
Current parameters: [1.86059024 2.6437867  0.77558757 1.17555542 1.1291682  1.85526663
 1.50683988 1.05378536 1.87523282 3.65991015 3.38142516 2.3813015
 2.08847487 1.17323363 1.37625461 1.68329366 2.88498385 1.99520618
 1.98563748 2.04692642 1.2909677  3.75484896 2.52501113 1.76321438
 1.41326306 0.67579622 3.65117744 0.32708107 0.87237824 2.51159011
 2.93987061 1.19441062 2.49190825 1.74380548 3.01600118 0.21059667
 2.20238099 0.43610783 1.27526958 2.66162497 0.83475801 1.03423546
 1.5571958  2.90807739 1.37217132 1.64746211 1.76725811 1.27542881
 1.28308961 2.15036345 0.37638981 0.70594784 0.04131858 1.51276526
 1.13369149 1.88243492 1.47551838 0.4560445  1.64920534 0.98168554
 2.65519512 2.90295871 2.93666151 0.21620837]
Device (GPU) time: 0.9953 seconds
Iters. done: 28 [Current cost: -16.630370994261696]
Current parameters: [1.86059024 2.6437867  0.77558757 1.17555542 1.1291682  1.85526663
 1.50683988 1.05378536 1.87523282 3.65991015 3.38142516 2.3813015
 2.08847487 1.17323363 1.37625461 1.68329366 2.88498385 1.99520618
 1.98563748 2.04692642 1.2909677  3.75484896 2.52501113 1.76321438
 1.41326306 0.67579622 2.65117744 1.32708107 0.87237824 2.51159011
 2.93987061 1.19441062 2.49190825 1.74380548 3.01600118 0.21059667
 2.20238099 0.43610783 1.27526958 2.66162497 0.83475801 1.03423546
 1.5571958  2.90807739 1.37217132 1.64746211 1.76725811 1.27542881
 1.28308961 2.15036345 0.37638981 0.70594784 0.04131858 1.51276526
 1.13369149 1.88243492 1.47551838 0.4560445  1.64920534 0.98168554
 2.65519512 2.90295871 2.93666151 0.21620837]
Device (GPU) time: 1.1413 seconds
Iters. done: 29 [Current cost: -17.005153081335575]
Current parameters: [1.86059024 2.6437867  0.77558757 1.17555542 1.1291682  1.85526663
 1.50683988 1.05378536 1.87523282 3.65991015 3.38142516 2.3813015
 2.08847487 1.17323363 1.37625461 1.68329366 2.88498385 1.99520618
 1.98563748 2.04692642 1.2909677  3.75484896 2.52501113 1.76321438
 1.41326306 0.67579622 2.65117744 1.32708107 1.87237824 2.51159011
 2.93987061 1.19441062 2.49190825 1.74380548 3.01600118 0.21059667
 2.20238099 0.43610783 1.27526958 2.66162497 0.83475801 1.03423546
 1.5571958  2.90807739 1.37217132 1.64746211 1.76725811 1.27542881
 1.28308961 2.15036345 0.37638981 0.70594784 0.04131858 1.51276526
 1.13369149 1.88243492 1.47551838 0.4560445  1.64920534 0.98168554
 2.65519512 2.90295871 2.93666151 0.21620837]
Device (GPU) time: 1.0769 seconds
Iters. done: 30 [Current cost: -17.174854012965948]
Current parameters: [1.86059024 2.6437867  0.77558757 1.17555542 1.1291682  1.85526663
 1.50683988 1.05378536 1.87523282 3.65991015 3.38142516 2.3813015
 2.08847487 1.17323363 1.37625461 1.68329366 2.88498385 1.99520618
 1.98563748 2.04692642 1.2909677  3.75484896 2.52501113 1.76321438
 1.41326306 0.67579622 2.65117744 1.32708107 1.87237824 3.51159011
 2.93987061 1.19441062 2.49190825 1.74380548 3.01600118 0.21059667
 2.20238099 0.43610783 1.27526958 2.66162497 0.83475801 1.03423546
 1.5571958  2.90807739 1.37217132 1.64746211 1.76725811 1.27542881
 1.28308961 2.15036345 0.37638981 0.70594784 0.04131858 1.51276526
 1.13369149 1.88243492 1.47551838 0.4560445  1.64920534 0.98168554
 2.65519512 2.90295871 2.93666151 0.21620837]
Device (GPU) time: 1.0956 seconds
Iters. done: 31 [Current cost: -16.95242649357168]
Current parameters: [1.86059024 2.6437867  0.77558757 1.17555542 1.1291682  1.85526663
 1.50683988 1.05378536 1.87523282 3.65991015 3.38142516 2.3813015
 2.08847487 1.17323363 1.37625461 1.68329366 2.88498385 1.99520618
 1.98563748 2.04692642 1.2909677  3.75484896 2.52501113 1.76321438
 1.41326306 0.67579622 2.65117744 1.32708107 1.87237824 2.51159011
 3.93987061 1.19441062 2.49190825 1.74380548 3.01600118 0.21059667
 2.20238099 0.43610783 1.27526958 2.66162497 0.83475801 1.03423546
 1.5571958  2.90807739 1.37217132 1.64746211 1.76725811 1.27542881
 1.28308961 2.15036345 0.37638981 0.70594784 0.04131858 1.51276526
 1.13369149 1.88243492 1.47551838 0.4560445  1.64920534 0.98168554
 2.65519512 2.90295871 2.93666151 0.21620837]
Device (GPU) time: 1.0231 seconds
Iters. done: 32 [Current cost: -16.957268696648395]
Current parameters: [1.86059024 2.6437867  0.77558757 1.17555542 1.1291682  1.85526663
 1.50683988 1.05378536 1.87523282 3.65991015 3.38142516 2.3813015
 2.08847487 1.17323363 1.37625461 1.68329366 2.88498385 1.99520618
 1.98563748 2.04692642 1.2909677  3.75484896 2.52501113 1.76321438
 1.41326306 0.67579622 2.65117744 1.32708107 1.87237824 2.51159011
 2.93987061 2.19441062 2.49190825 1.74380548 3.01600118 0.21059667
 2.20238099 0.43610783 1.27526958 2.66162497 0.83475801 1.03423546
 1.5571958  2.90807739 1.37217132 1.64746211 1.76725811 1.27542881
 1.28308961 2.15036345 0.37638981 0.70594784 0.04131858 1.51276526
 1.13369149 1.88243492 1.47551838 0.4560445  1.64920534 0.98168554
 2.65519512 2.90295871 2.93666151 0.21620837]
Device (GPU) time: 1.1367 seconds
Iters. done: 33 [Current cost: -17.518673819098254]
Current parameters: [1.86059024 2.6437867  0.77558757 1.17555542 1.1291682  1.85526663
 1.50683988 1.05378536 1.87523282 3.65991015 3.38142516 2.3813015
 2.08847487 1.17323363 1.37625461 1.68329366 2.88498385 1.99520618
 1.98563748 2.04692642 1.2909677  3.75484896 2.52501113 1.76321438
 1.41326306 0.67579622 2.65117744 1.32708107 1.87237824 2.51159011
 2.93987061 2.19441062 3.49190825 1.74380548 3.01600118 0.21059667
 2.20238099 0.43610783 1.27526958 2.66162497 0.83475801 1.03423546
 1.5571958  2.90807739 1.37217132 1.64746211 1.76725811 1.27542881
 1.28308961 2.15036345 0.37638981 0.70594784 0.04131858 1.51276526
 1.13369149 1.88243492 1.47551838 0.4560445  1.64920534 0.98168554
 2.65519512 2.90295871 2.93666151 0.21620837]
Device (GPU) time: 1.1440 seconds
Iters. done: 34 [Current cost: -17.485948711421745]
Current parameters: [1.86059024 2.6437867  0.77558757 1.17555542 1.1291682  1.85526663
 1.50683988 1.05378536 1.87523282 3.65991015 3.38142516 2.3813015
 2.08847487 1.17323363 1.37625461 1.68329366 2.88498385 1.99520618
 1.98563748 2.04692642 1.2909677  3.75484896 2.52501113 1.76321438
 1.41326306 0.67579622 2.65117744 1.32708107 1.87237824 2.51159011
 2.93987061 2.19441062 2.49190825 2.74380548 3.01600118 0.21059667
 2.20238099 0.43610783 1.27526958 2.66162497 0.83475801 1.03423546
 1.5571958  2.90807739 1.37217132 1.64746211 1.76725811 1.27542881
 1.28308961 2.15036345 0.37638981 0.70594784 0.04131858 1.51276526
 1.13369149 1.88243492 1.47551838 0.4560445  1.64920534 0.98168554
 2.65519512 2.90295871 2.93666151 0.21620837]
Device (GPU) time: 0.9710 seconds
Iters. done: 35 [Current cost: -17.62282241136496]
Current parameters: [1.86059024 2.6437867  0.77558757 1.17555542 1.1291682  1.85526663
 1.50683988 1.05378536 1.87523282 3.65991015 3.38142516 2.3813015
 2.08847487 1.17323363 1.37625461 1.68329366 2.88498385 1.99520618
 1.98563748 2.04692642 1.2909677  3.75484896 2.52501113 1.76321438
 1.41326306 0.67579622 2.65117744 1.32708107 1.87237824 2.51159011
 2.93987061 2.19441062 2.49190825 2.74380548 4.01600118 0.21059667
 2.20238099 0.43610783 1.27526958 2.66162497 0.83475801 1.03423546
 1.5571958  2.90807739 1.37217132 1.64746211 1.76725811 1.27542881
 1.28308961 2.15036345 0.37638981 0.70594784 0.04131858 1.51276526
 1.13369149 1.88243492 1.47551838 0.4560445  1.64920534 0.98168554
 2.65519512 2.90295871 2.93666151 0.21620837]
Device (GPU) time: 1.0939 seconds
Iters. done: 36 [Current cost: -17.75699498976567]
Current parameters: [1.86059024 2.6437867  0.77558757 1.17555542 1.1291682  1.85526663
 1.50683988 1.05378536 1.87523282 3.65991015 3.38142516 2.3813015
 2.08847487 1.17323363 1.37625461 1.68329366 2.88498385 1.99520618
 1.98563748 2.04692642 1.2909677  3.75484896 2.52501113 1.76321438
 1.41326306 0.67579622 2.65117744 1.32708107 1.87237824 2.51159011
 2.93987061 2.19441062 2.49190825 2.74380548 4.01600118 1.21059667
 2.20238099 0.43610783 1.27526958 2.66162497 0.83475801 1.03423546
 1.5571958  2.90807739 1.37217132 1.64746211 1.76725811 1.27542881
 1.28308961 2.15036345 0.37638981 0.70594784 0.04131858 1.51276526
 1.13369149 1.88243492 1.47551838 0.4560445  1.64920534 0.98168554
 2.65519512 2.90295871 2.93666151 0.21620837]
Device (GPU) time: 1.0888 seconds
Iters. done: 37 [Current cost: -17.59761396564075]
Current parameters: [1.86059024 2.6437867  0.77558757 1.17555542 1.1291682  1.85526663
 1.50683988 1.05378536 1.87523282 3.65991015 3.38142516 2.3813015
 2.08847487 1.17323363 1.37625461 1.68329366 2.88498385 1.99520618
 1.98563748 2.04692642 1.2909677  3.75484896 2.52501113 1.76321438
 1.41326306 0.67579622 2.65117744 1.32708107 1.87237824 2.51159011
 2.93987061 2.19441062 2.49190825 2.74380548 4.01600118 0.21059667
 3.20238099 0.43610783 1.27526958 2.66162497 0.83475801 1.03423546
 1.5571958  2.90807739 1.37217132 1.64746211 1.76725811 1.27542881
 1.28308961 2.15036345 0.37638981 0.70594784 0.04131858 1.51276526
 1.13369149 1.88243492 1.47551838 0.4560445  1.64920534 0.98168554
 2.65519512 2.90295871 2.93666151 0.21620837]
Device (GPU) time: 0.9864 seconds
Iters. done: 38 [Current cost: -17.75910812558026]
Current parameters: [1.86059024 2.6437867  0.77558757 1.17555542 1.1291682  1.85526663
 1.50683988 1.05378536 1.87523282 3.65991015 3.38142516 2.3813015
 2.08847487 1.17323363 1.37625461 1.68329366 2.88498385 1.99520618
 1.98563748 2.04692642 1.2909677  3.75484896 2.52501113 1.76321438
 1.41326306 0.67579622 2.65117744 1.32708107 1.87237824 2.51159011
 2.93987061 2.19441062 2.49190825 2.74380548 4.01600118 0.21059667
 3.20238099 1.43610783 1.27526958 2.66162497 0.83475801 1.03423546
 1.5571958  2.90807739 1.37217132 1.64746211 1.76725811 1.27542881
 1.28308961 2.15036345 0.37638981 0.70594784 0.04131858 1.51276526
 1.13369149 1.88243492 1.47551838 0.4560445  1.64920534 0.98168554
 2.65519512 2.90295871 2.93666151 0.21620837]
Device (GPU) time: 1.0921 seconds
Iters. done: 39 [Current cost: -17.79685997429015]
Current parameters: [1.86059024 2.6437867  0.77558757 1.17555542 1.1291682  1.85526663
 1.50683988 1.05378536 1.87523282 3.65991015 3.38142516 2.3813015
 2.08847487 1.17323363 1.37625461 1.68329366 2.88498385 1.99520618
 1.98563748 2.04692642 1.2909677  3.75484896 2.52501113 1.76321438
 1.41326306 0.67579622 2.65117744 1.32708107 1.87237824 2.51159011
 2.93987061 2.19441062 2.49190825 2.74380548 4.01600118 0.21059667
 3.20238099 1.43610783 2.27526958 2.66162497 0.83475801 1.03423546
 1.5571958  2.90807739 1.37217132 1.64746211 1.76725811 1.27542881
 1.28308961 2.15036345 0.37638981 0.70594784 0.04131858 1.51276526
 1.13369149 1.88243492 1.47551838 0.4560445  1.64920534 0.98168554
 2.65519512 2.90295871 2.93666151 0.21620837]
Device (GPU) time: 1.0865 seconds
Iters. done: 40 [Current cost: -17.838446691592203]
Current parameters: [1.86059024 2.6437867  0.77558757 1.17555542 1.1291682  1.85526663
 1.50683988 1.05378536 1.87523282 3.65991015 3.38142516 2.3813015
 2.08847487 1.17323363 1.37625461 1.68329366 2.88498385 1.99520618
 1.98563748 2.04692642 1.2909677  3.75484896 2.52501113 1.76321438
 1.41326306 0.67579622 2.65117744 1.32708107 1.87237824 2.51159011
 2.93987061 2.19441062 2.49190825 2.74380548 4.01600118 0.21059667
 3.20238099 1.43610783 2.27526958 3.66162497 0.83475801 1.03423546
 1.5571958  2.90807739 1.37217132 1.64746211 1.76725811 1.27542881
 1.28308961 2.15036345 0.37638981 0.70594784 0.04131858 1.51276526
 1.13369149 1.88243492 1.47551838 0.4560445  1.64920534 0.98168554
 2.65519512 2.90295871 2.93666151 0.21620837]
Device (GPU) time: 1.0918 seconds
Iters. done: 41 [Current cost: -17.79950887325757]
Current parameters: [1.86059024 2.6437867  0.77558757 1.17555542 1.1291682  1.85526663
 1.50683988 1.05378536 1.87523282 3.65991015 3.38142516 2.3813015
 2.08847487 1.17323363 1.37625461 1.68329366 2.88498385 1.99520618
 1.98563748 2.04692642 1.2909677  3.75484896 2.52501113 1.76321438
 1.41326306 0.67579622 2.65117744 1.32708107 1.87237824 2.51159011
 2.93987061 2.19441062 2.49190825 2.74380548 4.01600118 0.21059667
 3.20238099 1.43610783 2.27526958 2.66162497 1.83475801 1.03423546
 1.5571958  2.90807739 1.37217132 1.64746211 1.76725811 1.27542881
 1.28308961 2.15036345 0.37638981 0.70594784 0.04131858 1.51276526
 1.13369149 1.88243492 1.47551838 0.4560445  1.64920534 0.98168554
 2.65519512 2.90295871 2.93666151 0.21620837]
Device (GPU) time: 1.0807 seconds
Iters. done: 42 [Current cost: -17.941713051044893]
Current parameters: [1.86059024 2.6437867  0.77558757 1.17555542 1.1291682  1.85526663
 1.50683988 1.05378536 1.87523282 3.65991015 3.38142516 2.3813015
 2.08847487 1.17323363 1.37625461 1.68329366 2.88498385 1.99520618
 1.98563748 2.04692642 1.2909677  3.75484896 2.52501113 1.76321438
 1.41326306 0.67579622 2.65117744 1.32708107 1.87237824 2.51159011
 2.93987061 2.19441062 2.49190825 2.74380548 4.01600118 0.21059667
 3.20238099 1.43610783 2.27526958 2.66162497 1.83475801 2.03423546
 1.5571958  2.90807739 1.37217132 1.64746211 1.76725811 1.27542881
 1.28308961 2.15036345 0.37638981 0.70594784 0.04131858 1.51276526
 1.13369149 1.88243492 1.47551838 0.4560445  1.64920534 0.98168554
 2.65519512 2.90295871 2.93666151 0.21620837]
Device (GPU) time: 0.9996 seconds
Iters. done: 43 [Current cost: -18.045696511424143]
Current parameters: [1.86059024 2.6437867  0.77558757 1.17555542 1.1291682  1.85526663
 1.50683988 1.05378536 1.87523282 3.65991015 3.38142516 2.3813015
 2.08847487 1.17323363 1.37625461 1.68329366 2.88498385 1.99520618
 1.98563748 2.04692642 1.2909677  3.75484896 2.52501113 1.76321438
 1.41326306 0.67579622 2.65117744 1.32708107 1.87237824 2.51159011
 2.93987061 2.19441062 2.49190825 2.74380548 4.01600118 0.21059667
 3.20238099 1.43610783 2.27526958 2.66162497 1.83475801 2.03423546
 2.5571958  2.90807739 1.37217132 1.64746211 1.76725811 1.27542881
 1.28308961 2.15036345 0.37638981 0.70594784 0.04131858 1.51276526
 1.13369149 1.88243492 1.47551838 0.4560445  1.64920534 0.98168554
 2.65519512 2.90295871 2.93666151 0.21620837]
Device (GPU) time: 1.0921 seconds
Iters. done: 44 [Current cost: -18.025315379976835]
Current parameters: [1.86059024 2.6437867  0.77558757 1.17555542 1.1291682  1.85526663
 1.50683988 1.05378536 1.87523282 3.65991015 3.38142516 2.3813015
 2.08847487 1.17323363 1.37625461 1.68329366 2.88498385 1.99520618
 1.98563748 2.04692642 1.2909677  3.75484896 2.52501113 1.76321438
 1.41326306 0.67579622 2.65117744 1.32708107 1.87237824 2.51159011
 2.93987061 2.19441062 2.49190825 2.74380548 4.01600118 0.21059667
 3.20238099 1.43610783 2.27526958 2.66162497 1.83475801 2.03423546
 1.5571958  3.90807739 1.37217132 1.64746211 1.76725811 1.27542881
 1.28308961 2.15036345 0.37638981 0.70594784 0.04131858 1.51276526
 1.13369149 1.88243492 1.47551838 0.4560445  1.64920534 0.98168554
 2.65519512 2.90295871 2.93666151 0.21620837]
Device (GPU) time: 1.0904 seconds
Iters. done: 45 [Current cost: -18.032330410871584]
Current parameters: [1.86059024 2.6437867  0.77558757 1.17555542 1.1291682  1.85526663
 1.50683988 1.05378536 1.87523282 3.65991015 3.38142516 2.3813015
 2.08847487 1.17323363 1.37625461 1.68329366 2.88498385 1.99520618
 1.98563748 2.04692642 1.2909677  3.75484896 2.52501113 1.76321438
 1.41326306 0.67579622 2.65117744 1.32708107 1.87237824 2.51159011
 2.93987061 2.19441062 2.49190825 2.74380548 4.01600118 0.21059667
 3.20238099 1.43610783 2.27526958 2.66162497 1.83475801 2.03423546
 1.5571958  2.90807739 2.37217132 1.64746211 1.76725811 1.27542881
 1.28308961 2.15036345 0.37638981 0.70594784 0.04131858 1.51276526
 1.13369149 1.88243492 1.47551838 0.4560445  1.64920534 0.98168554
 2.65519512 2.90295871 2.93666151 0.21620837]
Device (GPU) time: 1.0914 seconds
Iters. done: 46 [Current cost: -18.050499103140734]
Current parameters: [1.86059024 2.6437867  0.77558757 1.17555542 1.1291682  1.85526663
 1.50683988 1.05378536 1.87523282 3.65991015 3.38142516 2.3813015
 2.08847487 1.17323363 1.37625461 1.68329366 2.88498385 1.99520618
 1.98563748 2.04692642 1.2909677  3.75484896 2.52501113 1.76321438
 1.41326306 0.67579622 2.65117744 1.32708107 1.87237824 2.51159011
 2.93987061 2.19441062 2.49190825 2.74380548 4.01600118 0.21059667
 3.20238099 1.43610783 2.27526958 2.66162497 1.83475801 2.03423546
 1.5571958  2.90807739 2.37217132 2.64746211 1.76725811 1.27542881
 1.28308961 2.15036345 0.37638981 0.70594784 0.04131858 1.51276526
 1.13369149 1.88243492 1.47551838 0.4560445  1.64920534 0.98168554
 2.65519512 2.90295871 2.93666151 0.21620837]
Device (GPU) time: 0.9762 seconds
Iters. done: 47 [Current cost: -18.25603874279681]
Current parameters: [1.86059024 2.6437867  0.77558757 1.17555542 1.1291682  1.85526663
 1.50683988 1.05378536 1.87523282 3.65991015 3.38142516 2.3813015
 2.08847487 1.17323363 1.37625461 1.68329366 2.88498385 1.99520618
 1.98563748 2.04692642 1.2909677  3.75484896 2.52501113 1.76321438
 1.41326306 0.67579622 2.65117744 1.32708107 1.87237824 2.51159011
 2.93987061 2.19441062 2.49190825 2.74380548 4.01600118 0.21059667
 3.20238099 1.43610783 2.27526958 2.66162497 1.83475801 2.03423546
 1.5571958  2.90807739 2.37217132 2.64746211 2.76725811 1.27542881
 1.28308961 2.15036345 0.37638981 0.70594784 0.04131858 1.51276526
 1.13369149 1.88243492 1.47551838 0.4560445  1.64920534 0.98168554
 2.65519512 2.90295871 2.93666151 0.21620837]
Device (GPU) time: 1.1520 seconds
Iters. done: 48 [Current cost: -17.654999337302318]
Current parameters: [1.86059024 2.6437867  0.77558757 1.17555542 1.1291682  1.85526663
 1.50683988 1.05378536 1.87523282 3.65991015 3.38142516 2.3813015
 2.08847487 1.17323363 1.37625461 1.68329366 2.88498385 1.99520618
 1.98563748 2.04692642 1.2909677  3.75484896 2.52501113 1.76321438
 1.41326306 0.67579622 2.65117744 1.32708107 1.87237824 2.51159011
 2.93987061 2.19441062 2.49190825 2.74380548 4.01600118 0.21059667
 3.20238099 1.43610783 2.27526958 2.66162497 1.83475801 2.03423546
 1.5571958  2.90807739 2.37217132 2.64746211 1.76725811 2.27542881
 1.28308961 2.15036345 0.37638981 0.70594784 0.04131858 1.51276526
 1.13369149 1.88243492 1.47551838 0.4560445  1.64920534 0.98168554
 2.65519512 2.90295871 2.93666151 0.21620837]
Device (GPU) time: 1.0795 seconds
Iters. done: 49 [Current cost: -18.060259356451983]
Current parameters: [1.86059024 2.6437867  0.77558757 1.17555542 1.1291682  1.85526663
 1.50683988 1.05378536 1.87523282 3.65991015 3.38142516 2.3813015
 2.08847487 1.17323363 1.37625461 1.68329366 2.88498385 1.99520618
 1.98563748 2.04692642 1.2909677  3.75484896 2.52501113 1.76321438
 1.41326306 0.67579622 2.65117744 1.32708107 1.87237824 2.51159011
 2.93987061 2.19441062 2.49190825 2.74380548 4.01600118 0.21059667
 3.20238099 1.43610783 2.27526958 2.66162497 1.83475801 2.03423546
 1.5571958  2.90807739 2.37217132 2.64746211 1.76725811 1.27542881
 2.28308961 2.15036345 0.37638981 0.70594784 0.04131858 1.51276526
 1.13369149 1.88243492 1.47551838 0.4560445  1.64920534 0.98168554
 2.65519512 2.90295871 2.93666151 0.21620837]
Device (GPU) time: 0.9814 seconds
Iters. done: 50 [Current cost: -17.71710560061568]
Current parameters: [1.86059024 2.6437867  0.77558757 1.17555542 1.1291682  1.85526663
 1.50683988 1.05378536 1.87523282 3.65991015 3.38142516 2.3813015
 2.08847487 1.17323363 1.37625461 1.68329366 2.88498385 1.99520618
 1.98563748 2.04692642 1.2909677  3.75484896 2.52501113 1.76321438
 1.41326306 0.67579622 2.65117744 1.32708107 1.87237824 2.51159011
 2.93987061 2.19441062 2.49190825 2.74380548 4.01600118 0.21059667
 3.20238099 1.43610783 2.27526958 2.66162497 1.83475801 2.03423546
 1.5571958  2.90807739 2.37217132 2.64746211 1.76725811 1.27542881
 1.28308961 3.15036345 0.37638981 0.70594784 0.04131858 1.51276526
 1.13369149 1.88243492 1.47551838 0.4560445  1.64920534 0.98168554
 2.65519512 2.90295871 2.93666151 0.21620837]
Device (GPU) time: 1.1221 seconds
Iters. done: 51 [Current cost: -18.106980592058758]
Current parameters: [1.86059024 2.6437867  0.77558757 1.17555542 1.1291682  1.85526663
 1.50683988 1.05378536 1.87523282 3.65991015 3.38142516 2.3813015
 2.08847487 1.17323363 1.37625461 1.68329366 2.88498385 1.99520618
 1.98563748 2.04692642 1.2909677  3.75484896 2.52501113 1.76321438
 1.41326306 0.67579622 2.65117744 1.32708107 1.87237824 2.51159011
 2.93987061 2.19441062 2.49190825 2.74380548 4.01600118 0.21059667
 3.20238099 1.43610783 2.27526958 2.66162497 1.83475801 2.03423546
 1.5571958  2.90807739 2.37217132 2.64746211 1.76725811 1.27542881
 1.28308961 2.15036345 1.37638981 0.70594784 0.04131858 1.51276526
 1.13369149 1.88243492 1.47551838 0.4560445  1.64920534 0.98168554
 2.65519512 2.90295871 2.93666151 0.21620837]
Device (GPU) time: 1.0947 seconds
Iters. done: 52 [Current cost: -17.942637917489034]
Current parameters: [1.86059024 2.6437867  0.77558757 1.17555542 1.1291682  1.85526663
 1.50683988 1.05378536 1.87523282 3.65991015 3.38142516 2.3813015
 2.08847487 1.17323363 1.37625461 1.68329366 2.88498385 1.99520618
 1.98563748 2.04692642 1.2909677  3.75484896 2.52501113 1.76321438
 1.41326306 0.67579622 2.65117744 1.32708107 1.87237824 2.51159011
 2.93987061 2.19441062 2.49190825 2.74380548 4.01600118 0.21059667
 3.20238099 1.43610783 2.27526958 2.66162497 1.83475801 2.03423546
 1.5571958  2.90807739 2.37217132 2.64746211 1.76725811 1.27542881
 1.28308961 2.15036345 0.37638981 1.70594784 0.04131858 1.51276526
 1.13369149 1.88243492 1.47551838 0.4560445  1.64920534 0.98168554
 2.65519512 2.90295871 2.93666151 0.21620837]
Device (GPU) time: 1.0054 seconds
Iters. done: 53 [Current cost: -17.8393257015047]
Current parameters: [1.86059024 2.6437867  0.77558757 1.17555542 1.1291682  1.85526663
 1.50683988 1.05378536 1.87523282 3.65991015 3.38142516 2.3813015
 2.08847487 1.17323363 1.37625461 1.68329366 2.88498385 1.99520618
 1.98563748 2.04692642 1.2909677  3.75484896 2.52501113 1.76321438
 1.41326306 0.67579622 2.65117744 1.32708107 1.87237824 2.51159011
 2.93987061 2.19441062 2.49190825 2.74380548 4.01600118 0.21059667
 3.20238099 1.43610783 2.27526958 2.66162497 1.83475801 2.03423546
 1.5571958  2.90807739 2.37217132 2.64746211 1.76725811 1.27542881
 1.28308961 2.15036345 0.37638981 0.70594784 1.04131858 1.51276526
 1.13369149 1.88243492 1.47551838 0.4560445  1.64920534 0.98168554
 2.65519512 2.90295871 2.93666151 0.21620837]
Device (GPU) time: 1.0800 seconds
Iters. done: 54 [Current cost: -17.412039727703633]
Current parameters: [1.86059024 2.6437867  0.77558757 1.17555542 1.1291682  1.85526663
 1.50683988 1.05378536 1.87523282 3.65991015 3.38142516 2.3813015
 2.08847487 1.17323363 1.37625461 1.68329366 2.88498385 1.99520618
 1.98563748 2.04692642 1.2909677  3.75484896 2.52501113 1.76321438
 1.41326306 0.67579622 2.65117744 1.32708107 1.87237824 2.51159011
 2.93987061 2.19441062 2.49190825 2.74380548 4.01600118 0.21059667
 3.20238099 1.43610783 2.27526958 2.66162497 1.83475801 2.03423546
 1.5571958  2.90807739 2.37217132 2.64746211 1.76725811 1.27542881
 1.28308961 2.15036345 0.37638981 0.70594784 0.04131858 2.51276526
 1.13369149 1.88243492 1.47551838 0.4560445  1.64920534 0.98168554
 2.65519512 2.90295871 2.93666151 0.21620837]
Device (GPU) time: 1.0804 seconds
Iters. done: 55 [Current cost: -18.276855254456816]
Current parameters: [1.86059024 2.6437867  0.77558757 1.17555542 1.1291682  1.85526663
 1.50683988 1.05378536 1.87523282 3.65991015 3.38142516 2.3813015
 2.08847487 1.17323363 1.37625461 1.68329366 2.88498385 1.99520618
 1.98563748 2.04692642 1.2909677  3.75484896 2.52501113 1.76321438
 1.41326306 0.67579622 2.65117744 1.32708107 1.87237824 2.51159011
 2.93987061 2.19441062 2.49190825 2.74380548 4.01600118 0.21059667
 3.20238099 1.43610783 2.27526958 2.66162497 1.83475801 2.03423546
 1.5571958  2.90807739 2.37217132 2.64746211 1.76725811 1.27542881
 1.28308961 2.15036345 0.37638981 0.70594784 0.04131858 2.51276526
 2.13369149 1.88243492 1.47551838 0.4560445  1.64920534 0.98168554
 2.65519512 2.90295871 2.93666151 0.21620837]
Device (GPU) time: 1.0670 seconds
Iters. done: 56 [Current cost: -18.248067626679404]
Current parameters: [1.86059024 2.6437867  0.77558757 1.17555542 1.1291682  1.85526663
 1.50683988 1.05378536 1.87523282 3.65991015 3.38142516 2.3813015
 2.08847487 1.17323363 1.37625461 1.68329366 2.88498385 1.99520618
 1.98563748 2.04692642 1.2909677  3.75484896 2.52501113 1.76321438
 1.41326306 0.67579622 2.65117744 1.32708107 1.87237824 2.51159011
 2.93987061 2.19441062 2.49190825 2.74380548 4.01600118 0.21059667
 3.20238099 1.43610783 2.27526958 2.66162497 1.83475801 2.03423546
 1.5571958  2.90807739 2.37217132 2.64746211 1.76725811 1.27542881
 1.28308961 2.15036345 0.37638981 0.70594784 0.04131858 2.51276526
 1.13369149 2.88243492 1.47551838 0.4560445  1.64920534 0.98168554
 2.65519512 2.90295871 2.93666151 0.21620837]
Device (GPU) time: 1.0989 seconds
Iters. done: 57 [Current cost: -18.004440238373594]
Current parameters: [1.86059024 2.6437867  0.77558757 1.17555542 1.1291682  1.85526663
 1.50683988 1.05378536 1.87523282 3.65991015 3.38142516 2.3813015
 2.08847487 1.17323363 1.37625461 1.68329366 2.88498385 1.99520618
 1.98563748 2.04692642 1.2909677  3.75484896 2.52501113 1.76321438
 1.41326306 0.67579622 2.65117744 1.32708107 1.87237824 2.51159011
 2.93987061 2.19441062 2.49190825 2.74380548 4.01600118 0.21059667
 3.20238099 1.43610783 2.27526958 2.66162497 1.83475801 2.03423546
 1.5571958  2.90807739 2.37217132 2.64746211 1.76725811 1.27542881
 1.28308961 2.15036345 0.37638981 0.70594784 0.04131858 2.51276526
 1.13369149 1.88243492 2.47551838 0.4560445  1.64920534 0.98168554
 2.65519512 2.90295871 2.93666151 0.21620837]
Device (GPU) time: 0.9823 seconds
Iters. done: 58 [Current cost: -18.31652190697555]
Current parameters: [1.86059024 2.6437867  0.77558757 1.17555542 1.1291682  1.85526663
 1.50683988 1.05378536 1.87523282 3.65991015 3.38142516 2.3813015
 2.08847487 1.17323363 1.37625461 1.68329366 2.88498385 1.99520618
 1.98563748 2.04692642 1.2909677  3.75484896 2.52501113 1.76321438
 1.41326306 0.67579622 2.65117744 1.32708107 1.87237824 2.51159011
 2.93987061 2.19441062 2.49190825 2.74380548 4.01600118 0.21059667
 3.20238099 1.43610783 2.27526958 2.66162497 1.83475801 2.03423546
 1.5571958  2.90807739 2.37217132 2.64746211 1.76725811 1.27542881
 1.28308961 2.15036345 0.37638981 0.70594784 0.04131858 2.51276526
 1.13369149 1.88243492 2.47551838 1.4560445  1.64920534 0.98168554
 2.65519512 2.90295871 2.93666151 0.21620837]
Device (GPU) time: 1.1625 seconds
Iters. done: 59 [Current cost: -18.235820431739704]
Current parameters: [1.86059024 2.6437867  0.77558757 1.17555542 1.1291682  1.85526663
 1.50683988 1.05378536 1.87523282 3.65991015 3.38142516 2.3813015
 2.08847487 1.17323363 1.37625461 1.68329366 2.88498385 1.99520618
 1.98563748 2.04692642 1.2909677  3.75484896 2.52501113 1.76321438
 1.41326306 0.67579622 2.65117744 1.32708107 1.87237824 2.51159011
 2.93987061 2.19441062 2.49190825 2.74380548 4.01600118 0.21059667
 3.20238099 1.43610783 2.27526958 2.66162497 1.83475801 2.03423546
 1.5571958  2.90807739 2.37217132 2.64746211 1.76725811 1.27542881
 1.28308961 2.15036345 0.37638981 0.70594784 0.04131858 2.51276526
 1.13369149 1.88243492 2.47551838 0.4560445  2.64920534 0.98168554
 2.65519512 2.90295871 2.93666151 0.21620837]
Device (GPU) time: 1.1149 seconds
Iters. done: 60 [Current cost: -18.381705428664493]
Current parameters: [1.86059024 2.6437867  0.77558757 1.17555542 1.1291682  1.85526663
 1.50683988 1.05378536 1.87523282 3.65991015 3.38142516 2.3813015
 2.08847487 1.17323363 1.37625461 1.68329366 2.88498385 1.99520618
 1.98563748 2.04692642 1.2909677  3.75484896 2.52501113 1.76321438
 1.41326306 0.67579622 2.65117744 1.32708107 1.87237824 2.51159011
 2.93987061 2.19441062 2.49190825 2.74380548 4.01600118 0.21059667
 3.20238099 1.43610783 2.27526958 2.66162497 1.83475801 2.03423546
 1.5571958  2.90807739 2.37217132 2.64746211 1.76725811 1.27542881
 1.28308961 2.15036345 0.37638981 0.70594784 0.04131858 2.51276526
 1.13369149 1.88243492 2.47551838 0.4560445  2.64920534 1.98168554
 2.65519512 2.90295871 2.93666151 0.21620837]
Device (GPU) time: 1.0861 seconds
Iters. done: 61 [Current cost: -18.24989723102876]
Current parameters: [1.86059024 2.6437867  0.77558757 1.17555542 1.1291682  1.85526663
 1.50683988 1.05378536 1.87523282 3.65991015 3.38142516 2.3813015
 2.08847487 1.17323363 1.37625461 1.68329366 2.88498385 1.99520618
 1.98563748 2.04692642 1.2909677  3.75484896 2.52501113 1.76321438
 1.41326306 0.67579622 2.65117744 1.32708107 1.87237824 2.51159011
 2.93987061 2.19441062 2.49190825 2.74380548 4.01600118 0.21059667
 3.20238099 1.43610783 2.27526958 2.66162497 1.83475801 2.03423546
 1.5571958  2.90807739 2.37217132 2.64746211 1.76725811 1.27542881
 1.28308961 2.15036345 0.37638981 0.70594784 0.04131858 2.51276526
 1.13369149 1.88243492 2.47551838 0.4560445  2.64920534 0.98168554
 3.65519512 2.90295871 2.93666151 0.21620837]
Device (GPU) time: 1.0585 seconds
Iters. done: 62 [Current cost: -18.15993450886178]
Current parameters: [1.86059024 2.6437867  0.77558757 1.17555542 1.1291682  1.85526663
 1.50683988 1.05378536 1.87523282 3.65991015 3.38142516 2.3813015
 2.08847487 1.17323363 1.37625461 1.68329366 2.88498385 1.99520618
 1.98563748 2.04692642 1.2909677  3.75484896 2.52501113 1.76321438
 1.41326306 0.67579622 2.65117744 1.32708107 1.87237824 2.51159011
 2.93987061 2.19441062 2.49190825 2.74380548 4.01600118 0.21059667
 3.20238099 1.43610783 2.27526958 2.66162497 1.83475801 2.03423546
 1.5571958  2.90807739 2.37217132 2.64746211 1.76725811 1.27542881
 1.28308961 2.15036345 0.37638981 0.70594784 0.04131858 2.51276526
 1.13369149 1.88243492 2.47551838 0.4560445  2.64920534 0.98168554
 2.65519512 3.90295871 2.93666151 0.21620837]
Device (GPU) time: 1.0938 seconds
Iters. done: 63 [Current cost: -18.30357572540575]
Current parameters: [1.86059024 2.6437867  0.77558757 1.17555542 1.1291682  1.85526663
 1.50683988 1.05378536 1.87523282 3.65991015 3.38142516 2.3813015
 2.08847487 1.17323363 1.37625461 1.68329366 2.88498385 1.99520618
 1.98563748 2.04692642 1.2909677  3.75484896 2.52501113 1.76321438
 1.41326306 0.67579622 2.65117744 1.32708107 1.87237824 2.51159011
 2.93987061 2.19441062 2.49190825 2.74380548 4.01600118 0.21059667
 3.20238099 1.43610783 2.27526958 2.66162497 1.83475801 2.03423546
 1.5571958  2.90807739 2.37217132 2.64746211 1.76725811 1.27542881
 1.28308961 2.15036345 0.37638981 0.70594784 0.04131858 2.51276526
 1.13369149 1.88243492 2.47551838 0.4560445  2.64920534 0.98168554
 2.65519512 2.90295871 3.93666151 0.21620837]
Device (GPU) time: 1.0637 seconds
Iters. done: 64 [Current cost: -18.31603172738034]
Current parameters: [1.86059024 2.6437867  0.77558757 1.17555542 1.1291682  1.85526663
 1.50683988 1.05378536 1.87523282 3.65991015 3.38142516 2.3813015
 2.08847487 1.17323363 1.37625461 1.68329366 2.88498385 1.99520618
 1.98563748 2.04692642 1.2909677  3.75484896 2.52501113 1.76321438
 1.41326306 0.67579622 2.65117744 1.32708107 1.87237824 2.51159011
 2.93987061 2.19441062 2.49190825 2.74380548 4.01600118 0.21059667
 3.20238099 1.43610783 2.27526958 2.66162497 1.83475801 2.03423546
 1.5571958  2.90807739 2.37217132 2.64746211 1.76725811 1.27542881
 1.28308961 2.15036345 0.37638981 0.70594784 0.04131858 2.51276526
 1.13369149 1.88243492 2.47551838 0.4560445  2.64920534 0.98168554
 2.65519512 2.90295871 2.93666151 1.21620837]
Device (GPU) time: 0.9881 seconds
Iters. done: 65 [Current cost: -18.214899973129594]
Current parameters: [ 1.85362804  2.43806466  0.75950991  1.02188316  0.66829529  1.68521014
  1.46695251  0.74887479  1.96861988  3.6772995   3.40875828  2.29100735
  1.91330275  1.03075548  1.38057363  1.61554553  2.90406394  2.08725553
  1.89845032  1.86876041  1.29693816  3.77897742  2.52886578  1.85645778
  1.44484293  0.67450609  2.50021841  1.34212327  1.94754341  2.41307089
  2.84349613  2.3466978   2.4774134   2.78993574  4.07542988  0.14000246
  3.20331696  1.45282915  2.29368947  2.64437835  1.8804975   2.08029257
  1.54816845  2.90215717  2.37429852  2.73850123  1.50104134  1.18871277
  1.0443814   2.08434152  0.23757603  0.52137426 -0.33251164  2.52198546
  1.12094066  1.76177487  2.49308783  0.42029961  2.6780769   0.92330409
  2.55696672  2.86835293  2.90757283  0.14232568]
Device (GPU) time: 1.0890 seconds
Iters. done: 66 [Current cost: -18.49789527625586]
Current parameters: [ 1.85362804  2.43806466  0.75950991  1.02188316  0.94417912  1.68521014
  1.46695251  0.33187585  1.96861988  3.6772995   3.40875828  2.29100735
  1.91330275  1.03075548  1.38057363  1.61554553  2.90406394  2.08725553
  1.89845032  1.86876041  1.29693816  3.77897742  2.52886578  1.85645778
  1.44484293  0.67450609  2.50021841  1.34212327  1.94754341  2.41307089
  2.84349613  2.3466978   2.4774134   2.78993574  4.07542988  0.14000246
  3.20331696  1.45282915  2.29368947  2.64437835  1.8804975   2.08029257
  1.54816845  2.90215717  2.37429852  2.73850123  1.50104134  1.18871277
  1.0443814   2.08434152  0.23757603  0.52137426 -0.33251164  2.52198546
  1.12094066  1.76177487  2.49308783  0.42029961  2.6780769   0.92330409
  2.55696672  2.86835293  2.90757283  0.14232568]
Device (GPU) time: 1.0822 seconds
Iters. done: 67 [Current cost: -18.350924717330525]
Current parameters: [ 1.84878449  2.29494543  0.7483248   0.91497456  1.29360252  1.56690315
  1.43920317  1.27117787  2.03358853  3.68939714  3.42777373  2.2281904
  1.79143685  0.93163452  1.38357833  1.56841368  2.91733781  2.15129356
  1.83779488  1.74481169  1.30109177  3.79576341  2.53154743  1.9213265
  1.4668128   0.67360856  2.39519738  1.35258801  1.99983525  2.34453182
  2.77644915  2.45264283  2.46732945  2.8220282   4.11677396  0.09089061
  3.2039681   1.46446205  2.30650405  2.63238001  1.91231811  2.11233415
  1.54188818  2.89803853  2.37577839  2.80183645  1.31583638  1.12838509
  0.87831394  2.03841057  0.14100434  0.39296783 -0.59258244  2.52839988
  1.11207001  1.6778326   2.50531075  0.39543217  2.69816262  0.88268856
  2.48862998  2.84427795  2.88733606  0.09092606]
Device (GPU) time: 0.9857 seconds
Iters. done: 68 [Current cost: -18.000210390221774]
Current parameters: [ 1.85362804  2.7566303   0.75950991  1.02188316  0.66829529  1.29983248
  1.46695251  0.74887479  1.96861988  3.6772995   3.40875828  2.29100735
  1.91330275  1.03075548  1.38057363  1.61554553  2.90406394  2.08725553
  1.89845032  1.86876041  1.29693816  3.77897742  2.52886578  1.85645778
  1.44484293  0.67450609  2.50021841  1.34212327  1.94754341  2.41307089
  2.84349613  2.3466978   2.4774134   2.78993574  4.07542988  0.14000246
  3.20331696  1.45282915  2.29368947  2.64437835  1.8804975   2.08029257
  1.54816845  2.90215717  2.37429852  2.73850123  1.50104134  1.18871277
  1.0443814   2.08434152  0.23757603  0.52137426 -0.33251164  2.52198546
  1.12094066  1.76177487  2.49308783  0.42029961  2.6780769   0.92330409
  2.55696672  2.86835293  2.90757283  0.14232568]
Device (GPU) time: 1.0968 seconds
Iters. done: 69 [Current cost: -18.514031309334033]
Current parameters: [ 1.85108407  3.49430296  0.75363518  0.96573181  0.573645    1.90284003
  1.45237779  0.74329648  2.00274321  3.68365351  3.41874572  2.25801415
  1.84929541  0.97869441  1.38215178  1.59079058  2.91103574  2.12089007
  1.86659241  1.80365911  1.29911975  3.78779389  2.53027425  1.89052862
  1.45638211  0.67403468  2.44505846  1.34761964  1.97500853  2.37707228
  2.8082812   2.40234306  2.47211703  2.80679159  4.09714493  0.11420756
  3.20365896  1.45893907  2.30042004  2.63807649  1.89721056  2.09712169
  1.54486988  2.89999395  2.37507579  2.77176664  1.40376657  1.15702701
  0.95715818  2.06021732  0.18685391  0.45393165 -0.46910802  2.52535449
  1.11628155  1.71768607  2.49950764  0.40723855  2.68862648  0.90197169
  2.52107438  2.85570809  2.89694392  0.11532918]
Device (GPU) time: 1.0759 seconds
Iters. done: 70 [Current cost: -18.5490850871843]
Current parameters: [ 1.85108407  3.49430296  0.75363518  1.09134987  0.573645    1.90284003
  0.96841487  0.74329648  2.00274321  3.68365351  3.41874572  2.25801415
  1.84929541  0.97869441  1.38215178  1.59079058  2.91103574  2.12089007
  1.86659241  1.80365911  1.29911975  3.78779389  2.53027425  1.89052862
  1.45638211  0.67403468  2.44505846  1.34761964  1.97500853  2.37707228
  2.8082812   2.40234306  2.47211703  2.80679159  4.09714493  0.11420756
  3.20365896  1.45893907  2.30042004  2.63807649  1.89721056  2.09712169
  1.54486988  2.89999395  2.37507579  2.77176664  1.40376657  1.15702701
  0.95715818  2.06021732  0.18685391  0.45393165 -0.46910802  2.52535449
  1.11628155  1.71768607  2.49950764  0.40723855  2.68862648  0.90197169
  2.52107438  2.85570809  2.89694392  0.11532918]
Device (GPU) time: 1.0837 seconds
Iters. done: 71 [Current cost: -18.210968371439602]
Current parameters: [ 1.84945971  3.49940127  0.74988407  1.89598326  0.51320923  1.90272753
  1.7660329   0.73973464  2.02453152  3.68771066  3.42512287  2.23694745
  1.80842566  0.94545256  1.38315946  1.57498414  2.91548736  2.14236629
  1.8462506   1.76209086  1.30051273  3.79342334  2.53117359  1.91228342
  1.46375007  0.67373368  2.40983792  1.35112916  1.99254546  2.35408657
  2.78579589  2.43787348  2.46873521  2.81755433  4.11101036  0.09773709
  3.20387733  1.46284036  2.30471762  2.63405265  1.90788213  2.10786737
  1.54276369  2.89861269  2.37557209  2.79300715  1.34165503  1.13679512
  0.9014647   2.04481361  0.154467    0.41086843 -0.55632707  2.52750567
  1.11330663  1.68953464  2.50360681  0.39889884  2.69536256  0.8883506
  2.49815652  2.84763414  2.89015718  0.09809146]
Device (GPU) time: 1.0721 seconds
Iters. done: 72 [Current cost: -18.55510536788971]
Current parameters: [ 1.75950541  3.49940127  0.26633836  1.89598326  0.51320923  1.90272753
  1.7660329   0.73973464  1.93457722  3.68771066  3.42512287  2.23694745
  1.80842566  0.94545256  1.38315946  1.57498414  2.91548736  2.14236629
  1.8462506   1.76209086  1.30051273  3.79342334  2.53117359  1.91228342
  1.46375007  0.67373368  2.40983792  1.35112916  1.99254546  2.35408657
  2.78579589  2.43787348  2.46873521  2.81755433  4.11101036  0.09773709
  3.20387733  1.46284036  2.30471762  2.63405265  1.90788213  2.10786737
  1.54276369  2.89861269  2.37557209  2.79300715  1.34165503  1.13679512
  0.9014647   2.04481361  0.154467    0.41086843 -0.55632707  2.52750567
  1.11330663  1.68953464  2.50360681  0.39889884  2.69536256  0.8883506
  2.49815652  2.84763414  2.89015718  0.09809146]
Device (GPU) time: 1.0069 seconds
Iters. done: 73 [Current cost: -17.781275932586116]
Current parameters: [ 1.17627375  3.5014658   1.0655554   1.8872375   0.48873614  1.90268197
  1.79299888  0.7382923   1.36082638  3.68935357  3.42770525  2.22841662
  1.79187571  0.93199148  1.38356751  1.56858342  2.91729001  2.15106294
  1.83801332  1.74525805  1.30107681  3.79570296  2.53153777  1.92109289
  1.46673368  0.67361179  2.39557559  1.35255032  1.99964693  2.34477865
  2.7766906   2.45226129  2.46736577  2.82191263  4.11662507  0.09106748
  3.20396576  1.46442016  2.3064579   2.63242322  1.91220351  2.11221876
  1.5419108   2.89805336  2.37577306  2.80160836  1.31650335  1.12860235
  0.87891198  2.03857598  0.14135212  0.39343025 -0.59164587  2.52837678
  1.11210195  1.67813489  2.50526674  0.39552172  2.69809029  0.88283482
  2.48887608  2.84436465  2.88740894  0.09111116]
Device (GPU) time: 1.1330 seconds
Iters. done: 74 [Current cost: -18.096354351872098]
Current parameters: [ 1.93361363  3.49940127  0.74988407  1.89598326  0.51320923  1.90272753
  1.7660329   0.73973464  1.94037759  4.17334038  3.42512287  2.23694745
  1.80842566  0.94545256  1.38315946  1.57498414  2.91548736  2.14236629
  1.8462506   1.76209086  1.30051273  3.79342334  2.53117359  1.91228342
  1.46375007  0.67373368  2.40983792  1.35112916  1.99254546  2.35408657
  2.78579589  2.43787348  2.46873521  2.81755433  4.11101036  0.09773709
  3.20387733  1.46284036  2.30471762  2.63405265  1.90788213  2.10786737
  1.54276369  2.89861269  2.37557209  2.79300715  1.34165503  1.13679512
  0.9014647   2.04481361  0.154467    0.41086843 -0.55632707  2.52750567
  1.11330663  1.68953464  2.50360681  0.39889884  2.69536256  0.8883506
  2.49815652  2.84763414  2.89015718  0.09809146]
Device (GPU) time: 1.0711 seconds
Iters. done: 75 [Current cost: -18.390096422122753]
Current parameters: [ 2.5604172   3.50174508  0.81401343  1.88605439  0.48542547  1.90267581
  1.79664678  0.73809718  1.37753501  3.43625076  3.42805459  2.22726259
  1.78963687  0.93017049  1.38362271  1.56771754  2.91753387  2.15223941
  1.83689899  1.74298095  1.30115312  3.79601134  2.53158703  1.92228462
  1.4671373   0.6735953   2.39364621  1.35274258  2.00060761  2.34351949
  2.77545886  2.45420765  2.46718051  2.82250221  4.11738462  0.09016523
  3.20397772  1.46463387  2.30669332  2.63220279  1.9127881   2.11280741
  1.54179542  2.8979777   2.37580025  2.80277191  1.31310088  1.12749405
  0.8758611   2.03773217  0.13957797  0.39107125 -0.59642372  2.52849462
  1.11193899  1.67659276  2.50549129  0.39506488  2.69845929  0.88208866
  2.48762064  2.84392236  2.88703716  0.09016688]
Device (GPU) time: 1.1450 seconds
Iters. done: 76 [Current cost: -18.69037859529718]
Current parameters: [ 2.5604172   3.50174508  0.81401343  1.88605439  0.48542547  1.90267581
  1.79664678  0.73809718  1.37753501  3.43625076  3.42805459  2.22726259
  2.10513429  0.54227698  1.38362271  1.56771754  2.91753387  2.15223941
  1.83689899  1.74298095  1.30115312  3.79601134  2.53158703  1.92228462
  1.4671373   0.6735953   2.39364621  1.35274258  2.00060761  2.34351949
  2.77545886  2.45420765  2.46718051  2.82250221  4.11738462  0.09016523
  3.20397772  1.46463387  2.30669332  2.63220279  1.9127881   2.11280741
  1.54179542  2.8979777   2.37580025  2.80277191  1.31310088  1.12749405
  0.8758611   2.03773217  0.13957797  0.39107125 -0.59642372  2.52849462
  1.11193899  1.67659276  2.50549129  0.39506488  2.69845929  0.88208866
  2.48762064  2.84392236  2.88703716  0.09016688]
Device (GPU) time: 0.9794 seconds
Iters. done: 77 [Current cost: -18.678951132784114]
Current parameters: [ 2.65027844  3.50905848  1.01411631  1.85507335  0.39873181  1.90251443
  1.8921713   0.73298781  1.48725126  3.38932222  3.43720245  2.19704292
  2.50681125  1.51785925  1.3850682   1.54504358  2.9239196   2.18304652
  1.80771917  1.68335229  1.30315131  3.80408666  2.53287711  1.95349135
  1.47770646  0.67316352  2.34312319  1.3577769   2.02576391  2.31054705
  2.74320422  2.50517517  2.46232937  2.8379411   4.13727424  0.06653873
  3.20429097  1.47023017  2.3128581   2.62643069  1.92809621  2.12822182
  1.53877414  2.89599632  2.37651218  2.83324092  1.22400337  1.09847189
  0.79597016  2.01563593  0.09311973  0.32929811 -0.72153734  2.53158044
  1.10767154  1.63621022  2.51137143  0.38310177  2.70812204  0.86254954
  2.45474553  2.83234049  2.87730175  0.0654398 ]
Device (GPU) time: 1.2280 seconds
Iters. done: 78 [Current cost: -18.773988978338]
Current parameters: [ 2.65027844  3.50905848  1.01411631  1.85507335  0.39873181  1.90251443
  1.8921713   0.73298781  1.48725126  3.38932222  3.9157569   2.34190712
  2.50681125  1.51785925  1.3850682   1.54504358  2.9239196   2.18304652
  1.80771917  1.68335229  1.30315131  3.80408666  2.53287711  1.95349135
  1.47770646  0.67316352  2.34312319  1.3577769   2.02576391  2.31054705
  2.74320422  2.50517517  2.46232937  2.8379411   4.13727424  0.06653873
  3.20429097  1.47023017  2.3128581   2.62643069  1.92809621  2.12822182
  1.53877414  2.89599632  2.37651218  2.83324092  1.22400337  1.09847189
  0.79597016  2.01563593  0.09311973  0.32929811 -0.72153734  2.53158044
  1.10767154  1.63621022  2.51137143  0.38310177  2.70812204  0.86254954
  2.45474553  2.83234049  2.87730175  0.0654398 ]
Device (GPU) time: 1.0914 seconds
Iters. done: 79 [Current cost: -18.61183932675495]
Current parameters: [ 2.68840977  3.51216182  1.09902708  1.84192699  0.36194461  1.90244595
  1.93270575  0.73081972  1.53380777  3.36940878  3.13175508  3.13567013
  2.48691923  1.503533    1.38568157  1.53542221  2.92662929  2.19611907
  1.79533713  1.65804973  1.30399922  3.8075133   2.53342453  1.96673347
  1.48219133  0.6729803   2.32168448  1.35991315  2.03643863  2.29655567
  2.72951742  2.5268025   2.46027086  2.84449237  4.14571411  0.05651317
  3.20442389  1.47260488  2.31547403  2.62398138  1.93459198  2.1347627
  1.5374921   2.89515555  2.37681428  2.84617     1.18619612  1.08615676
  0.76206959  2.00625971  0.07340584  0.30308556 -0.77462749  2.53288986
  1.1058607   1.61907447  2.51386659  0.37802539  2.71222228  0.8542584
  2.44079545  2.82742589  2.87317068  0.05494721]
Device (GPU) time: 1.0756 seconds
Iters. done: 80 [Current cost: -19.019225652666652]
Current parameters: [ 2.68840977  3.51216182  1.09902708  1.84192699  0.36194461  1.90244595
  1.93270575  0.73081972  1.53380777  3.36940878  3.13175508  3.13567013
  2.48691923  1.503533    1.88466861  1.56723315  2.92662929  2.19611907
  1.79533713  1.65804973  1.30399922  3.8075133   2.53342453  1.96673347
  1.48219133  0.6729803   2.32168448  1.35991315  2.03643863  2.29655567
  2.72951742  2.5268025   2.46027086  2.84449237  4.14571411  0.05651317
  3.20442389  1.47260488  2.31547403  2.62398138  1.93459198  2.1347627
  1.5374921   2.89515555  2.37681428  2.84617     1.18619612  1.08615676
  0.76206959  2.00625971  0.07340584  0.30308556 -0.77462749  2.53288986
  1.1058607   1.61907447  2.51386659  0.37802539  2.71222228  0.8542584
  2.44079545  2.82742589  2.87317068  0.05494721]
Device (GPU) time: 0.9959 seconds
Iters. done: 81 [Current cost: -19.027436622098676]
Current parameters: [ 2.7162876   3.51443067  1.16110541  1.83231568  0.33504946  1.90239588
  1.96234051  0.72923463  1.56784527  3.35485004  3.11694048  3.13313376
  2.47237616  1.49305907  1.82224423  2.55829337  2.92861035  2.20567642
  1.78628461  1.63955101  1.30461912  3.81001853  2.53382475  1.9764148
  1.48547022  0.67284635  2.30601063  1.36147496  2.04424292  2.28632656
  2.719511    2.54261426  2.45876588  2.84928201  4.1518845   0.04918348
  3.20452107  1.47434103  2.31738654  2.62219068  1.93934105  2.13954474
  1.53655481  2.89454086  2.37703514  2.85562246  1.15855522  1.07715316
  0.73728487  1.99940475  0.05899301  0.28392155 -0.81344174  2.53384719
  1.1045368   1.60654651  2.5156908   0.37431405  2.71521997  0.84819673
  2.43059654  2.82383282  2.87015044  0.04727608]
Device (GPU) time: 1.0833 seconds
Iters. done: 82 [Current cost: -19.182278031238994]
Current parameters: [ 2.7162876   3.51443067  1.16110541  1.83231568  0.33504946  1.90239588
  1.96234051  0.72923463  1.56784527  3.35485004  3.11694048  3.13313376
  2.47237616  1.49305907  1.82224423  2.55829337  2.43145307  2.20567642
  1.78628461  1.58630962  1.30461912  3.81001853  2.53382475  1.9764148
  1.48547022  0.67284635  2.30601063  1.36147496  2.04424292  2.28632656
  2.719511    2.54261426  2.45876588  2.84928201  4.1518845   0.04918348
  3.20452107  1.47434103  2.31738654  2.62219068  1.93934105  2.13954474
  1.53655481  2.89454086  2.37703514  2.85562246  1.15855522  1.07715316
  0.73728487  1.99940475  0.05899301  0.28392155 -0.81344174  2.53384719
  1.1045368   1.60654651  2.5156908   0.37431405  2.71521997  0.84819673
  2.43059654  2.82383282  2.87015044  0.04727608]
Device (GPU) time: 1.0730 seconds
Iters. done: 83 [Current cost: -18.711317957554858]
Current parameters: [ 2.78994148  3.52042502  1.32511775  1.80692238  0.26399186  1.90226361
  2.04063624  0.72504679  1.6577731   3.31638553  3.07779998  3.12643263
  2.43395303  1.46538671  1.82419906  2.55899191  2.94182192  2.23092716
  1.76236765  2.59096646  1.30625692  3.81663738  2.53488215  2.00199309
  1.49413313  0.67249244  2.26459994  1.36560129  2.06486204  2.25930102
  2.69307381  2.58438928  2.4547897   2.86193634  4.16818683  0.02981826
  3.20477783  1.47892798  2.32243944  2.61745964  1.95188819  2.15217901
  1.53407844  2.89291685  2.37761867  2.88059607  1.08552733  1.05336544
  0.67180305  1.98129379  0.02091397  0.23328981 -0.91598988  2.53637645
  1.10103903  1.57344736  2.5205104   0.36450861  2.72313995  0.83218169
  2.40365078  2.81433985  2.86217091  0.02700877]
Device (GPU) time: 0.9916 seconds
Iters. done: 84 [Current cost: -18.84197719087008]
Current parameters: [ 2.7162876   3.51443067  1.16110541  1.83231568  0.33504946  1.90239588
  1.96234051  0.72923463  1.56784527  3.35485004  3.11694048  3.13313376
  2.47237616  1.49305907  1.82224423  2.55829337  2.92861035  1.86184044
  1.42327384  1.63955101  1.30461912  3.81001853  2.53382475  1.9764148
  1.48547022  0.67284635  2.30601063  1.36147496  2.04424292  2.28632656
  2.719511    2.54261426  2.45876588  2.84928201  4.1518845   0.04918348
  3.20452107  1.47434103  2.31738654  2.62219068  1.93934105  2.13954474
  1.53655481  2.89454086  2.37703514  2.85562246  1.15855522  1.07715316
  0.73728487  1.99940475  0.05899301  0.28392155 -0.81344174  2.53384719
  1.1045368   1.60654651  2.5156908   0.37431405  2.71521997  0.84819673
  2.43059654  2.82383282  2.87015044  0.04727608]
Device (GPU) time: 1.0861 seconds
Iters. done: 85 [Current cost: -18.911695052801623]
Current parameters: [ 2.76579908  3.51846018  1.27135749  1.81524584  0.28728325  1.90230697
  2.01497232  0.72641949  1.62829639  3.3289935   3.09062953  3.12862914
  2.44654743  1.47445721  1.8235583   2.55876294  3.01249928  1.53026464
  2.48690042  1.57870146  1.30572008  3.81446784  2.53453556  1.99360899
  1.49129358  0.67260844  2.27817361  1.36424876  2.05810346  2.2681595
  2.70173944  2.57069619  2.45609302  2.85778848  4.16284323  0.03616582
  3.20469367  1.47742446  2.32078319  2.61901039  1.94777546  2.14803773
  1.53489015  2.89344917  2.3774274   2.87241018  1.10946455  1.06116263
  0.6932668   1.98723023  0.03339559  0.24988597 -0.88237646  2.5355474
  1.10218554  1.58429666  2.51893062  0.36772265  2.72054392  0.83743113
  2.41248311  2.81745148  2.86478645  0.03365203]
Device (GPU) time: 1.0848 seconds
Iters. done: 86 [Current cost: -18.18817021453264]
Current parameters: [ 2.7162876   3.51443067  1.16110541  1.83231568  0.33504946  1.90239588
  1.96234051  0.72923463  1.56784527  3.35485004  3.11694048  3.13313376
  2.47237616  1.49305907  1.82224423  2.55829337  2.92861035  2.20567642
  1.78628461  1.63955101  1.80240335  3.81001853  2.56707281  1.94316675
  1.48547022  0.67284635  2.30601063  1.36147496  2.04424292  2.28632656
  2.719511    2.54261426  2.45876588  2.84928201  4.1518845   0.04918348
  3.20452107  1.47434103  2.31738654  2.62219068  1.93934105  2.13954474
  1.53655481  2.89454086  2.37703514  2.85562246  1.15855522  1.07715316
  0.73728487  1.99940475  0.05899301  0.28392155 -0.81344174  2.53384719
  1.1045368   1.60654651  2.5156908   0.37431405  2.71521997  0.84819673
  2.43059654  2.82383282  2.87015044  0.04727608]
Device (GPU) time: 1.0947 seconds
Iters. done: 87 [Current cost: -19.179993532644893]
Current parameters: [ 2.73907511  3.51628524  1.21184859  1.82445934  0.3130652   1.90235496
  1.98656414  0.72793897  1.59566771  3.34294964  3.10483094  3.13106052
  2.46048857  1.48449762  1.82284903  2.55850949  2.96721997  2.25772036
  1.7650097   1.61154519  1.2110856   3.81206631  3.2368377   1.28164257
  1.4881504   0.67273685  2.29319872  1.36275159  2.05062219  2.27796523
  2.71133169  2.55553888  2.45753571  2.85319709  4.15692822  0.04319214
  3.20460051  1.47576017  2.31894984  2.62072696  1.94322296  2.14345362
  1.53578865  2.89403841  2.37721568  2.86334895  1.13596139  1.06979357
  0.71702569  1.99380146  0.04721187  0.26825678 -0.84516874  2.5346297
  1.10345464  1.59630608  2.51718192  0.37128038  2.7176703   0.8432419
  2.42225989  2.82089583  2.86768168  0.04100565]
Device (GPU) time: 1.0142 seconds
Iters. done: 88 [Current cost: -18.657031246596407]
Current parameters: [ 2.7162876   3.51443067  1.16110541  1.83231568  0.33504946  1.90239588
  1.96234051  0.72923463  1.56784527  3.35485004  3.11694048  3.13313376
  2.47237616  1.49305907  1.82224423  2.55829337  2.92861035  2.20567642
  1.78628461  1.63955101  1.30461912  3.3382995   2.65104497  2.09363501
  1.48547022  0.67284635  2.30601063  1.36147496  2.04424292  2.28632656
  2.719511    2.54261426  2.45876588  2.84928201  4.1518845   0.04918348
  3.20452107  1.47434103  2.31738654  2.62219068  1.93934105  2.13954474
  1.53655481  2.89454086  2.37703514  2.85562246  1.15855522  1.07715316
  0.73728487  1.99940475  0.05899301  0.28392155 -0.81344174  2.53384719
  1.1045368   1.60654651  2.5156908   0.37431405  2.71521997  0.84819673
  2.43059654  2.82383282  2.87015044  0.04727608]
Device (GPU) time: 1.1028 seconds
Iters. done: 89 [Current cost: -18.761260875568976]
Current parameters: [ 2.74177312  3.51650482  1.21785653  1.82352916  0.31046229  1.90235012
  1.98943219  0.72778556  1.59896186  3.34154065  3.10339719  3.13081506
  2.45908109  1.48348395  1.82292064  2.55853507  2.97179131  2.2638823
  1.76249077  1.60822933  1.3074566   3.51523254  1.84249787  1.33045884
  1.48846773  0.67272389  2.29168181  1.36290274  2.05137749  2.27697525
  2.71036327  2.55706914  2.45739005  2.85366063  4.15752539  0.04248278
  3.20460991  1.47592819  2.31913493  2.62055366  1.94368258  2.14391642
  1.53569794  2.89397892  2.37723706  2.86426376  1.1332863   1.0689222
  0.71462702  1.99313804  0.045817    0.26640209 -0.84892518  2.53472235
  1.10332651  1.59509363  2.51735847  0.3709212   2.71796042  0.84265525
  2.42127283  2.82054809  2.86738938  0.04026324]
Device (GPU) time: 1.1514 seconds
Iters. done: 90 [Current cost: -18.756284830051253]
Current parameters: [ 2.7162876   3.51443067  1.16110541  1.83231568  0.33504946  1.90239588
  1.96234051  0.72923463  1.56784527  3.35485004  3.11694048  3.13313376
  2.47237616  1.49305907  1.82224423  2.55829337  2.92861035  2.20567642
  1.78628461  1.63955101  1.30461912  3.81001853  2.53382475  1.9764148
  1.97487606  0.67284635  2.40839186  1.36147496  2.04424292  2.28632656
  2.719511    2.54261426  2.45876588  2.84928201  4.1518845   0.04918348
  3.20452107  1.47434103  2.31738654  2.62219068  1.93934105  2.13954474
  1.53655481  2.89454086  2.37703514  2.85562246  1.15855522  1.07715316
  0.73728487  1.99940475  0.05899301  0.28392155 -0.81344174  2.53384719
  1.1045368   1.60654651  2.5156908   0.37431405  2.71521997  0.84819673
  2.43059654  2.82383282  2.87015044  0.04727608]
Device (GPU) time: 1.1657 seconds
Iters. done: 91 [Current cost: -19.080266370320214]
Current parameters: [ 2.76838021  3.51867025  1.27710515  1.81435595  0.2847931   1.90230233
  2.01771613  0.72627273  1.63144783  3.32764554  3.08925788  3.1283943
  2.44520093  1.47348745  1.82362681  2.55878742  3.01687258  2.32464972
  1.73764982  1.57552924  1.31041894  3.89954127  2.5132607   2.04858929
  1.27275106  0.67259604  3.23723305  1.36439336  2.05882604  2.26721241
  2.70081297  2.57216016  2.45595368  2.85823194  4.16341453  0.03548719
  3.20470266  1.47758521  2.32096027  2.61884459  1.94821517  2.14848049
  1.53480337  2.89339226  2.37744785  2.87328535  1.10690535  1.06032901
  0.69097205  1.98659555  0.03206114  0.24811163 -0.88597017  2.53563604
  1.10206296  1.58313673  2.51909952  0.36737903  2.72082147  0.83686989
  2.41153882  2.8171188   2.86450682  0.03294178]
Device (GPU) time: 0.9834 seconds
Iters. done: 92 [Current cost: -19.25046020720788]
Current parameters: [ 2.76838021  3.51867025  1.27710515  1.81435595  0.2847931   1.90230233
  2.01771613  0.72627273  1.63144783  3.32764554  3.08925788  3.1283943
  2.44520093  1.47348745  1.82362681  2.55878742  3.01687258  2.32464972
  1.73764982  1.57552924  1.31041894  3.89954127  2.5132607   2.04858929
  1.27275106  0.17263891  3.23723305  1.36439336  2.05882604  2.27375947
  2.70081297  2.57216016  2.45595368  2.85823194  4.16341453  0.03548719
  3.20470266  1.47758521  2.32096027  2.61884459  1.94821517  2.14848049
  1.53480337  2.89339226  2.37744785  2.87328535  1.10690535  1.06032901
  0.69097205  1.98659555  0.03206114  0.24811163 -0.88597017  2.53563604
  1.10206296  1.58313673  2.51909952  0.36737903  2.72082147  0.83686989
  2.41153882  2.8171188   2.86450682  0.03294178]
Device (GPU) time: 1.0951 seconds
Iters. done: 93 [Current cost: -19.184233716690038]
Current parameters: [ 2.80115257  3.52133744  1.35008259  1.80305718  0.25317595  1.90224348
  2.05255388  0.72440934  1.6714613   3.31053072  3.07184228  3.12541263
  2.42810453  1.46117461  1.82449661  2.55909823  3.07239987  2.39949787
  1.70705283  1.53525205  1.31406771  3.95586157  2.5003235   2.0939955
  1.26894471  0.69261342  3.2015607   1.36622938  2.06800054  3.24894334
  2.68904972  2.59074799  2.45418447  2.8638625   4.17066826  0.02687062
  3.20481691  1.47962617  2.32320856  2.61673951  1.95379803  2.15410212
  1.53370151  2.89266965  2.37770749  2.88439739  1.07441152  1.04974464
  0.66183585  1.97853706  0.01511784  0.22558299 -0.93159906  2.53676143
  1.10050662  1.56840923  2.52124401  0.36301609  2.72434547  0.82974398
  2.39954928  2.8128949   2.86095632  0.02392382]
Device (GPU) time: 1.0737 seconds
Iters. done: 94 [Current cost: -19.744682173243117]
Current parameters: [ 2.80115257  3.52133744  1.35008259  1.80305718  0.25317595  1.90224348
  2.05255388  0.72440934  1.6714613   3.31053072  3.07184228  3.12541263
  2.42810453  1.46117461  1.82449661  2.55909823  3.07239987  2.39949787
  1.70705283  1.53525205  1.31406771  3.95586157  2.5003235   2.0939955
  1.26894471  0.69261342  3.2015607   1.86024814  2.06800054  3.24894334
  2.76615652  2.59074799  2.45418447  2.8638625   4.17066826  0.02687062
  3.20481691  1.47962617  2.32320856  2.61673951  1.95379803  2.15410212
  1.53370151  2.89266965  2.37770749  2.88439739  1.07441152  1.04974464
  0.66183585  1.97853706  0.01511784  0.22558299 -0.93159906  2.53676143
  1.10050662  1.56840923  2.52124401  0.36301609  2.72434547  0.82974398
  2.39954928  2.8128949   2.86095632  0.02392382]
Device (GPU) time: 0.9860 seconds
Iters. done: 95 [Current cost: -19.593149973036326]
Current parameters: [ 2.83407439e+00  3.52401680e+00  1.42339285e+00  1.79170688e+00
  2.21414620e-01  1.90218435e+00  2.08755051e+00  7.22537456e-01
  1.71165726e+00  3.29333785e+00  3.05434725e+00  3.12241735e+00
  2.41093015e+00  1.44880562e+00  1.82537038e+00  2.55941047e+00
  3.12818040e+00  2.47468737e+00  1.67631631e+00  1.49479117e+00
  1.31773312e+00  4.01243873e+00  2.48732730e+00  2.13960880e+00
  1.26512100e+00  6.99841598e-01  3.16572566e+00  1.19857971e+00
  2.07721687e+00  3.25155000e+00  3.65644135e+00  2.60942060e+00
  2.45240719e+00  2.86951873e+00  4.17795508e+00  1.82147475e-02
  3.20493167e+00  1.48167645e+00  2.32546710e+00  2.61462482e+00
  1.95940635e+00  2.15974938e+00  1.53259462e+00  2.89194375e+00
  2.37796832e+00  2.89556010e+00  1.04176951e+00  1.03911200e+00
  6.32566785e-01  1.97044182e+00 -1.90273472e-03  2.02951602e-01
 -9.77436033e-01  2.53789196e+00  1.09894319e+00  1.55361457e+00
  2.52339828e+00  3.58633251e-01  2.72788554e+00  8.22585576e-01
  2.38750506e+00  2.80865173e+00  2.85738963e+00  1.48647379e-02]
Device (GPU) time: 1.0909 seconds
Iters. done: 96 [Current cost: -19.62002467788017]
Current parameters: [ 2.80115257  3.52133744  1.35008259  1.80305718  0.25317595  1.90224348
  2.05255388  0.72440934  1.6714613   3.31053072  3.07184228  3.12541263
  2.42810453  1.46117461  1.82449661  2.55909823  3.07239987  2.39949787
  1.70705283  1.53525205  1.31406771  3.95586157  2.5003235   2.0939955
  1.26894471  0.69261342  3.2015607   1.36622938  1.61964063  3.24894334
  2.68904972  2.81204733  2.45418447  2.8638625   4.17066826  0.02687062
  3.20481691  1.47962617  2.32320856  2.61673951  1.95379803  2.15410212
  1.53370151  2.89266965  2.37770749  2.88439739  1.07441152  1.04974464
  0.66183585  1.97853706  0.01511784  0.22558299 -0.93159906  2.53676143
  1.10050662  1.56840923  2.52124401  0.36301609  2.72434547  0.82974398
  2.39954928  2.8128949   2.86095632  0.02392382]
Device (GPU) time: 1.0919 seconds
Iters. done: 97 [Current cost: -19.598771417881277]
Current parameters: [ 2.85664269  3.52585353  1.4736479   1.78392611  0.19964185  1.90214382
  2.11154111  0.72125426  1.73921206  3.28155193  3.04235421  3.12036406
  2.39915692  1.44032653  1.82596936  2.55962451  3.16641861  2.52623066
  1.65524606  1.46705475  1.3202458   4.05122303  2.47841824  2.17087725
  1.26249981  0.7047966   3.14116032  1.3470193   1.67335051  3.2533369
  2.63223297  1.73081877  2.45118885  2.87339615  4.18295027  0.01228105
  3.20501034  1.48308194  2.32701536  2.61317518  1.96325092  2.16362065
  1.53183584  2.89144613  2.37814712  2.90321226  1.01939302  1.0318232
  0.61250249  1.96489243 -0.01357054  0.18743752 -1.00885782  2.53866696
  1.09787144  1.54347265  2.52487505  0.35562876  2.7303123   0.8176784
  2.3792486   2.80574299  2.85494462  0.00865463]
Device (GPU) time: 1.0880 seconds
Iters. done: 98 [Current cost: -19.332748688600986]
Current parameters: [ 2.80115257  3.52133744  1.35008259  1.80305718  0.25317595  1.90224348
  2.05255388  0.72440934  1.6714613   3.31053072  3.07184228  3.12541263
  2.42810453  1.46117461  1.82449661  2.55909823  3.07239987  2.39949787
  1.70705283  1.53525205  1.31406771  3.95586157  2.5003235   2.0939955
  1.26894471  0.69261342  3.2015607   1.36622938  2.06800054  3.24894334
  2.68904972  2.59074799  1.96440222  2.8638625   4.17066826  0.12743577
  3.20481691  1.47962617  2.32320856  2.61673951  1.95379803  2.15410212
  1.53370151  2.89266965  2.37770749  2.88439739  1.07441152  1.04974464
  0.66183585  1.97853706  0.01511784  0.22558299 -0.93159906  2.53676143
  1.10050662  1.56840923  2.52124401  0.36301609  2.72434547  0.82974398
  2.39954928  2.8128949   2.86095632  0.02392382]
Device (GPU) time: 0.9804 seconds
Iters. done: 99 [Current cost: -19.468371371060694]
Current parameters: [ 2.82332812e+00  3.52314221e+00  1.39946306e+00  1.79541182e+00
  2.31782091e-01  1.90220365e+00  2.07612698e+00  7.23148473e-01
  1.69853657e+00  3.29894991e+00  3.06005795e+00  3.12339507e+00
  2.41653618e+00  1.45284308e+00  1.82508517e+00  2.55930855e+00
  3.10997263e+00  2.45014416e+00  1.68634926e+00  1.50799833e+00
  1.31653666e+00  3.99397093e+00  2.49156949e+00  2.12471980e+00
  1.26636913e+00  6.97482191e-01  3.17742286e+00  1.35855244e+00
  2.09740876e+00  3.25069914e+00  2.66634401e+00  2.62621035e+00
  2.67317442e+00  2.86767243e+00  4.17557653e+00  9.92905639e-01
  3.20489421e+00  1.48100720e+00  2.32472987e+00  2.61531509e+00
  1.95757569e+00  2.15790601e+00  1.53295593e+00  2.89218069e+00
  2.37788318e+00  2.89191639e+00  1.05242445e+00  1.04258269e+00
  6.42120736e-01  1.97308425e+00  3.65308633e-03  2.10338893e-01
 -9.62474020e-01  2.53752294e+00  1.09945352e+00  1.55844381e+00
  2.52269509e+00  3.60063889e-01  2.72673000e+00  8.24922210e-01
  2.39143651e+00  2.81003678e+00  2.85855386e+00  1.78217859e-02]
Device (GPU) time: 1.0841 seconds
Iters. done: 100 [Current cost: -19.281166411949588]
Current parameters: [ 2.80115257  3.52133744  1.35008259  1.80305718  0.25317595  1.90224348
  2.05255388  0.72440934  1.6714613   3.31053072  3.07184228  3.12541263
  2.42810453  1.46117461  1.82449661  2.55909823  3.07239987  2.39949787
  1.70705283  1.53525205  1.31406771  3.95586157  2.5003235   2.0939955
  1.26894471  0.69261342  3.2015607   1.36622938  2.06800054  3.24894334
  2.68904972  2.59074799  2.45418447  2.46889004  4.47725717  0.02687062
  3.20481691  1.47962617  2.32320856  2.61673951  1.95379803  2.15410212
  1.53370151  2.89266965  2.37770749  2.88439739  1.07441152  1.04974464
  0.66183585  1.97853706  0.01511784  0.22558299 -0.93159906  2.53676143
  1.10050662  1.56840923  2.52124401  0.36301609  2.72434547  0.82974398
  2.39954928  2.8128949   2.86095632  0.02392382]
Device (GPU) time: 1.0836 seconds
Iters. done: 101 [Current cost: -19.618393669774825]
Current parameters: [ 2.82373615e+00  3.52317542e+00  1.40037167e+00  1.79527114e+00
  2.31388441e-01  1.90220292e+00  2.07656073e+00  7.23125272e-01
  1.69903476e+00  3.29873683e+00  3.05984111e+00  3.12335794e+00
  2.41632332e+00  1.45268978e+00  1.82509600e+00  2.55931242e+00
  3.11066398e+00  2.45107606e+00  1.68596832e+00  1.50749685e+00
  1.31658209e+00  3.99467214e+00  2.49140841e+00  2.12528513e+00
  1.26632174e+00  6.97571777e-01  3.17697872e+00  1.35841119e+00
  2.09794987e+00  3.25073145e+00  2.66592622e+00  2.62686287e+00
  2.46812414e+00  2.26457477e+00  3.38327187e+00 -7.59973400e-03
  3.20489563e+00  1.48103261e+00  2.32475787e+00  2.61528888e+00
  1.95764520e+00  2.15797600e+00  1.53294221e+00  2.89217170e+00
  2.37788641e+00  2.89205474e+00  1.05201988e+00  1.04245091e+00
  6.41757975e-01  1.97298392e+00  3.44213361e-03  2.10058400e-01
 -9.63042122e-01  2.53753695e+00  1.09943414e+00  1.55826045e+00
  2.52272179e+00  3.60009568e-01  2.72677387e+00  8.24833488e-01
  2.39128723e+00  2.80998419e+00  2.85850966e+00  1.77095077e-02]
Device (GPU) time: 1.0200 seconds
Iters. done: 102 [Current cost: -19.4003439061094]
Current parameters: [ 2.80115257  3.52133744  1.35008259  1.80305718  0.25317595  1.90224348
  2.05255388  0.72440934  1.6714613   3.31053072  3.07184228  3.12541263
  2.42810453  1.46117461  1.82449661  2.55909823  3.07239987  2.39949787
  1.70705283  1.53525205  1.31406771  3.95586157  2.5003235   2.0939955
  1.26894471  0.69261342  3.2015607   1.36622938  2.06800054  3.24894334
  2.68904972  2.59074799  2.45418447  2.8638625   4.17066826  0.02687062
  3.70481534  1.47962617  2.32320856  2.61673951  1.95379803  2.15410212
  1.53370151  2.89266965  2.37770749  2.88439739  1.07441152  1.04974464
  0.66183585  1.97853706  0.01511784  0.22558299 -0.9303472   2.53676143
  1.10050662  1.56840923  2.52124401  0.36301609  2.72434547  0.82974398
  2.39954928  2.8128949   2.86095632  0.02392382]
Device (GPU) time: 1.1119 seconds
Iters. done: 103 [Current cost: -19.374290583945825]
Current parameters: [ 2.90066831e+00  3.52943658e+00  1.57168408e+00  1.76874760e+00
  1.57168121e-01  1.90206476e+00  2.15834133e+00  7.18751028e-01
  1.79296522e+00  3.25856029e+00  3.01895850e+00  3.11635854e+00
  2.37619001e+00  1.42378574e+00  1.82713783e+00  2.56004205e+00
  3.24101268e+00  2.62677991e+00  1.61414279e+00  1.41294731e+00
  1.32514747e+00  4.12688241e+00  2.46103871e+00  2.23187489e+00
  1.25738645e+00  7.14462681e-01  3.09323892e+00  1.33177811e+00
  2.19997388e+00  3.25682273e+00  2.58715480e+00  2.74989010e+00
  2.51561038e+00  2.97128144e+00  4.24143176e+00 -1.25024812e-01
  3.08129488e+00  1.48582373e+00  2.33003566e+00  2.61034726e+00
  1.97075080e+00  2.17117261e+00  1.53035563e+00  2.89047540e+00
  2.37849591e+00  2.91813991e+00  9.75741573e-01  1.01760441e+00
  5.73361613e-01  1.95406685e+00 -3.63317729e-02  1.57173072e-01
 -1.68501501e-01  2.54017879e+00  1.09578069e+00  1.52368808e+00
  2.52775591e+00  3.49767690e-01  2.73504636e+00  8.08105623e-01
  2.36314214e+00  2.80006869e+00  2.85017496e+00 -3.45988326e-03]
Device (GPU) time: 1.1550 seconds
Iters. done: 104 [Current cost: -20.159421323737895]
Current parameters: [ 2.90066831e+00  3.52943658e+00  1.57168408e+00  1.76874760e+00
  1.57168121e-01  1.90206476e+00  2.15834133e+00  7.18751028e-01
  1.79296522e+00  3.25856029e+00  3.01895850e+00  3.11635854e+00
  2.37619001e+00  1.42378574e+00  1.82713783e+00  2.56004205e+00
  3.24101268e+00  2.62677991e+00  1.61414279e+00  1.41294731e+00
  1.32514747e+00  4.12688241e+00  2.46103871e+00  2.23187489e+00
  1.25738645e+00  7.14462681e-01  3.09323892e+00  1.33177811e+00
  2.19997388e+00  3.25682273e+00  2.58715480e+00  2.74989010e+00
  2.51561038e+00  2.97128144e+00  4.24143176e+00 -1.25024812e-01
  3.08129488e+00  1.98484033e+00  2.33003566e+00  2.61034726e+00
  1.97075080e+00  2.17117261e+00  1.53035563e+00  2.89047540e+00
  2.37849591e+00  2.91813991e+00  1.00708527e+00  1.01760441e+00
  5.73361613e-01  1.95406685e+00 -3.63317729e-02  1.57173072e-01
 -1.68501501e-01  2.54017879e+00  1.09578069e+00  1.52368808e+00
  2.52775591e+00  3.49767690e-01  2.73504636e+00  8.08105623e-01
  2.36314214e+00  2.80006869e+00  2.85017496e+00 -3.45988326e-03]
Device (GPU) time: 0.9834 seconds
Iters. done: 105 [Current cost: -20.0964600313339]
Current parameters: [ 2.96627455  3.53477598  1.71777597  1.74612884  0.09387448  1.90194694
  2.22808224  0.71502076  1.87306729  3.22429852  2.9840946   3.11038959
  2.34196511  1.39913694  1.82887907  2.56066426  3.35217151  2.77661674
  1.55289137  1.3323173   1.33245185  4.23962875  2.43514002  2.32277257
  1.24976661  0.72886692  3.02182725  1.30906594  2.28697797  3.26201726
  2.51998007  2.85480532  2.55610572  3.04209791  4.28808295 -0.22516263
  3.00156777  1.41646589  2.33453647  2.60613314  1.98192701  2.18242643
  1.52814984  2.88902882  2.37901568  2.94038484  1.8625738   0.99641581
  0.51503452  1.93793474 -0.07025019  0.11207349 -0.34657208  2.54243169
  1.09266509  1.49420543  2.53204891  0.34103362  2.74210097  0.79384042
  2.33914055  2.79161296  2.8430673  -0.02151273]
Device (GPU) time: 1.0685 seconds
Iters. done: 106 [Current cost: -19.535065773799165]
Current parameters: [ 2.90066831e+00  3.52943658e+00  1.57168408e+00  1.76874760e+00
  1.57168121e-01  1.90206476e+00  2.15834133e+00  7.18751028e-01
  1.79296522e+00  3.25856029e+00  3.01895850e+00  3.11635854e+00
  2.37619001e+00  1.42378574e+00  1.82713783e+00  2.56004205e+00
  3.24101268e+00  2.62677991e+00  1.61414279e+00  1.41294731e+00
  1.32514747e+00  4.12688241e+00  2.46103871e+00  2.23187489e+00
  1.25738645e+00  7.14462681e-01  3.09323892e+00  1.33177811e+00
  2.19997388e+00  3.25682273e+00  2.58715480e+00  2.74989010e+00
  2.51561038e+00  2.97128144e+00  4.24143176e+00 -1.25024812e-01
  3.08129488e+00  1.48582373e+00  2.82855367e+00  2.61034726e+00
  1.97075080e+00  2.17117261e+00  1.53035563e+00  2.89047540e+00
  2.37849591e+00  2.91813991e+00  9.75741573e-01  1.01760441e+00
  6.11829701e-01  1.95406685e+00 -3.63317729e-02  1.57173072e-01
 -1.68501501e-01  2.54017879e+00  1.09578069e+00  1.52368808e+00
  2.52775591e+00  3.49767690e-01  2.73504636e+00  8.08105623e-01
  2.36314214e+00  2.80006869e+00  2.85017496e+00 -3.45988326e-03]
Device (GPU) time: 1.0822 seconds
Iters. done: 107 [Current cost: -20.10643479514011]
Current parameters: [ 2.95146539  3.53357072  1.68479895  1.75123453  0.10816162  1.90197353
  2.21233977  0.71586278  1.85498601  3.23203236  2.99196435  3.11173695
  2.34969062  1.40470087  1.82848602  2.56052381  3.32707986  2.74279439
  1.56671753  1.35051774  1.33080305  4.21417875  2.44098608  2.30225443
  1.25148662  0.72561548  3.03794686  1.31419271  2.26733872  3.26084471
  2.53514329  2.83112303  2.54696479  3.02611266  4.27755247 -0.20255873
  3.01956441  1.48640239  2.25044537  2.60708438  1.97940423  2.17988613
  1.52864775  2.88935536  2.37889836  2.93536353  0.7982023   1.00119867
  1.48936958  1.94157621 -0.06259385  0.12225373 -0.30637657  2.54192315
  1.09336837  1.50086049  2.53107986  0.34300514  2.74050855  0.79706048
  2.34455838  2.79352165  2.8446717  -0.0174377 ]
Device (GPU) time: 1.0949 seconds
Iters. done: 108 [Current cost: -19.43153806814365]
Current parameters: [ 2.90066831e+00  3.52943658e+00  1.57168408e+00  1.76874760e+00
  1.57168121e-01  1.90206476e+00  2.15834133e+00  7.18751028e-01
  1.79296522e+00  3.25856029e+00  3.01895850e+00  3.11635854e+00
  2.37619001e+00  1.42378574e+00  1.82713783e+00  2.56004205e+00
  3.24101268e+00  2.62677991e+00  1.61414279e+00  1.41294731e+00
  1.32514747e+00  4.12688241e+00  2.46103871e+00  2.23187489e+00
  1.25738645e+00  7.14462681e-01  3.09323892e+00  1.33177811e+00
  2.19997388e+00  3.25682273e+00  2.58715480e+00  2.74989010e+00
  2.51561038e+00  2.97128144e+00  4.24143176e+00 -1.25024812e-01
  3.08129488e+00  1.48582373e+00  2.33003566e+00  2.11251585e+00
  1.97075080e+00  2.17117261e+00  1.53035563e+00  2.89047540e+00
  2.37849591e+00  2.91813991e+00  9.75741573e-01  1.01760441e+00
  5.73361613e-01  1.95406685e+00 -3.63317729e-02  2.03690621e-01
 -1.68501501e-01  2.54017879e+00  1.09578069e+00  1.52368808e+00
  2.52775591e+00  3.49767690e-01  2.73504636e+00  8.08105623e-01
  2.36314214e+00  2.80006869e+00  2.85017496e+00 -3.45988326e-03]
Device (GPU) time: 1.1030 seconds
Iters. done: 109 [Current cost: -20.15937960773636]
Current parameters: [ 2.93567866  3.53228591  1.64964509  1.75667724  0.12339187  1.90200188
  2.19555813  0.71676039  1.83571118  3.24027671  3.0003536   3.11317325
  2.35792611  1.41063207  1.82806703  2.56037409  3.30033188  2.70673939
  1.58145636  1.36991962  1.3290454   4.18704878  2.44721804  2.28038186
  1.25332017  0.72214941  3.05513054  1.31965791  2.24640306  3.25959476
  2.55130744  2.80587744  2.53722046  3.0090722   4.26632687 -0.17846273
  3.03874902  1.48622255  2.33349864  2.69918247  1.97671491  2.17717814
  1.52917853  2.88970344  2.37877328  2.93001077  0.85337799  1.00629725
  0.44893187  1.94545805 -0.05443212  1.10783685 -0.26352773  2.54138104
  1.09411807  1.50795485  2.53004684  0.34510681  2.73881101  0.80049309
  2.35033384  2.79555634  2.846382   -0.01309367]
Device (GPU) time: 1.0180 seconds
Iters. done: 110 [Current cost: -19.99983745620844]
Current parameters: [ 2.90066831e+00  3.52943658e+00  1.57168408e+00  1.76874760e+00
  1.57168121e-01  1.90206476e+00  2.15834133e+00  7.18751028e-01
  1.79296522e+00  3.25856029e+00  3.01895850e+00  3.11635854e+00
  2.37619001e+00  1.42378574e+00  1.82713783e+00  2.56004205e+00
  3.24101268e+00  2.62677991e+00  1.61414279e+00  1.41294731e+00
  1.32514747e+00  4.12688241e+00  2.46103871e+00  2.23187489e+00
  1.25738645e+00  7.14462681e-01  3.09323892e+00  1.33177811e+00
  2.19997388e+00  3.25682273e+00  2.58715480e+00  2.74989010e+00
  2.51561038e+00  2.97128144e+00  4.24143176e+00 -1.25024812e-01
  3.08129488e+00  1.48582373e+00  2.33003566e+00  2.61034726e+00
  2.44563539e+00  2.17117261e+00  1.53035563e+00  2.89047540e+00
  2.37849591e+00  2.91813991e+00  9.75741573e-01  1.01760441e+00
  5.73361613e-01  1.95406685e+00  1.20143890e-01  1.57173072e-01
 -1.68501501e-01  2.54017879e+00  1.09578069e+00  1.52368808e+00
  2.52775591e+00  3.49767690e-01  2.73504636e+00  8.08105623e-01
  2.36314214e+00  2.80006869e+00  2.85017496e+00 -3.45988326e-03]
Device (GPU) time: 1.0708 seconds
Iters. done: 111 [Current cost: -20.24299604859047]
Current parameters: [ 2.92710309  3.53158799  1.63054901  1.75963381  0.13166516  1.90201728
  2.1864421   0.71724799  1.82524081  3.24475516  3.00491076  3.11395347
  2.36239974  1.41385398  1.82783943  2.56029276  3.285802    2.6871538
  1.5894627   1.38045899  1.32809063  4.17231139  2.45060333  2.26850037
  1.25431618  0.72026659  3.06446495  1.32262668  2.23503051  3.25891576
  2.56008803  2.79216368  2.5319272   2.99981558  4.26022896 -0.16537343
  3.04917037  1.48612486  2.33265041  2.60500628  2.14809567  2.17570712
  1.52946685  2.88989253  2.37870534  2.92710308  0.88335021  1.00906687
  0.47941019  1.94756672  1.04643202  0.09997468 -0.24025163  2.54108655
  1.09452532  1.51180861  2.52948569  0.34624846  2.73788888  0.80235773
  2.35347116  2.79666162  2.84731107 -0.01073393]
Device (GPU) time: 1.0828 seconds
Iters. done: 112 [Current cost: -19.87267399704127]
Current parameters: [ 2.90066831e+00  3.52943658e+00  1.57168408e+00  1.76874760e+00
  1.57168121e-01  1.90206476e+00  2.15834133e+00  7.18751028e-01
  1.79296522e+00  3.25856029e+00  3.01895850e+00  3.11635854e+00
  2.37619001e+00  1.42378574e+00  1.82713783e+00  2.56004205e+00
  3.24101268e+00  2.62677991e+00  1.61414279e+00  1.41294731e+00
  1.32514747e+00  4.12688241e+00  2.46103871e+00  2.23187489e+00
  1.25738645e+00  7.14462681e-01  3.09323892e+00  1.33177811e+00
  2.19997388e+00  3.25682273e+00  2.58715480e+00  2.74989010e+00
  2.51561038e+00  2.97128144e+00  4.24143176e+00 -1.25024812e-01
  3.08129488e+00  1.48582373e+00  2.33003566e+00  2.61034726e+00
  2.44563539e+00  2.07500075e+00  1.03969182e+00  2.89047540e+00
  2.37849591e+00  2.91813991e+00  9.75741573e-01  1.01760441e+00
  5.73361613e-01  1.95406685e+00  1.20143890e-01  1.57173072e-01
 -1.68501501e-01  2.54017879e+00  1.09578069e+00  1.52368808e+00
  2.52775591e+00  3.49767690e-01  2.73504636e+00  8.08105623e-01
  2.36314214e+00  2.80006869e+00  2.85017496e+00 -3.45988326e-03]
Device (GPU) time: 1.0799 seconds
Iters. done: 113 [Current cost: -20.119577602062215]
Current parameters: [ 2.90890488  3.53010692  1.59002526  1.76590792  0.14922189  1.90204997
  2.16709699  0.71828271  1.80302167  3.25425888  3.01458149  3.11560917
  2.37189323  1.4206912   1.82735644  2.56012016  3.25496817  2.64559125
  1.60645295  1.40282458  1.3260645   4.1410372   2.45778725  2.24328669
  1.25642981  0.71627107  3.08427351  1.3289267   2.21089685  3.25747488
  2.57872132  2.76306173  2.52069439  2.98017213  4.24728861 -0.13759666
  3.0712855   1.48591755  2.33085037  2.60868311  2.45329015  1.19319887
  1.72545968  2.89029379  2.37856117  2.92093266  0.9469542   1.01494428
  0.54408816  1.95204153  0.10416974  0.13935115 -0.19085746  2.54046163
  1.09538954  1.51998666  2.52829487  0.34867117  2.73593203  0.80631469
  2.36012885  2.79900711  2.84928263 -0.00572634]
Device (GPU) time: 0.9934 seconds
Iters. done: 114 [Current cost: -20.154249377949245]
Current parameters: [ 2.90066831e+00  3.52943658e+00  1.57168408e+00  1.76874760e+00
  1.57168121e-01  1.90206476e+00  2.15834133e+00  7.18751028e-01
  1.79296522e+00  3.25856029e+00  3.01895850e+00  3.11635854e+00
  2.37619001e+00  1.42378574e+00  1.82713783e+00  2.56004205e+00
  3.24101268e+00  2.62677991e+00  1.61414279e+00  1.41294731e+00
  1.32514747e+00  4.12688241e+00  2.46103871e+00  2.23187489e+00
  1.25738645e+00  7.14462681e-01  3.09323892e+00  1.33177811e+00
  2.19997388e+00  3.25682273e+00  2.58715480e+00  2.74989010e+00
  2.51561038e+00  2.97128144e+00  4.24143176e+00 -1.25024812e-01
  3.08129488e+00  1.48582373e+00  2.33003566e+00  2.61034726e+00
  2.44563539e+00  2.17117261e+00  1.53035563e+00  2.39267755e+00
  2.41164184e+00  2.88499398e+00  9.75741573e-01  1.01760441e+00
  5.73361613e-01  1.95406685e+00  1.20143890e-01  1.57173072e-01
 -1.68501501e-01  2.54017879e+00  1.09578069e+00  1.52368808e+00
  2.52775591e+00  3.49767690e-01  2.73504636e+00  8.08105623e-01
  2.36314214e+00  2.80006869e+00  2.85017496e+00 -3.45988326e-03]
Device (GPU) time: 1.1350 seconds
Iters. done: 115 [Current cost: -20.202668698783842]
Current parameters: [ 2.91169619  3.53033409  1.59624095  1.76494557  0.14652897  1.90204495
  2.17006422  0.718124    1.80642973  3.25280116  3.01309816  3.11535521
  2.37043708  1.41964248  1.82743052  2.56014664  3.25969759  2.65196628
  1.60384692  1.39939405  1.32637527  4.14583416  2.45668535  2.24715407
  1.25610561  0.71688392  3.08123519  1.32796038  2.21459857  3.25769589
  2.57586327  2.7675255   2.52241732  2.98318512  4.24927345 -0.14185718
  3.0678934   1.48594935  2.33112647  2.60811914  2.4558843   2.17898691
  1.53339992  2.9852205   3.08080091  2.21966148  0.93719837  1.01404278
  0.53416759  1.95135517  0.09875621  0.13331143 -0.19843374  2.54055748
  1.09525698  1.51873228  2.52847753  0.34829956  2.73623218  0.80570776
  2.35910766  2.79864735  2.84898022 -0.00649442]
Device (GPU) time: 1.1175 seconds
Iters. done: 116 [Current cost: -20.238353638889627]
Current parameters: [ 2.90066831e+00  3.52943658e+00  1.57168408e+00  1.76874760e+00
  1.57168121e-01  1.90206476e+00  2.15834133e+00  7.18751028e-01
  1.79296522e+00  3.25856029e+00  3.01895850e+00  3.11635854e+00
  2.37619001e+00  1.42378574e+00  1.82713783e+00  2.56004205e+00
  3.24101268e+00  2.62677991e+00  1.61414279e+00  1.41294731e+00
  1.32514747e+00  4.12688241e+00  2.46103871e+00  2.23187489e+00
  1.25738645e+00  7.14462681e-01  3.09323892e+00  1.33177811e+00
  2.19997388e+00  3.25682273e+00  2.58715480e+00  2.74989010e+00
  2.51561038e+00  2.97128144e+00  4.24143176e+00 -1.25024812e-01
  3.08129488e+00  1.48582373e+00  2.33003566e+00  2.61034726e+00
  2.44563539e+00  2.17117261e+00  1.53035563e+00  2.89047540e+00
  2.09696995e+00  2.63661395e+00  9.75741573e-01  7.15137442e-01
  5.73361613e-01  1.95406685e+00  1.20143890e-01  1.57173072e-01
 -1.68501501e-01  2.54017879e+00  1.09578069e+00  1.52368808e+00
  2.52775591e+00  3.49767690e-01  2.73504636e+00  8.08105623e-01
  2.36314214e+00  2.80006869e+00  2.85017496e+00 -3.45988326e-03]
Device (GPU) time: 1.0839 seconds
Iters. done: 117 [Current cost: -20.317210995322746]
Current parameters: [ 2.91950637  3.53096972  1.61363264  1.76225289  0.1389941   1.90203093
  2.17836661  0.71767993  1.81596558  3.24872243  3.00894774  3.11464463
  2.36636273  1.41670813  1.82763781  2.56022071  3.27293062  2.66980379
  1.59655517  1.38979535  1.32724483  4.15925619  2.45360221  2.25797509
  1.2551985   0.71859869  3.0727339   1.32525658  2.22495608  3.25831428
  2.56786637  2.78001526  2.52723814  2.99161555  4.2548271  -0.1537782
  3.05840219  1.48603832  2.33189899  2.60654115  2.46314279  2.18452116
  1.53555595  2.89177771  1.66376364  2.22165802  0.90990127  1.49695297
  0.50640957  1.9494347   0.08360901  0.11641213 -0.21963236  2.54082568
  1.09488608  1.51522248  2.52898859  0.3472598   2.73707201  0.80400954
  2.35625036  2.79764073  2.84813408 -0.00864354]
Device (GPU) time: 1.0179 seconds
Iters. done: 118 [Current cost: -20.165390776723665]
Current parameters: [ 2.90066831e+00  3.52943658e+00  1.57168408e+00  1.76874760e+00
  1.57168121e-01  1.90206476e+00  2.15834133e+00  7.18751028e-01
  1.79296522e+00  3.25856029e+00  3.01895850e+00  3.11635854e+00
  2.37619001e+00  1.42378574e+00  1.82713783e+00  2.56004205e+00
  3.24101268e+00  2.62677991e+00  1.61414279e+00  1.41294731e+00
  1.32514747e+00  4.12688241e+00  2.46103871e+00  2.23187489e+00
  1.25738645e+00  7.14462681e-01  3.09323892e+00  1.33177811e+00
  2.19997388e+00  3.25682273e+00  2.58715480e+00  2.74989010e+00
  2.51561038e+00  2.97128144e+00  4.24143176e+00 -1.25024812e-01
  3.08129488e+00  1.48582373e+00  2.33003566e+00  2.61034726e+00
  2.44563539e+00  2.17117261e+00  1.53035563e+00  2.89047540e+00
  2.09696995e+00  2.63661395e+00  9.75741573e-01  7.15137442e-01
  5.73361613e-01  2.39269737e+00  1.20143890e-01  1.57173072e-01
 -1.68501501e-01  2.54017879e+00  1.09578069e+00  1.28368128e+00
  2.52775591e+00  3.49767690e-01  2.73504636e+00  8.08105623e-01
  2.36314214e+00  2.80006869e+00  2.85017496e+00 -3.45988326e-03]
Device (GPU) time: 1.0855 seconds
Iters. done: 119 [Current cost: -20.36431668934248]
Current parameters: [ 2.92392425  3.53132928  1.62347037  1.76072976  0.13473195  1.90202299
  2.18306292  0.71742873  1.8213596   3.24641526  3.00660003  3.11424268
  2.36405805  1.4150483   1.82775506  2.56026261  3.28041598  2.6798937
  1.59243054  1.38436578  1.32773671  4.16684845  2.45185821  2.26409608
  1.25468539  0.71956866  3.06792509  1.32372716  2.23081487  3.25866407
  2.56334287  2.78708018  2.52996507  2.99638428  4.25796856 -0.16052142
  3.05303342  1.48608865  2.33233598  2.60564854  2.4672486   2.18765164
  1.53677552  2.89208313  2.0964771   2.65865155  0.89446048  0.68567112
  0.49070806  2.86488762  0.07504089  0.10685292 -0.23162351  2.54097739
  1.09467628  2.13911495  2.52927768  0.34667166  2.73754706  0.80304893
  2.35463411  2.79707133  2.84765546 -0.00985921]
Device (GPU) time: 1.0851 seconds
Iters. done: 120 [Current cost: -20.36858404037438]
Current parameters: [ 2.92392425  3.53132928  1.62347037  1.76072976  0.13473195  1.90202299
  2.18306292  0.71742873  1.8213596   3.24641526  3.00660003  3.11424268
  2.36405805  1.4150483   1.82775506  2.56026261  3.28041598  2.6798937
  1.59243054  1.38436578  1.32773671  4.16684845  2.45185821  2.26409608
  1.25468539  0.71956866  3.06792509  1.32372716  2.23081487  3.25866407
  2.56334287  2.78708018  2.52996507  2.99638428  4.25796856 -0.16052142
  3.05303342  1.48608865  2.33233598  2.60564854  2.4672486   2.18765164
  1.53677552  2.89208313  2.0964771   2.65865155  0.89446048  0.68567112
  0.49070806  2.86488762  0.07504089  0.10685292 -0.23162351  2.54097739
  0.5988363   2.13911495  2.52927768  0.34667166  2.73754706  0.80304893
  2.41899808  2.79707133  2.84765546 -0.00985921]
Device (GPU) time: 0.9795 seconds
Iters. done: 121 [Current cost: -20.2528352718084]
Current parameters: [ 2.94039751  3.53266996  1.66015301  1.75505035  0.11883936  1.90199341
  2.20057437  0.71649209  1.84147266  3.23781237  2.99784595  3.11274392
  2.35546442  1.40885916  1.82819227  2.56041884  3.30832718  2.71751667
  1.57705074  1.36412016  1.32957079  4.19515826  2.44535523  2.28691984
  1.2527721   0.72318546  3.04999412  1.31802429  2.25266099  3.25996838
  2.54647577  2.81342366  2.54013316  3.0141658   4.26968234 -0.18566532
  3.0330145   1.48627631  2.3339654   2.60232022  2.48255825  2.1993245
  1.54132303  2.89322196  2.096128    2.67426181  0.8368853   0.66479875
  0.4321607   2.8556238   0.04309233  0.0712088  -0.27633578  2.54154308
  1.22813441  2.11685102  2.53035562  0.34447859  2.73931842  0.79946704
  3.33388388  2.79494815  2.84587077 -0.01439215]
Device (GPU) time: 1.0895 seconds
Iters. done: 122 [Current cost: -20.197080278709365]
Current parameters: [ 2.92392425  3.53132928  1.62347037  1.76072976  0.13473195  1.90202299
  2.18306292  0.71742873  1.8213596   3.24641526  3.00660003  3.11424268
  2.36405805  1.4150483   1.82775506  2.56026261  3.28041598  2.6798937
  1.59243054  1.38436578  1.32773671  4.16684845  2.45185821  2.26409608
  1.25468539  0.71956866  3.06792509  1.32372716  2.23081487  3.25866407
  2.56334287  2.78708018  2.52996507  2.99638428  4.25796856 -0.16052142
  3.05303342  1.48608865  2.33233598  2.60564854  2.4672486   2.18765164
  1.53677552  2.89208313  2.0964771   2.65865155  0.89446048  0.68567112
  0.49070806  2.86488762  0.07504089  0.10685292 -0.23162351  3.0251301
  1.09467628  2.13911495  2.52927768  0.47155624  2.73754706  0.80304893
  2.35463411  2.79707133  2.84765546 -0.00985921]
Device (GPU) time: 1.0895 seconds
Iters. done: 123 [Current cost: -20.24278424272497]
Current parameters: [ 2.92999578  3.53182341  1.63699046  1.75863651  0.12887443  1.90201209
  2.1895171   0.71708351  1.82877265  3.2432445   3.00337355  3.11369029
  2.3608907   1.41276717  1.8279162   2.56032019  3.29070319  2.69376037
  1.58676202  1.37690387  1.32841269  4.17728257  2.44946141  2.27250821
  1.25398021  0.7209017   3.06131629  1.32162526  2.23886668  3.2591448
  2.55712618  2.79678958  2.53371271  3.002938    4.2622859  -0.16978868
  3.04565506  1.48615782  2.33293653  2.60442182  2.47289127  2.1919539
  1.53845159  2.89250287  2.09634843  2.66440501  0.87324004  0.67797821
  0.46912931  2.86147326  0.06326564  0.09371559 -0.24810308  2.28917265
  1.09592816  2.13090915  2.52967498  1.31277927  2.73819993  0.80172876
  2.34626623  2.79628879  2.84699768 -0.01152991]
Device (GPU) time: 1.0776 seconds
Iters. done: 124 [Current cost: -20.265880920148383]
Current parameters: [ 2.92392425  3.53132928  1.62347037  1.76072976  0.13473195  1.90202299
  2.18306292  0.71742873  1.8213596   3.24641526  3.00660003  3.11424268
  2.36405805  1.4150483   1.82775506  2.56026261  3.28041598  2.6798937
  1.59243054  1.38436578  1.32773671  4.16684845  2.45185821  2.26409608
  1.25468539  0.71956866  3.06792509  1.32372716  2.23081487  3.25866407
  2.56334287  2.78708018  2.52996507  2.99638428  4.25796856 -0.16052142
  3.05303342  1.48608865  2.33233598  2.60564854  2.4672486   2.18765164
  1.53677552  2.89208313  2.0964771   2.65865155  0.89446048  0.68567112
  0.49070806  2.86488762  0.07504089  0.10685292 -0.23162351  2.54097739
  1.09467628  2.13911495  2.04284244  0.34667166  2.73754706  0.80304893
  2.35463411  2.79707133  2.84765546 -0.12553443]
Device (GPU) time: 0.9757 seconds
Iters. done: 125 [Current cost: -20.31453158843695]
Current parameters: [ 2.936351    3.53234063  1.65114225  1.75644545  0.12274323  1.90200068
  2.19627284  0.71672217  1.83653207  3.23992559  2.99999631  3.11311208
  2.35757537  1.41037947  1.82808488  2.56038047  3.30147105  2.70827493
  1.58082865  1.36909331  1.32912026  4.18820421  2.44695263  2.28131339
  1.25324208  0.72229702  3.0543987   1.31942515  2.24729469  3.25964799
  2.55061902  2.80695262  2.53763546  3.00979793  4.26680496 -0.17948894
  3.03793197  1.48623021  2.33356515  2.60313779  2.47879758  2.19645717
  1.54020598  2.89294222  2.09621375  2.67042729  0.85102812  0.66992586
  0.44654233  2.85789937  0.05094021  0.07996446 -0.26535261  2.53773902
  1.09723854  2.12231995  2.30166194  0.33857624  2.7388833   0.8003469
  2.33750737  2.79546969  2.84630916  0.95688524]
Device (GPU) time: 1.1315 seconds
Iters. done: 126 [Current cost: -20.247211445242936]
Current parameters: [ 2.92392425  3.53132928  1.62347037  1.76072976  0.13473195  1.90202299
  2.18306292  0.71742873  1.8213596   3.24641526  3.00660003  3.11424268
  2.36405805  1.4150483   1.82775506  2.56026261  3.28041598  2.6798937
  1.59243054  1.38436578  1.32773671  4.16684845  2.45185821  2.26409608
  1.25468539  0.71956866  3.06792509  1.32372716  2.23081487  3.25866407
  2.56334287  2.78708018  2.52996507  2.99638428  4.25796856 -0.16052142
  3.05303342  1.48608865  2.33233598  2.60564854  2.4672486   2.18765164
  1.53677552  2.89208313  2.0964771   2.65865155  0.89446048  0.68567112
  0.49070806  2.86488762  0.07504089  0.10685292 -0.23162351  2.54097739
  1.09467628  2.13911495  2.52927768  0.34667166  2.73754706  1.05800118
  2.35463411  2.36695582  2.84765546 -0.00985921]
Device (GPU) time: 1.1420 seconds
Iters. done: 127 [Current cost: -20.393603515864637]
Current parameters: [ 2.93493627  3.53222549  1.64799193  1.7569332   0.12410809  1.90200322
  2.19476895  0.7168026   1.83480475  3.24066441  3.00074812  3.11324079
  2.35831339  1.41091099  1.82804733  2.56036705  3.29907402  2.70504385
  1.58214947  1.37083202  1.32896275  4.18577295  2.44751111  2.27935327
  1.25340639  0.72198641  3.05593862  1.31991491  2.24541853  3.25953597
  2.55206758  2.80469023  2.53676222  3.00827085  4.26579897 -0.17732957
  3.0396512   1.4862141   2.33342521  2.60342363  2.47748278  2.1954547
  1.53981543  2.89284442  2.09624373  2.66908667  0.85597271  0.67171839
  0.45157041  2.85869495  0.05368397  0.08302559 -0.2615127   2.53810769
  1.09694684  2.12423199  2.53377963  0.33949787  2.73873118  1.91403822
  2.33945718  2.87331764  2.84646243 -0.02030221]
Device (GPU) time: 0.9800 seconds
Iters. done: 128 [Current cost: -20.264675563947183]
Current parameters: [ 2.92392425  3.53132928  1.62347037  1.76072976  0.13473195  1.90202299
  2.18306292  0.71742873  1.8213596   3.24641526  3.00660003  3.11424268
  2.36405805  1.4150483   1.82775506  2.56026261  3.28041598  2.6798937
  1.59243054  1.38436578  1.32773671  4.16684845  2.45185821  2.26409608
  1.25468539  0.71956866  3.06792509  1.32372716  2.23081487  3.25866407
  2.56334287  2.78708018  2.52996507  2.99638428  4.25796856 -0.16052142
  3.05303342  1.48608865  2.33233598  2.60564854  2.4672486   2.18765164
  1.53677552  2.89208313  2.0964771   2.65865155  0.89446048  0.68567112
  0.49070806  2.86488762  0.07504089  0.10685292 -0.23162351  2.54097739
  1.09467628  2.13911495  2.52927768  0.34667166  3.09242234  1.05800118
  2.35463411  2.36695582  3.199882   -0.00985921]
Device (GPU) time: 1.1532 seconds
Iters. done: 129 [Current cost: -20.28839335370279]
Current parameters: [ 2.93053496  3.53186729  1.63819109  1.75845062  0.12835426  1.90201112
  2.19009025  0.71705286  1.82943096  3.24296293  3.00308702  3.11364123
  2.36060943  1.4125646   1.82793051  2.56032531  3.29161673  2.69499178
  1.58625863  1.37624122  1.32847272  4.17820916  2.44924857  2.27325524
  1.25391758  0.72102008  3.0607294   1.3214386   2.23958171  3.25918749
  2.55657412  2.79765181  2.53404552  3.00352     4.26266929 -0.17061165
  3.04499984  1.48616396  2.33298986  2.60431289  2.47339236  2.19233595
  1.53860044  2.89254014  2.09633701  2.66491594  0.87135559  0.67729505
  0.46721303  2.86117005  0.06221995  0.09254895 -0.24956652  2.53925466
  1.09603934  2.13018044  2.53198028  0.34236511  2.0328527   1.05290865
  2.34552313  2.36330285  3.55439169 -0.01612833]
Device (GPU) time: 1.1678 seconds
Iters. done: 130 [Current cost: -20.44150627724493]
Current parameters: [ 2.92664094  3.41680517  1.62919871  1.67250039 -0.02246541  1.80689705
  2.1677809   0.61727152  1.88166315  3.25268894  3.01837468  3.06313893
  2.26263415  1.33287533  1.83034618  2.52243319  3.30228839  2.74647578
  1.5374941   1.27659143  1.33181205  4.19170442  2.4514045   2.32540708
  1.27158048  0.7202985   2.97629671  1.32985183  2.28162224  3.20408483
  2.50267103  2.88282735  2.52593842  3.02932105  4.29590828 -0.2100956
  3.04552333  1.49551634  2.34329227  2.5946667   2.49897485  2.2180961
  1.53355136  2.88922892  2.09752677  2.71583491  0.72245825  0.62879402
  0.33370146  2.82424342 -0.0154198  -0.01068465 -0.458653    2.5444116
  1.08890769  2.06269423  2.54180702  0.32237268  2.04900082  1.0202554
  2.29058314  2.34394754  3.53812214 -0.05745156]
Device (GPU) time: 1.1600 seconds
Iters. done: 131 [Current cost: -20.378895733938243]
Current parameters: [ 2.96514346  3.51153834  1.71519247  1.72891074  0.87946688  1.88276183
  2.22321476  1.23456273  1.88318121  3.22644087  2.98736198  3.10023408
  2.32238253  1.38319245  1.82935717  2.55301766  3.35373853  2.78621238
  1.54337762  1.31264142  1.33308696  4.24175696  2.43571133  2.33281342
  1.25336958  0.72864548  3.00517229  1.31088265  2.29499974  3.25087498
  2.50946101  2.87143362  2.55425708  3.04692925  4.29454192 -0.23259952
  3.00209337  1.48845365  2.33856891  2.59521599  2.51144654  2.22261207
  1.54735262  2.89431909  2.09582691  2.70872669  0.71761672  0.622666
  0.31448888  2.8338175  -0.02208472 -0.00485849 -0.38780941  2.53107131
  1.10189865  2.06873198  2.54843228  0.31527496  2.03647168  1.0190565
  2.28566052  2.33984053  3.53330514 -0.05802882]
Device (GPU) time: 1.0277 seconds
Iters. done: 132 [Current cost: -20.111813059732025]
Current parameters: [ 2.93053496  3.84853011  1.63819109  1.75845062  0.15846288  1.51893536
  2.19009025  0.67154362  1.82943096  3.24296293  3.00308702  3.11364123
  2.36060943  1.4125646   1.82793051  2.56032531  3.29161673  2.69499178
  1.58625863  1.37624122  1.32847272  4.17820916  2.44924857  2.27325524
  1.25391758  0.72102008  3.0607294   1.3214386   2.23958171  3.25918749
  2.55657412  2.79765181  2.53404552  3.00352     4.26266929 -0.17061165
  3.04499984  1.48616396  2.33298986  2.60431289  2.47339236  2.19233595
  1.53860044  2.89254014  2.09633701  2.66491594  0.87135559  0.67729505
  0.46721303  2.86117005  0.06221995  0.09254895 -0.24956652  2.53925466
  1.09603934  2.13018044  2.53198028  0.34236511  2.0328527   1.05290865
  2.34552313  2.36330285  3.55439169 -0.01612833]
Device (GPU) time: 1.1198 seconds
Iters. done: 133 [Current cost: -20.15278513961615]
Current parameters: [ 2.95082024  3.48841386  1.68346325  1.77889     0.65748518  2.03005513
  2.21736413 -0.11355844  1.83628942  3.22995182  2.98815314  3.12777809
  2.38145577  1.43044656  1.82767726  2.57241425  3.32055958  2.72234641
  1.58378736  1.38413106  1.32954553  4.20672589  2.44104631  2.28327556
  1.24615286  0.72543192  3.06651537  1.31219573  2.25164839  3.27801356
  2.55399672  2.80136666  2.54835898  3.01598696  4.26577769 -0.18729771
  3.02167106  1.48344198  2.33163761  2.60349308  2.48306776  2.19774733
  1.54544919  2.89489851  2.09555915  2.66697682  0.85152747  0.66838541
  0.44142477  2.86205545  0.04965112  0.08374717 -0.23559539  2.53266664
  1.10221084  2.12562698  2.53668484  0.33623039  2.02797271  1.04848647
  2.33651796  2.35885248  3.54991583 -0.02121845]
Device (GPU) time: 1.0883 seconds
Iters. done: 134 [Current cost: -20.151078121494525]
Current parameters: [ 2.92926468  3.90020908  1.63525767  1.73691549  0.08109257  2.20311063
  2.15775921  0.71426744  1.84646975  3.24613567  3.00807405  3.09716675
  2.32864867  1.38656897  1.82871853  2.54796443  3.29509796  2.7117865
  1.57035103  1.34373422  1.32956205  4.18261148  2.44995186  2.29026782
  1.25967944  0.72078469  3.03318641  1.3241831   2.25329585  3.24121232
  2.53899026  2.82543713  2.53140088  3.01193662  4.27351226 -0.18349181
  3.04517061  1.48921482  2.33635064  2.60116618  2.48173769  2.20073923
  1.53695336  2.89145998  2.09672512  2.68152634  0.82278342  0.66147341
  0.4236599   2.84912413  0.0368929   0.05887286 -0.31777313  2.54093692
  1.0937129   2.1081656   2.53518589  0.33584333  2.03812042  1.04225676
  2.32760102  2.35698891  3.54908436 -0.02960848]
Device (GPU) time: 1.0612 seconds
Iters. done: 135 [Current cost: -20.07699155318539]
Current parameters: [ 2.97815897  3.43309548  1.74452002  2.07202922  0.09486804  1.87136921
  1.27821772  0.72846272  1.83792326  3.21138941  2.96626152  3.15362137
  2.4229045   1.46538255  1.82699959  2.59376146  3.35726025  2.75115042
  1.58745376  1.40870952  1.33048759  4.24246266  2.42990941  2.28909584
  1.2333901   0.73136     3.08615344  1.29879557  2.26160761  3.31070236
  2.55825319  2.79416823  2.56841102  3.02878238  4.26515879 -0.20371981
  2.99079254  1.47851878  2.32838806  2.60378132  2.49220817  2.20123213
  1.55521001  2.89848311  2.09436297  2.66246238  0.84650437  0.66351291
  0.42634535  2.86847192  0.04408759  0.08679473 -0.18743577  2.52323477
  1.11137334  2.12920437  2.54150051  0.33097086  2.01923432  1.04728737
  2.33243432  2.35572648  3.54631768 -0.02206749]
Device (GPU) time: 0.9795 seconds
Iters. done: 136 [Current cost: -20.20773421443826]
Current parameters: [ 2.63849452  3.53283937  1.92197579  1.75421971  0.11683115  1.90198967
  2.20275781  0.71637373  1.54185454  3.24373649  3.00430293  3.10962451
  2.35281692  1.40622648  1.82812264  2.55731154  3.29246551  2.69908658
  1.58238012  1.36831553  1.32873832  4.17928251  2.44942004  2.27740316
  1.25532241  0.72096269  3.05401401  1.32210775  2.24292542  3.25480488
  2.55228691  2.80442628  2.53340072  3.0055721   4.26531297 -0.17375203
  3.04504147  1.4869078   2.33380927  2.60354567  2.47542707  2.1943848
  1.53819885  2.89227678  2.09643164  2.6689658   0.85951297  0.6734375
  0.45659413  2.85823308  0.05604484  0.08433822 -0.26619631  2.53966482
  1.09547212  2.1248129   2.53276186  0.340775    2.03413705  1.05031156
  2.34115345  2.36176342  3.55309768 -0.01941499]
Device (GPU) time: 1.1152 seconds
Iters. done: 137 [Current cost: -20.201954482018316]
Current parameters: [ 2.7133236   3.3716896   0.93121208  1.74063026  0.03288171  1.90371552
  2.28591895  0.7467489   1.5116869   3.16010711  2.90664189  3.21668849
  2.52022849  1.54806589  1.82559178  2.64671835  3.465392    2.84573156
  1.58702572  1.45705656  1.33395403  4.348454    2.39831229  2.31761634
  1.20060409  0.74827489  3.12369774  1.26208874  2.29977268  3.39245316
  2.55836694  2.79262727  2.62434947  3.07145804  4.27086698 -0.25992685
  2.90195621  1.46644389  2.32134866  2.60243772  2.52430527  2.21707668
  1.58219091  2.90806332  2.09118517  2.66093292  0.79847672  0.63854557
  0.35281514  2.87863418  0.01056247  0.07230818 -0.09582043  2.49722584
  1.13616123  2.12430059  2.55758807  0.31131358  1.99770023  1.03647391
  2.30828834  2.34235902  3.53228553 -0.03382648]
Device (GPU) time: 1.1094 seconds
Iters. done: 138 [Current cost: -19.526613547536574]
Current parameters: [ 2.92967848  3.53442105  1.6364426   2.22354903  0.09808183  1.90195477
  2.34697588  0.71526872  1.84049595  3.24502878  3.00633419  3.1029143
  2.33979902  1.39563822  1.82844361  2.55227684  3.29388344  2.70379176
  1.57792348  1.35507514  1.32917047  4.18102897  2.44969904  2.28415227
  1.25760821  0.72086931  3.04308735  1.32319653  2.248366    3.24767389
  2.54531117  2.81544908  2.53235155  3.00891108  4.26961452 -0.17886175
  3.04510922  1.48811812  2.33514253  2.60229733  2.47873777  2.19771849
  1.53754544  2.89184827  2.09658561  2.67555536  0.84024377  0.66716085
  0.43931604  2.8534543   0.04599727  0.07097848 -0.29325476  2.54033219
  1.09454919  2.11607932  2.53403356  0.33818773  2.03622682  1.04608582
  2.33404352  2.3592586   3.55099219 -0.02476274]
Device (GPU) time: 1.0007 seconds
Iters. done: 139 [Current cost: -19.981342959622076]
Current parameters: [ 3.04545854  3.43194099  1.78685105  1.63313452  0.06109296  1.90306734
  2.22937838  0.73526117  1.95441029  3.20363158  2.96247519  3.1124947
  2.33309208  1.3937443   1.82961131  2.56516226  3.41460749  2.08268817
  2.25632351  1.29707539  1.33208239  4.28575624  2.41738456  2.30374048
  1.22134618  0.73809163  3.09598201  1.28461     2.27949175  3.3400507
  2.55497145  2.7988086   2.59031975  3.04747106  4.26949727 -0.22867382
  2.95523667  1.47425883  2.32620399  2.60264763  2.50664555  2.20916963
  1.565707    2.90211659  2.09316337  2.66499278  0.81807322  0.65051704
  0.3886475   2.87026357  0.02586477  0.07461899 -0.16364071  2.51313382
  1.12086325  2.12307413  2.54855183  0.32186199  2.01160446  1.04093984
  2.31937003  2.34917666  3.53969207 -0.02932898]
Device (GPU) time: 1.1205 seconds
Iters. done: 140 [Current cost: -19.40818926429033]
Current parameters: [ 3.29337336  3.53295766  1.66802468  1.75383161  0.115429    1.90198706
  2.20433212  0.71629109  1.49634782  3.31118873  3.00445089  3.10913574
  2.35186871  1.40545524  1.82814602  2.55694482  3.29256879  2.69958485
  1.58190818  1.36735111  1.32877063  4.17941312  2.4494409   2.27790789
  1.25549335  0.7209557   3.05319686  1.32218917  2.24333229  3.25427159
  2.55176523  2.80525062  2.53332225  3.0058218   4.26563466 -0.17413415
  3.04504654  1.48699832  2.33390898  2.60345232  2.47567466  2.19463411
  1.53814999  2.89224474  2.09644315  2.6694586   0.85807193  0.6729681
  0.455302    2.8578757   0.05529344  0.08333912 -0.26821986  2.53971473
  1.0954031   2.12415976  2.53285696  0.34058151  2.03429333  1.04999554
  2.34062174  2.3615761   3.55294022 -0.01981492]
Device (GPU) time: 1.0970 seconds
Iters. done: 141 [Current cost: -20.356044376816257]
Current parameters: [ 2.84847548  3.49999324  1.64322789  1.7282893   0.12518593  1.90236481
  2.1834483   0.72361469  1.94444934  4.2237402   2.98261007  3.14010333
  2.40424795  1.44914239  1.82715965  2.58191399  3.32338567  2.73548753
  1.57532669  1.4050486   1.32917255  4.20933118  2.4392927   2.27630517
  1.24189433  0.72630229  3.08154341  1.30922433  2.24670789  3.29038084
  2.56252426  2.78783091  2.55214184  3.01381571  4.26077759 -0.1835681
  3.01761632  1.48142342  2.32969399  2.60495814  2.48045809  2.1943829
  1.54745383  2.89585038  2.09522895  2.65885779  0.8729218   0.67493744
  0.45924626  2.86834817  0.06042756  0.09942141 -0.19844115  2.5306884
  1.1044467   2.13607776  2.53585046  0.33851243  2.02445677  1.05316569
  2.34412476  2.36131501  3.55186076 -0.01521072]
Device (GPU) time: 0.9765 seconds
Iters. done: 142 [Current cost: -20.29208257341504]
Current parameters: [ 2.9303831   3.53185493  1.63785294  1.75850297  0.12850077  1.90201139
  2.18992882  0.71706149  1.82924555  3.24304223  3.03629938  3.12375076
  2.04465968  1.79853104  1.82792807  2.56036362  3.29160594  2.69493972
  1.58630795  1.37634199  1.32846934  4.17819552  2.44924639  2.27320251
  1.25389972  0.72102081  3.06081478  1.32143009  2.2395392   3.25924321
  2.55662862  2.79756567  2.53405371  3.00349391  4.26263568 -0.17057172
  3.04499931  1.4861545   2.33297945  2.60432264  2.47336649  2.1923099
  1.53860554  2.89254349  2.0963358   2.66486445  0.87150616  0.67734409
  0.46734804  2.86120739  0.06229846  0.09265334 -0.24935509  2.53924945
  1.09604655  2.13024869  2.53197034  0.34238532  2.03283637  1.05294167
  2.34557869  2.36332242  3.55440814 -0.01608654]
Device (GPU) time: 1.1218 seconds
Iters. done: 143 [Current cost: -20.152307809524338]
Current parameters: [ 2.94784337  3.50265847  1.65505409  1.72850487  0.12013098  1.90233035
  2.18972398  0.7228467   1.85493076  3.2349292   3.94219675  3.42629932
  2.4162169   1.34345645  1.82730131  2.57903043  3.3215614   2.73454154
  1.57431245  1.39941339  1.3292454   4.2076548   2.44006468  2.27799178
  1.24337498  0.72590808  3.07701909  1.31038147  2.24774238  3.28620157
  2.56014698  2.79161656  2.55058613  3.01403808  4.26211972 -0.18410339
  3.01954278  1.48209418  2.33029871  2.60456194  2.48089749  2.19517835
  1.54665329  2.89549923  2.09534946  2.66113393  0.86739078  0.67333555
  0.45493951  2.86650354  0.05772525  0.09518358 -0.20961593  2.53147287
  1.1036014   2.13320955  2.53593871  0.33805279  2.0256296   1.05195876
  2.34222159  2.36074867  3.55144462 -0.01677937]
Device (GPU) time: 1.0775 seconds
Iters. done: 144 [Current cost: -19.753066884548463]
Current parameters: [ 2.89410191  3.52890217  1.55706205  1.77101147  0.16350305  1.90207655
  2.15136111  0.71912438  1.78494797  3.26198948  2.94938782  3.2796562
  2.0174447   1.13167722  1.82734446  2.56951816  3.28902772  2.68250145
  1.59808921  1.40041687  1.32766258  4.17493513  2.44872552  2.26060289
  1.24963246  0.72119514  3.08121329  1.3193975   2.22938242  3.27255573
  2.56965133  2.7769877   2.53601235  2.99726051  4.25460531 -0.1610326
  3.04487283  1.48389501  2.33049044  2.60665311  2.46718589  2.18608639
  1.53982537  2.89334347  2.09604836  2.65256269  0.90747899  0.68906169
  0.49960375  2.87012868  0.08105583  0.11759405 -0.19884087  2.53800356
  1.09776952  2.14655301  2.52959625  0.34721539  2.02893507  1.06083053
  2.35885191  2.36799857  3.55833878 -0.00610306]
Device (GPU) time: 1.1086 seconds
Iters. done: 145 [Current cost: -20.27592044456896]
Current parameters: [ 2.87945323e+00  3.50336354e+00  1.50720338e+00  1.75699465e+00
  1.84374537e-01  1.90238142e+00  2.12086726e+00  7.25347003e-01
  1.77053525e+00  3.27043891e+00  3.26902289e+00  2.22841408e+00
  2.16577924e+00  1.23256128e+00  1.82638710e+00  2.59156110e+00
  3.31082014e+00  2.70421019e+00  1.59781579e+00  1.43769611e+00
  1.32764522e+00  4.19579652e+00  2.44101478e+00  2.25450247e+00
  1.23790746e+00  7.25218504e-01  3.11014072e+00  1.30901335e+00
  2.22791780e+00  3.30446192e+00  2.58269056e+00  2.75607386e+00
  2.55069895e+00  3.00074288e+00  4.24787968e+00 -1.64290841e-01
  3.02453082e+00  1.47888938e+00  2.32640133e+00  2.60867615e+00
  2.46831376e+00  2.18347293e+00  1.54718411e+00  2.89632294e+00
  2.09503799e+00  2.63992173e+00  9.32496772e-01  6.95089289e-01
  5.15103704e-01  2.88135608e+00  9.21707187e-02  1.39220265e-01
 -1.27514949e-01  2.53083996e+00  1.10513199e+00  2.16172970e+00
  2.53088476e+00  3.47568767e-01  2.02013627e+00  1.06625300e+00
  2.36662092e+00  2.36962945e+00  3.55907343e+00  1.19736080e-03]
Device (GPU) time: 1.0204 seconds
Iters. done: 146 [Current cost: -19.881086555613315]
Current parameters: [ 2.93080628  3.53188937  1.63879527  1.75835707  0.1280925   1.90201063
  2.19037867  0.71703743  1.82976223  3.24282123  3.00294284  3.11361655
  2.36046789  1.41246266  2.32672429  2.59167843  3.29174169  2.69553464
  1.58574445  1.37507437  1.32708249  4.17823354  2.45970481  2.26289712
  1.2539495   0.72101877  3.06057686  1.3214538   2.23965766  3.25908794
  2.55647673  2.79780569  2.53403087  3.00356661  4.26272935 -0.17068299
  3.04500078  1.48618085  2.33300848  2.60429546  2.47343858  2.19238249
  1.53859131  2.89253416  2.09633916  2.66500793  0.87108658  0.67720742
  0.46697182  2.86110334  0.06207968  0.09236244 -0.24994428  2.53926398
  1.09602645  2.13005852  2.53199804  0.34232899  2.03288188  1.05284966
  2.34542387  2.36326788  3.55436229 -0.01620299]
Device (GPU) time: 1.0940 seconds
Iters. done: 147 [Current cost: -20.235191623284727]
Current parameters: [ 2.97881061  3.48480746  1.70958757  1.70187444  0.09589416  1.90250782
  2.21015725  0.72559567  1.89564589  3.21942596  2.9436729   3.12113619
  2.38715686  1.39659955  1.77524461  2.55811643  3.34991874  2.79754012
  1.53161757  1.33607877  1.2370259   4.22899437  3.13166723  1.59046437
  1.23864825  0.72906684  3.07692134  1.30411435  2.25861733  3.29703822
  2.55554243  2.7986333   2.56054134  3.02437813  4.26605931 -0.19819422
  3.00267277  1.48059771  2.32984257  2.60347823  2.48920456  2.20040609
  1.55135727  2.89703917  2.0948465   2.66521281  0.84546699  0.66441904
  0.42948037  2.86526928  0.04467848  0.08356528 -0.21011661  2.52696321
  1.10770908  2.12648387  2.53984525  0.33259409  2.02291529  1.04709736
  2.33290886  2.35654227  3.54737649 -0.0225649 ]
Device (GPU) time: 1.0930 seconds
Iters. done: 148 [Current cost: -20.512907130518652]
Current parameters: [ 2.96001154  3.48327749  1.66772584  1.70835571  0.11403057  1.90254158
  2.19017342  0.72666456  1.87269314  3.22924346  2.95366294  3.12284656
  2.39696379  1.40366251  1.77444019  2.56272997  3.38856127  2.80228766
  1.52712081  0.97524273  1.23742258  4.11794705  2.90525869  1.36999489
  1.23643717  0.72915717  3.08749081  1.30306116  2.25335461  3.30393609
  2.56229014  2.78797084  2.5615562   3.0211483   4.26189838 -0.19325153
  3.00260724  1.47942696  2.3285529   2.60468576  2.48600209  2.19718138
  1.55198933  2.89745368  2.09469756  2.65883866  0.86410629  0.67049051
  0.44619364  2.86989184  0.05439759  0.09648829 -0.18394271  2.52631766
  1.10860184  2.13493194  2.53861512  0.33509678  2.02089384  1.05118497
  2.33978636  2.35896521  3.54941314 -0.01739196]
Device (GPU) time: 1.0613 seconds
Iters. done: 149 [Current cost: -20.45112993236397]
Current parameters: [ 3.07843538e+00  3.43135698e+00  1.88784407e+00  1.61931708e+00
  1.68207194e-02  1.90303324e+00  2.27833130e+00  7.33558734e-01
  2.02606322e+00  3.16941981e+00  2.84997302e+00  3.12642348e+00
  2.39764059e+00  1.36179256e+00  1.74933297e+00  2.54756698e+00
  3.35077287e+00  2.92443847e+00  1.46272079e+00  1.93688152e+00
  1.24068372e+00  4.05181444e+00  2.62182342e+00  1.14011367e+00
  1.22507614e+00  7.38583009e-01  3.07322603e+00  1.28551497e+00
  2.29317243e+00  3.32756583e+00  2.53945772e+00  2.82326652e+00
  2.59029779e+00  3.05666291e+00  4.27930254e+00 -2.42364186e-01
  2.95171562e+00  1.47645226e+00  2.32887905e+00  2.59981501e+00
  2.51533724e+00  2.21724073e+00  1.56536856e+00  2.90155927e+00
  2.09337455e+00  2.67958888e+00  7.73221369e-01  6.35521898e-01
  3.47171071e-01  2.86005260e+00  2.12703450e-03  4.42998103e-02
 -2.20049033e-01  2.51354348e+00  1.11983461e+00  2.10344251e+00
  2.55204583e+00  3.15293806e-01  2.01536338e+00  1.03109220e+00
  2.30255509e+00  2.34305187e+00  3.53442817e+00 -4.17117434e-02]
Device (GPU) time: 0.9642 seconds
Iters. done: 150 [Current cost: -20.7048764662639]
Current parameters: [ 3.09218969e+00  3.43247638e+00  1.91847215e+00  1.61457507e+00
  3.55124483e-03  1.90300854e+00  2.29295244e+00  7.32776685e-01
  2.04285657e+00  3.16223685e+00  2.84266382e+00  3.12517209e+00
  2.39046536e+00  1.35662496e+00  1.71853416e+00  3.03653425e+00
  3.27110544e+00  2.92915386e+00  1.45825447e+00  1.91911827e+00
  1.24098957e+00  4.05305046e+00  2.62202089e+00  1.14489022e+00
  1.22669387e+00  7.38516919e-01  3.06549290e+00  1.28628553e+00
  2.29702290e+00  3.32251901e+00  2.53452078e+00  2.83106769e+00
  2.58955527e+00  3.05902601e+00  4.28234688e+00 -2.45980495e-01
  2.95176357e+00  1.47730884e+00  2.32982264e+00  2.59893153e+00
  2.51768033e+00  2.21960008e+00  1.56490612e+00  2.90125599e+00
  2.09348352e+00  2.68425251e+00  7.59583957e-01  6.31079719e-01
  3.34942832e-01  2.85667051e+00 -4.98394057e-03  3.48447106e-02
 -2.39199129e-01  2.51401580e+00  1.11918143e+00  2.09726149e+00
  2.55294585e+00  3.13462713e-01  2.01684238e+00  1.02810151e+00
  2.29752317e+00  2.34127913e+00  3.53293805e+00 -4.54965115e-02]
Device (GPU) time: 1.0689 seconds
Iters. done: 151 [Current cost: -20.71098321897976]
Current parameters: [ 3.13713559  3.34401882  1.95333331  1.52693802 -0.01431248  1.90398178
  2.2842732   0.7506133   2.11087208  3.14178916  2.75778896  3.14255798
  2.4604756   1.34366322  1.68597905  2.87886031  2.34424149  3.04652903
  1.42384195  1.82636482  1.2414678   4.13826996  2.60143111  1.13853645
  1.19413711  0.75325717  3.11850956  1.25261981  2.31957956  3.40640882
  2.5478286   2.80886721  2.63970405  3.08944598  4.27911574 -0.28469751
  2.87514881  1.46462061  2.32123706  2.60013867  2.53904591  2.22692898
  1.58937354  2.91031585  2.09045592  2.67045711  0.75472291  0.62146931
  0.30435398  2.87446954 -0.01482148  0.04767124 -0.10907972  2.49035879
  1.14227109  2.1095781   2.56438873  0.30143765  1.99434454  1.02679356
  2.29019792  2.33451335  3.52484376 -0.04549381]
Device (GPU) time: 1.1027 seconds
Iters. done: 152 [Current cost: -20.29402831563319]
Current parameters: [ 3.09218969e+00  3.43247638e+00  1.91847215e+00  1.61457507e+00
  3.55124483e-03  1.90300854e+00  2.29295244e+00  7.32776685e-01
  2.04285657e+00  3.16223685e+00  2.84266382e+00  3.12517209e+00
  2.39046536e+00  1.35662496e+00  1.71853416e+00  3.03653425e+00
  3.27110544e+00  3.21840344e+00  1.76363472e+00  1.91911827e+00
  1.24098957e+00  3.79801211e+00  2.68539685e+00  1.20826619e+00
  1.22669387e+00  7.38516919e-01  3.06549290e+00  1.28628553e+00
  2.29702290e+00  3.32251901e+00  2.53452078e+00  2.83106769e+00
  2.58955527e+00  3.05902601e+00  4.28234688e+00 -2.45980495e-01
  2.95176357e+00  1.47730884e+00  2.32982264e+00  2.59893153e+00
  2.51768033e+00  2.21960008e+00  1.56490612e+00  2.90125599e+00
  2.09348352e+00  2.68425251e+00  7.59583957e-01  6.31079719e-01
  3.34942832e-01  2.85667051e+00 -4.98394057e-03  3.48447106e-02
 -2.39199129e-01  2.51401580e+00  1.11918143e+00  2.09726149e+00
  2.55294585e+00  3.13462713e-01  2.01684238e+00  1.02810151e+00
  2.29752317e+00  2.34127913e+00  3.53293805e+00 -4.54965115e-02]
Device (GPU) time: 1.0662 seconds
Iters. done: 153 [Current cost: -20.6350357446957]
Current parameters: [ 3.14658951  3.33561235  1.9678881   1.51649245 -0.02089323  1.90406979
  2.288699    0.75210708  2.12372364  3.13715329  2.74668965  3.14383704
  2.4648533   1.34050227  1.67159221  3.04007708  3.33204766  2.65976407
  0.99631877  1.92945843  1.2416261   3.32300387  2.80426239  1.34444267
  1.19147938  0.75470157  3.12099262  1.24954508  2.32321971  3.41293923
  2.54736789  2.80947845  2.64443084  3.09333124  4.27989541 -0.28986271
  2.86753434  1.46366664  2.32072325  2.59993925  2.542022    2.22851272
  1.59164348  2.91110859  2.09019376  2.67077035  0.74930426  0.61890468
  0.29688239  2.87501881 -0.01837439  0.04552779 -0.10304724  2.48817314
  1.14433477  2.10856851  2.56585425  0.29957725  1.99263861  1.02558115
  2.28764753  2.33319796  3.52349829 -0.04686299]
Device (GPU) time: 1.0863 seconds
Iters. done: 154 [Current cost: -20.261477928485007]
Current parameters: [ 3.09530081e+00  3.43272958e+00  1.92539999e+00  1.61350246e+00
  5.49789370e-04  1.90300295e+00  2.29625963e+00  7.32599792e-01
  2.04665510e+00  3.16061212e+00  2.84101054e+00  3.12488904e+00
  2.38884238e+00  1.35545608e+00  1.71861673e+00  3.03656376e+00
  3.27637672e+00  2.93625929e+00  1.45534986e+00  1.91529471e+00
  1.24135930e+00  4.05839702e+00  2.62079430e+00  1.14919913e+00
  7.77089704e-01  7.38418232e-01  2.95938511e+00  1.28743617e+00
  2.30277261e+00  3.31498285e+00  2.52714867e+00  2.84271680e+00
  2.62772277e+00  3.05956053e+00  4.28303548e+00 -6.00933763e-02
  2.95177441e+00  1.47750259e+00  2.33003607e+00  2.59873169e+00
  2.51821032e+00  2.22013375e+00  1.56480152e+00  2.90118740e+00
  2.09350817e+00  2.68530739e+00  7.56499277e-01  6.30074932e-01
  3.32176897e-01  2.85590551e+00 -6.59238971e-03  3.27060381e-02
 -2.43530737e-01  2.51412264e+00  1.11903368e+00  2.09586339e+00
  2.55314943e+00  3.13048533e-01  2.01717691e+00  1.02742504e+00
  2.29638499e+00  2.34087815e+00  3.53260100e+00 -4.63525976e-02]
Device (GPU) time: 1.0165 seconds
Iters. done: 155 [Current cost: -20.649419381777538]
Current parameters: [ 3.13602569  3.38221036  1.97796807  1.55730154 -0.02383824  1.90354577
  2.30655637  0.74220172  2.10405669  3.14111182  2.78372538  3.1337342
  2.42221513  1.34244912  1.69398187  3.03855871  3.32878077  3.01792118
  1.40770483  1.90627224  1.24310144  4.11305594  2.60803916  1.16666243
  1.60672635  0.74664522  3.12058832  1.27227858  2.33852701  3.33442414
  2.50598488  2.87547406  2.80180872  3.07982237  4.28434721  0.62239317
  2.90705003  1.4709878   2.32601039  2.59850848  2.53315961  2.2268969
  1.57861454  2.90616332  2.09185334  2.68214734  0.73932344  0.61978907
  0.30144661  2.86275244 -0.0198163   0.03026332 -0.18761669  2.50079361
  1.13184102  2.09656422  2.56078288  0.30409616  2.0055835   1.02351699
  2.2868147   2.33506071  3.52630424 -0.05032938]
Device (GPU) time: 1.5165 seconds
Iters. done: 156 [Current cost: -19.951161400046228]
Current parameters: [ 3.09243698e+00  3.43249651e+00  1.91902283e+00  1.61448981e+00
  3.31266304e-03  1.90300810e+00  2.29321533e+00  7.32762624e-01
  2.04315851e+00  3.16210771e+00  2.84253241e+00  3.12514959e+00
  2.39033636e+00  1.35653204e+00  1.71854072e+00  3.03653660e+00
  3.27152445e+00  2.92971866e+00  1.45802359e+00  1.91881434e+00
  7.43258649e-01  4.05347545e+00  2.58867693e+00  1.17847918e+00
  1.22671174e+00  7.38512861e-01  3.06500099e+00  1.28633285e+00
  2.29496332e+00  3.32220911e+00  2.53421762e+00  2.82689493e+00
  2.58954192e+00  3.05906850e+00  4.28240161e+00 -2.46045516e-01
  2.95176443e+00  1.47732424e+00  2.32983961e+00  2.59891564e+00
  2.51772246e+00  2.21964250e+00  1.56489780e+00  2.90125054e+00
  2.09348548e+00  2.68433636e+00  7.59338760e-01  6.30999850e-01
  3.34722972e-01  2.85660970e+00 -5.11179410e-03  3.46747103e-02
 -2.39543443e-01  2.51402429e+00  1.11916968e+00  2.09715036e+00
  2.55296203e+00  3.13429790e-01  2.01686897e+00  1.02804774e+00
  2.29743270e+00  2.34124725e+00  3.53291126e+00 -4.55645606e-02]
Device (GPU) time: 1.1243 seconds
Iters. done: 157 [Current cost: -20.400850309023966]
Current parameters: [ 3.16463833  3.39393713  2.04833718  1.55479713 -0.05404371  1.90338685
  2.34273236  0.73849433  2.13765085  3.12586077  2.77474283  3.12893998
  2.39775373  1.33129869  1.69923065  3.03854923  3.38015764  3.08525028
  1.38267148  1.86394473  1.28757123  4.16490355  2.59888911  1.21038216
  1.21461     0.74482648  2.99400029  1.27938453  1.89938165  3.30182068
  2.48110602  1.99267839  2.60554135  3.0824225   4.29202487 -0.30461867
  2.91498241  1.47434981  2.32916385  2.59625288  2.53663519  2.23184386
  1.57500206  2.90450699  2.09242524  2.69481126  0.70690329  0.61004766
  0.27505261  2.85277327 -0.03597611  0.00613327 -0.24711403  2.50434725
  1.12790873  2.08038872  2.56178777  0.30090338  2.01144864  1.01643192
  2.27541671  2.33147219  3.52353342 -0.05946481]
Device (GPU) time: 1.0907 seconds
Iters. done: 158 [Current cost: -20.27819486535969]
Current parameters: [ 3.11534783  3.43436112  1.97004067  1.60659094 -0.01879058  1.90296695
  2.31757007  0.73145995  2.07113155  3.1501429   2.83035733  3.12306513
  2.37838442  1.34792425  1.71914879  3.03675389  3.31034306  2.98204429
  1.43663353  1.89065694  1.24356792  4.09284844  2.61287899  1.17697591
  1.13212804  0.50958273  3.47947452  1.28758293  2.30350593  3.31701817
  2.52620843  2.84420253  2.58830508  3.06300477  4.28747263 -0.25206928
  2.9518443   1.47875106  2.33141136  2.597444    2.52162538  2.22357253
  1.5641275   2.90074537  2.09366699  2.69210468  0.73662263  0.62360042
  0.31435414  2.85097609 -0.0169567   0.01892515 -0.27144216  2.51481105
  1.11808166  2.08685451  2.55446122  0.3103797   2.01933256  1.02306608
  2.28905093  2.33829436  3.53042914 -0.05186893]
Device (GPU) time: 0.9651 seconds
Iters. done: 159 [Current cost: -20.734692185543633]
Current parameters: [ 3.09765109e+00  3.41878623e+00  1.92062527e+00  1.60162247e+00
  2.19486547e-03  1.90316046e+00  2.29009489e+00  7.35595228e-01
  2.05154074e+00  3.15984883e+00  2.83040297e+00  3.12797045e+00
  2.40195682e+00  1.35517530e+00  1.71192715e+00  3.03700843e+00
  3.27600102e+00  2.93864727e+00  1.45062886e+00  1.92317868e+00
  1.25058686e+00  4.05841150e+00  2.62138639e+00  1.14157794e+00
  1.22717358e+00 -3.78355341e-01  3.05098688e+00  1.28090807e+00
  2.30539273e+00  3.35143311e+00  2.53791871e+00  2.83760620e+00
  2.59558960e+00  3.06344720e+00  4.28153339e+00 -2.60009671e-01
  2.94000244e+00  1.47527251e+00  2.32840676e+00  2.59920895e+00
  2.52071425e+00  2.22047846e+00  1.56870877e+00  2.90267783e+00
  2.09300758e+00  2.68164901e+00  7.60261164e-01  6.30068609e-01
  3.31525193e-01  2.85975461e+00 -5.75140539e-03  3.77995447e-02
 -2.17234622e-01  2.51033647e+00  1.12279257e+00  2.09979642e+00
  2.55460778e+00  3.11808611e-01  2.01323586e+00  1.02821290e+00
  2.29692425e+00  2.34042595e+00  3.53185153e+00 -4.51011442e-02]
Device (GPU) time: 1.6810 seconds
Iters. done: 160 [Current cost: -20.70100741885281]
Current parameters: [ 3.09690193e+00  3.43285989e+00  1.92896538e+00  1.61295045e+00
 -9.94898917e-04  1.90300008e+00  2.29796167e+00  7.32508754e-01
  2.04861000e+00  3.15977596e+00  2.84015968e+00  3.12474336e+00
  2.38800712e+00  1.35485453e+00  1.71865923e+00  3.03657894e+00
  3.27908956e+00  2.93991607e+00  1.45385502e+00  1.91332692e+00
  1.24151422e+00  4.06114861e+00  2.62016068e+00  1.15141906e+00
  1.13427044e+00  5.01771057e-01  3.49955267e+00  1.28481020e+00
  2.29279487e+00  3.02829560e+00  2.54397313e+00  2.82250157e+00
  2.59130272e+00  3.30389616e+00  4.59780826e+00 -2.37469915e-01
  2.95177999e+00  1.47760230e+00  2.33014592e+00  2.59862884e+00
  2.51848307e+00  2.22040840e+00  1.56474768e+00  2.90115209e+00
  2.09352085e+00  2.68585028e+00  7.54911757e-01  6.29557822e-01
  3.30753418e-01  2.85551180e+00 -7.42017228e-03  3.16053779e-02
 -2.45759983e-01  2.51417762e+00  1.11895765e+00  2.09514387e+00
  2.55325420e+00  3.12835377e-01  2.01734908e+00  1.02707689e+00
  2.29579923e+00  2.34067178e+00  3.53242754e+00 -4.67931792e-02]
Device (GPU) time: 1.0679 seconds
Iters. done: 161 [Current cost: -20.59559718248835]
Current parameters: [ 3.12724085  3.37461427  1.95353366  1.55494122 -0.01345834  1.90364027
  2.29300043  0.74422453  2.09431229  3.1459255   2.78383772  3.13613768
  2.43377929  1.34604285  1.69046168  3.03868102  3.31177479  2.996407
  1.41467647  1.92231314  1.28350496  4.09599965  2.61471941  1.1467231
  1.1240947   0.49771522  3.484427    1.26647281  2.34462892  2.54452625
  2.52806361  2.88276445  2.61181527  2.71005413  3.8048132  -0.32406869
  2.9012845   1.46928379  2.32453604  2.5993786   2.53268716  2.22536153
  1.58085053  2.90710783  2.09153097  2.67699973  0.75099947  0.62299274
  0.30995673  2.86706777 -0.01427358  0.03956847 -0.16099086  2.49860944
  1.13414248  2.10294091  2.56084313  0.30481437  2.00259722  1.02605948
  2.2907097   2.33612028  3.52701507 -0.04698797]
Device (GPU) time: 1.0704 seconds
Iters. done: 162 [Current cost: -20.38501443043656]
Current parameters: [ 3.09913123e+00  3.43304133e+00  1.93392958e+00  1.61218186e+00
 -3.14561544e-03  1.90299607e+00  2.30033146e+00  7.32381999e-01
  2.05133186e+00  3.15861175e+00  2.83897501e+00  3.12454054e+00
  2.38684416e+00  1.35401696e+00  1.71871839e+00  3.03660009e+00
  3.28286674e+00  2.94500753e+00  1.45177369e+00  1.91058712e+00
  1.24176242e+00  4.06497972e+00  2.61928064e+00  1.15450776e+00
  1.13401152e+00  5.06022277e-01  3.49712610e+00  1.36215316e+00
  2.29896616e+00  3.31573418e+00  2.04844134e+00  2.83500480e+00
  2.58918053e+00  3.06021863e+00  4.28388330e+00 -2.47805581e-01
  3.03799456e+00  1.47774114e+00  2.33029885e+00  2.59848565e+00
  2.51886284e+00  2.22079081e+00  1.56467273e+00  2.90110294e+00
  2.09353851e+00  2.68660616e+00  7.52701406e-01  6.28837833e-01
  3.28771465e-01  2.85496364e+00 -8.57271916e-03  3.00728953e-02
 -2.48647993e-01  2.51425417e+00  1.11885178e+00  2.09414205e+00
  2.55340008e+00  3.12538594e-01  2.01758880e+00  1.02659216e+00
  2.29498365e+00  2.34038446e+00  3.53218602e+00 -4.74066144e-02]
Device (GPU) time: 0.9842 seconds
Iters. done: 163 [Current cost: -20.6679475279888]
Current parameters: [ 3.15146237  3.36194758  1.99710539  1.53512659 -0.03277423  1.90376426
  2.30977681  0.74608782  2.12597346  3.13375684  2.76127426  3.13734656
  2.4359948   1.33756631  1.68411214  3.03934817  3.34830108  3.04864019
  1.38944602  1.90370098  1.29551105  4.13345721  2.60673336  1.16901563
  1.11967772  0.512477    3.46237721  1.23678088  2.35012664  3.34770167
  2.68613703  2.88311294  2.62008185  3.08596976  4.2823569  -0.32877231
  3.90322133  1.46833116  2.3243434   2.59847337  2.53899183  2.22945585
  1.58416439  2.90817094  2.09118517  2.68059852  0.73329294  0.61594955
  0.28991164  2.86569653 -0.0246668   0.02986598 -0.16155419  2.49543663
  1.13700055  2.09722293  2.5637791   0.30062974  2.00085864  1.02213798
  2.28329733  2.33284386  3.52387848 -0.05168723]
Device (GPU) time: 1.1237 seconds
Iters. done: 164 [Current cost: -20.42829996878179]
Current parameters: [ 3.11534783  3.43436112  1.97004067  1.60659094 -0.01879058  1.90296695
  2.31757007  0.73145995  2.07113155  3.1501429   2.83035733  3.12306513
  2.37838442  1.34792425  1.71914879  3.03675389  3.31034306  2.98204429
  1.43663353  1.89065694  1.24356792  4.09284844  2.61287899  1.17697591
  1.13212804  0.50958273  3.47947452  0.85442572  2.30350593  3.31701817
  2.45860094  2.84420253  2.35279353  3.06300477  4.28747263 -0.20371258
  2.9518443   1.47875106  2.33141136  2.597444    2.52162538  2.22357253
  1.5641275   2.90074537  2.09366699  2.69210468  0.73662263  0.62360042
  0.31435414  2.85097609 -0.0169567   0.01892515 -0.27144216  2.51481105
  1.11808166  2.08685451  2.55446122  0.3103797   2.01933256  1.02306608
  2.28905093  2.33829436  3.53042914 -0.05186893]
Device (GPU) time: 1.0967 seconds
Iters. done: 165 [Current cost: -20.6649548146007]
Current parameters: [ 3.14161099  3.37154636  1.98253265  1.5466683  -0.026149    1.90366295
  2.30567907  0.74434553  2.11246193  3.13856007  2.77339564  3.13581815
  2.43058196  1.34082442  1.68881889  3.03894394  3.33481614  3.02833337
  1.4005027   1.90788174  1.28779978  4.11948865  2.60950278  1.16337153
  1.12196141  0.51100901  3.4700344   1.76092674  2.34232942  3.34308126
  2.59790408  2.87498205  1.74216853  3.08196389  4.28198582 -0.1374938
  2.92746028  1.46946628  2.32498508  2.5986439   2.53576578  2.227809
  1.58156243  2.90725334  2.09148917  2.68053652  0.73857785  0.61857733
  0.29761203  2.86486143 -0.02108654  0.03170138 -0.17205977  2.49794366
  1.13462039  2.09797887  2.56217454  0.30262337  2.00288518  1.02332428
  2.28587192  2.33422341  3.52530988 -0.05037314]
Device (GPU) time: 0.9783 seconds
Iters. done: 166 [Current cost: -20.23092497821315]
Current parameters: [ 3.11534783  3.43436112  1.97004067  1.60659094 -0.01879058  1.90296695
  2.31757007  0.73145995  2.07113155  3.1501429   2.83035733  3.12306513
  2.37838442  1.34792425  1.71914879  3.03675389  3.31034306  2.98204429
  1.43663353  1.89065694  1.24356792  4.09284844  2.61287899  1.17697591
  1.13212804  0.50958273  3.47947452  1.28758293  2.01008362  3.31701817
  2.52620843  2.98902851  2.58830508  3.36165074  4.05565509 -0.25206928
  2.9518443   1.47875106  2.33141136  2.597444    2.52162538  2.22357253
  1.5641275   2.90074537  2.09366699  2.69210468  0.73662263  0.62360042
  0.31435414  2.85097609 -0.0169567   0.01892515 -0.27144216  2.51481105
  1.11808166  2.08685451  2.55446122  0.3103797   2.01933256  1.02306608
  2.28905093  2.33829436  3.53042914 -0.05186893]
Device (GPU) time: 1.0886 seconds
Iters. done: 167 [Current cost: -20.733959457195493]
Current parameters: [ 3.13135374  3.39607908  1.97765383  1.57007148 -0.02327512  1.90339112
  2.31032318  0.73931298  2.09632008  3.14308382  2.7956424   3.13083737
  2.41019587  1.3435973   1.70066444  3.0380886   3.32525802  3.01025487
  1.41461384  1.90115448  1.27052474  4.10908414  2.61082138  1.16868481
  1.12593206  0.51045196  3.4737213   1.28264386  1.64337947  3.33290215
  2.52410639  3.20046131  2.6030716   2.55313177  4.68887568 -0.29115503
  2.93698362  1.47309251  2.32749491  2.59817527  2.53024315  2.22615442
  1.5747531   2.90471161  2.09233973  2.68505454  0.73781423  0.62053913
  0.30415077  2.85943842 -0.0194736   0.02671154 -0.21087422  2.50453133
  1.12816108  2.09363417  2.55916206  0.30565266  2.00930881  1.02322344
  2.2871135   2.33581335  3.52730924 -0.05095733]
Device (GPU) time: 1.0670 seconds
Iters. done: 168 [Current cost: -20.520542594763825]
Current parameters: [ 3.10792007  3.43375661  1.95350056  1.60915178 -0.01162465  1.90298029
  2.3096742   0.73188228  2.06206261  3.15402192  2.83430452  3.12374092
  2.38225927  1.35071492  1.71895166  3.03668344  3.29775796  2.96508019
  1.44356824  1.89978564  1.24274094  4.08008362  2.61581116  1.16668473
  1.13299074  0.50795192  3.48755955  1.29015434  2.29365557  3.31643006
  2.53381377  2.83232433  2.58372031  3.05498712  4.28219091 -0.24073196
  2.96085667  1.50288269  2.30721351  2.59792111  2.52036004  2.22229841
  1.56437724  2.90090915  2.09360814  2.68958617  0.35242792  0.62599933
  0.62794045  2.85280252 -0.01311655  0.0240312  -0.24564729  2.51455598
  1.1184344   2.09019245  2.55397518  0.31136855  2.01853386  1.02468115
  2.29176832  2.3392517   3.53123385 -0.04982504]
Device (GPU) time: 1.0647 seconds
Iters. done: 169 [Current cost: -20.459733809222893]
Current parameters: [ 3.21567951e+00  3.33709106e+00  2.11880322e+00  1.48942702e+00
 -8.64007024e-02  1.90399313e+00  2.35960323e+00  7.49096162e-01
  2.20867031e+00  3.10120826e+00  2.70723054e+00  3.13851729e+00
  2.43301559e+00  1.31472116e+00  1.67144626e+00  3.04085617e+00
  3.44783145e+00  3.18896258e+00  1.32411383e+00  1.84770532e+00
  1.32179265e+00  4.23525085e+00  2.58462114e+00  1.23483468e+00
  1.10892328e+00  5.24566185e-01  3.40134559e+00  1.25445265e+00
  2.42935723e+00  3.36389434e+00  2.46153088e+00  2.99319310e+00
  2.66325112e+00  3.14544504e+00  4.32783606e+00 -4.44244924e-01
  2.84272245e+00  1.43265679e+00  2.27255129e+00  2.59568554e+00
  2.55440842e+00  2.24034698e+00  1.59048933e+00  2.91003739e+00
  2.09058890e+00  2.69289024e+00  1.23369880e+00  5.96811635e-01
  9.14773667e-01  2.85932805e+00 -5.34910786e-02  4.71090032e-07
 -4.97767272e-01  2.48941193e+00  1.14218855e+00  2.07898312e+00
  2.57075770e+00  2.90107586e-01  1.99883824e+00  1.01093929e+00
  2.26278164e+00  2.32424944e+00  3.51586812e+00 -6.53179190e-02]
Device (GPU) time: 0.9979 seconds
Iters. done: 170 [Current cost: -20.128539775949356]
Current parameters: [ 3.08128307e+00  3.43158874e+00  1.89418531e+00  1.61833529e+00
  1.40734088e-02  1.90302813e+00  2.28135846e+00  7.33396819e-01
  2.02954011e+00  3.16793265e+00  2.84845972e+00  3.12616439e+00
  2.39615504e+00  1.36072266e+00  1.71824469e+00  3.03643081e+00
  3.25262600e+00  2.90424444e+00  1.46843713e+00  1.93252250e+00
  1.23977526e+00  4.03430710e+00  2.62632638e+00  1.12977906e+00
  1.13608449e+00  5.02103608e-01  3.51655364e+00  1.29937578e+00
  2.25833075e+00  3.31432101e+00  2.56108760e+00  2.78972735e+00
  2.56727867e+00  3.02623469e+00  4.26324991e+00 -2.00074669e-01
  2.99370577e+00  1.47409742e+00  2.32576239e+00  2.55752165e+00
  2.51582236e+00  2.21772921e+00  1.56527282e+00  2.90149648e+00
  2.09339711e+00  2.68055444e+00  8.10712387e-01  6.34602189e-01
  3.87560616e-01  2.85935237e+00  6.54778956e-04 -4.08324293e-01
 -3.64595329e-01  2.51364127e+00  1.11969937e+00  2.10216279e+00
  2.55223217e+00  3.14914697e-01  2.01566959e+00  1.03047301e+00
  2.30151328e+00  2.34268484e+00  3.53411966e+00 -4.24953414e-02]
Device (GPU) time: 1.1025 seconds
Iters. done: 171 [Current cost: -20.61894308419219]
Current parameters: [ 3.04472992  3.38132557  1.77930536  1.59390323  0.06242761  1.90363483
  2.21351858  0.74594367  1.99165536  3.18857461  2.83657469  3.14051449
  2.46320083  1.37647081  1.69468546  3.03749726  3.17611332  2.8107924
  1.4941106   2.01348622  1.26577959  3.95802502  2.64584617  1.04273796
  1.13514897  0.49091847  3.57028128  1.31274924  2.20662452  3.32888806
  2.61558148  2.7261346   2.55055424  2.97518057  4.22336298 -0.16178918
  3.04577904  1.46829568  2.32529273  2.63804244  2.51663302  2.21126349
  1.57983811  2.90746215  2.09137047  2.65325505  0.79688326  0.64892596
  0.32082635  2.88315139  0.02643148  0.45336282 -1.00741809  2.49944918
  1.13438427  2.13528105  2.55420476  0.31667953  1.99770852  1.04276655
  2.31956675  2.3468966   3.53642421 -0.02608655]
Device (GPU) time: 1.0743 seconds
Iters. done: 172 [Current cost: -20.188443967156314]
Current parameters: [ 3.1144593   3.43428881  1.96806209  1.60689728 -0.01793337  1.90296855
  2.31662554  0.73151047  2.07004669  3.15060692  2.8308295   3.12314597
  2.37884794  1.34825808  1.71912521  3.03674546  3.30883759  2.980015
  1.43746308  1.89174894  1.243469    4.09132148  2.61322974  1.17574485
  1.13223124  0.50938764  3.48044167  1.28789053  2.3023276   3.31694782
  2.5271182   2.84278163  2.58775664  3.06204567  4.28684082 -0.25071308
  2.95292407  1.47855673  2.33116861  2.59762364  2.48314518  2.69910728
  1.47092099  2.90076496  2.09365995  2.69180341  0.73971654  0.62388738
  0.31750009  2.85119457  0.09982602  0.0208477  -0.26903049  2.51478054
  1.11812386  2.0872538   2.55440308  0.31049799  2.01923702  1.02325928
  2.28937599  2.33840888  3.5305254  -0.05162443]
Device (GPU) time: 1.1216 seconds
Iters. done: 173 [Current cost: -20.7772992557983]
Current parameters: [ 3.15030569  3.39748777  2.01976133  1.56343278 -0.04152201  1.90335862
  2.33038758  0.738265    2.11947858  3.13319087  2.78548258  3.12914427
  2.40044484  1.3364826   1.70110356  3.03827234  3.35732772  3.05351068
  1.39689597  1.87796446  1.27271983  4.14161558  2.60335431  1.19483989
  1.12371623  0.51460404  3.45313172  1.27608493  2.34715165  3.33445209
  2.5047496   2.89579023  2.61478617  3.09099742  4.30065991 -0.32013178
  2.91412582  1.47822505  2.33585866  2.59225452  2.19726367  2.47581908
  1.52585554  2.90430832  2.09248497  2.69143838  0.65579988  0.61442541
  0.1955568   2.85482015  0.99115844 -0.03665252 -0.32499322  2.50514555
  1.12729768  2.0851646   2.56041454  0.30312084  2.01130703  1.01911488
  2.28019329  2.33336929  3.52525134 -0.05615437]
Device (GPU) time: 0.9624 seconds
Iters. done: 174 [Current cost: -20.50658265250956]
Current parameters: [ 3.10936421  3.43387414  1.95671635  1.60865389 -0.01301788  1.9029777
  2.31120935  0.73180017  2.06382583  3.15326775  2.83353709  3.12360953
  2.38150591  1.35017235  1.71898998  3.03669714  3.30020481  2.96837842
  1.44221997  1.8980108   1.24290173  4.08256541  2.61524108  1.16868558
  1.13282301  0.50826899  3.48598762  1.28965439  2.29557072  3.3165444
  2.53233511  2.83463374  2.5846117   3.05654595  4.28321781 -0.2429362
  2.95911581  1.47744238  2.32977656  2.59865377  2.47974433  2.69589598
  1.47155041  2.8541411   1.73334324  3.03170114  0.75745788  0.64289267
  0.33553995  2.85244742  0.1101472   0.03187216 -0.25520123  2.51460557
  1.11836582  2.08954347  2.55406968  0.31117629  2.01868915  1.02436714
  2.29123999  2.33906557  3.5310774  -0.05022242]
Device (GPU) time: 1.6189 seconds
Iters. done: 175 [Current cost: -20.661085965959288]
Current parameters: [ 3.13703475  3.42000079  2.00691519  1.58648531 -0.0352495   1.90311251
  2.33074051  0.73379663  2.09991024  3.13934673  2.80815599  3.12485136
  2.38343119  1.34046336  1.71202149  3.03744144  3.34211631  3.02817519
  1.41350356  1.87629338  1.25623774  4.12552672  2.60605359  1.19461195
  1.12784249  0.51326676  3.46062208  1.28032039  2.33116436  3.32468957
  2.50982283  2.87713136  2.60368204  3.08245905  4.29815561 -0.29114101
  2.92742354  1.48017659  2.33526447  2.5938219   2.49962659  2.7142822
  1.47248127  2.90551243  1.69638863  2.24516671  0.67771369  1.40494481
  0.23958876  2.85069394  0.05943577 -0.0198547  -0.31352478  2.51114429
  1.12146739  2.08280056  2.55736862  0.30643495  2.01688013  1.01983239
  2.28271305  2.33532891  3.52751508 -0.05567099]
Device (GPU) time: 1.1030 seconds
Iters. done: 176 [Current cost: -20.395840821904805]
Current parameters: [ 3.1144593   3.43428881  1.96806209  1.60689728 -0.01793337  1.90296855
  2.31662554  0.73151047  2.07004669  3.15060692  2.8308295   3.12314597
  2.37884794  1.34825808  1.71912521  3.03674546  3.30883759  2.980015
  1.43746308  1.89174894  1.243469    4.09132148  2.61322974  1.17574485
  1.13223124  0.50938764  3.48044167  1.28789053  2.3023276   3.31694782
  2.5271182   2.84278163  2.58775664  3.06204567  4.28684082 -0.25071308
  2.95292407  1.79987226  1.9497466   2.59762364  2.48314518  2.69910728
  1.47092099  2.90076496  2.09365995  2.69180341  0.75989867  0.62388738
  0.28806771  2.85119457  0.09982602  0.0208477  -0.26903049  2.51478054
  1.11812386  2.0872538   2.55440308  0.31049799  2.01923702  1.02325928
  2.28937599  2.33840888  3.5305254  -0.05162443]
Device (GPU) time: 1.0636 seconds
Iters. done: 177 [Current cost: -20.69819061652839]
Current parameters: [ 3.11778532  3.41764808  1.96349398  1.59250622 -0.01646102  1.90315607
  2.30979614  0.73506514  2.07651973  3.14942524  2.81786489  3.12678597
  2.3942706   1.34772902  1.71113509  3.03728237  3.30925901  2.98404607
  1.43133472  1.90055001  1.2545945   4.09222216  2.6137371   1.16733677
  1.12999209  0.50898791  3.4818066   1.28699628  2.30558291  3.32345572
  2.52981618  2.84626293  2.59189741  3.0614881   4.28423677 -0.26205074
  2.95091043  2.23906241  2.97549766  2.59775094  2.48684692  2.70219592
  1.47507128  2.90266221  2.09762959  2.69028262  0.79349153  0.61696902
  0.35765957  2.85567345  0.09868992  0.02219316 -0.26045933  2.51026822
  1.12259678  2.09172849  2.55618156  0.30894605  2.01457701  1.02409015
  2.28983313  2.33780159  3.52957301 -0.05026857]
Device (GPU) time: 0.9605 seconds
Iters. done: 178 [Current cost: -20.2228250025075]
Current parameters: [ 3.1144593   3.43428881  1.96806209  1.60689728 -0.01793337  1.90296855
  2.31662554  0.73151047  2.07004669  3.15060692  2.8308295   3.12314597
  2.37884794  1.34825808  1.71912521  3.03674546  3.30883759  2.980015
  1.43746308  1.89174894  1.243469    4.09132148  2.61322974  1.17574485
  1.13223124  0.50938764  3.48044167  1.28789053  2.3023276   3.31694782
  2.5271182   2.84278163  2.58775664  3.06204567  4.28684082 -0.25071308
  2.95292407  1.47855673  2.33116861  3.09545503  2.48314518  2.69907478
  1.47075514  2.90076496  2.09365995  2.69180341  0.73971654  0.62388738
  0.31750009  2.85119457  0.09982602 -0.02566985 -0.26903049  2.51478054
  1.11812386  2.0872538   2.55440308  0.31049799  2.01923702  1.02325928
  2.28937599  2.33840888  3.5305254  -0.05162443]
Device (GPU) time: 1.0839 seconds
Iters. done: 179 [Current cost: -20.73039551908456]
Current parameters: [ 3.11942854  3.40942674  1.96123711  1.58539633 -0.0157336   1.90324871
  2.30642208  0.73682132  2.07971773  3.14884143  2.81145973  3.1285843
  2.40189015  1.34746764  1.70718758  3.03754763  3.30946721  2.98603761
  1.42830701  1.90489817  1.26009104  4.09266714  2.61398776  1.16318276
  1.12888584  0.50879042  3.48248093  1.28655448  2.30719119  3.32667094
  2.53114911  2.84798286  2.59394315  3.06121262  4.28295025 -0.26765211
  2.94991559  1.46433306  2.32660201  2.59483743  2.48867576  2.51050429
  0.49133581  2.90359954  2.09959079  2.68953127  0.74779777  0.613551
  0.30286445  2.85788623  0.09812863  0.02313601 -0.25622475  2.50803891
  1.12480663  2.0939392   2.55706022  0.30817932  2.01227474  1.02450065
  2.29005899  2.33750156  3.52910247 -0.04959871]
Device (GPU) time: 1.0764 seconds
Iters. done: 180 [Current cost: -20.809674904722023]
Current parameters: [ 3.11942854  3.40942674  1.96123711  1.58539633 -0.0157336   1.90324871
  2.30642208  0.73682132  2.07971773  3.14884143  2.81145973  3.1285843
  2.40189015  1.34746764  1.70718758  3.03754763  3.30946721  2.98603761
  1.42830701  1.90489817  1.26009104  4.09266714  2.61398776  1.16318276
  1.12888584  0.50879042  3.48248093  1.28655448  2.30719119  3.32667094
  2.53114911  2.84798286  2.59394315  3.06121262  4.28295025 -0.26765211
  2.94991559  1.46433306  2.32660201  2.59483743  2.28229927  2.51050429
  0.49133581  3.35193225  2.06973851  2.71938356  0.74779777  0.613551
  0.30286445  2.85788623  0.03012706  0.02313601 -0.25622475  2.50803891
  1.12480663  2.0939392   2.55706022  0.30817932  2.01227474  1.02450065
  2.29005899  2.33750156  3.52910247 -0.04959871]
Device (GPU) time: 1.0177 seconds
Iters. done: 181 [Current cost: -20.64659907465218]
Current parameters: [ 3.12319483  3.39058325  1.95606431  1.56910031 -0.01406635  1.90346106
  2.29868865  0.74084653  2.08704762  3.14750332  2.79677897  3.13270613
  2.41935433  1.34686854  1.69813979  3.03815561  3.30994441  2.99060228
  1.42136743  1.91486425  1.27268925  4.09368704  2.61456228  1.15366169
  1.12635029  0.50833778  3.48402654  1.28554187  2.31087741  3.3340403
  2.53420421  2.85192499  2.59863204  3.06058124  4.28000151 -0.28049057
  2.9476354   1.45355263  2.32314089  2.59297938  1.63816726  2.5125473
  0.48861482  2.46571075  2.13338583  2.65850924  0.75392272  0.60571684
  0.29177178  2.86295798 -0.18478374  0.02484666 -0.24651901  2.50292929
  1.12987164  2.09900621  2.55907412  0.30642194  2.00699788  1.0254415
  2.29057665  2.33681389  3.528024   -0.04806337]
Device (GPU) time: 1.0715 seconds
Iters. done: 182 [Current cost: -20.691716948106745]
Current parameters: [ 3.11942854  3.40942674  1.96123711  1.58539633 -0.0157336   1.90324871
  2.30642208  0.73682132  2.07971773  3.14884143  2.81145973  3.1285843
  2.40189015  1.34746764  1.70718758  3.03754763  3.30946721  2.98603761
  1.42830701  1.90489817  1.26009104  4.09266714  2.61398776  1.16318276
  1.12888584  0.50879042  3.48248093  1.28655448  2.30719119  3.32667094
  2.53114911  2.84798286  2.59394315  3.06121262  4.28295025 -0.26765211
  2.94991559  1.46433306  2.32660201  2.59483743  2.48867576  2.51050429
  0.49133581  2.90359954  2.25045697  2.84039745  0.74779777  0.7756392
  0.30286445  3.2282174   0.09812863  0.02313601 -0.25622475  2.50803891
  1.12480663  1.89130397  2.55706022  0.30817932  2.01227474  1.02450065
  2.29005899  2.33750156  3.52910247 -0.04959871]
Device (GPU) time: 1.0526 seconds
Iters. done: 183 [Current cost: -20.75476242332658]
Current parameters: [ 3.12300456  3.39153521  1.95632564  1.56992357 -0.01415058  1.90345033
  2.29907934  0.74064318  2.08667732  3.14757092  2.79752063  3.1324979
  2.41847205  1.34689881  1.69859688  3.03812489  3.3099203   2.99037168
  1.42171801  1.91436078  1.2720528   4.09363552  2.61453326  1.15414268
  1.12647839  0.50836065  3.48394845  1.28559303  2.31069119  3.33366801
  2.53404987  2.85172584  2.59839516  3.06061313  4.28015047 -0.27984198
  2.9477506   1.45409725  2.32331574  2.59307325  2.49328507  2.51244409
  0.48875228  2.89862868  2.58012549  3.16322922  0.75361329  1.11730435
  0.29233217  2.38985269  0.0971145   0.02476024 -0.24700933  2.50318743
  1.12961576  2.35748049  2.55897238  0.30651072  2.00726446  1.02539397
  2.2905505   2.33684863  3.52807849 -0.04814093]
Device (GPU) time: 1.1217 seconds
Iters. done: 184 [Current cost: -20.576766117090337]
Current parameters: [ 3.1191802   3.40940653  1.96068411  1.58548195 -0.01549402  1.90324916
  2.30615809  0.73683544  2.07941452  3.14897112  2.8115917   3.1286069
  2.4020197   1.34756094  1.70718099  3.03754527  3.30904644  2.98547044
  1.42853886  1.90520338  1.26006339  4.09224036  2.6140858   1.16283869
  1.12891468  0.5087359   3.48275125  1.28664046  2.30686186  3.32665127
  2.53140338  2.84758573  2.59378986  3.06094456  4.28277366 -0.26727306
  2.95021738  1.46433023  2.32657745  2.5948876   2.48844496  2.51032832
  0.49126726  2.90358237  2.09959606  2.68929594  0.74866573  0.61386566
  0.30374706  2.85802673  0.09861026  0.02367335 -0.2555507   2.50758104
  1.16269798  2.09427639  2.65056363  0.30995439  2.01224804  1.02455464
  2.58196214  2.33753357  3.52912938 -0.44279747]
Device (GPU) time: 0.9680 seconds
Iters. done: 185 [Current cost: -20.673588922950806]
Current parameters: [ 3.14413785  3.3895181   2.00073913  1.55971083 -0.0335045   1.90345514
  2.31925406  0.74026887  2.11301308  3.13665712  2.78381585  3.13144639
  2.4112389   1.33911809  1.69737263  3.038437    3.34457496  3.03784977
  1.40131947  1.89123611  1.27678237  4.12888968  2.60659294  1.18054662
  1.12361442  0.51275088  3.46204673  1.27833374  2.33846188  3.33672119
  2.51376008  2.8851154   2.611901    3.0825082   4.29407984 -0.31348224
  2.92251685  1.45222586  2.32465798  2.58858931  2.51318987  2.5272969
  0.49385232  2.8990172   2.10398356  2.70544411  0.68351505  0.57778963
  0.21767016  2.84627156  0.05734519 -0.01904289 -0.30048105  2.50354213
  1.23192877  2.06586577  2.42513783  0.30092703  2.00842813  1.02114224
  3.07122462  2.33408537  3.52565811  0.51660987]
Device (GPU) time: 1.2285 seconds
Iters. done: 186 [Current cost: -20.806082211903927]
Current parameters: [ 3.13117130e+00  3.41038243e+00  1.98738587e+00  1.58134784e+00
 -2.70624326e-02  1.90322763e+00  2.31890489e+00  7.36153646e-01
  2.09405507e+00  3.14270897e+00  2.80521950e+00  3.12751593e+00
  2.39576428e+00  1.34305579e+00  1.70749924e+00  3.03765900e+00
  3.32936335e+00  3.01285667e+00  1.41734372e+00  1.89046633e+00
  1.26139844e+00  4.11284743e+00  2.60935220e+00  1.17945240e+00
  1.12752198e+00  5.11368615e-01  3.46969907e+00  1.28248927e+00
  2.32276392e+00  3.32760070e+00  2.51912561e+00  2.86676147e+00
  2.60119135e+00  3.07388795e+00  4.29130027e+00 -2.85575621e-01
  2.93564536e+00  1.46446683e+00  2.32776352e+00  2.59246488e+00
  2.49958905e+00  2.51882514e+00  4.94577448e-01  2.90441134e+00
  2.09934194e+00  2.70065885e+00  7.06756030e-01  5.98672398e-01
  2.61129700e-01  3.09371189e+00  7.53545041e-02 -2.27244809e-03
 -2.88097323e-01  2.50332000e+00  1.12423339e+00  2.52112640e+00
  2.55782862e+00  3.26473595e-01  2.01353744e+00  1.02194734e+00
  2.28564295e+00  2.33598809e+00  3.52783028e+00 -5.28299588e-02]
Device (GPU) time: 1.0952 seconds
Iters. done: 187 [Current cost: -20.673995364580975]
Current parameters: [ 3.12647203  3.39928075  1.96933158  1.5745731  -0.0195617   1.90335871
  2.30733963  0.73879382  2.08984642  3.14551504  2.80061949  3.13044248
  2.40909112  1.34527806  1.70225406  3.03793475  3.31809638  2.99986435
  1.41981486  1.9044112   1.26769238  4.10171952  2.61236109  1.16469123
  1.12689335  0.50962063  3.47797405  1.28427912  2.31579955  3.33118671
  2.5278059   2.85808185  2.59961407  3.06618646  4.28480908 -0.28237144
  2.94264168  1.45835493  2.32515281  2.59280024  2.4959798   2.515145
  0.49117515  2.90101024  2.10184577  2.69253711  0.73397696  0.60244867
  0.2791148   2.83354279  0.08795913  0.01341474 -0.26418754  2.25608041
  1.12637937  2.04773331  2.55795442  1.27290053  2.00985171  1.02395417
  2.28062358  2.33648054  3.52796412 -0.04775912]
Device (GPU) time: 1.0904 seconds
Iters. done: 188 [Current cost: -20.696831709182074]
Current parameters: [ 3.12430985  3.40982401  1.97210681  1.58371343 -0.02044285  1.90323995
  2.31161102  0.73654378  2.08567758  3.14629224  2.80886575  3.12814019
  2.3993437   1.34563369  1.70731713  3.03759392  3.31773778  2.99718595
  1.42374971  1.89889904  1.26063451  4.10105582  2.61206082  1.16994584
  1.1283189   0.50986214  3.47716768  1.28486463  2.31366457  3.32705743
  2.52615109  2.85578889  2.59695613  3.06648159  4.28642125 -0.27510268
  2.94398364  1.46438866  2.32708484  2.59385119  2.49321227  2.51396316
  0.49268332  2.903937    2.09948735  2.69415686  0.73073726  0.60736616
  0.28551586  2.8551412   0.08866172  0.01257404 -0.26947376  2.28471879
  1.12396449  2.08734202  2.55820892  0.24772328  2.01279963  1.40375172
  2.28357145  2.56230377  3.52857364 -0.05442918]
Device (GPU) time: 0.9596 seconds
Iters. done: 189 [Current cost: -20.698401075696932]
Current parameters: [ 3.1297099   3.38091291  1.96334934  1.55886544 -0.01752822  1.90356607
  2.29936237  0.74273426  2.09645715  3.14443586  2.78656294  3.13449147
  2.42630475  1.3448554   1.69344001  3.03852222  3.31783817  3.00333151
  1.41346134  1.91463143  1.2799019   4.10197899  2.61308838  1.15483722
  1.124476    0.50908662  3.47994194  1.28344155  2.31882044  3.33832272
  2.53121488  2.8612353   2.60391276  3.0651119   4.28163699 -0.29421132
  2.94094144  1.44786162  2.32174326  2.59107867  2.50030659  2.51683052
  0.48841013  2.89588721  2.10595604  2.68922877  0.74142637  0.59456068
  0.26983808  2.85092184  0.08774697  0.01600172 -0.25358727  3.36835679
  1.13099381  2.07942692  2.5597684   0.52392014  2.00467191  1.41431401
  2.27871291  2.56665586  3.52696105 -0.04565406]
Device (GPU) time: 1.0600 seconds
Iters. done: 190 [Current cost: -20.839743282343232]
Current parameters: [ 3.1297099   3.38091291  1.96334934  1.55886544 -0.01752822  1.90356607
  2.29936237  0.74273426  2.09645715  3.14443586  2.78656294  3.13449147
  2.42630475  1.3448554   1.69344001  3.03852222  3.31783817  3.00333151
  1.41346134  1.91463143  1.2799019   4.10197899  2.61308838  1.15483722
  1.124476    0.50908662  3.47994194  1.28344155  2.31882044  3.33832272
  2.53121488  2.8612353   2.60391276  3.0651119   4.28163699 -0.29421132
  2.94094144  1.44786162  2.32174326  2.59107867  2.50030659  2.51683052
  0.48841013  2.89588721  2.10595604  2.68922877  0.74142637  0.59456068
  0.26983808  2.85092184  0.08774697  0.01600172 -0.25358727  3.36835679
  0.92119441  2.07942692  3.00051475  0.52392014  2.00467191  1.41431401
  2.30594654  2.56665586  3.52696105  0.05915625]
Device (GPU) time: 1.0579 seconds
Iters. done: 191 [Current cost: -20.85026760573058]
Current parameters: [ 3.13446629  3.35456326  1.95500935  1.53628643 -0.01471613  1.90386344
  2.28803152  0.74838269  2.10607802  3.1428298   2.76633282  3.14029193
  2.45094967  1.34420757  1.6807944   3.0393663   3.31765386  3.00855806
  1.40424116  1.92916278  1.29743529  4.10254024  2.61408868  1.14084862
  1.12099424  0.50834443  3.4826463   1.28220155  2.32330131  3.34857188
  2.53599434  2.86593641  2.6101494   3.0636885   4.27716306 -0.31136981
  2.93836796  1.43280455  2.31686128  2.58858594  2.50661786  2.5193272
  0.48447257  2.88854305  2.1118521   2.68458533  0.7517324   0.58310182
  0.25613496  2.84716977  0.08722933  0.0194763  -0.23867381  3.37483495
  0.02443674  2.07243669  2.58880053  0.52266032  1.99725052  1.41129038
  2.41897811  2.56312484  3.52550971 -0.03092418]
Device (GPU) time: 0.9616 seconds
Iters. done: 192 [Current cost: -20.525801074222503]
Current parameters: [ 3.25037373  3.38088613  2.25030953  1.55704613 -0.01721083  1.90356666
  2.29851099  0.74275296  2.25558261  3.16148203  2.80799581  3.09788664
  2.36168349  1.2913949   1.69477996  3.00961751  3.2945491   2.75118259
  1.62951801  1.86184073  1.27902641  4.07494588  2.62116563  1.1477075
  1.13290309  0.50476392  3.47010068  1.2928426   2.30919711  3.31727713
  2.53102536  2.86188247  2.58960031  3.05428809  4.2802779  -0.27997194
  2.9636344   1.45097374  2.32357199  2.59139315  2.49218421  2.51286005
  0.48150339  2.89343028  2.10677128  2.68977102  0.75325078  0.60079369
  0.2882224   2.84821618  0.09607913  0.01939469 -0.27761094  3.37501558
  0.91484162  2.08047859  2.99643477  0.52888167  2.00463654  1.41775843
  2.31195058  2.56869755  3.52699669  0.06203682]
Device (GPU) time: 1.1187 seconds
Iters. done: 193 [Current cost: -20.717968243701268]
Current parameters: [ 3.04624768  3.23007383  1.63006976  1.36558972 -0.13958835  1.90514159
  2.38198529  0.76937349  2.00085083  3.05972661  2.57900797  3.22120659
  2.63561173  1.39325556  1.61564185  3.09129903  3.50763995  2.69691447
  1.82540356  1.97841156  1.39443646  4.28380837  2.56716528  1.12496752
  1.05162313  0.53247052  3.54426207  1.21629906  2.41717706  3.52772393
  2.55150241  2.9025314   2.73387904  3.13169426  4.26930156 -0.50031539
  2.77762655  1.33652456  2.28172294  2.57178393  2.59701314  2.56303907
  0.50803765  2.86589966  2.13726996  2.66690958  0.69931522  0.47393462
  0.03990082  2.8382083   0.01534757 -0.00460672 -0.0458597   3.36603979
  0.99864536  2.01638557  3.04065369  0.48001774  1.97441435  1.366939
  2.23057665  2.52784458  3.50234939  0.08350434]
Device (GPU) time: 1.0933 seconds
Iters. done: 194 [Current cost: -20.594796723012152]
Current parameters: [ 3.13108309  3.38141688  1.96579121  1.55669603 -0.02350237  1.90355495
  2.30593612  0.74238216  2.09777014  3.14102471  2.91620524  3.17694045
  2.4313424   1.33671857  1.69336789  3.04063593  3.32115842  3.00806566
  1.41181439  1.91729688  1.27998691  4.10524959  2.61206657  1.15534971
  1.12329889  0.50963035  3.48177629  1.28220974  2.31971644  3.3413416
  2.53162684  2.86054101  2.60575424  3.06627445  4.28156683 -0.29570082
  2.93811055  1.44740653  2.3214412   2.59110899  2.50113417  2.51713958
  0.48930696  2.89621715  2.1058459   2.68879436  0.74102603  0.5941336
  0.26850965  2.85152496  0.0872683   0.01632279 -0.24908796  3.36749007
  0.92203723  2.07978212  3.00095224  0.52344606  1.66415957  1.41412016
  2.30559437  2.56654096  3.18765847  0.05909511]
Device (GPU) time: 1.0743 seconds
Iters. done: 195 [Current cost: -20.8530449904564]
Current parameters: [ 3.1606266   3.30359723  1.96929122  1.47091302 -0.05840916  1.90439354
  2.31884181  0.75728261  2.14348621  3.11199155  3.78136726  3.4970762
  2.54089484  1.27431304  1.65380503  3.0572955   3.34444923  3.04395153
  1.38477418  1.97863294  1.33482371  4.13023306  2.60790306  1.11577111
  1.10418306  0.511197    3.50309739  1.26963075  2.3399785   3.39443991
  2.54928821  2.87022471  2.63811914  3.07015419  4.2672604  -0.35938821
  2.91003964  1.39761098  2.30420478  2.58360592  2.52655686  2.52708027
  0.48349519  2.87584313  2.12330073  2.67139162  0.76992516  0.55561458
  0.21656992  2.84417189  0.08219748  0.02925846 -0.17118298  3.3813738
  0.94682935  2.06062501  3.00993863  0.51616368  1.8499565   1.4033619
  2.29016392  2.55478609  3.38064192  0.08422504]
Device (GPU) time: 0.9542 seconds
Iters. done: 196 [Current cost: -20.564252240352598]
Current parameters: [ 3.12868824  3.38131973  1.96030497  1.55709886 -0.02235075  1.90355709
  2.30466493  0.74245004  2.09475563  3.14160445  2.92738201  3.14013688
  2.42235594  1.32934772  1.69330672  3.04182999  3.3217571   3.00826348
  1.41230448  1.91974618  1.27994648  4.10578512  2.61178337  1.15452367
  1.1226966   0.50977331  3.48374976  1.28176261  2.31916585  3.34306453
  2.53270547  2.85882626  2.60634138  3.06608284  4.2809456  -0.29533844
  2.93742506  1.44712778  2.32118172  2.59129165  2.50086655  2.51674491
  0.48961293  2.89635615  2.10579797  2.68776464  0.74363822  0.59491364
  0.27062043  2.85234051  0.08856593  0.01827682 -0.24421124  3.36718933
  0.92236817  2.08109422  3.000878    0.52369644  1.66389547  1.668735
  2.3065094   2.13824293  3.18765307  0.05983199]
Device (GPU) time: 1.0847 seconds
Iters. done: 197 [Current cost: -20.838656629334945]
Current parameters: [ 3.08921192  3.31293378  1.82158747  1.5088141   0.00944877  1.90435136
  2.24883249  0.7581196   2.05432179  3.15054206  3.16831689  2.30542348
  2.27380334  1.152106    1.66009768  3.07143109  3.33613528  3.01564938
  1.4109268   2.01188503  1.32314005  4.12034514  2.60749494  1.10020264
  1.09966994  0.51134692  3.53687789  1.26797708  2.3178095   3.40959073
  2.56992736  2.83059165  2.63608557  3.05828262  4.25521193 -0.33038612
  2.91440272  1.40265774  2.30279434  2.58927813  2.51068887  2.51390356
  0.48701479  2.88118154  2.11949465  2.65201894  0.83029776  0.58415143
  0.28500294  2.86201087  0.11737229  0.07257553 -0.09222157  3.37630804
  0.94555075  2.09412461  3.00401573  0.52625648  1.64921563  1.37497254
  2.31725987  2.64108036  3.19347661  0.09780083]
Device (GPU) time: 1.1250 seconds
Iters. done: 198 [Current cost: -20.52711940785375]
Current parameters: [ 3.13521302  3.38612133  1.97492828  1.53910995  0.0329757   1.85495071
  2.30696218  1.22161038  2.11336364  3.14029218  2.91645792  3.16714863
  2.41067173  1.3201416   1.69394389  3.03366623  3.33135334  3.0286768
  1.39825674  1.89288499  1.28114527  4.11608467  2.6105508   1.17172656
  1.12600576  0.5105618   3.46086345  1.28208811  2.33393329  3.33152345
  2.51667982  2.88406864  2.60724743  3.07628766  4.29117039 -0.31041542
  2.93231247  1.44919338  2.32382851  2.58834291  2.51037902  2.52534638
  0.48971124  2.89593943  2.10596338  2.70281877  0.69650348  0.57900733
  0.22654949  2.84196008  0.06348539 -0.01328706 -0.30096674  3.36718074
  0.92171701  2.06073098  3.00475481  0.51658435  1.66746926  1.40433755
  2.28873666  2.5602768   3.18193361  0.04684387]
Device (GPU) time: 0.9632 seconds
Iters. done: 199 [Current cost: -20.7038629219389]
Current parameters: [ 3.18101543  3.29388443  2.04184486  1.50549853  0.88116357  1.96721579
  2.32809598  0.55052015  2.16288326  3.11722598  2.88437069  3.18031822
  2.45878278  1.3200309   1.67061555  3.04483954  3.38620022  3.09510408
  1.36930432  1.9025085   1.31686076  4.17227087  2.59839591  1.17934777
  1.1109643   0.51685106  3.45062876  1.26578287  2.37667692  3.36764223
  2.50462986  2.92537855  2.64206265  3.10377614  4.29846529 -0.38435257
  2.8859074   1.41901121  2.31541012  2.57928515  2.54726596  2.54752386
  0.4930733   2.88542361  2.11595611  2.71329221  0.63505744  0.52690532
  0.11422128  2.82531331  0.01643965 -0.0539008  -0.31158879  3.36906808
  0.94196703  2.01901341  3.01970769  0.49717669  1.66278922  1.37893781
  2.24814627  2.54305935  3.1680477   0.0406575 ]
Device (GPU) time: 1.1052 seconds
Iters. done: 200 [Current cost: -20.48121978465909]
Current parameters: [ 3.18032965  3.370784    1.99132195  1.64933032 -0.03167712  1.89409129
  2.0319506   0.74264872  2.06006497  2.7396694   2.91337332  3.17840134
  2.43270086  1.33803126  1.69339287  3.04206444  3.32801132  3.00857459
  1.41658935  1.91569264  1.28030076  4.11194153  2.61027416  1.15874077
  1.12194466  0.51060406  3.48122256  1.28032115  2.32334475  3.34435579
  2.52986675  2.86324197  2.60878683  3.06963644  4.28299289 -0.30030915
  2.93288962  1.4470011   2.32136382  2.59071359  2.50386525  2.51891817
  0.49073235  2.8966735   2.10569752  2.69037317  0.73331371  0.59107171
  0.25979791  2.85091381  0.08274673  0.01208489 -0.2505393   3.36612553
  0.92326505  2.07728097  3.00222291  0.52163171  1.66365736  1.41241228
  2.30236986  2.56511835  3.1860578   0.05704729]
Device (GPU) time: 1.0700 seconds
Iters. done: 201 [Current cost: -20.80021628922279]
Current parameters: [ 3.12388256  3.3145592   2.04811856  1.7653909  -0.07032008  1.87904013
  1.57179976  0.74118596  2.18430013  3.70465932  2.8677483   3.22448139
  2.53502975  1.39008046  1.67305985  3.07891443  3.39156153  3.07956536
  1.39635817  1.97677367  1.30879579  4.17530932  2.59265799  1.15032353
  1.09553152  0.51968473  3.51474048  1.25571946  2.34964945  3.41350172
  2.54159498  2.8625426   2.65251063  3.09098298  4.27690499 -0.35694555
  2.87561432  1.41607609  2.30887038  2.58689802  2.53065313  2.53013161
  0.50134284  2.89151452  2.11266752  2.67824512  0.73228968  0.56259265
  0.20567398  2.85430631  0.06815518  0.01707803 -0.15584599  3.35995644
  0.94797861  2.06918918  3.01396686  0.50954332  1.64960417  1.40241917
  2.28601032  2.5559244   3.17731623  0.06595027]
Device (GPU) time: 0.9734 seconds
Iters. done: 202 [Current cost: -20.817964999821925]
Current parameters: [ 3.13433946  3.38181827  1.97305074  1.57973352 -0.02826045  1.90354609
  2.31759985  0.74210174  2.10237551  3.13940826  2.9146199   3.17608255
  2.42853871  1.33459857  1.69348217  3.04024889  3.32686905  3.01606191
  1.40829936  1.91213989  1.28039069  4.11106883  2.61078693  1.16048952
  1.12310734  0.51034724  3.47726629  1.28115838  2.32455053  3.34100449
  2.5276616   2.86674477  2.60770365  3.07011771  4.28427503 -0.30116795
  2.93410488  1.4475457   2.3218796   2.5903373   2.50447975  2.51975835
  0.49016335  2.89640938  2.10578887  2.69247535  0.72787203  0.58942446
  0.25532795  2.84926763  0.08002326  0.00805925 -0.26031822  3.36668588
  0.92264038  2.07458794  3.00240844  0.52107856  1.31246409  1.41122269
  2.30044834  2.56450673  3.54037218  0.05551597]
Device (GPU) time: 1.0675 seconds
Iters. done: 203 [Current cost: -20.857789703249356]
Current parameters: [ 3.15248363  3.28253063  1.9387623   2.47789241 -0.12202928  1.90855613
  2.64182869  0.71801238  2.16851197  3.14564947  2.90075401  3.16182487
  2.47644601  1.28449915  1.64310205  3.02639051  3.32656264  3.0315089
  1.37310215  1.92901899  1.35277905  4.11450797  2.61678444  1.12179946
  1.11663673  0.50645555  3.45581378  1.2805362   2.35687838  3.35943786
  2.52723622  2.91728307  2.62806093  3.0722981   4.27812258 -0.38344686
  2.92703085  1.39020906  2.3060792   2.57669859  2.538406    2.53882625
  0.47132471  2.86498704  2.13031223  2.69240564  0.71666067  0.52587293
  0.15308979  2.82004766  0.05053004 -0.01531444 -0.27998903  3.39585823
  0.94384812  2.02148986  3.01316419  0.50930061  1.35168645  1.38313134
  2.26415281  2.55052381  3.49824591  0.07437141]
Device (GPU) time: 1.0874 seconds
Iters. done: 204 [Current cost: -20.543534470372094]
Current parameters: [ 3.13366891  3.61076246  1.97149244  1.56630784 -0.05774965  2.09068747
  2.29763169  0.74036377  2.11311084  3.14131808  2.89170116  3.15792348
  2.65618687  1.01607839  1.69397385  3.03253624  3.32904118  3.02654107
  1.39837372  1.89185696  1.28107038  4.11381569  2.61122575  1.17110462
  1.12670249  0.51020037  3.46008068  1.28287083  2.33310755  3.32978878
  2.51669005  2.88408158  2.60605352  3.07536932  4.29104056 -0.3092046
  2.93421143  1.44944931  2.32397657  2.58837389  2.50968686  2.52500162
  0.48913565  2.89573541  2.10603104  2.70283951  0.69756514  0.57955245
  0.22815272  2.84175151  0.06422029 -0.01295314 -0.30287613  3.36773553
  0.92118879  2.06085166  3.0044086   0.51700926  1.31575091  1.40457638
  2.28926573  2.5605671   3.53706064  0.04710495]
Device (GPU) time: 1.0668 seconds
Iters. done: 205 [Current cost: -20.82535845804026]
Current parameters: [ 3.15495208  3.88822208  1.93315037  1.54534721 -0.1491216   2.42058897
  2.28792093  0.71378584  2.18267589  3.14728662  2.94541135  3.16924828
  2.04171721  1.79911746  1.63618049  3.02120304  3.32806954  3.04364498
  1.35915887  1.92245671  1.36338633  4.11689779  2.61768475  1.12168158
  1.11731495  0.50592036  3.44452842  1.28109766  2.36586099  3.35696651
  2.52178696  2.93295123  2.63042634  3.07540952  4.28060421 -0.39934461
  2.9256173   1.38295823  2.30483411  2.57379489  2.5459378   2.54418598
  0.46829182  2.86025435  2.13388883  2.697479    0.6999339   0.51188977
  0.12487247  2.81226892  0.03841379 -0.02902341 -0.30320346  3.40037096
  0.94626895  2.0071941   3.01575448  0.50553044  1.3183963   1.37583029
  2.2533915   2.54653779  3.5312303   0.07284952]
Device (GPU) time: 1.0993 seconds
Iters. done: 206 [Current cost: -20.435745459528366]
Current parameters: [ 3.35909228e+00  3.58326966e+00  1.75465149e+00  1.58298960e+00
 -1.66993345e-04  1.65895627e+00  2.30785097e+00  7.13565269e-01
  2.32369284e+00  3.13881293e+00  2.91368414e+00  3.17917380e+00
  2.43453579e+00  1.33947636e+00  1.69333430e+00  3.04256827e+00
  3.32621584e+00  3.01291057e+00  1.41128424e+00  1.91823947e+00
  1.28018629e+00  4.11024279e+00  2.61065496e+00  1.15729731e+00
  1.12202619e+00  5.10391412e-01  3.48243442e+00  1.28064341e+00
  2.32197723e+00  3.34437733e+00  2.53096101e+00  2.86153116e+00
  2.60819989e+00  3.06853843e+00  4.28224047e+00 -2.98751132e-01
  2.93407283e+00  1.44697324e+00  2.32124899e+00  2.59092774e+00
  2.50291384e+00  2.51818157e+00  4.90472401e-01  2.89661206e+00
  2.10571604e+00  2.68935860e+00  7.36986048e-01  5.92393209e-01
  2.63500205e-01  2.85152792e+00  8.47755921e-02  1.43781914e-02
 -2.47520020e-01  3.36637022e+00  9.23076908e-01  2.07871878e+00
  3.00180695e+00  5.22302300e-01  1.31147566e+00  1.41322140e+00
  2.30381122e+00  2.56569147e+00  3.54136804e+00  5.80453716e-02]
Device (GPU) time: 1.0086 seconds
Iters. done: 207 [Current cost: -20.940316228068166]
Current parameters: [ 2.99063859  4.06497992  2.10121905  1.57585008 -0.00886574  1.07269554
  2.34213851  0.61544326  1.98942984  3.14246314  2.90036709  3.17916254
  2.46219891  1.36508724  1.64176587  3.03829523  3.32373075  3.02022728
  1.38396491  1.96051584  1.35260402  4.11091926  2.61604902  1.10557428
  1.11102113  0.50670946  3.48150731  1.27779197  2.34459563  3.37684174
  2.54368082  2.89186201  2.63102639  3.064647    4.26793547 -0.37259904
  2.92637938  1.38664346  2.30272207  2.57947999  2.53113578  2.53125671
  0.47277477  2.86568238  2.13021496  2.67685946  0.76174752  0.53983105
  0.19232247  2.83102888  0.07373004  0.01585376 -0.21598601  3.39449795
  0.9463816   2.04145379  3.0103629   0.51517584  1.31136146  1.39272442
  2.28039138  2.55620848  3.53867909  0.0871428 ]
Device (GPU) time: 1.0718 seconds
Iters. done: 208 [Current cost: -20.272464934696433]
Current parameters: [ 3.38767562  3.58559593  1.81830083  1.57313506 -0.02774278  1.65890494
  2.3382357   0.71194006  2.35859172  3.12388576  2.95547298  3.04968611
  2.70207553  1.55847184  2.00599902  3.05502363  3.32831318  3.02299136
  1.40173594  1.89865493  1.27994792  4.11281141  2.6176077   1.16068125
  1.12538807  0.51025407  3.46636391  1.28224474  2.32997902  3.33388935
  2.52070136  2.87774307  2.60665682  3.07344928  4.28856702 -0.30626632
  2.93417247  1.44875333  2.3232099   2.58909173  2.50778309  2.52308463
  0.48951138  2.89598182  2.1059425   2.69905027  0.70864564  0.58316175
  0.23808825  2.84449948  0.06999801 -0.0052708  -0.28731654  3.36735177
  0.9217195   2.06587378  3.00367732  0.51849704  1.31454922  1.40700634
  2.2933542   2.56200747  3.53827137  0.05018011]
Device (GPU) time: 1.0701 seconds
Iters. done: 209 [Current cost: -20.857511090805883]
Current parameters: [ 3.31871724  3.56923998  1.63352274  1.59819599  0.01640446  1.66772517
  2.27013615  0.69747039  2.29322074  3.16555264  2.83201664  3.4015529
  2.00940383  0.99361459  2.45067354  3.10440736  3.32042863  2.99876758
  1.41002937  1.98598303  1.32869154  4.1054555   2.63035513  1.08308578
  1.10721648  0.50802767  3.51476098  1.27530694  2.32180225  3.38923677
  2.56116402  2.8500427   2.62777002  3.05566023  4.25897307 -0.33638666
  2.92834006  1.39996813  2.30391053  2.58647116  2.51319645  2.51751087
  0.47972855  2.8756811   2.12285509  2.66048022  0.81296147  0.57357628
  0.26452539  2.8512275   0.10717704  0.05577782 -0.14315874  3.38456658
  0.94260948  2.0783124   3.00411504  0.52499371  1.3050836   1.41125259
  2.30845088  2.56644061  3.54579332  0.09510101]
Device (GPU) time: 1.0701 seconds
Iters. done: 210 [Current cost: -20.7533162364469]
Current parameters: [ 3.57666593  3.67673257  1.77953671  1.64959432  0.11385784  1.73566884
  2.33426426  0.79360686  2.08471061  3.17128763  2.90215789  3.21725041
  2.50840503  1.39955871  1.691513    3.07113732  3.31816986  2.9740938
  1.44805064  1.99337121  1.27766857  4.10006793  2.60902948  1.11797702
  1.10870912  0.51093545  3.54609312  1.27430019  2.29028043  3.38592241
  2.57160166  2.7973124   2.61431229  3.04908552  4.25717967 -0.2689819
  2.93367814  1.43992194  2.31348141  2.59820056  2.48362572  2.4987595
  0.49427919  2.89910859  2.10481901  2.65096784  0.84924837  0.62896094
  0.3641623   2.87936904  0.1433127   0.09221198 -0.08987762  3.36248211
  0.92845387  2.12960054  2.994398    0.53737575  1.29930067  1.43784057
  2.34523366  2.58028456  3.5536346   0.08920135]
Device (GPU) time: 0.9491 seconds
Iters. done: 211 [Current cost: -20.88846124088579]
Current parameters: [ 3.94313762  3.44331367  1.78307748  1.47279551 -0.2120155   1.54885289
  2.30813566  0.58550573  1.85692506  3.26226591  2.92786072  3.1189731
  2.30228677  1.23276334  1.69379867  2.99283673  3.33936063  3.08200698
  1.33983608  1.80110966  1.30580872  4.12798633  2.61530752  1.20961032
  1.14174939  0.50836954  3.37239532  1.29074166  2.38328949  3.28229735
  2.46462871  2.98119099  2.60437929  3.10093549  4.32124194 -0.37181912
  2.93248883  1.44137369  2.32918917  2.57501763  2.54447933  2.55551955
  0.47869908  2.88320318  2.11447404  2.75187637  0.55070149  0.51386807
  0.06897815  2.79748778 -0.01941075 -0.1193957  -0.51005959  3.38135386
  0.92066518  1.9800148   3.01710059  0.4942136   1.33243531  1.36473746
  2.22549319  2.53773739  3.51942542  0.01288818]
Device (GPU) time: 1.2692 seconds
Iters. done: 212 [Current cost: -20.81687295413966]
Current parameters: [ 3.34759932  3.60440792  1.74468868  1.60423917  0.0048108   1.65872435
  2.30916265  0.70933217  2.30651206  3.14409017  2.93440667  3.17507337
  2.4181362   1.34285386  1.71654513  3.04121613  3.28164142  2.96614078
  1.43718894  2.11617073  1.31957619  4.14381987  2.4285117   1.56319732
  1.12974278  0.50686268  3.47013631  1.28867024  2.31636969  3.32453996
  2.52803142  2.86644123  2.59622175  3.06112475  4.28285481 -0.2892834
  2.9524295   1.44996872  2.32325678  2.59068489  2.49767092  2.5163014
  0.48463357  2.89445699  2.10643582  2.69241939  0.73886734  0.59492952
  0.27147262  2.84744042  0.08750654  0.01180129 -0.27769446  3.37201434
  0.91757825  2.07609207  2.99901761  0.52528006  1.31678912  1.41369194
  2.30583092  2.56740588  3.54338596  0.05824356]
Device (GPU) time: 1.0823 seconds
Iters. done: 213 [Current cost: -20.740778799117226]
Current parameters: [ 3.30471255  3.60021241  1.63964071  1.62180578  0.03898135  1.66028273
  2.2653946   0.70502519  2.25609826  3.16912168  2.95679068  3.18294109
  2.4366616   1.3590181   1.71648647  3.0520389   3.36378031  2.97040522
  1.42616948  1.31848577  1.34111187  3.89082159  1.87448263  1.10331595
  1.12332973  0.50579144  3.49398334  1.28678079  2.3070683   3.34484292
  2.54669288  2.84707224  2.60138311  3.05123799  4.2698681  -0.29039291
  2.9536325   1.43551241  2.3167033   2.59132718  2.49460993  2.51069123
  0.48172862  2.8889561   2.11107784  2.67474081  0.7899198   0.59975108
  0.2995879   2.85405974  0.10961743  0.04344874 -0.21183775  3.37693902
  0.92355904  2.08899451  2.99726286  0.53047765  1.31263804  1.4197173
  2.31837372  2.57173703  3.54817302  0.07680097]
Device (GPU) time: 1.1090 seconds
Iters. done: 214 [Current cost: -20.884801743943527]
Current parameters: [ 3.30613513  3.61421881  1.66169254  1.62886093  0.0411636   1.65864796
  2.27316669  0.70877081  2.2540056   3.16531121  2.96517137  3.17577188
  2.42638935  1.35787049  1.70842538  3.04644403  3.31263397  2.93851708
  1.44677374  1.63001053  1.27815881  4.18360705  2.8590664   1.3726452
  1.07983536  0.50497315  3.47804977  1.29091945  2.30030013  3.32936238
  2.54259059  2.84360315  2.56709368  3.05075188  4.27556375 -0.39064322
  2.96327407  1.44960332  2.32208251  2.59276224  2.48864508  2.50924333
  0.48230907  2.89393255  2.10659166  2.68251634  0.77429603  0.60761886
  0.306995    2.85350643  0.1070255   0.03404632 -0.24754681  3.37419767
  0.91593676  2.09007139  2.99508741  0.53166491  1.31624265  1.42149609
  2.31969516  2.5728893   3.54833974  0.06788253]
Device (GPU) time: 1.0064 seconds
Iters. done: 215 [Current cost: -20.821868111020184]
Current parameters: [ 3.37902866  3.53806669  1.7165348   1.55762417 -0.0468008   1.66749233
  2.31263738  0.68515302  2.36479467  3.14418327  2.8724157   3.20901153
  2.44675502  1.33409734  1.67138543  3.05731904  3.42744798  3.07935883
  1.38949391  1.7457186   1.36040777  4.2475664   2.72797433  1.23381626
  1.49083612  0.50990253  3.53885315  1.27239021  2.37051608  3.37793803
  2.52516832  2.92533276  2.83223848  3.06881698  4.26144426  0.51719753
  2.90569959  1.37670469  2.29747423  2.58003486  2.53586024  2.53094965
  0.47821303  2.86569935  2.13146853  2.66545989  0.7822718   0.53899207
  0.19553103  2.83867124  0.08038465  0.03288776 -0.15184751  3.39019164
  0.95541252  2.05018304  3.01281416  0.51403734  1.30337931  1.39483726
  2.28360634  2.55614241  3.53847137  0.09518361]
Device (GPU) time: 1.0977 seconds
Iters. done: 216 [Current cost: -20.667994731281013]
Current parameters: [ 3.35271285  3.56254168  1.72613654  1.56936228  0.01158142  1.65919895
  2.28868349  0.71840174  2.31878632  3.14280803  2.90369391  3.18446554
  2.4583669   1.34273421  1.6836213   3.04138893  3.30042968  2.86738948
  1.27974265  1.94050902  1.27478881  3.81697143  2.6828991   1.20286865
  1.11574905  0.51390048  3.5278656   1.27004815  2.47176372  3.38380216
  2.55444357  3.15010716  2.6218435   3.07242198  4.27793711 -0.2943792
  2.91720807  1.44317826  2.31825133  2.59223572  2.50483463  2.5170037
  0.49638621  2.89895774  2.10492317  2.68082567  0.75202148  0.59552977
  0.27122751  2.85942604  0.0910134   0.02835591 -0.19636295  3.36062255
  0.92891366  2.08871888  3.00325467  0.52182617  1.3047937   1.4164656
  2.30814542  2.56630025  3.54135167  0.06251469]
Device (GPU) time: 1.0695 seconds
Iters. done: 217 [Current cost: -20.914601480024483]
Current parameters: [ 3.45683156  3.47128046  1.84370589  1.47144021 -0.09696651  1.66726232
  2.34911142  0.70125784  2.46905455  3.10430986  2.78262044  3.21658759
  2.48322134  1.30796815  1.63903568  3.05087456  3.46947292  2.9521324
  1.03021791  1.87955876  1.36220839  3.68420989  2.72516171  1.29992945
  1.09987712  0.52225047  3.47711138  1.2478287   2.07178136  3.42472643
  2.51678562  2.26619122  2.69209611  3.10189474  4.27033846 -0.37478932
  2.84381154  1.37659663  2.29576504  2.57963586  2.55739133  2.54289269
  0.49907795  2.87606597  2.12624861  2.67062698  0.73146963  0.52346251
  0.14014291  2.84505     0.0508999   0.01295819 -0.11015367  3.36871396
  0.96937992  2.04519284  3.02403308  0.49917695  1.28962974  1.386756
  2.26440395  2.54609043  3.5273784   0.0794029 ]
Device (GPU) time: 0.9873 seconds
Iters. done: 218 [Current cost: -20.531003325225495]
Current parameters: [ 3.3910264   3.5577951   1.80588429  1.54999373 -0.0232046   1.65922013
  2.32459133  0.71796435  2.36668709  3.12305765  2.87812637  3.18281325
  2.44635912  1.32867459  1.68534116  2.97202937  2.93969981  3.09382851
  1.38576797  1.85263708  1.28243005  4.17341547  2.59572242  1.18008991
  1.09253281  0.5170336   3.56900146  1.3046939   2.40348829  3.4433545
  2.59904216  2.83198318  2.69140583  3.03641116  4.27544431 -0.33182405
  2.85649627  1.44194196  2.32545523  2.59503719  2.51808432  2.45463395
  0.51082256  2.89897109  2.10493782  2.69133755  0.75404222  0.58357462
  0.1657591   2.85246828  0.05549842  0.05832945 -0.17254062  3.35978663
  0.92924779  2.07427732  3.00648763  0.51620972  1.30658005  1.40885756
  2.29490715  2.5612791   3.53692551  0.05302815]
Device (GPU) time: 1.0921 seconds
Iters. done: 219 [Current cost: -20.972706165330937]
Current parameters: [ 3.37204254  3.43399405  1.60986765  1.48553718 -0.02598534  1.67159098
  2.24621218  0.69486999  2.37466855  3.15637379  2.80771662  3.24126476
  2.54642404  1.34117406  1.63171063  2.90834723  2.44486711  3.04212443
  1.40191691  1.90435979  1.38220713  4.14482071  2.61047382  0.98996483
  1.1662011   0.51693952  3.33082529  1.11868106  2.12118847  3.26203028
  2.35897682  2.91981962  2.50248269  3.23521756  4.27100173 -0.28880546
  3.00293677  1.34350123  2.25850364  2.56459953  2.53984954  2.76086
  0.45397815  2.86429806  2.1374745   2.62472519  0.72880372  0.52890179
  0.4314098   2.86463868  0.15450614 -0.08360864 -0.11736411  3.37461621
  0.99147512  2.07681962  3.02385298  0.50726188  1.27323738  1.39924076
  2.29007136  2.55360793  3.5359305   0.12412674]
Device (GPU) time: 1.0907 seconds
Iters. done: 220 [Current cost: -20.597454462431852]
Current parameters: [ 3.44928379  3.54674118  1.9244276   1.5175384  -0.07503626  1.65929623
  2.37683932  0.71814861  2.44006947  3.09315232  2.83670965  3.18119529
  2.4319932   1.30745981  1.6793556   2.97284304  3.03358181  3.22511478
  1.33018866  1.79307724  1.28805812  4.26767668  2.57403421  1.24972298
  1.08261635  0.52843977  3.50723621  1.28622744  2.47625124  3.4444235
  2.54270363  2.92584318  2.71967006  3.09470641  4.31416153 -0.42434125
  2.79312567  1.43209917  2.30915192  2.57916377  2.53025547  2.46585078
  0.51306581  2.89941     2.10481916  2.70611201  0.87527512  0.56560062
  0.35271435  2.84309032  0.0279922  -0.11156395  0.0471533   3.35746601
  0.93080642  2.05367253  3.01175757  0.50741805  1.30815797  1.39764178
  2.27515756  2.55360371  3.53006102  0.03911867]
Device (GPU) time: 1.0947 seconds
Iters. done: 221 [Current cost: -20.883647729945714]
Current parameters: [ 3.43567335  3.44122503  1.76709654  1.46001949 -0.07642477  1.66916026
  2.31160344  0.70153899  2.44918936  3.1190119   2.77516739  3.22908068
  2.51824881  1.31714687  1.62975123  2.97823024  2.97921463  3.17789207
  1.33606812  1.87539374  1.36648455  4.23001083  2.58941522  1.09729321
  1.06964476  0.52147185  3.63335203  1.31667618  2.50990356  3.56895802
  2.65971883  2.84836966  2.80681613  3.0176166   4.26031119 -0.42335255
  2.76609493  1.33205662  2.25676806  2.61173166  2.57260145  2.4133593
  0.52805356  2.87282393  2.13026025  2.65148372  1.19190468  0.52235334
  0.54379334  2.85480385  0.03458357  0.3822444  -0.7825811   3.36710586
  0.98205339  2.05780222  3.02629194  0.49965008  1.27964616  1.390453
  2.27159585  2.54727886  3.52885118  0.09597405]
Device (GPU) time: 0.9613 seconds
Iters. done: 222 [Current cost: -20.568433389063525]
Current parameters: [ 3.39155693  3.56519392  1.81227399  1.55557147 -0.0257525   1.65913502
  2.32966359  0.71630582  2.36628568  3.12253907  2.88271464  3.18105014
  2.43861957  1.32816186  1.68886269  2.97191279  2.94284585  3.09586288
  1.38582634  1.84637891  1.28288874  4.17705422  2.59490319  1.18598606
  1.09596164  0.52222034  3.55798425  1.43431157  2.38849341  3.76583066
  2.60676383  2.82629718  2.44644921  3.1919558   4.47372991 -0.26896177
  2.87143239  1.44356799  2.32598165  2.59399379  2.51645708  2.46248635
  0.50721497  2.89815681  2.10521221  2.69383595  0.74467329  0.58301155
  0.17026421  2.85003401  0.05604467  0.0471703  -0.19066124  3.36181717
  0.92720839  2.07144253  3.00584346  0.51662152  1.30881954  1.40806626
  2.29398498  2.56128841  3.53712555  0.05189435]
Device (GPU) time: 1.0989 seconds
Iters. done: 223 [Current cost: -21.02483636035469]
Current parameters: [ 3.43364759  3.470103    1.79697973  1.47836896 -0.07119987  1.66657982
  2.3238058   0.70577318  2.43974857  3.11512484  2.795381    3.21668402
  2.49681359  1.31663798  1.64340481  2.97674364  2.98450116  3.17767562
  1.33987685  1.85939128  1.34553666  4.23093282  2.58745492  1.13057467
  1.07170594  0.52055057  3.61752576  1.85774559  2.51104496  3.42836951
  2.73034754  2.85535573  1.80934473  2.97599264  4.19618253 -0.21802251
  2.76715104  1.37649358  2.30495603  2.59324144  2.56113365  2.41632753
  0.52572829  2.87967018  2.12365724  2.66440626  0.82097841  0.53531895
  0.04921033  2.85254408  0.03309234  0.14652569 -0.04936604  3.36490898
  0.96846365  2.05857802  3.0219711   0.50253623  1.28702176  1.39336706
  2.27437882  2.54966384  3.52983452  0.08244962]
Device (GPU) time: 1.0587 seconds
Iters. done: 224 [Current cost: -20.596385361963883]
Current parameters: [ 3.3913733   3.56324243  1.81049388  1.55411815 -0.0250393   1.65915751
  2.32828148  0.71674497  2.36633769  3.12269855  2.88153003  3.18151832
  2.44068012  1.32831336  1.6879344   2.97194307  2.94194311  3.0952269
  1.38585201  1.84808054  1.28276308  4.1760207   2.59513623  1.18437287
  1.09810905  0.5222213   3.54637672  1.41834837  2.67487991  3.76018778
  2.63728492  2.68396965  2.4437058   3.42723916  4.30162116 -0.26850435
  3.11848475  1.44371497  2.32512363  2.59316468  2.5158678   2.47294876
  0.50570888  2.89837216  2.10513962  2.69316329  0.73798432  0.58317399
  0.17840142  2.85068569  0.05898942  0.03829516 -0.18847135  3.36128107
  0.9277474   2.0722086   3.00601018  0.51651896  1.30822521  1.40828415
  2.29424384  2.56129162  3.53707765  0.05220494]
Device (GPU) time: 0.9507 seconds
Iters. done: 225 [Current cost: -20.934394008048823]
Current parameters: [ 3.44604039  3.47795457  1.84637095  1.47321216 -0.07118893  1.6637195
  2.33695201  0.71648169  2.45044131  3.10353642  2.79321298  3.20684033
  2.49195307  1.31165047  1.64682345  2.97553812  3.00740085  3.20816857
  1.32849243  1.84341001  1.31995731  4.24696758  2.58156367  1.17180062
  1.06190514  0.52745253  3.60819214  1.44332599  2.1593826   3.84839417
  2.8085435   3.02828756  2.5285652   2.8965396   4.67061779 -0.36574955
  3.64040109  1.39966322  2.31370193  2.59642277  2.5553168   2.40471326
  0.53395322  2.89087002  2.11462637  2.67622522  0.79999774  0.54793635
  0.05079556  2.85512186  0.02343175  0.13417184 -0.0665593   3.35486162
  0.95897487  2.06299265  3.02030255  0.5022074   1.28913012  1.39634614
  2.27519341  2.55036593  3.52842153  0.06564204]
Device (GPU) time: 1.0922 seconds
Iters. done: 226 [Current cost: -20.76556176152843]
Current parameters: [ 3.3891003   3.55747968  1.8014829   1.55053353 -0.02130248  1.65922541
  2.3224466   0.71810899  2.36435804  3.12406873  2.87904487  3.18302548
  2.44752488  1.32940501  1.68521439  2.97201373  2.93638788  3.08941178
  1.38755428  1.85512518  1.28220699  4.17004658  2.59649592  1.17730997
  1.13532734  0.07346872  3.36746499  1.45241846  2.41236709  3.80058973
  2.64190353  2.82103766  2.46600804  3.16215413  4.46835787 -0.28129578
  2.85709948  1.46803423  2.34942734  2.59705238  2.51975025  2.43288623
  0.5151298   2.89902041  2.10500593  2.69088076  0.77344341  0.58389285
  0.15325307  2.85299158  0.05053727  0.07989582 -0.16464064  3.35967709
  0.92938271  2.07519889  3.00637624  0.51645574  1.30632587  1.40929095
  2.29562751  2.56152567  3.53712863  0.05357946]
Device (GPU) time: 1.0977 seconds
Iters. done: 227 [Current cost: -20.89951091685604]
Current parameters: [ 3.39348256  3.53254664  1.74961197  1.5453218  -0.05428526  1.66662585
  2.32249499  0.69010991  2.38224672  3.13522918  2.86026344  3.20689121
  2.44884917  1.32893896  1.67371856  2.97559445  2.93657282  3.09291871
  1.3824088   1.8574967   1.35182234  4.18832122  2.59797632  1.11596962
  1.10361285  0.61869229  3.59776283  1.42016233  2.36322335  3.79369778
  2.59616935  2.83522833  2.45435022  3.20423433  4.46938517 -0.26460934
  2.85102197  2.17578746  2.96994905  2.58373319  2.54626968  2.50245974
  0.48829658  2.86986784  2.13081541  2.67723153  0.81831337  0.53123805
  0.18802733  2.83979607  0.04507266  0.05703833 -0.1777239   3.38475349
  0.95422474  2.05017187  3.0137639   0.51196378  1.30252978  1.39440431
  2.28098382  2.55494889  3.53656802  0.08795871]
Device (GPU) time: 0.9744 seconds
Iters. done: 228 [Current cost: -20.675465177585185]
Current parameters: [ 3.38425265  3.57546872  1.80370504  1.56660212 -0.02171434  1.65902377
  2.32856076  0.71431494  2.35581718  3.12599672  2.89379281  3.17918071
  2.43140242  1.33044303  1.69385171  2.97166381  2.9337905   3.08039646
  1.39346394  1.84707179  1.28266601  4.16853123  2.59688555  1.18349239
  1.09960135  0.52200768  3.56182032  1.4364782   2.37847174  3.76209667
  2.60991621  2.81646344  2.44037123  3.18724327  4.46995346 -0.25438979
  2.87902459  1.44396429  2.32559217  2.59504074  2.63459649  2.55849655
  0.48534006  2.89806866  1.98448864  2.55965176  0.76277344  0.82325263
  0.19204962  2.84842579 -0.30898436  0.05838569 -0.18192948  3.36453989
  0.92457892  2.07088837  3.00436232  0.5183068   1.31125904  1.40865565
  2.29558132  2.56234463  3.53829742  0.0524446 ]
Device (GPU) time: 1.1475 seconds
Iters. done: 229 [Current cost: -20.938975945509497]
Current parameters: [ 3.431207    3.51420002  1.82238193  1.51409534 -0.08153791  1.66616328
  2.34849168  0.69570356  2.43055846  3.11509723  2.82600984  3.20680094
  2.45287989  1.31566885  1.66446727  2.9760258   2.9939041   3.17701158
  1.34549997  1.82849159  1.3485221   4.24340341  2.58475962  1.15767403
  1.09759879  0.55706753  3.53666911  1.41133724  2.42000156  3.80552893
  2.57186993  2.89088253  2.48314968  3.23368253  4.49320234 -0.33230241
  2.80731352  1.42539176  2.34045657  2.57825131  2.37018882  2.3543915
  0.5251665   2.87699835  1.80251029  2.31696031  0.65468811  1.16935837
  0.01279542  2.83902886  0.58685962 -0.01241004 -0.25536165  3.37732758
  0.95666872  2.04365347  3.01778065  0.50573916  1.29994098  1.38963102
  2.27069961  2.5503769   3.53165936  0.077561  ]
Device (GPU) time: 1.1276 seconds
Iters. done: 230 [Current cost: -20.73906853660357]
Current parameters: [ 3.37778334  3.58228081  1.73150317  1.55723359 -0.03737792  1.62241295
  2.32458724  0.69870924  2.5246954   3.1080014   2.88485191  3.19303713
  2.37807915  1.28811717  1.56626782  2.97969251  3.0507541   3.14131593
  1.4385809   1.92125885  0.91897091  4.24677843  2.56817211  1.03165283
  1.09417964  0.52357194  3.52144785  1.42622207  2.35451345  3.73699322
  2.57795705  2.80235346  2.42180088  3.20975056  4.48104361 -0.29243008
  2.88209682  1.45086517  2.33044799  2.59134861  2.51635972  2.48470342
  0.49951019  2.89664478  2.10486567  2.69999301  0.71244195  0.58087132
  0.16994613  2.84387678  0.04922643  0.01887348 -0.23770912  3.36541513
  0.92347764  2.0628038   3.0053895   0.51608943  1.3134151   1.40482629
  2.2891964   2.56014266  3.53647378  0.04757969]
Device (GPU) time: 1.1255 seconds
Iters. done: 231 [Current cost: -20.64490335220239]
Current parameters: [ 3.427581    3.4884274   1.91411426  1.55267397 -0.05318253  1.76347238
  2.34258836  0.70775979  1.99608112  3.18143589  2.85412915  3.19208123
  2.583471    1.42856806  1.97768991  2.95877596  2.66831616  2.97671715
  1.25205436  1.66384146  0.75147219  4.03032554  2.56123601  1.56270642
  1.13118021  0.57981567  3.66167886  1.43356449  2.42407519  3.88755831
  2.65872975  2.88895757  2.52189903  3.16801732  4.44873659 -0.19527591
  2.80375848  1.38611344  2.33308551  2.58222658  2.54198699  2.45587163
  0.49012874  2.84923335  2.13274239  2.62615546  0.86619818  0.54115246
  0.10590306  2.83976001  0.12421345  0.13573401 -0.0670203   3.40058727
  0.97831527  2.04692073  3.01881646  0.51140585  1.29317243  1.38974503
  2.28076299  2.55323767  3.53877232  0.12443141]
Device (GPU) time: 1.1480 seconds
Iters. done: 232 [Current cost: -20.29411539692918]
Current parameters: [ 3.38974981  3.56908737  1.81111088  1.55935888 -0.02512751  1.65909204
  2.33021902  0.7155141   2.36350296  3.12335014  2.88635022  3.18027258
  2.43546292  1.32866866  1.6907414   2.97182885  2.94101836  3.09218755
  1.38781765  1.84552035  1.28011772  4.1754466   2.5950953   1.18650364
  1.08726052  0.49740667  3.60597866  1.4762417   2.41178276  3.79482499
  2.66964924  2.80314119  2.46583262  3.12673259  4.46096025 -0.2633108
  2.87138737  1.46444731  2.30953115  2.59933432  2.61087041  2.39655683
  0.45508698  2.81846982  2.04890268  2.62303753  0.45797611  0.52402705
  0.41480001  2.73823484  0.08375842  0.10455668 -0.15725483  3.3800482
  0.91194163  2.00920447  2.99110409  0.45801961  1.30982405  1.29783268
  2.18449815  2.49620989  3.53746279  0.11176524]
Device (GPU) time: 0.9904 seconds
Iters. done: 233 [Current cost: -20.922649848720457]
Current parameters: [ 3.42349554  3.5188255   1.80513483  1.53761831 -0.09063508  1.68445215
  2.35100298  0.67932647  2.35871413  3.13493157  2.84029679  3.21222071
  2.45628074  1.33523438  1.71661504  2.97473021  2.93516501  3.12931638
  1.33904612  1.79948749  1.43141041  4.2120148   2.5930885   1.18190866
  1.10187481  0.54055253  3.63273535  1.47345614  2.43811064  3.87211424
  2.67482875  2.85602091  2.51764099  3.12931581  4.46349897 -0.2874498
  2.79941973  1.43081898  2.3112649   2.58239412  2.27091455  2.46560012
  0.68449083  3.09747048  2.30122526  2.87030132  0.27238317  0.71787672
  0.38983835  3.16858078 -0.0501446   0.10692439 -0.1741118   3.34624152
  1.01054076  2.21730496  3.06271759  0.68839659  1.30246122  1.72057161
  2.60295396  2.74950032  3.53423733 -0.08236999]
Device (GPU) time: 1.1455 seconds
Iters. done: 234 [Current cost: -20.730875859340365]
Current parameters: [ 3.3742361   3.57677236  1.78863264  1.53482028 -0.06995029  1.6680217
  2.40830933  0.63614676  2.35564157  3.17285996  2.86337564  3.22002126
  2.44702878  1.34237388  1.6924565   2.97013429  2.92564411  3.06828402
  1.39882756  1.85081583  1.2766034   4.16012505  2.59862457  1.17736172
  1.08717634  0.48481275  3.62624004  1.4829883   2.4206177   3.52094328
  2.69352751  2.79220466  2.47884422  3.35239978  4.76593299 -0.26080084
  2.86082773  1.44749585  2.32849081  2.60091088  2.51408207  2.39322078
  0.51766447  2.89827045  2.10548036  2.68884863  0.75447086  0.59356224
  0.18734639  2.85396279  0.05077279  0.12120828 -0.16100097  3.36447663
  0.9248762   2.07988342  3.00289481  0.52204072  1.30331638  1.37011677
  2.30427312  2.64043095  3.40674702  0.05695237]
Device (GPU) time: 1.0922 seconds
Iters. done: 235 [Current cost: -20.864953002954138]
Current parameters: [ 3.44472231  3.49028532  1.82266292  1.65135807  0.15746982  1.63752982
  1.97125775  1.03319171  2.3562339   2.93814427  2.96374286  3.03782603
  2.42838369  1.28734818  1.69339444  2.98073493  2.94440757  3.14228468
  1.33938178  1.84238609  1.39478352  4.20394365  2.59307552  1.16899611
  1.08621906  0.52217192  3.63083625  1.45873526  2.44737767  3.59700451
  2.6752575   2.84493308  2.5217148   3.3703268   4.75678458 -0.31014559
  2.79611746  1.40505501  2.32334011  2.58719956  2.54036867  2.43129194
  0.52976869  2.89063153  2.13317562  2.69490064  0.7005897   0.53654945
  0.06547323  2.85620368  0.02593775  0.09131341 -0.16633756  3.37009149
  0.96595923  2.04013433  3.02710725  0.50882545  1.32577048  1.58935953
  2.27552855  2.24058179  4.09214625  0.05648268]
Device (GPU) time: 1.0668 seconds
Iters. done: 236 [Current cost: -20.762163830687292]
Current parameters: [ 3.38482274  3.57055153  1.79661567  1.56155876 -0.02184332  1.65621436
  2.32513624  0.71505234  2.3706186   3.12384965  2.88925459  3.18103123
  2.43227471  1.32698147  1.68221689  2.96223132  2.88116786  3.36057415
  1.68388023  1.84887967  1.27337997  3.93678762  2.6549843   1.22765583
  1.09136432  0.52065656  3.59297231  1.42461889  2.39790257  3.725625
  2.6347301   2.79867511  2.50552383  3.14120307  4.42922652 -0.26889248
  2.86283872  1.45147119  2.3370628   2.59709199  2.51455963  2.43992636
  0.51153223  2.89944226  2.10511336  2.69382775  0.70440422  0.58855704
  0.08532762  2.85198914  0.05153986  0.08032767 -0.19014116  3.3627516
  0.92627082  2.07307014  3.00534354  0.51893217  1.30997184  1.41149662
  2.29765289  2.56269372  3.53914206  0.05116679]
Device (GPU) time: 1.0125 seconds
Iters. done: 237 [Current cost: -20.879116197026185]
Current parameters: [ 3.43834631  3.50717882  1.86933131  1.52438134 -0.07086059  1.69134677
  2.34335772  0.71150288  2.31764793  3.12296786  2.83357034  3.19537404
  2.48612603  1.34294925  1.74787478  3.0286765   3.26456283  3.31358551
  1.50086932  1.81371667  1.43280082  4.01823928  2.63622727  1.30976422
  1.13900164  0.56626452  3.37718028  1.47954282  2.32371204  4.04347797
  2.44492027  3.00144429  2.12963099  3.4778212   4.70968166 -0.25947296
  2.88988654  1.37425054  2.2706725   2.56608257  2.51831513  2.61580888
  0.48174901  2.88266208  2.13731403  2.68242408  0.97300317  0.53900619
  0.62285314  2.8561304   0.09948145 -0.12550618 -0.18026183  3.37806734
  0.96275104  2.05322277  3.02044393  0.51528401  1.29935479  1.41150755
  2.28847285  2.55155823  3.5486243   0.07562735]
Device (GPU) time: 1.1160 seconds
Iters. done: 238 [Current cost: -20.587973830192098]
Current parameters: [ 3.37630668  3.57367015  1.78382396  1.55988916 -0.03050762  1.66034825
  2.34155157  0.70333049  2.34698665  3.12885445  2.86261179  3.18211827
  2.43870579  1.33682528  1.69262693  2.97408045  2.94295649  3.15170837
  1.33477499  1.84744582  1.27765939  4.17809317  2.59450353  1.19274819
  0.66775855  0.52190201  3.45514064  1.4373929   2.39030151  3.75329979
  2.59950619  2.83513618  2.47945023  3.19148858  4.4748072  -0.08333153
  2.87527035  1.44778573  2.328932    2.59401607  2.51307085  2.46250645
  0.50607729  2.89865548  2.10530025  2.69415672  0.74224676  0.5872829
  0.17641132  2.85080334  0.05725116  0.04741282 -0.19937773  3.36338084
  0.92787231  2.07238807  3.09004204  0.51875893  1.36314019  1.40383819
  2.29673734  2.57397249  3.5719019   0.07186515]
Device (GPU) time: 1.0810 seconds
Iters. done: 239 [Current cost: -20.795552125714096]
Current parameters: [ 3.52808742  3.48139238  2.02898839  1.52047468 -0.03636967  1.66582308
  2.25927947  0.79367143  2.50410294  3.07464371  2.99872259  3.18532277
  2.43767983  1.26749503  1.68401915  2.95907032  2.95395158  2.736786
  1.68673552  1.79379847  1.41459786  4.22205254  2.58927242  1.1493666
  0.87537986  0.55767923  3.53069566  1.41194816  2.40577946  3.84774031
  2.60080037  2.86652182  2.50613305  3.19819851  4.45626079 -0.22108034
  2.81584335  1.39187731  2.3140515   2.58237498  2.53520705  2.4911097
  0.51332877  2.88626561  2.13519449  2.68809123  0.74030792  0.53395617
  0.08157189  2.8557601   0.05353005  0.04433111 -0.1482075   3.37248383
  0.95071044  2.04619254  2.43405701  0.51012188  0.93120676  1.45459777
  2.28141468  2.46863182  3.3153382  -0.07395394]
Device (GPU) time: 0.9729 seconds
Iters. done: 240 [Current cost: -20.826028835900654]
Current parameters: [ 3.31518021  3.45627954  1.79952185  1.5222778  -0.00795427  1.64203194
  2.31522916  0.70639095  2.2968644   3.14156082  2.89174065  3.19738473
  2.41390489  1.38040352  1.68203179  2.97514658  2.91350585  3.04873009
  1.41600787  1.88190031  1.26867573  4.14509577  2.60249326  1.14049845
  1.08278783  0.47838639  3.65880505  1.504841    2.39330574  3.75732303
  2.7281352   2.74801982  2.46625516  3.11092962  4.49266868 -0.22587863
  2.89366548  1.4466518   2.32616864  2.56027485  2.51372959  2.37833606
  0.52488201  2.90099132  2.10464057  2.68303528  0.80050415  0.59961193
  0.23979106  2.86083222  0.05335982 -0.31369444 -0.27543203  3.36085355
  0.92864225  2.08754553  3.00823797  0.52304712  1.23179455  1.41019647
  2.3093388   2.58154506  3.59490287  0.06011335]
Device (GPU) time: 1.1619 seconds
Iters. done: 241 [Current cost: -20.929001521420858]
Current parameters: [ 3.6629452   4.07628262  1.56571767  1.77025398 -0.01433905  1.76183092
  2.25106394  0.76496471  2.5413652   3.09967216  2.89782374  3.12422563
  2.64285417  1.1177812   1.74109878  2.95587771  2.84643607  3.00380865
  1.33083133  1.80505297  1.44036492  4.13280545  2.60764122  1.21510274
  1.14079784  0.52003518  3.64939387  1.48164849  2.43176016  3.84511155
  2.6931058   2.85194701  2.4888432   3.13104155  4.48083994 -0.29628089
  2.84816005  1.38121027  2.30668983  2.55352788  2.53819071  2.42159146
  0.51365545  2.87807404  2.13934483  2.69319913  0.78833622  0.5263336
  0.11324436  2.84424963  0.03881651 -0.2569195  -0.26482877  3.38392447
  0.95682554  2.0381057   2.97622789  0.51261346  1.66877731  1.44962503
  2.27805089  2.4701622   3.27288646  0.06066956]
Device (GPU) time: 1.1216 seconds
Iters. done: 242 [Current cost: -20.426087643376942]
Current parameters: [ 3.38981299  3.56781846  1.81034945  1.55833932 -0.0248358   1.6591065
  2.32950532  0.71579255  2.36376182  3.12335898  2.88547309  3.18056385
  2.43672256  1.3286992   1.69013557  2.97185051  2.94073618  3.09246112
  1.3879497   1.84641372  1.28093508  4.17484321  2.59529427  1.18569803
  1.08919924  0.5035089   3.59381168  1.46463231  2.40622988  3.76409037
  2.65352968  2.8091684   2.46169927  3.16437504  4.4900456  -0.26518102
  2.87016222  1.31703923  2.47682051  2.39776343  2.50766616  2.62917946
  0.57094875  2.85887499  1.84046242  2.93598941  0.74775032  0.59307193
  0.19607558  2.8422992   0.10189347  0.07255609 -0.18469336  3.36364426
  0.92559693  2.06719775  3.00453714  0.51314863  1.30945283  1.4009416
  2.28713287  2.55724516  3.53741134  0.0559424 ]
Device (GPU) time: 1.0301 seconds
Iters. done: 243 [Current cost: -20.84560379676656]
Current parameters: [ 3.38437258e+00  3.52364019e+00  1.77146649e+00  1.55070459e+00
 -3.09349818e-02  1.66868258e+00  2.30520670e+00  7.10462489e-01
  2.33539062e+00  3.13357733e+00  2.87835126e+00  3.19543163e+00
  2.45452354e+00  1.34180330e+00  1.70023007e+00  2.97346236e+00
  2.90486912e+00  3.04462596e+00  1.37933550e+00  1.85049272e+00
  1.35670761e+00  4.16922275e+00  2.59977418e+00  1.14853569e+00
  1.15238319e+00  5.87867292e-01  3.51167738e+00  1.36287559e+00
  2.31970317e+00  3.80689002e+00  2.51297655e+00  2.85469315e+00
  2.41353390e+00  3.23852768e+00  4.41466198e+00 -2.59605874e-01
  2.86896165e+00  1.70070335e+00  1.99527496e+00  3.02258083e+00
  2.51913333e+00  2.10800599e+00  3.67711528e-01  2.84094771e+00
  1.64703465e+00  3.15623594e+00  7.89229419e-01  6.07566120e-01
  1.44853831e-01  2.88372798e+00 -5.31360093e-04  4.71576829e-02
 -1.48580457e-01  3.37300401e+00  9.53822021e-01  2.08091325e+00
  3.00166623e+00  5.34853473e-01  1.28513936e+00  1.44421321e+00
  2.32583676e+00  2.57037935e+00  3.55513518e+00  5.80216050e-02]
Device (GPU) time: 1.0810 seconds
Iters. done: 244 [Current cost: -20.930672558366883]
Current parameters: [ 3.39189882  3.55105412  1.80377573  1.54890687 -0.02647276  1.6609633
  2.32286784  0.71660588  2.3635821   3.12391801  2.87663552  3.18508985
  2.44740816  1.33032788  1.68783275  2.97232316  2.93665388  3.08884637
  1.38189294  1.85014891  1.30086577  4.17658664  2.59585556  1.17629998
  1.1024928   0.52677082  3.56358043  1.43207538  2.38584231  3.77572919
  2.6078468   2.82748396  2.44858527  3.18987055  4.4690302  -0.27215522
  2.86861984  1.43708374  2.32393093  2.59379167  2.54840432  2.46102339
  0.48797935  2.87057747  2.33488134  2.90927336  0.75366711  0.81848902
  0.16837841  2.57645591  0.07229747  0.05613135 -0.1789148   3.36851858
  0.92853233  2.18319846  3.00048887  0.49729793  1.30267595  1.37388733
  2.25900559  2.53832936  3.54002423  0.07577472]
Device (GPU) time: 1.0569 seconds
Iters. done: 245 [Current cost: -20.92734830959835]
Current parameters: [ 3.39912174  3.56585162  1.82914905  1.55299631 -0.03306228  1.65912095
  2.33773091  0.7158664   2.37551595  3.11858709  2.87872245  3.18035208
  2.43463058  1.32531791  1.67371741  3.21301681  2.90490321  3.09998482
  1.3829007   1.83662608  1.28309997  4.17902106  2.59468698  1.18945832
  1.09484223  0.51769931  3.56205812  1.4013691   2.39645768  3.76324252
  2.60870165  2.82770522  2.42871088  3.18731449  4.48003402 -0.26737586
  2.86973747  1.44208788  2.32885868  2.59045001  2.51836292  2.45750718
  0.50968505  2.8979009   2.10523126  2.69636158  0.73701098  0.58054882
  0.16371991  2.8480148   0.05057165  0.04223708 -0.20123932  3.36210668
  0.92682252  2.06797816  3.00631947  0.51555446  1.30964545  1.40630053
  2.29109682  2.5602445   3.53630747  0.04987068]
Device (GPU) time: 1.0672 seconds
Iters. done: 246 [Current cost: -20.864309407885315]
Current parameters: [ 3.39881302  3.56241254  1.82650754  1.55315827 -0.03440663  1.66016062
  2.33622481  0.71494964  2.37254098  3.11951577  2.87871586  3.18163679
  2.43501117  1.32659383  1.69645538  2.88464334  2.97107528  3.11361275
  1.37630231  1.83622035  1.29141735  4.19435768  2.59113272  1.19644495
  1.07739366  0.47223691  3.65437389  1.03691486  2.4584543   3.76980296
  2.65827984  2.79772914  2.24110987  3.12313764  4.52859817 -0.22885801
  2.8484895   1.42057953  2.35294977  2.55926933  2.52424599  2.38919033
  0.53838012  2.89643368  2.10710139  2.69426747  0.73596704  0.57912147
  0.16373691  2.84854174  0.03492381  0.04795805 -0.19910229  3.36410538
  0.92906316  2.06673346  3.00541885  0.51604092  1.30741328  1.40722196
  2.29147798  2.55950188  3.53828037  0.05181876]
Device (GPU) time: 1.0598 seconds
Iters. done: 247 [Current cost: -20.82120008601777]
Current parameters: [ 3.39966157  3.56545744  1.83004094  1.55246708 -0.03346182  1.659125
  2.33803625  0.71593269  2.37623755  3.11831956  2.8781455   3.18040511
  2.43479346  1.32513376  1.68888859  2.97200149  2.95645569  3.11428942
  1.37818887  1.83672018  1.28404298  4.19086952  2.59174644  1.19691022
  1.05608418  0.42490913  3.73519551  1.44275125  2.33567274  3.76351382
  2.55281667  2.85805521  2.4460722   3.24932798  4.43189959 -0.27126116
  2.88060878  1.46245841  2.30431865  2.62228628  2.51202254  2.52302038
  0.48127134  2.89881773  2.10566171  2.69695478  0.73816206  0.58057832
  0.16135163  2.84954008  0.06657281  0.03908267 -0.20153318  3.36181525
  0.92707442  2.06841132  3.00655282  0.51610763  1.30957351  1.40744291
  2.29215658  2.56089316  3.53623364  0.04911826]
Device (GPU) time: 0.9980 seconds
Iters. done: 248 [Current cost: -20.88250951893806]
Current parameters: [ 3.38064074  3.56041252  1.78578299  1.55966585 -0.01734731  1.66043756
  2.31680586  0.71569542  2.34969255  3.12917925  2.88852589  3.18352142
  2.44424657  1.33368529  1.69142396  2.96478747  2.92286547  3.0669259
  1.39439633  1.85786518  1.29080098  4.15972574  2.59922429  1.16862678
  1.09405628  0.50138758  3.6139959   1.49835048  2.50886319  3.76924344
  2.2093083   2.76025312  2.4501892   3.06337529  4.56839589 -0.26671339
  2.93956563  1.40074304  2.37386506  2.53171362  2.52686117  2.3261086
  0.56479324  2.89586275  2.10711909  2.68735773  0.75253681  0.5844904
  0.18109279  2.85201028  0.02967773  0.06362213 -0.17344085  3.36416727
  0.93027132  2.07411879  3.00388762  0.51814886  1.30502194  1.4105355
  2.29735039  2.56117784  3.54072161  0.05766661]
Device (GPU) time: 1.1168 seconds
Iters. done: 249 [Current cost: -20.842298015878782]
Current parameters: [ 3.39198067  3.56326338  1.81182619  1.55388645 -0.02561738  1.65915674
  2.32890966  0.71671674  2.36708332  3.1223823   2.88118841  3.1814697
  2.44039217  1.32808639  1.68793527  2.97197553  2.94295796  3.0964164
  1.38507946  1.84735575  1.28418562  4.17722292  2.59494743  1.18506072
  1.09569714  0.52218208  3.55810228  1.43419476  2.46628756  3.7665898
  2.60703916  2.78857512  2.44695335  3.11318746  4.53457702 -0.27033604
  2.87115312  1.41268763  2.36087603  2.73686799  2.50225278  2.5751121
  0.41529216  2.90231301  2.10712708  2.69581929  0.74330135  0.58378902
  0.17171324  2.85736639  0.08461595  0.03389645 -0.18976647  3.36044146
  0.9284331   2.07428303  3.0067594   0.51936853  1.30828207  1.41362442
  2.29946902  2.56445524  3.53701085  0.04906921]
Device (GPU) time: 1.0740 seconds
Iters. done: 250 [Current cost: -20.991852566111476]
Current parameters: [ 3.39049659  3.56492021  1.81007653  1.55753649 -0.026333    1.65977893
  2.32900667  0.71532624  2.36304393  3.12351828  2.88449111  3.18148508
  2.43728717  1.32921731  1.69117892  2.96822019  2.94084452  3.09175605
  1.38630451  1.84529486  1.28632673  4.17649089  2.59513155  1.18476615
  1.09995739  0.52611485  3.55600764  1.43554347  2.49210012  3.76770716
  2.60812638  2.77357106  2.44719316  3.08393149  4.55615852 -0.26698122
  2.8705978   1.69381757  2.02947607  2.42896613  2.50681759  2.6488288
  0.55146538  2.89300388  2.1044594   2.690334    0.76205079  0.58144779
  0.14957297  2.84302601  0.10148424  0.06556742 -0.18872133  3.36447919
  0.92741795  2.06795373  3.00430812  0.5141987   1.30789105  1.40310139
  2.28881389  2.55765072  3.53855126  0.05613071]
Device (GPU) time: 1.0881 seconds
Iters. done: 251 [Current cost: -20.84728068579123]
Current parameters: [ 3.39252153  3.56679152  1.81549758  1.55642862 -0.02710358  1.65911591
  2.33162003  0.71591469  2.36724673  3.12198544  2.88320785  3.18060823
  2.43657514  1.32773473  1.68961395  2.97187655  2.94494855  3.09838615
  1.38519733  1.84403566  1.28203002  4.17914444  2.5943589   1.18849173
  1.09601605  0.52253363  3.55648648  1.43395453  2.38987641  3.76534611
  2.60522791  2.82800479  2.44685706  3.19336958  4.47486217 -0.26987166
  2.87007798  1.44443756  2.32638118  2.55484464  2.69946497  2.44822997
  0.43130381  3.01957133  2.10474896  2.71126971  0.73977188  0.59063813
  0.16665406  2.88105578  0.11372078  0.04794902 -0.19486022  3.35829887
  0.93003469  2.08134702  3.00905493  0.53023506  1.30937398  1.4331644
  2.31881213  2.5762642   3.53707423  0.03759594]
Device (GPU) time: 0.9867 seconds
Iters. done: 252 [Current cost: -20.937347584178394]
Current parameters: [ 3.39533202e+00  3.54945407e+00  1.80949032e+00  1.54271839e+00
 -2.59156483e-02  1.65968409e+00  2.32418170e+00  7.19014526e-01
  2.37203542e+00  3.12133843e+00  2.87086153e+00  3.18461927e+00
  2.45172348e+00  1.32780487e+00  1.68271332e+00  2.97028252e+00
  2.94420912e+00  3.10014442e+00  1.37915498e+00  1.85249746e+00
  1.29551397e+00  4.17973616e+00  2.59501784e+00  1.17909431e+00
  1.09602990e+00  5.24385349e-01  3.55675207e+00  1.43375018e+00
  2.39151532e+00  3.77315521e+00  2.60881177e+00  2.83151051e+00
  2.45156056e+00  3.19303459e+00  4.47115025e+00 -2.80413854e-01
  2.86752112e+00  1.43478367e+00  2.32342205e+00  2.38897747e+00
  2.34775702e+00  2.38557770e+00  1.05212394e-01  2.83299819e+00
  2.11953884e+00  2.69396188e+00  7.46352431e-01  5.81452090e-01
  1.57851681e-01  2.87673800e+00 -3.23187091e-03  6.65937848e-02
 -1.84867627e-01  3.35579763e+00  9.34270019e-01  2.08227190e+00
  3.00949300e+00  5.25132643e-01  1.30402279e+00  1.42723333e+00
  2.31239415e+00  2.57120908e+00  3.53692117e+00  4.35820575e-02]
Device (GPU) time: 1.1458 seconds
Iters. done: 253 [Current cost: -20.93343719316468]
Current parameters: [ 3.39070888  3.56740423  1.81199947  1.55764893 -0.02556526  1.65911046
  2.33015909  0.71584946  2.36492514  3.12290711  2.88467446  3.18059591
  2.43674945  1.32838337  1.68992899  2.97183664  2.9421117   3.09440654
  1.38702556  1.84568402  1.28134473  4.1762458   2.59499263  1.18656542
  1.09630987  0.52218645  3.55823543  1.43457049  2.38752449  3.76492187
  2.60680953  2.82518866  2.44564435  3.19159943  4.47379661 -0.26682348
  2.87218961  1.44484658  2.32635407  2.59429572  2.50604849  2.4619599
  0.50742848  2.91930159  2.11043194  2.70226197  0.7453415   0.59215718
  0.17300534  2.88403187  0.05383028  0.0478317  -0.19073138  3.42262993
  0.92851491  2.09245202  3.01013785  0.28187609  1.30940463  1.43079881
  2.30863264  2.57491143  3.53729723  0.0326449 ]
Device (GPU) time: 1.1930 seconds
Iters. done: 254 [Current cost: -20.92666055402156]
Current parameters: [ 3.38139325  3.56872248  1.79338331  1.56636118 -0.02082551  1.6605231
  2.3228272   0.71352022  2.34887559  3.12863422  2.8939663   3.18161342
  2.43489712  1.33323499  1.69607376  2.96350328  2.92664199  3.06991727
  1.39503284  1.84993699  1.28661246  4.16373935  2.59797974  1.17612966
  1.10625709  0.52946503  3.56069439  1.43967637  2.37192574  3.76761373
  2.61606268  2.81402567  2.44268939  3.18563688  4.46568914 -0.25087853
  2.87850072  1.44683796  2.32691414  2.60189818  2.48610255  2.45379756
  0.51015969  2.93513192  2.1172309   2.70077919  0.7708902   0.61014946
  0.20236784  2.91100036  0.06730643  0.06765408 -0.17012149  3.35779486
  0.88142098  2.10272735  3.07763942  0.55122885  1.30733529  1.45518218
  1.93579131  2.58798536  3.54130208 -0.25743892]
Device (GPU) time: 1.0129 seconds
Iters. done: 255 [Current cost: -20.963132533641122]
Current parameters: [ 3.392579    3.56492697  1.81430202  1.55494489 -0.02664162  1.65913719
  2.33053547  0.71632522  2.36758352  3.1220168   2.88193968  3.18103878
  2.43844162  1.32779278  1.68872256  2.97193295  2.94446962  3.09812336
  1.38480952  1.84538963  1.28322521  4.17871098  2.59453741  1.18713266
  1.09580458  0.52242135  3.55697495  1.43396306  2.38982491  3.76604087
  2.60584369  2.82789359  2.4471233   3.19297317  4.4743538  -0.27065143
  2.87023232  1.44338175  2.32601266  2.59376723  2.46340784  2.46319914
  0.50742836  3.01548857  2.10465934  2.70970397  0.74145374  0.58938611
  0.16667361  2.87873852  0.03637547  0.04513906 -0.19307101  3.36136061
  0.91140673  2.08159086  2.96695921  0.51643812  1.30882555  1.43071672
  2.1715499   2.57469177  3.53700256  0.21559256]
Device (GPU) time: 1.1439 seconds
Iters. done: 256 [Current cost: -20.950296230724263]
Current parameters: [ 3.38514199  3.56009474  1.79559456  1.55918413 -0.02302288  1.66102576
  2.3217096   0.71459645  2.35347065  3.12723664  2.88691057  3.18354247
  2.44068355  1.33262022  1.69345499  2.96145876  2.930146    3.07554857
  1.38963171  1.85052776  1.29489797  4.16847332  2.59732752  1.17469855
  1.10732045  0.53232567  3.55721972  1.43906298  2.37531546  3.77241253
  2.61558141  2.82005625  2.4469813   3.1885203   4.46512961 -0.25963298
  2.87365106  1.44209695  2.32580237  2.60223557  2.35649888  2.45569473
  0.5108443   3.2209319   2.03726101  2.6570165   0.7653747   0.53535998
  0.18911099  2.65339349  0.01881439  0.06435279 -0.17172165  3.36774263
  0.94462581  1.99830676  3.03611313  0.52127153  1.30460508  1.2539708
  2.40066369  2.46770143  3.54142156 -0.07962176]
Device (GPU) time: 1.1084 seconds
Iters. done: 257 [Current cost: -20.901854329314563]
Current parameters: [ 3.39330605  3.56475963  1.81576064  1.55451684 -0.02728035  1.65913848
  2.33116952  0.71633403  2.36850352  3.12164455  2.88140335  3.18102543
  2.43829214  1.32752927  1.68863366  2.97194661  2.94563166  3.09973611
  1.38409024  1.84466871  1.2834502   4.17989595  2.59427478  1.18796565
  1.09569532  0.52256584  3.55625033  1.43371481  2.39077362  3.76618208
  2.605181    2.82903166  2.44760004  3.19370241  4.47480424 -0.27184502
  2.86937595  1.44326201  2.32603923  2.59360736  2.51812343  2.46370692
  0.50758458  2.89811224  2.11717013  2.70716174  0.73914079  0.59342644
  0.16411673  2.94977     0.05284017  0.04368252 -0.19480869  3.46524823
  0.92749216  2.18401323  3.00567141  0.55006641  1.30883653  1.26565644
  2.29501171  2.47683706  3.53691587  0.0529191 ]
Device (GPU) time: 0.9808 seconds
Iters. done: 258 [Current cost: -20.84045805856465]
Current parameters: [ 3.39792491  3.56291572  1.82542445  1.55678481 -0.03642944  1.66120714
  2.33659497  0.71309568  2.3681308   3.12064977  2.88176613  3.18206787
  2.43147952  1.32796966  1.69549962  2.96023154  2.9523019   3.10454068
  1.37784764  1.83257195  1.29639574  4.19140901  2.59201579  1.19391802
  1.1073981   0.53670508  3.54166184  1.43491331  2.39185321  3.77343134
  2.60192371  2.84124709  2.45513471  3.20332236  4.47441112 -0.27833337
  2.8571497   1.44339521  2.32759194  2.60064148  2.51991679  2.46455294
  0.51549757  2.89153394  2.00454726  2.59324071  0.71812547  0.4609652
  0.14291263  2.73140089  0.04337818  0.03589317 -0.20866841  3.14685831
  0.93076759  2.45268612  3.00555692  0.48091379  1.30624144  1.45391081
  2.29523361  2.58609256  3.54056168  0.04712839]
Device (GPU) time: 1.0918 seconds
Iters. done: 259 [Current cost: -20.8707562343922]
Current parameters: [ 3.39232419  3.5727614   1.81805814  1.56244134 -0.0253092   1.65895406
  2.33065827  0.71673483  2.36597886  3.12226191  2.89267155  3.17900701
  2.43135372  1.32688825  1.69226261  2.97128662  2.94189038  3.08385395
  1.39748411  1.84225205  1.27822567  4.17571584  2.59487937  1.18862372
  1.09685723  0.52228099  3.55841631  1.43481656  2.38628497  3.76341599
  2.6064489   2.82363641  2.44447284  3.19151796  4.47428563 -0.26328985
  2.87286055  1.44744641  2.32714007  2.59482373  2.5140874   2.46124624
  0.50809861  2.90005085  2.13549243  2.72599806  0.74498222  0.62124247
  0.17680179  2.92965986  0.0578106   0.04817103 -0.19173496  3.18005836
  1.00202867  2.03174662  3.0265817   0.47098459  1.30275065  1.32686463
  2.28630142  2.51111609  3.53164258  0.0556694 ]
Device (GPU) time: 1.0697 seconds
Iters. done: 260 [Current cost: -20.952613631378046]
Current parameters: [ 3.37283225  3.54845109  1.76842614  1.55118802 -0.03038504  1.6629607
  2.32894451  0.70313824  2.33712117  3.13268034  2.8576399   3.18901785
  2.44950578  1.34283251  1.69398017  2.95685573  2.93228887  3.13119527
  1.33414572  1.85409485  1.30684673  4.17471668  2.59660317  1.17464905
  1.11422237  0.54051742  3.54731945  1.4400211   2.37702845  3.77733098
  2.61394859  2.82963996  2.45223304  3.1938319   4.46417436 -0.26757504
  2.86674952  1.43891646  2.32583145  2.60580317  2.51099019  2.45699127
  0.51431636  2.88493568  2.13400262  2.7072017   0.7534605   0.60409964
  0.17197465  2.8990576   0.0623485   0.05917425 -0.18071717  3.23569703
  0.49149817  2.0269768   2.8806833   0.49714513  1.34735794  1.36414245
  2.35967729  2.54568207  3.57787176  0.02324668]
Device (GPU) time: 1.0738 seconds
Iters. done: 261 [Current cost: -20.82240263661701]
Current parameters: [ 3.37091019  3.53125141  1.79265077  1.57960975 -0.05743951  1.65450909
  2.18491156  0.69706136  2.36864689  3.26269487  2.84250823  3.20907704
  2.4815003   1.35340478  1.67785765  2.98620902  2.9745814   3.09264458
  1.41177277  1.86804999  1.29711449  4.20794151  2.58660022  1.18087337
  1.08353304  0.52648282  3.57230758  1.42263472  2.4017579   3.79778201
  2.61142955  2.82750152  2.46734254  3.20247897  4.47118325 -0.29755952
  2.84418093  1.42844723  2.32005547  2.59189003  2.52994245  2.46848226
  0.51198775  2.89534043  2.10878905  2.68887494  0.74152502  0.56806033
  0.14123357  2.85077324  0.04758747  0.04766953 -0.14920842  3.35924935
  0.92848225  2.06599434  3.0339274   0.51043377  1.31339731  1.38935009
  2.28634036  2.57867465  3.51720126  0.06094453]
Device (GPU) time: 1.0547 seconds
Iters. done: 262 [Current cost: -20.839924716809712]
Current parameters: [ 3.34530646  3.50772424  1.61610189  1.43322417 -0.07015665  1.66704644
  2.50595315  0.72932657  2.28479543  2.96892393  2.78135102  3.20770217
  2.51468203  1.34679066  1.6644686   2.9764271   3.00770083  2.9715312
  1.53581464  1.86437347  1.34381372  4.2445047   2.57885183  1.1699635
  1.08293816  0.54470934  3.57047755  1.4136159   2.41914588  3.84345479
  2.61721189  2.84839378  2.49942022  3.21984409  4.46366896 -0.34717435
  2.80614291  1.39880505  2.31132502  2.59511835  2.55000245  2.47696695
  0.51983515  2.87701269  2.12157424  2.68099029  0.72821971  0.53306565
  0.07879841  2.8388474   0.02975622  0.04346036 -0.11457817  3.36233567
  0.93395408  2.03414077  3.08587832  0.50919038  1.34567869  1.4079997
  2.27270884  2.54745743  3.59117306  0.0751226 ]
Device (GPU) time: 1.0150 seconds
Iters. done: 263 [Current cost: -20.828346284831486]
Current parameters: [ 3.38880167  3.56032922  1.80238347  1.54392406 -0.1635712   1.65077227
  2.33229776  0.73878501  2.36563738  3.1249409   3.06232101  3.24739741
  2.45687634  1.31928289  1.68406707  2.97479754  2.93801976  3.09034495
  1.38673165  1.86139994  1.28837794  4.17224126  2.59607133  1.17400252
  1.09387381  0.52147186  3.5671325   1.43416182  2.38394415  3.77271838
  2.61445709  2.8182936   2.44760525  3.18709969  4.46823309 -0.26853191
  2.87351893  1.43776916  2.32339005  2.59427213  2.51464787  2.45991638
  0.50551782  2.89568965  2.10720534  2.68656159  0.76656405  0.58539658
  0.18307152  2.85256407  0.06575292  0.06047983 -0.16512612  3.36433668
  0.92809174  2.07681659  3.00728405  0.51910841  1.3473818   1.40806461
  2.2997169   2.56779183  3.57397342  0.06036376]
Device (GPU) time: 1.0791 seconds
Iters. done: 264 [Current cost: -20.96520317606278]
Current parameters: [ 3.40546492  3.48639548  1.85053447  1.49646433  0.31865498  1.69300161
  2.38927808  0.58135277  2.38955742  3.1499754   3.10290557  3.30676004
  2.4712951   1.32421531  1.68167453  2.95211315  2.95659664  3.13850481
  1.33770186  1.85054335  1.3333153   4.20161267  2.59183695  1.17335177
  1.11381738  0.5491246   3.53360568  1.43462049  2.39598108  3.79468391
  2.60756372  2.85556493  2.4703537   3.20849913  4.46591769 -0.30641115
  2.84378609  1.42224037  2.32200248  2.60445516  2.52873639  2.46761001
  0.5172501   2.87465256  2.11886095  2.68933683  0.71890807  0.55005427
  0.10974719  2.83087114  0.03741857  0.03776653 -0.19496354  3.36630031
  0.94529555  2.0280608   3.027821    0.52405576  1.34642755  1.39059897
  2.28200855  2.6175882   3.5216358   0.05216357]
Device (GPU) time: 1.0657 seconds
Iters. done: 265 [Current cost: -20.77195106210405]
Current parameters: [ 3.39040405  3.59789679  1.78095134  1.38730467 -0.00686804  1.66460811
  2.26848111  0.70597059  2.35492799  3.1336451   2.92757448  3.04106868
  2.41460852  1.29876702  1.69424654  2.97936722  2.94303637  3.09511651
  1.38825355  1.85846336  1.27911696  4.17707353  2.59333483  1.18689405
  1.093187    0.52308817  3.57145849  1.43236749  2.38333474  3.77542824
  2.61393116  2.81355835  2.44820021  3.19008182  4.4702884  -0.26076095
  2.86866864  1.44490833  2.32520802  2.59590777  2.5124295   2.45848366
  0.50974808  2.90052242  2.10368457  2.68719525  0.76353609  0.59178752
  0.19092061  2.85665811  0.06650875  0.06129402 -0.15934834  3.35880191
  0.92653201  2.08277941  3.00725186  0.51919086  1.3189087   1.40085429
  2.30237629  2.58526529  3.51552627  0.0565391 ]
Device (GPU) time: 1.0844 seconds
Iters. done: 266 [Current cost: -20.92478249076764]
Current parameters: [ 3.35004547  3.43297849  1.77909059  1.8320771  -0.05087048  1.65758266
  2.45471491  0.6788857   2.3424637   3.15346142  2.96263985  2.88111923
  2.36719839  1.27706296  1.6679507   2.95386281  2.93436374  3.09973068
  1.35833034  1.88240731  1.33936481  4.17812989  2.59827371  1.13474841
  1.1120123   0.54437402  3.55352439  1.43826904  2.37637148  3.79798791
  2.62628635  2.82989518  2.46419719  3.19010653  4.45167228 -0.29285085
  2.86173565  1.4139349   2.31768216  2.60578729  2.51764913  2.45822059
  0.5105044   2.8702837   2.12208769  2.67171158  0.77967997  0.56434918
  0.15855764  2.83848197  0.06822384  0.07430555 -0.14212904  3.37368166
  0.94720021  2.04700601  3.01777393  0.53309474  1.2661431   1.39383922
  2.3013086   2.63500494  3.52136111  0.0709256 ]
Device (GPU) time: 0.9732 seconds
Iters. done: 267 [Current cost: -20.83806180793926]
Current parameters: [ 3.40629384  3.58604643  1.84449685  1.55115422 -0.03562509  1.69305874
  2.33878406  0.7180294   2.35966027  3.11930906  2.90456429  3.1262108
  2.52686683  1.4445589   1.51342785  2.9557986   2.93502364  3.09527291
  1.37710345  1.82192152  1.27885611  4.17119032  2.59047968  1.22478269
  1.09957412  0.52274889  3.55176103  1.43664728  2.39444104  3.76258382
  2.60154365  2.83643327  2.443802    3.19604739  4.47999972 -0.26297711
  2.8704951   1.44959336  2.32837219  2.59413664  2.51653591  2.462779
  0.50870739  2.900696    2.10309776  2.69960044  0.73138785  0.5831526
  0.16624381  2.84856899  0.04949699  0.03754804 -0.21058338  3.35959546
  0.92500516  2.06859999  3.0052565   0.51531335  1.30645586  1.40688751
  2.290872    2.56024296  3.53842132  0.04523614]
Device (GPU) time: 1.1320 seconds
Iters. done: 268 [Current cost: -21.022734488963135]
Current parameters: [ 3.36059844  3.72190095  1.82542502  1.54264402 -0.08470202  1.89976152
  2.33088791  0.7065311   2.37570814  3.12435816  2.87647266  3.21983731
  2.16049614  1.54906194  1.74542971  2.9429247   2.93519569  3.10325805
  1.3537107   1.85604236  1.34351521  4.17912622  2.60332395  1.12865555
  1.11943329  0.5435193   3.52360573  1.44273086  2.38467382  3.77467359
  2.61016451  2.85468714  2.45911994  3.19414704  4.45916962 -0.30633249
  2.86845667  1.41469442  2.32057144  2.60293705  2.52420421  2.46593274
  0.50636481  2.86646437  2.12414853  2.68642286  0.7373429   0.54861696
  0.11825622  2.82511964  0.04674539  0.0442869  -0.21189397  3.37858876
  0.94935739  2.02419163  3.01058844  0.52869148  1.24014012  1.41690043
  2.2848611   2.57562461  3.5793318   0.05829094]
Device (GPU) time: 1.0752 seconds
Iters. done: 269 [Current cost: -20.74888928731591]
Current parameters: [ 3.36003261  3.58174669  1.7866851   1.56468143 -0.01645432  1.63525476
  2.319784    0.70948114  2.35847781  3.1289702   2.89309954  3.18557265
  2.42417726  1.32816252  1.68171698  2.97493799  2.96351696  3.09235549
  1.3965478   1.70832707  1.29611704  4.13074367  2.40785207  1.14445599
  1.09545618  0.5207428   3.55753022  1.43442719  2.38031824  3.75889226
  2.60856714  2.8178704   2.4442576   3.18640992  4.46894116 -0.2708204
  2.87848821  1.44152409  2.32541019  2.59398068  2.51434944  2.4621098
  0.50456796  2.89626732  2.10646961  2.69122436  0.75185917  0.5844237
  0.17500558  2.84999482  0.06142023  0.05256235 -0.18838796  3.36462098
  0.92640316  2.07297652  3.00568036  0.51848855  1.30563458  1.40828554
  2.29697255  2.56426099  3.54146518  0.05597244]
Device (GPU) time: 0.9891 seconds
Iters. done: 270 [Current cost: -21.006058485726363]
Current parameters: [ 3.22539597  3.77748146  1.99578653  1.55024114 -0.03375813  1.35499797
  2.35121816  0.68782126  2.2303038   3.09462716  2.8490151   3.1955662
  2.44756493  1.31462477  1.65290989  2.93031443  2.92956233  3.09604425
  1.36064374  1.89176644  1.3342759   4.18960409  2.64254505  1.12333923
  1.12995171  0.5532937   3.5229971   1.44550162  2.36838274  3.77305055
  2.61375757  2.84104774  2.45629863  3.19327801  4.45478989 -0.28575015
  2.86965464  1.42678538  2.32453446  2.61227347  2.51243811  2.45855271
  0.51412616  2.8675416   2.12120304  2.68158606  0.74470121  0.56340175
  0.14519982  2.82921698  0.05821058  0.05682216 -0.20288074  3.37260875
  0.95552041  2.03074689  2.99506339  0.53874104  1.28758361  1.44861448
  2.29753029  2.56105698  3.54467464  0.05157935]
Device (GPU) time: 1.1423 seconds
Iters. done: 271 [Current cost: -20.602566381589003]
Current parameters: [ 3.36082305  3.55888093  1.71760737  1.54709833 -0.03535217  1.65310913
  2.32376126  0.73567704  2.3356336   3.09460408  2.88093129  3.20395791
  2.4637764   1.33483434  1.67819425  2.98357131  2.97375806  3.18168362
  1.26846126  1.86317742  1.29134693  4.14197885  2.6011974   1.19825997
  1.08889026  0.5251324   3.55829286  1.42640457  2.36152676  3.77879693
  2.60338015  2.75588148  2.46036902  3.19980845  4.47275241 -0.2876212
  2.85342847  1.43554521  2.32298812  2.59252668  2.52584646  2.46775505
  0.51079706  2.89708952  2.1069324   2.69284175  0.73424431  0.57245002
  0.14599691  2.84974576  0.04758224  0.04333546 -0.17208963  3.35932212
  0.97550098  2.06620166  2.92359534  0.51177382  1.24253959  1.41328508
  2.28097902  2.54113702  3.492827    0.03134874]
Device (GPU) time: 1.1538 seconds
Iters. done: 272 [Current cost: -20.801900505833636]
Current parameters: [ 3.47955457  3.49281081  1.96035186  1.50669586 -0.06568628  1.65890972
  2.35908321  0.70001128  2.52137806  3.11945508  2.80214649  3.18644896
  2.41512964  1.28511731  1.65697292  2.94250735  2.99470324  2.96171607
  1.31850819  1.80906943  1.32435362  3.99009897  2.63568917  1.21182934
  1.10817957  0.54335188  3.52988071  1.43140922  2.25357473  3.77690874
  2.60079135  2.56777754  2.46948728  3.19980457  4.45899719 -0.29207909
  2.84984517  1.42599877  2.32161163  2.60372441  2.52252678  2.46475902
  0.51626311  2.88074608  2.11543734  2.68257097  0.74036802  0.56448141
  0.13777498  2.84110546  0.05312865  0.05522223 -0.16285882  3.36367803
  0.90254683  2.04801318  3.106565    0.52509831  1.35799042  1.41547604
  2.29788291  2.58082963  3.58947657  0.07805987]
Device (GPU) time: 0.9758 seconds
Iters. done: 273 [Current cost: -20.656519333850444]
Current parameters: [ 3.25246198  3.599226    1.80821465  1.58361931  0.02683705  1.6953653
  2.32966432  0.74983737  2.46941354  3.09295717  2.87896495  3.19375098
  2.48444395  1.35932057  1.69811097  2.984046    2.93157691  3.07499106
  1.39992365  1.86591924  1.28123549  4.17441882  2.60201573  1.19937255
  1.10258529  0.52281077  3.58985302  1.43294299  2.38061758  3.78806905
  2.62524218  2.80742937  2.45415551  3.18453713  4.46461115 -0.2241821
  2.86980606  1.44163848  2.32268845  2.59760857  2.50717494  2.45235811
  0.50975861  2.90014538  2.10415629  2.67658853  0.79800071  0.60094153
  0.21998089  2.86335064  0.08266618  0.08267878 -0.11738994  3.35917066
  0.92952478  2.09564135  3.00166842  0.52358673  1.30653887  1.42054593
  2.31335278  2.56685497  3.54031023  0.06517555]
Device (GPU) time: 1.0996 seconds
Iters. done: 274 [Current cost: -20.944289260486908]
Current parameters: [ 3.4377271   3.52316519  1.78518218  1.53594236 -0.06458352  1.63704077
  2.33150222  0.6994228   2.38585487  3.12691091  2.85995009  3.19987421
  2.40399627  1.3013342   1.65900315  2.96553557  3.01298311  3.14006137
  1.3863056   1.76026596  1.32444216  4.26388972  2.63561561  1.18381105
  1.28916781  0.53049452  3.55904541  1.43290687  2.39617714  3.75640787
  2.59403563  2.85484812  2.55178446  3.19193985  4.45995352  0.12709749
  2.86536842  1.41732555  2.3194204   2.59479143  2.52825604  2.47064337
  0.50399115  2.8786705   2.1184444   2.68790213  0.73660595  0.55490693
  0.12138711  2.83571288  0.04787413  0.04506766 -0.18987558  3.37350833
  0.94261446  2.04304746  3.01235358  0.51845925  1.29662826  1.40714527
  2.28311245  2.5619838   3.54055482  0.06081451]
Device (GPU) time: 1.0529 seconds
Iters. done: 275 [Current cost: -21.020529302006207]
Current parameters: [ 3.40610628  3.5839428   1.82160099  1.56585699 -0.02379255  1.65380915
  2.31192927  0.75825325  2.3695795   3.08383893  2.92767075  3.18682934
  2.44257348  1.31456442  1.69360634  2.97607108  2.97467841  3.10261454
  1.38162133  1.84084531  1.27867572  4.18094761  2.59470375  1.20130522
  1.09170765  0.52289036  3.56701097  1.44473439  2.40665777  3.78132976
  2.61628259  2.82868696  2.45265703  3.18792845  4.47929209 -0.27474232
  2.86137635  1.44776005  2.32873682  2.59495245  2.51710707  2.44903498
  0.5104348   2.89987083  2.10368328  2.69847751  0.74503938  0.58335964
  0.15813616  2.84854211  0.04806065  0.04901001 -0.19592106  3.36067291
  0.85684056  2.06904944  3.14837662  0.51591585  1.18007011  1.43015086
  2.30067756  2.52197897  3.44711441  0.08094865]
Device (GPU) time: 1.0678 seconds
Iters. done: 276 [Current cost: -20.887588184834556]
Current parameters: [ 3.39582942  3.50085202  1.71332284  1.53649011 -0.01689116  1.66406053
  2.27972947  0.73951048  2.36456122  3.11850932  2.86718804  3.21192701
  2.48591758  1.32191463  1.67146244  2.91504352  2.64388838  3.05295468
  1.41050424  1.8640962   1.33176394  4.17102923  2.59440436  1.10055233
  1.14281093  0.53483793  3.45093546  1.34484538  2.25210384  3.63602809
  2.51173105  2.86779518  2.39182866  3.24755817  4.43297104 -0.24385443
  2.94367257  1.41280745  2.30591599  2.59390938  2.51443799  2.58587111
  0.4901218   2.87740457  2.11988342  2.66206445  0.69570599  0.56705725
  0.24429912  2.85169091  0.10523267  0.00572    -0.18854068  3.36637294
  0.93214649  2.0657223   3.0628246   0.52612686  1.24138211  1.43540666
  2.30569539  2.55118007  3.50712566  0.08933564]
Device (GPU) time: 1.1045 seconds
Iters. done: 277 [Current cost: -20.840751569757686]
Current parameters: [ 3.40269767  3.54276431  1.83024396  1.59471807 -0.03626098  1.66135328
  2.21475813  0.6598103   2.34204645  2.95368823  2.87980713  3.1923252
  2.43196216  1.34386265  1.68673401  2.97338443  2.94588915  3.09382661
  1.39043104  1.84958045  1.28259417  4.17863519  2.59369494  1.18074243
  1.09557433  0.52240438  3.55995483  1.43331977  2.38667263  3.76693539
  2.6075992   2.82251311  2.44753487  3.19171576  4.47266428 -0.26795354
  2.8706705   1.44328643  2.32570415  2.59419332  2.5162281   2.46239795
  0.50760297  2.89836357  2.10513381  2.69267896  0.74677224  0.58383047
  0.17204566  2.85099825  0.05746846  0.04923677 -0.18526343  3.36137252
  0.9276547   2.07292184  3.00581153  0.51683833  1.33548965  1.3519479
  2.29494273  2.65728032  3.50982603  0.05266637]
Device (GPU) time: 0.9636 seconds
Iters. done: 278 [Current cost: -20.773050017346748]
Current parameters: [ 3.43954557  3.64237541  1.78950986  1.5417876   0.00600128  1.63665556
  2.37558014  0.9691942   2.41227142  3.1827169   2.86866311  3.19549032
  2.48860335  1.27159244  1.70357622  2.95848112  2.93656873  3.10106086
  1.37484066  1.8203444   1.28671282  4.18302241  2.59723132  1.21919525
  1.10132547  0.52896668  3.54169456  1.44227796  2.40642964  3.76591831
  2.60204489  2.8614896   2.44388937  3.19810286  4.48142614 -0.2815883
  2.86693016  1.44887228  2.32977177  2.59719428  2.51787432  2.46037466
  0.51084545  2.89548578  2.10551868  2.70277663  0.71965948  0.5760674
  0.14880586  2.84152122  0.04140686  0.03124549 -0.23084992  3.36128335
  0.93001459  2.05517211  3.00185689  0.51768041  1.19224421  1.23004473
  2.2865369   2.86529393  3.66074398  0.03962108]
Device (GPU) time: 1.1018 seconds
Iters. done: 279 [Current cost: -20.75613156273287]
Current parameters: [ 3.35575035e+00  3.51659276e+00  1.84784207e+00  1.55372685e+00
 -5.17507296e-03  1.64733244e+00  2.33315006e+00  8.55218831e-01
  2.33523710e+00  3.12191335e+00  2.89608037e+00  3.17752128e+00
  2.38479007e+00  1.36711833e+00  1.68902527e+00  2.97265345e+00
  2.96078392e+00  3.09467566e+00  1.38888776e+00  1.84148887e+00
  1.27363598e+00  4.17418709e+00  2.59401347e+00  1.18383417e+00
  1.10068856e+00  5.22172280e-01  3.54194140e+00  1.43569070e+00
  2.37608526e+00  3.75760321e+00  2.59350893e+00  2.82825236e+00
  2.42456692e+00  3.20381229e+00  4.48479314e+00 -2.59147050e-01
  2.88156112e+00  1.45517020e+00  2.33283762e+00  2.59115449e+00
  2.51211711e+00  2.47146606e+00  5.04666934e-01  2.90072718e+00
  2.10264538e+00  2.70069841e+00  6.94144800e-01  5.86579417e-01
  1.33440667e-01  2.84784744e+00  5.46223225e-02  1.78523974e-03
 -1.33796307e-01  3.36120566e+00  9.21498362e-01  2.06946670e+00
  3.00441358e+00  5.17147808e-01  1.41115116e+00  1.40814381e+00
  2.29329419e+00  2.56161748e+00  3.43747505e+00  4.51629639e-02]
Device (GPU) time: 1.0659 seconds
Iters. done: 280 [Current cost: -20.894181076426275]
Current parameters: [ 3.39283817  3.44150121  1.81925403  1.50856889 -0.02816097  1.65652795
  2.33549315  0.84015178  2.37873363  3.1319298   2.83537586  3.20046212
  2.42371079  1.35014862  1.66570603  2.94391245  2.90151045  3.12184986
  1.37994701  1.84565236  1.32222186  4.21399598  2.58247226  1.13639829
  1.10127188  0.53965181  3.58757559  1.44003272  2.43437574  3.77617029
  2.65135685  2.83675112  2.53430866  3.14567956  4.4286284  -0.30538204
  2.83250057  1.41168277  2.30746012  2.61749585  2.52753371  2.42069653
  0.52617113  2.8809964   2.11597485  2.67679113  0.90494708  0.56524995
  0.2922328   2.84521058  0.04735687  0.21517121 -0.49386986  3.36240802
  0.95860612  2.05380307  2.99636269  0.52461342  1.39710397  1.44207745
  2.29346945  2.53677446  3.45386625  0.05668266]
Device (GPU) time: 1.1322 seconds
Iters. done: 281 [Current cost: -20.876108417952413]
Current parameters: [ 3.39972419  3.55694541  1.79990532  1.5580596  -0.02745428  1.66673745
  2.33020006  0.71080072  2.36098507  3.1297137   2.87889188  3.18305696
  2.44679881  1.32582992  1.69606732  2.96521514  2.93482674  3.08333912
  1.39279284  1.84489052  1.28684979  4.17620005  2.59409727  1.18384293
  1.10657508  0.5381302   3.53923836  1.42644949  2.37569747  3.77040043
  2.59131692  2.84235904  2.43526419  3.20386395  4.46161356 -0.26260329
  2.87568588  1.51035765  2.25103231  2.70035427  2.51397934  2.37101245
  0.47653898  2.87937169  1.98736491  2.80807644  0.75464238  0.59387092
  0.17168276  2.85453211  0.04215992  0.04302958 -0.18111557  3.36501478
  0.93742218  2.06873681  2.99871221  0.52657824  1.30655484  1.4316821
  2.30455693  2.55598258  3.54749335  0.05063931]
Device (GPU) time: 0.9716 seconds
Iters. done: 282 [Current cost: -20.957107718092296]
Current parameters: [ 3.3804817   3.56924101  1.78976173  1.55767612 -0.0268224   1.65948161
  2.33459352  0.70825725  2.35457488  3.12749456  2.87112944  3.18252469
  2.44018579  1.33364926  1.68912199  2.97316918  2.94006512  3.12346531
  1.35755171  1.85100227  1.28506248  4.17532227  2.59573442  1.18396154
  1.11948432  0.52796565  3.56470662  1.43449197  2.38503527  3.76313094
  2.60602761  2.82403752  2.44207647  3.1911913   4.47265341 -0.27434986
  2.87421857  1.51270459  2.38392106  2.5941056   2.51638221  2.46345686
  0.50560646  2.89735515  2.10559439  2.69388684  0.75224973  0.58228866
  0.17812108  2.84947122  0.05645628  0.04790086 -0.19302319  3.36260346
  0.92760036  2.0722919   3.05464179  0.51711809  1.33997784  1.40393892
  2.29465727  2.56858159  3.55634354  0.06507402]
Device (GPU) time: 1.1427 seconds
Iters. done: 283 [Current cost: -20.9058795331576]
Current parameters: [ 3.43054316  3.54250483  1.84638105  1.55090271 -0.03174226  1.66867841
  2.32798923  0.72077637  2.3942535   3.12252475  2.89654459  3.18273435
  2.44445782  1.31068934  1.69372105  2.95821698  2.94595522  3.02741803
  1.45072974  1.8330473   1.30488781  4.19201811  2.59109674  1.18201515
  1.05752776  0.54369801  3.54528851  1.44100629  2.394622    3.77785396
  2.61254461  2.85100899  2.45319538  3.19549461  4.46986351 -0.25633383
  2.86559508  1.54888354  2.43094551  2.59185344  2.51734426  2.46942275
  0.51236398  2.88748388  2.12136953  2.67937767  0.75243017  0.5729953
  0.16591333  2.84392808  0.05580785  0.05040083 -0.1808912   3.3665504
  0.94016027  2.05670044  2.89161302  0.52390744  1.23958942  1.43888063
  2.29492931  2.53221164  3.50937655  0.02780212]
Device (GPU) time: 1.1103 seconds
Iters. done: 284 [Current cost: -20.93749442729233]
Current parameters: [ 3.3934351   3.5615742   1.80902717  1.56704545 -0.00486327  1.65489316
  2.29339433  0.74762831  2.36881345  3.10442391  2.89392919  3.16611012
  2.43440545  1.32302682  1.68517649  2.9687406   2.91995369  3.08327741
  1.37100656  1.84833013  1.28028451  4.19315359  2.59088183  1.17586503
  1.09196845  0.51838102  3.57826159  1.43404354  2.3993546   3.7280241
  2.62587867  2.81545256  2.47654442  3.18845418  4.48432104 -0.27390413
  2.86325125  1.44457668  2.32972993  2.59527748  2.5184925   2.44807753
  0.5115107   2.89860717  2.10555208  2.69424829  0.72294334  0.58249681
  0.12732503  2.85055513  0.04998165  0.06447599 -0.18859182  3.36159368
  0.92879319  2.06968297  3.00703778  0.51612885  1.31110748  1.42598322
  2.29285188  2.53059095  3.59094662  0.05069457]
Device (GPU) time: 1.0310 seconds
Iters. done: 285 [Current cost: -20.99346446586421]
Current parameters: [ 3.42030498  3.54546974  1.82707894  1.567516   -0.00723893  1.66797352
  2.29796939  0.75204135  2.35853137  3.10485391  2.88155634  3.16031715
  2.44821436  1.31819903  1.70603366  2.97093601  3.00670064  3.14169869
  1.41272993  1.83617803  1.30312886  4.15534649  2.59951553  1.21658243
  1.11435413  0.52908073  3.5212659   1.45906354  2.39043405  3.78524339
  2.59414167  2.87617141  2.39108323  3.27329191  4.56146411 -0.27357041
  2.87186495  1.40789751  2.30531976  2.59023811  2.51474459  2.48140597
  0.51135686  2.88907684  2.11974063  2.68063094  0.77758988  0.57522883
  0.25170519  2.84304778  0.05947662  0.02242973 -0.18773479  3.36439506
  0.94130016  2.05614504  3.00197979  0.5236761   1.3128106   1.45576791
  2.29361954  2.50409129  3.62781494  0.05034323]
Device (GPU) time: 1.1045 seconds
Iters. done: 286 [Current cost: -20.84043234983603]
Current parameters: [ 3.39695691  3.55736152  1.81369997  1.5458775  -0.03009615  1.65641177
  2.33017707  0.71681029  2.38759424  3.11835713  2.87305645  3.18359358
  2.4404908   1.32310471  1.67506678  2.97271687  2.95901237  3.11296085
  1.38310348  1.85155652  1.31026511  4.18979146  2.59481837  1.17272051
  1.09056164  0.52249178  3.56135074  1.4353671   2.36050161  3.77162015
  2.62891139  2.84835008  2.4537993   3.15788391  4.49790217 -0.28278486
  2.96448985  1.44022371  2.32416118  2.59469709  2.51967275  2.45539093
  0.51111142  2.89901902  2.10533494  2.69402422  0.74702453  0.58039508
  0.15826866  2.85105152  0.05138326  0.05442921 -0.18002923  3.3596002
  0.92922497  2.07137116  3.00711153  0.51509518  1.30698815  1.40734277
  2.29225511  2.56028183  3.5360385   0.05102217]
Device (GPU) time: 1.0563 seconds
Iters. done: 287 [Current cost: -20.935040878104573]
Current parameters: [ 3.41522459  3.54866474  1.83846449  1.55419649 -0.03550415  1.68818072
  2.35846532  0.6994146   2.29647942  3.1468746   2.86714251  3.18338291
  2.47402042  1.34101997  1.75343342  2.95270286  2.88338915  3.06375812
  1.35921807  1.80308844  1.14345652  4.16331677  2.58173172  1.27327111
  1.11469574  0.53504375  3.56870372  1.44554059  2.38965494  3.79287921
  2.63715129  2.86447509  2.46540245  3.15708926  4.46052209 -0.25888203
  2.90809697  1.41113571  2.31674281  2.59491896  2.51144005  2.45194421
  0.51506382  2.88659666  2.1193283   2.67027693  0.76332369  0.58509433
  0.15214642  2.84401598  0.06654387  0.07272203 -0.16291281  3.36628789
  0.94150981  2.06160847  2.99843425  0.52815002  1.30823365  1.43158136
  2.30085935  2.55721111  3.53837059  0.05614732]
Device (GPU) time: 0.9704 seconds
Iters. done: 288 [Current cost: -20.937825009492496]
Current parameters: [ 3.39370706  3.56294467  1.815372    1.55260197 -0.0266439   1.65877113
  2.3302065   0.71714728  2.37022928  3.12120662  2.8798752   3.18126564
  2.44000104  1.32722956  1.68683761  2.97195593  2.94627867  3.10084908
  1.38390922  1.84627098  1.28619505  4.17982751  2.59463626  1.18603819
  1.09576808  0.52497745  3.55134261  1.42899367  2.38857629  3.76348028
  2.59869401  2.83149633  2.44597013  3.20063305  4.4767811  -0.27362839
  2.86960908  1.44238605  2.3284589   2.59323085  2.51802421  2.4512198
  0.49722174  2.88271812  2.06141825  2.64387085  0.77017402  0.63325748
  0.13793436  2.8276412   0.11729267  0.03724467 -0.19770066  3.36428512
  0.92456626  2.05907672  3.0032011   0.50398656  1.30827183  1.38527945
  2.27098231  2.54756141  3.53678756  0.06351443]
Device (GPU) time: 1.0693 seconds
Iters. done: 289 [Current cost: -20.95330367944681]
Current parameters: [ 3.4077984   3.55418801  1.81018092  1.54960764 -0.04613431  1.66672361
  2.34986843  0.69764639  2.38309731  3.13016578  2.86602731  3.18943251
  2.44106639  1.32121022  1.68821676  2.9644479   2.9526792   3.10746425
  1.37837937  1.83762292  1.31049818  4.2045185   2.58946604  1.18136868
  1.10470848  0.52419677  3.55705106  1.44786137  2.41101653  3.78056082
  2.61737426  2.84190248  2.45797186  3.18047466  4.45635574 -0.28156891
  2.84421407  1.43069398  2.31941445  2.59160806  2.44368052  2.44613843
  0.54866204  2.93345222  2.10536632  2.67310169  0.62840853  0.69608123
  0.19983404  2.90681541  0.10128806  0.04993547 -0.20210524  3.35884944
  0.94691783  2.09323679  3.01193918  0.55547419  1.30908708  1.48078115
  2.3557904   2.59488029  3.53664272  0.02205751]
Device (GPU) time: 1.0706 seconds
Iters. done: 290 [Current cost: -20.9450974827754]
Current parameters: [ 3.43645372  3.56264943  1.77649693  1.55981425 -0.01331149  1.5887134
  2.33233954  0.71392187  2.39547422  3.12299935  2.88706113  3.18231031
  2.41208465  1.39114732  1.69813299  2.97355092  2.93362816  3.08870975
  1.38516004  1.84872206  1.28450543  4.173684    2.59839066  1.20323203
  1.09272602  0.5223717   3.56567894  1.44071216  2.39319299  3.77015417
  2.61335879  2.82986462  2.43757172  3.18851267  4.47010964 -0.26924492
  2.86904616  1.44205004  2.32501286  2.59457147  2.51530989  2.45893225
  0.50788893  2.89809983  2.10537583  2.69020427  0.75781786  0.58566617
  0.17876387  2.85239573  0.06060996  0.05466678 -0.1720175   3.36164258
  0.92805816  2.07565331  3.00533393  0.51782704  1.3076122   1.41003884
  2.29739396  2.56245406  3.53814857  0.05498306]
Device (GPU) time: 1.0706 seconds
Iters. done: 291 [Current cost: -20.874628775267226]
Current parameters: [ 3.39256744  3.5473224   1.82140349  1.53875192 -0.03823259  1.68349965
  2.33723877  0.70989844  2.37491642  3.12558613  2.86095489  3.18716298
  2.46031998  1.30443409  1.67841348  2.96573973  2.95230717  3.11005048
  1.37833706  1.84750078  1.30256066  4.19398379  2.59164343  1.17199152
  1.09563527  0.52593502  3.5655828   1.53906198  2.41858501  3.67800723
  2.63482278  2.83598445  2.29164574  3.13692534  4.39974593 -0.25466295
  2.84170984  1.42169464  2.31682865  2.59546645  2.52570724  2.45061923
  0.51322333  2.89175139  2.1141156   2.68844256  0.76151814  0.56639753
  0.13999365  2.84449104  0.04653364  0.06813807 -0.16523193  3.36074926
  0.93529133  2.06451367  3.00432589  0.51630014  1.30587319  1.4116509
  2.28921377  2.55531869  3.53580344  0.05416924]
Device (GPU) time: 1.0721 seconds
Iters. done: 292 [Current cost: -20.872254934653338]
Current parameters: [ 3.44362331e+00  3.59123500e+00  1.81450181e+00  1.57238193e+00
  2.23041140e-04  1.67752139e+00  2.33442693e+00  7.34943365e-01
  2.31468146e+00  3.12965453e+00  2.87698850e+00  3.19540139e+00
  2.44445034e+00  1.32825794e+00  1.67255729e+00  2.97982286e+00
  2.95511418e+00  3.09406374e+00  1.39949180e+00  1.87058682e+00
  1.28156918e+00  4.17958350e+00  2.58838677e+00  1.14298739e+00
  1.09577057e+00  5.21710240e-01  3.57089644e+00  1.43039431e+00
  2.37200859e+00  3.76740406e+00  2.61454694e+00  2.79718917e+00
  2.45129169e+00  3.18534950e+00  4.46478813e+00 -2.56686012e-01
  2.87305368e+00  1.44147146e+00  2.32407422e+00  2.59526335e+00
  2.51239299e+00  2.45966774e+00  5.07905489e-01  2.89853120e+00
  2.10526866e+00  2.68484272e+00  7.66720707e-01  5.90772524e-01
  1.91014402e-01  2.85640765e+00  6.94796146e-02  6.21825568e-02
 -1.60737364e-01  3.36100956e+00  9.28928561e-01  2.08276466e+00
  3.00401072e+00  5.19905658e-01  1.30987461e+00  1.41403579e+00
  2.30316908e+00  2.56362302e+00  3.53690284e+00  5.91719353e-02]
Device (GPU) time: 0.9725 seconds
Iters. done: 293 [Current cost: -20.94466720330354]
Current parameters: [ 3.43970814  3.68878688  1.75675553  1.60748332 -0.0280272   1.68953629
  2.32655022  0.71355194  2.42011822  3.12414954  2.88925337  3.16117235
  2.48492409  1.26544618  1.70454503  2.95477407  2.91357204  3.06827862
  1.38230022  1.83111518  1.30931523  4.16676461  2.59949152  1.20008137
  1.10305431  0.52027964  3.56354752  1.44609294  2.40624332  3.77886639
  2.6260881   2.84027028  2.46586744  3.18222561  4.4756453  -0.27123605
  2.86248134  1.42250013  2.31618757  2.58679912  2.52110491  2.45014696
  0.51030134  2.88963775  2.11808838  2.69583365  0.74498228  0.56366114
  0.15746261  2.83660365  0.04016485 -0.03486012 -0.22833371  3.36461956
  0.92984334  2.05559249  2.99220986  0.52000999  1.39817987  1.42657718
  2.28837838  2.53598495  3.47497478  0.04562034]
Device (GPU) time: 1.0779 seconds
Iters. done: 294 [Current cost: -20.942106906741895]
Current parameters: [ 3.40428509  3.55932249  1.83572616  1.54577371 -0.03612003  1.65919119
  2.3389604   0.71711123  2.38281136  3.1161188   2.87367915  3.17637659
  2.45039771  1.33295465  1.70010313  2.96949629  2.93090452  3.10536112
  1.37383446  1.92734927  1.28749155  4.15613342  2.52417252  1.18696024
  1.10489314  0.52354646  3.56013996  1.43474295  2.40191001  3.775119
  2.60565285  2.84339715  2.45383259  3.19736081  4.47832609 -0.24954113
  2.86369766  1.44299656  2.32587754  2.59343353  2.51979307  2.46290676
  0.50907498  2.89862983  2.10505933  2.69597445  0.73825886  0.57926863
  0.16097666  2.84906764  0.05004487  0.04116748 -0.1887193   3.36036459
  0.92849538  2.06816078  3.00731385  0.51447402  1.30813878  1.40593344
  2.29001218  2.55957497  3.53550478  0.04931955]
Device (GPU) time: 1.0520 seconds
Iters. done: 295 [Current cost: -20.80302185696056]
Current parameters: [ 3.36636655  3.58334803  1.78157122  1.57959059 -0.00935982  1.66258006
  2.32423914  0.71001943  2.33376673  3.13647592  2.89810855  3.200475
  2.3767113   1.28951255  1.6458329   2.97391982  2.96755909  3.0716562
  1.4344223   1.89636503  1.29960209  4.23916031  2.54480272  1.34898215
  1.1014854   0.52052568  3.53753436  1.42990209  2.3412049   3.72079506
  2.59770726  2.77038025  2.43973699  3.17697941  4.45785862 -0.26865037
  2.89525372  1.4438769   2.32530714  2.59608485  2.50753981  2.46635987
  0.50159586  2.89558703  2.10812466  2.69364469  0.74236213  0.58695357
  0.18227555  2.84580466  0.06487478  0.05581975 -0.23022277  3.36529323
  0.92123786  2.07272299  2.9992979   0.52295598  1.31163207  1.41534414
  2.3006415   2.56319072  3.54225307  0.05221784]
Device (GPU) time: 1.0669 seconds
Iters. done: 296 [Current cost: -20.83517464898112]
Current parameters: [ 3.4019957   3.56626448  1.83567551  1.55214562 -0.03588448  1.65911374
  2.34089568  0.71566337  2.37899939  3.11708034  2.88180346  3.17005044
  2.45520629  1.34233312  1.71432075  2.96515547  2.90961123  3.14138633
  1.40432103  1.82937408  1.28450781  4.24637188  2.57858801  1.18436245
  1.09371836  0.5232301   3.55367649  1.44551139  2.37285074  3.78701467
  2.60640764  2.7737364   2.44085115  3.20008387  4.48773274 -0.27583056
  2.86313099  1.44340076  2.32629469  2.59310407  2.51879134  2.45696952
  0.50823414  2.89790253  2.10530303  2.69744506  0.74783212  0.57962841
  0.16654776  2.84739797  0.04882851  0.03764876 -0.18368696  3.36223609
  0.92665215  2.06667346  3.00650613  0.51524632  1.31000758  1.40577618
  2.29014415  2.55994533  3.53600237  0.04899224]
Device (GPU) time: 1.0038 seconds
Iters. done: 297 [Current cost: -20.847481711237847]
Current parameters: [ 3.38407646  3.57523719  1.80799164  1.56627966 -0.02249444  1.66060956
  2.3321511   0.71295791  2.35612093  3.12672584  2.91394614  3.13273975
  2.53265642  1.41136357  1.80559477  2.99381224  3.03737543  3.06933799
  1.40914847  1.86024236  1.28228061  4.1729606   2.60150728  1.16576951
  1.10768079  0.51896134  3.53299706  1.41377022  2.34828726  3.68800345
  2.58850242  2.80441238  2.45221809  3.17317199  4.4452145  -0.25908675
  2.89990867  1.44588938  2.32699817  2.59500498  2.5117485   2.47896977
  0.50134694  2.89675809  2.10657741  2.69552102  0.71299183  0.58350103
  0.16135576  2.84675166  0.06128485  0.05200841 -0.25928835  3.36395725
  0.92393429  2.06977636  3.00304878  0.51903788  1.31096927  1.41030836
  2.29542343  2.56168591  3.53904616  0.05082423]
Device (GPU) time: 1.2040 seconds
Iters. done: 298 [Current cost: -20.893306537476807]
Current parameters: [ 3.40016282  3.56365697  1.83050344  1.54947096 -0.03293885  1.65691836
  2.3376379   0.71710264  2.38456729  3.11644302  2.87619475  3.18048093
  2.43410527  1.32332077  1.68233577  2.97220589  2.96272109  3.11942831
  1.3791032   1.84036193  1.2965576   4.19429224  2.59255088  1.18979811
  1.09305161  0.52319911  3.54720129  1.40787666  2.40392274  3.70781358
  2.5927737   2.8412583   2.49236073  3.17793898  4.446167   -0.29638676
  2.85363566  1.4432182   2.32300046  2.59179675  2.5187009   2.46356849
  0.50788064  2.89892308  2.10440619  2.69766823  0.76616714  0.5796583
  0.20367364  2.84807816  0.05043839  0.01759797 -0.15250575  3.36023368
  0.92616519  2.06867026  3.00631063  0.51472455  1.30863162  1.40574535
  2.29026615  2.55976262  3.53636285  0.04842779]
Device (GPU) time: 1.1210 seconds
Iters. done: 299 [Current cost: -20.88214583113711]
Current parameters: [ 3.3936883   3.54458744  1.83781797  1.55217506 -0.03658031  1.69837822
  2.35161859  0.69937588  2.29251639  3.14648675  2.86817016  3.18658436
  2.4671728   1.32226015  1.7383189   2.95395961  2.89374764  3.0577566
  1.35281187  1.77469407  1.1434964   4.1505476   2.61161244  1.26272522
  1.11103492  0.53403589  3.56694805  1.43382586  2.39555866  3.78549369
  2.63285173  2.87944807  2.47928768  3.15788312  4.45977852 -0.26945712
  2.90853907  1.41444342  2.31743407  2.59470787  2.51209151  2.45592673
  0.51472782  2.88883325  2.12250483  2.67748736  0.76146315  0.579167
  0.16148209  2.8462681   0.05936966  0.06966833 -0.16128632  3.36584133
  0.94048157  2.06316272  2.9995847   0.52815277  1.30609902  1.43098839
  2.30198832  2.55918851  3.53991492  0.05475618]
Device (GPU) time: 1.0658 seconds
Iters. done: 300 [Current cost: -20.84618931828407]
Current parameters: [ 3.38473616  3.56824731  1.80667242  1.55106938 -0.03561145  1.66285339
  2.35142951  0.69478397  2.36213792  3.13691382  2.87873066  3.19058351
  2.43913229  1.32917387  1.68848839  2.96935853  2.93794077  3.08468523
  1.389981    1.84387007  1.2835594   4.17098018  2.60018154  1.18164476
  1.09487871  0.51415239  3.57356693  1.44661308  2.39697621  3.70635414
  2.62788565  2.82003063  2.45394747  3.23317532  4.54678611 -0.26630987
  2.86759257  1.44350697  2.32556687  2.59654832  2.5149377   2.44504731
  0.51019289  2.89784374  2.10633876  2.69306749  0.74625721  0.58479224
  0.17453649  2.84940805  0.05423584  0.06683668 -0.18652573  3.36172886
  0.92565878  2.07314582  3.00336142  0.51907046  1.30698114  1.40078968
  2.29704666  2.58061193  3.50561591  0.05166684]
Device (GPU) time: 0.9793 seconds
Iters. done: 301 [Current cost: -20.987398671131025]
Current parameters: [ 3.37982596e+00  3.55392780e+00  1.80725401e+00  1.55315821e+00
 -2.21175586e-02  1.65708163e+00  2.32772929e+00  7.15347675e-01
  2.35344817e+00  3.12473080e+00  2.88606610e+00  3.18275680e+00
  2.43596031e+00  1.33580727e+00  1.68906921e+00  2.97249336e+00
  2.93767073e+00  3.09323456e+00  1.39137771e+00  1.85167251e+00
  1.28061050e+00  4.17824260e+00  2.59484241e+00  1.17966723e+00
  1.09450073e+00  5.16739162e-01  3.57072315e+00  1.44312492e+00
  2.39265791e+00  3.76453642e+00  2.62176693e+00  2.82399935e+00
  2.44825684e+00  3.18181192e+00  4.47643117e+00 -2.63196818e-01
  2.87469894e+00  1.44433217e+00  2.32611058e+00  2.58978355e+00
  2.51572967e+00  2.45191476e+00  5.09281375e-01  2.89881532e+00
  2.10509730e+00  2.69269193e+00  7.51763038e-01  5.85433705e-01
  1.79550924e-01  2.85099248e+00  5.58084329e-02  3.01388998e-03
 -2.01786779e-01  3.36140058e+00  9.27619450e-01  2.07386000e+00
  3.00361557e+00  5.17446898e-01  1.29819873e+00  1.40842062e+00
  2.29580161e+00  2.56349660e+00  3.54299875e+00  5.19442339e-02]
Device (GPU) time: 1.0652 seconds
Iters. done: 302 [Current cost: -20.982998844252748]
Current parameters: [ 3.40303281  3.54251253  1.84370635  1.5411962  -0.03470663  1.66210889
  2.33605005  0.70981379  2.39833798  3.12928645  2.86529952  3.18366789
  2.42995269  1.31215019  1.67574347  2.96465256  2.95424773  3.05413293
  1.37283561  1.8295087   1.29325235  4.12498055  2.61592777  1.18491077
  1.0971096   0.52504359  3.55436845  1.43584122  2.35772921  3.77325517
  2.60868518  2.76390299  2.45107527  3.19312873  4.47018994 -0.26993826
  2.86426276  1.43737419  2.32219341  2.59555804  2.51736406  2.4612961
  0.50977633  2.89454838  2.10847488  2.69310544  0.74231681  0.57783527
  0.16614377  2.84935537  0.05378365  0.03492212 -0.19648568  3.36239943
  0.92253011  2.06697258  3.0238324   0.51950176  1.31507408  1.41344976
  2.29648868  2.56306477  3.5536522   0.05674285]
Device (GPU) time: 1.0747 seconds
Iters. done: 303 [Current cost: -20.94136566799069]
Current parameters: [ 3.39387775  3.57303418  1.81447974  1.54087469 -0.02376708  1.65935589
  2.32353745  0.71863156  2.36679701  3.12007346  2.87826911  3.19795535
  2.44241171  1.33120011  1.69076911  2.97145699  2.94266082  3.09462106
  1.38690704  1.84397929  1.28061987  4.1764621   2.59486557  1.18929922
  1.09553002  0.52000175  3.56140887  1.43810378  2.39066088  3.76363133
  2.61128113  2.82449152  2.44717769  3.18897596  4.47686531 -0.26731054
  2.87181028  1.43103094  2.34344369  2.57192863  2.51486715  2.48068727
  0.51466032  2.89474234  2.07506816  2.72180094  0.74351174  0.58503806
  0.17399318  2.84872441  0.06061879  0.0483924  -0.19295626  3.36101096
  0.92583449  2.0716279   3.00466679  0.51611269  1.310967    1.40933369
  2.29305666  2.55707373  3.53807855  0.05068741]
Device (GPU) time: 1.0131 seconds
Iters. done: 304 [Current cost: -20.863125329396183]
Current parameters: [ 3.37556351  3.53697304  1.80209449  1.61865824 -0.03012282  1.66175364
  2.35887134  0.70369147  2.35870956  3.13662467  2.90472197  3.11191609
  2.41905606  1.31039497  1.67937986  2.96898012  2.94087206  3.09087349
  1.38497307  1.84786965  1.29601472  4.17609511  2.60469764  1.16771477
  1.09679972  0.52451902  3.55903035  1.43483168  2.39129821  3.77832636
  2.61099701  2.83270705  2.44982875  3.19196914  4.46902607 -0.27244004
  2.86656123  1.42433793  2.33374092  2.58035541  2.51597867  2.47858549
  0.5118244   2.89027307  2.08785583  2.71155488  0.74861173  0.57823489
  0.16862678  2.8473234   0.06102195  0.06131152 -0.18525467  3.36423595
  0.92976602  2.0675005   3.0050923   0.51923801  1.29974658  1.40427751
  2.29499907  2.57458986  3.53533892  0.05513683]
Device (GPU) time: 1.0966 seconds
Iters. done: 305 [Current cost: -20.869136764585743]
Current parameters: [ 3.39661666  3.57756796  1.80739264  1.55838944 -0.04401052  1.65526363
  2.33032001  0.75229115  2.36977983  3.12575936  2.86737489  3.17354027
  2.44257496  1.3217362   1.69154567  2.97100019  2.94160231  3.0934384
  1.38673808  1.8429202   1.28025423  4.17533304  2.59511872  1.19167852
  1.09577579  0.52196947  3.55762374  1.43619282  2.38948664  3.76395149
  2.60726035  2.82778226  2.44461999  3.19153292  4.47527292 -0.26848501
  2.87258166  1.44558562  2.32718692  2.59397147  2.51544177  2.46129379
  0.50758902  2.89872133  2.10399682  2.69512128  0.74445557  0.58460067
  0.17262119  2.85025376  0.05601219  0.04612583 -0.19459291  3.36161266
  0.92713     2.07178715  3.0035981   0.51699214  1.29367713  1.39136185
  2.29445422  2.59072396  3.55029365  0.05048199]
Device (GPU) time: 1.0950 seconds
Iters. done: 306 [Current cost: -20.947230720630284]
Current parameters: [ 3.39481167  3.55986664  1.81609834  1.54123177  0.05055553  1.66724492
  2.34631332  0.71459655  2.37557196  3.14098658  2.92885219  3.213331
  2.45003608  1.31462141  1.68452582  2.96765936  2.94581267  3.09964416
  1.37957256  1.83608088  1.29304785  4.18103822  2.60374805  1.18227054
  1.09777899  0.52802351  3.54844591  1.43186998  2.3955413   3.77680656
  2.60070822  2.84427594  2.44807302  3.20037932  4.47167715 -0.27691918
  2.86265015  1.44389449  2.3165145   2.6052941   2.51959742  2.45910117
  0.50565752  2.89624682  2.11985965  2.6864822   0.73156422  0.57389363
  0.15357345  2.84701272  0.04676388  0.04784784 -0.20416623  3.36280983
  0.9307541   2.06224448  3.00599145  0.51772578  1.30376231  1.38522705
  2.29115047  2.60425696  3.54951629  0.04908201]
Device (GPU) time: 1.0651 seconds
Iters. done: 307 [Current cost: -21.025034291570158]
Current parameters: [ 3.38525333  3.57176588  1.83604549  1.53992769  0.05036611  1.65103995
  2.34653368  0.71430559  2.35064782  3.14216423  2.92681517  3.21272463
  2.45719041  1.31777119  1.69440945  2.96654098  2.93400236  3.09584685
  1.37336082  1.83137889  1.33362108  4.17468586  2.60934699  1.19413148
  1.09820192  0.52810422  3.55132302  1.43253509  2.39851808  3.78056189
  2.60369091  2.84734808  2.45129227  3.19868686  4.46946393 -0.27522819
  2.8614991   1.44244901  2.31543708  2.60645084  2.5203149   2.45718989
  0.50596952  2.89529527  2.12082245  2.68498338  0.73431101  0.5730869
  0.15177079  2.84844926  0.04739964  0.05156845 -0.19962199  3.36397139
  0.93361657  2.06147279  3.00591977  0.51798894  1.30234325  1.38634247
  2.29161836  2.60379398  3.54990499  0.05072617]
Device (GPU) time: 0.9777 seconds
Iters. done: 308 [Current cost: -20.927680245939623]
Current parameters: [ 3.35541541  3.60329117  1.83371387  1.53752162  0.04544986  1.61428983
  2.34799675  0.69936894  2.37223286  3.14055135  2.92393686  3.21995545
  2.43757817  1.29935985  1.65398878  2.96111112  2.95938738  3.0966049
  1.39059948  1.84399978  1.24730573  4.19119431  2.62043499  1.1399286
  1.10262936  0.53445882  3.53221274  1.428052    2.39014429  3.77966833
  2.58977635  2.85390122  2.44178578  3.20872431  4.46752863 -0.27999611
  2.861091    1.4471184   2.30473931  2.62012055  2.51810609  2.45569796
  0.50081218  2.89467958  2.13901196  2.67477608  0.72151263  0.56825961
  0.14831753  2.84262894  0.04195719  0.05183438 -0.2234464   3.36406569
  0.93265718  2.05631247  2.99809092  0.52192518  1.30347534  1.39934517
  2.29224648  2.59250262  3.55119294  0.04519986]
Device (GPU) time: 1.7072 seconds
Iters. done: 309 [Current cost: -20.971992761927254]
Current parameters: [ 3.39446691  3.56847062  1.81983217  1.53939142  0.04683033  1.68185695
  2.3439546   0.7152518   2.37830211  3.14142137  2.93088799  3.21538742
  2.43316382  1.32727385  1.68740777  2.96726919  2.94536407  3.09455909
  1.38373576  1.8366643   1.29743329  4.18106149  2.60429762  1.17814262
  1.14465251  0.5281294   3.55855851  1.43141076  2.39570211  3.77898322
  2.60139393  2.84483288  2.44529006  3.20057855  4.47051202 -0.2992444
  2.86207091  1.44192229  2.31548228  2.60561734  2.52109868  2.45972451
  0.50509179  2.89488802  2.1209543   2.68594754  0.73099479  0.57148006
  0.14953224  2.84682383  0.04590327  0.0477903  -0.20413635  3.36418408
  0.93239015  2.05996267  2.99748381  0.51737321  1.29390256  1.38492863
  2.29009319  2.60334563  3.54822307  0.04808709]
Device (GPU) time: 1.0717 seconds
Iters. done: 310 [Current cost: -20.869227769248038]
Current parameters: [ 3.38668913  3.58688332  1.80764801  1.53761227  0.0375706   1.72531198
  2.34677912  0.70722544  2.37663012  3.14698655  2.92605059  3.22176315
  2.39407473  1.35429657  1.69335002  2.96367781  2.94464677  3.10349885
  1.37131756  1.83063668  1.30203238  4.17995823  2.61149177  1.16933332
  1.03848341  0.53137766  3.52551182  1.43074195  2.39769274  3.78000404
  2.5953803   2.85664821  2.45246052  3.20382937  4.46850243 -0.25467015
  2.86101311  1.44248997  2.30877703  2.61336005  2.52032084  2.45642658
  0.50216708  2.89373285  2.13256796  2.67940502  0.72667284  0.5674761
  0.14472494  2.84316797  0.04260941  0.05087517 -0.21489052  3.36515707
  0.93257384  2.05627735  3.0160166   0.51973357  1.30086953  1.38917178
  2.29030708  2.6019962   3.5626708   0.05134394]
Device (GPU) time: 1.0889 seconds
Iters. done: 311 [Current cost: -20.939337904098785]
Current parameters: [ 3.39686283  3.56084793  1.82064124  1.54133773  0.05013345  1.66705589
  2.3469349   0.71546531  2.37829733  3.13996204  2.93037439  3.21279282
  2.44891616  1.31338849  1.6849289   2.95942013  2.94948062  3.09839931
  1.38234     1.83460819  1.29205802  4.18301176  2.60322164  1.18403789
  1.09477686  0.52263902  3.55774988  1.39259494  2.40298193  3.77633542
  2.60573566  2.84130525  2.42754442  3.19351145  4.477837   -0.27307853
  2.86057561  1.44162864  2.31952951  2.60118584  2.52033074  2.4518927
  0.50884663  2.89639976  2.11764265  2.68517785  0.73032922  0.57148872
  0.15288375  2.84215801  0.04420066  0.04699197 -0.20565172  3.37215501
  0.96371842  2.06425941  3.01548869  0.51992773  1.30072373  1.38953431
  2.28610712  2.60590507  3.54656264  0.05071632]
Device (GPU) time: 0.9635 seconds
Iters. done: 312 [Current cost: -20.935972416537474]
Current parameters: [ 3.39326145  3.549914    1.80516658  1.54064132  0.05043336  1.67044404
  2.34938791  0.70978432  2.37189125  3.14312719  2.92353351  3.21511509
  2.4558165   1.30911895  1.68370353  2.9542837   2.94728265  3.10585646
  1.37161024  1.83016016  1.29583635  4.18105666  2.60781998  1.18114406
  1.09396601  0.52324352  3.55836654  1.37465439  2.40508877  3.78076885
  2.60570112  2.84416334  2.41773169  3.19285843  4.47761055 -0.26633726
  2.85817104  1.44325254  2.31574317  2.60683028  2.51891718  2.44509533
  0.50924877  2.89669191  2.13108622  2.68526806  0.72966593  0.57802724
  0.1548704   2.85747266  0.04330793  0.05266816 -0.20797968  3.3370545
  0.84285674  2.05592651  2.97911325  0.51326238  1.31444128  1.37867774
  2.3042798   2.59541012  3.55730412  0.04162546]
Device (GPU) time: 1.1349 seconds
Iters. done: 313 [Current cost: -20.927541075080132]
Current parameters: [ 3.39081132  3.55956315  1.80692846  1.53201243  0.0458089   1.66752978
  2.36705765  0.71342174  2.36818214  3.12756574  2.92001648  3.21337879
  2.45284431  1.31687032  1.68371551  2.97259688  2.97616053  3.09112181
  1.39227172  1.83605766  1.29464815  4.18815563  2.60240451  1.18767156
  1.09297977  0.52903287  3.55823727  1.43735098  2.40980486  3.7943965
  2.60937484  2.84357008  2.4574171   3.19837202  4.47412421 -0.28579521
  2.85084669  1.4423241   2.31682942  2.60539175  2.52284911  2.45035217
  0.50816976  2.89598596  2.12017394  2.68798068  0.7338847   0.57055897
  0.13897015  2.84577568  0.040239    0.05076451 -0.19778549  3.36253019
  0.93094736  2.05918623  3.00865782  0.5162553   1.31373023  1.38279915
  2.28817422  2.60403496  3.55774156  0.04809934]
Device (GPU) time: 1.0893 seconds
Iters. done: 314 [Current cost: -20.92256271115391]
Current parameters: [ 3.38791649  3.53253894  1.76119366  1.51925893  0.04678343  1.6716949
  2.36151657  0.71953628  2.36444124  3.1200328   2.91174325  3.22363023
  2.4765606   1.30818139  1.674012    2.96218785  2.90000115  3.07006537
  1.4098797   1.83698104  1.30812617  4.18772889  2.60529807  1.16359658
  1.09869404  0.53299992  3.52820251  1.41675498  2.37506387  3.76653993
  2.57985166  2.8579887   2.44771198  3.21873644  4.46139393 -0.28165879
  2.86540482  1.43519249  2.30489037  2.61036768  2.52436204  2.48366782
  0.50121786  2.89270818  2.13081995  2.67452044  0.71771144  0.56388983
  0.15502852  2.84780465  0.05071573  0.0420932  -0.19496561  3.36393282
  0.93409693  2.05931074  3.02822124  0.51733552  1.29762357  1.39237895
  2.2903227   2.59421384  3.54899557  0.05925204]
Device (GPU) time: 0.9647 seconds
Iters. done: 315 [Current cost: -21.003948308217606]
Current parameters: [ 3.39398835  3.55948315  1.81406183  1.54139908  0.05131241  1.66729741
  2.34528796  0.71463184  2.37446698  3.14145795  2.92918065  3.21350212
  2.45062914  1.31499214  1.68451404  2.96768605  2.94422966  3.09763664
  1.38033752  1.83714238  1.293414    4.17955179  2.60411148  1.18092035
  1.09721651  0.52565776  3.55359237  1.43721183  2.39642676  3.77692539
  2.56656052  2.84341844  2.44832721  3.19926982  4.47218945 -0.27690666
  2.86860165  1.41756439  2.34748825  2.61492515  2.5214097   2.4305429
  0.50655598  2.89649624  2.12010496  2.68625693  0.73058496  0.57423372
  0.1563841   2.84773615  0.04032586  0.04760625 -0.20287726  3.36277526
  0.93099319  2.06279255  3.00596027  0.51805869  1.30352273  1.38585645
  2.29187286  2.60455773  3.54969399  0.04920388]
Device (GPU) time: 1.1106 seconds
Iters. done: 316 [Current cost: -20.877235904786268]
Current parameters: [ 3.39407271  3.55557665  1.81070939  1.54433034  0.054102    1.66905553
  2.34343546  0.71280283  2.37399065  3.14454357  2.93181266  3.2134692
  2.45264315  1.30975719  1.68365985  2.96670256  2.94135824  3.09244628
  1.38160776  1.83358167  1.29170185  4.17582521  2.60769157  1.17895702
  1.09515801  0.52549348  3.55481222  1.44698056  2.43408545  3.77759715
  2.53055684  2.82622674  2.44904892  3.16119394  4.50203086 -0.27242462
  2.87466739  1.48416251  2.26892327  2.56904825  2.51770917  2.46754811
  0.52240124  2.89627604  2.1228801   2.68148961  0.73518533  0.57396389
  0.15427712  2.8446135   0.04972435  0.05551198 -0.20494643  3.36260623
  0.93158657  2.06323579  3.00357892  0.51896275  1.30474499  1.38870041
  2.29142745  2.60130722  3.54928929  0.04824385]
Device (GPU) time: 1.0710 seconds
Iters. done: 317 [Current cost: -20.970769036813714]
Current parameters: [ 3.39617137  3.56809626  1.81760069  1.54447399  0.04986311  1.66766011
  2.34877872  0.70563518  2.37526701  3.14112723  2.93136028  3.21203418
  2.45000709  1.31271814  1.68683421  2.96812392  2.94894404  3.09840416
  1.37973077  1.83434035  1.29183386  4.18026018  2.60442194  1.18631209
  1.09890287  0.5282633   3.54462245  1.43163664  2.39304274  3.77649514
  2.59715418  2.84580802  2.44308711  3.20453529  4.47469117 -0.27504298
  2.86403237  1.44605344  2.31792977  2.60445583  2.51917427  2.46210117
  0.50512787  2.89675048  2.10849812  2.67704438  0.71820084  0.5622146
  0.14291388  2.83463398  0.04599508  0.03560322 -0.18703553  3.34072924
  0.92886467  2.10360947  3.00634206  0.51353916  1.29794126  1.38833567
  2.29130209  2.60787206  3.55686772  0.04817936]
Device (GPU) time: 1.1768 seconds
Iters. done: 318 [Current cost: -20.924707514940977]
Current parameters: [ 3.39551497  3.52832036  1.81763163  1.53397733  0.0504121   1.66875193
  2.34135067  0.73963324  2.38036656  3.14236195  2.92235977  3.21738743
  2.44912231  1.31259929  1.6777095   2.96526104  2.93919911  3.10721335
  1.37660794  1.8293123   1.29862621  4.18711435  2.60444807  1.17351611
  1.09513139  0.53230819  3.55020364  1.4366257   2.40350611  3.78100404
  2.6131228   2.85038027  2.46812534  3.19696089  4.46004279 -0.28243559
  2.85165805  1.44323996  2.30634786  2.61589349  2.52166425  2.45277115
  0.50636377  2.89593846  2.11458307  2.66777572  0.75979028  0.55707951
  0.17777203  2.83394181  0.04327375  0.08349178 -0.27263406  3.33788202
  0.93861928  2.10889853  3.00189625  0.51403527  1.32349666  1.39790312
  2.29151177  2.5990887   3.52622198  0.04861508]
Device (GPU) time: 0.9700 seconds
Iters. done: 319 [Current cost: -20.994686308717963]
Current parameters: [ 3.3944956   3.56103441  1.81584476  1.54219723  0.05045242  1.6669983
  2.34662828  0.71432349  2.37610781  3.14094843  2.92973303  3.21314225
  2.44867496  1.31440739  1.68432989  2.96686068  2.9413975   3.12183141
  1.40370234  1.83545582  1.29233743  4.16211889  2.60849415  1.18648917
  1.09367354  0.57042478  3.56935342  1.42936394  2.39404568  3.77023535
  2.59965744  2.842523    2.45103442  3.19906695  4.46855891 -0.27574463
  2.86330805  1.44221996  2.31519572  2.60525676  2.51913067  2.4600676
  0.50525931  2.89626975  2.11987114  2.6867616   0.72555543  0.5742621
  0.14826267  2.84689178  0.04691865  0.04744897 -0.20658984  3.36308881
  0.93047162  2.06202114  3.00590021  0.51792982  1.30409256  1.38539058
  2.29129377  2.60434902  3.54968036  0.04886301]
Device (GPU) time: 1.1112 seconds
Iters. done: 320 [Current cost: -20.94890662849315]
Current parameters: [ 3.39401775  3.55779249  1.81098411  1.54302347  0.05362835  1.66768946
  2.34393427  0.71320475  2.37725125  3.14301553  2.93070153  3.21332245
  2.45171491  1.31049545  1.68165747  2.96511788  2.93323931  3.14649566
  1.43549381  1.83527426  1.2886667   4.13374364  2.6173169   1.18861915
  1.10159424  0.45464123  3.52003098  1.43524639  2.39987516  3.77487778
  2.61364153  2.84032199  2.4620453   3.18787572  4.46211859 -0.27621543
  2.85844719  1.45253046  2.31930398  2.60861485  2.51812648  2.45057348
  0.50686588  2.89758232  2.12320876  2.68545025  0.72834828  0.57667286
  0.13620425  2.84730938  0.04539691  0.05987602 -0.20128455  3.36375933
  0.93095824  2.06071639  3.00483227  0.51945528  1.30448031  1.38829225
  2.29253007  2.6029359   3.54950966  0.04743468]
Device (GPU) time: 1.1594 seconds
Iters. done: 321 [Current cost: -21.1083788987695]
Current parameters: [ 3.39379419  3.55703923  1.81002628  1.5428813   0.05370963  1.66782888
  2.34336551  0.71315947  2.37668024  3.14324201  2.93060656  3.21357433
  2.45215365  1.31074326  1.6817447   2.96520818  2.93243046  3.14548927
  1.43552988  1.83559138  1.28981154  4.13334496  2.61745977  1.18780847
  1.1031697   0.45758018  3.51563295  1.43122002  2.39662007  3.77237445
  2.60772107  2.84224216  2.46004521  3.19449393  4.46265913 -0.27612424
  2.85875097  1.4503306   2.32093557  2.60869103  2.49724952  2.4570471
  0.51201009  2.92929283  2.12398776  2.6900139   0.75897636  0.57935343
  0.11259509  2.84481208  0.03981673  0.05521361 -0.20340871  3.3624464
  0.93375455  2.06184756  3.00845039  0.52528682  1.30408328  1.38859914
  2.31128601  2.60293069  3.54977705  0.03213069]
Device (GPU) time: 0.9602 seconds
Iters. done: 322 [Current cost: -20.97064622453944]
Current parameters: [ 3.3934261   3.55570005  1.80744875  1.54563367  0.05561889  1.66895986
  2.34227239  0.71140017  2.3755674   3.14540871  2.93312913  3.21338119
  2.45288671  1.3076004   1.68175487  2.96464725  2.93027836  3.14043695
  1.43612012  1.83329032  1.28832787  4.13101021  2.61966386  1.18653697
  1.10062729  0.45150873  3.52471895  1.44433086  2.3997543   3.78048855
  2.62629106  2.83755826  2.4646257   3.17969874  4.45779922 -0.27104699
  2.85901261  1.45842812  2.31385788  2.61320184  2.49980298  2.44044211
  0.49774972  2.95144799  2.10422903  2.66699225  0.68885062  0.56010691
  0.17782057  2.79173816  0.04231586  0.07224189 -0.19404961  3.36903676
  0.93210577  2.03474928  3.00737893  0.51147961  1.3046562   1.34368106
  2.297386    2.57337089  3.55003445  0.02944463]
Device (GPU) time: 1.0922 seconds
Iters. done: 323 [Current cost: -20.988758471906813]
Current parameters: [ 3.39369139  3.5579845   1.81046354  1.54361008  0.05359555  1.66779855
  2.3438228   0.71298734  2.37647919  3.14325153  2.93125162  3.21335232
  2.45130334  1.31072136  1.68213596  2.96508748  2.93259784  3.14547674
  1.43576486  1.8350688   1.28908839  4.13344458  2.61739292  1.18838514
  1.10218869  0.45492073  3.52048227  1.43511995  2.399507    3.77507742
  2.61360613  2.83987353  2.46178287  3.18766577  4.4618865  -0.27545527
  2.85865483  1.4527504   2.31936381  2.62701042  2.53603084  2.45734916
  0.54141647  2.90099278  2.14178027  2.70404696  0.7289956   0.59731849
  0.13718322  2.82117946  0.05195935  0.05891925 -0.20076346  3.36488413
  0.93043594  2.06942966  3.0040367   0.51700975  1.30437842  1.38359505
  2.28783413  2.60004743  3.54978121  0.05026391]
Device (GPU) time: 1.0598 seconds
Iters. done: 324 [Current cost: -20.926705247875038]
Current parameters: [ 3.39540803  3.55133264  1.80887891  1.54060142  0.05456741  1.6687693
  2.3416131   0.71273954  2.37872768  3.14406822  2.92836439  3.21440589
  2.45652037  1.30791426  1.67962345  2.96479627  2.93249682  3.14491768
  1.43334951  1.83508687  1.29219588  4.13350101  2.61888924  1.1857649
  1.10141222  0.45514257  3.51820768  1.43636782  2.39953977  3.7779114
  2.61567136  2.8427276   2.46313888  3.18916989  4.46040145 -0.27697719
  2.8573877   1.45215303  2.31629276  2.57365649  2.49424725  2.43706408
  0.43108763  2.87928383  2.16804357  2.72227138  0.72902851  0.61869789
  0.13515466  2.80556922  0.03790354  0.06524893 -0.19927801  3.36461799
  0.93228981  2.08064225  3.00349419  0.51841321  1.30323278  1.38821027
  2.28896567  2.6001374   3.54967349  0.04996251]
Device (GPU) time: 0.9600 seconds
Iters. done: 325 [Current cost: -21.00672150852313]
Current parameters: [ 3.39466412  3.55669308  1.81160772  1.54189841  0.05332365  1.66770148
  2.3439153   0.71342303  2.37820474  3.1427158   2.92959529  3.21353221
  2.45254652  1.31030169  1.6811253   2.96514306  2.93398253  3.14784303
  1.43480363  1.83535789  1.28867607  4.13442735  2.61715725  1.18870638
  1.10144909  0.45466059  3.51868425  1.43367615  2.42543071  3.77473064
  2.61598247  2.82896445  2.46236019  3.20855193  4.44764889 -0.27749708
  2.87902078  1.45250719  2.31926544  2.60844858  2.50736585  2.44277011
  0.50871933  2.89760884  2.13414669  2.69755681  0.72613175  0.55490781
  0.1349296   2.84751125  0.078742    0.05809548 -0.20188766  3.36346636
  0.931243    2.06083256  3.00498089  0.51929367  1.30420801  1.38825757
  2.29240763  2.60284043  3.54939931  0.04741153]
Device (GPU) time: 1.0793 seconds
Iters. done: 326 [Current cost: -20.966657939657487]
Current parameters: [ 3.39328974  3.55821386  1.80905625  1.54563569  0.05547205  1.6682617
  2.34335846  0.71204001  2.37627281  3.14457206  2.93319664  3.21283289
  2.45165741  1.30830228  1.68169192  2.96460681  2.93166903  3.14270319
  1.43660993  1.83397237  1.28684732  4.13148559  2.61895274  1.18797875
  1.10141928  0.45410914  3.51603527  1.43431192  2.44838176  3.77319504
  2.62098207  2.81459449  2.46035771  3.22988707  4.43072846 -0.27194719
  2.90350523  1.45472048  2.31712283  2.60948888  2.53834529  2.46926297
  0.50120926  2.89580732  2.1026876   2.65980086  0.72922289  0.61815082
  0.14278693  2.85008486 -0.01784827  0.06059649 -0.20037111  3.36476938
  0.93046169  2.05870376  3.00369294  0.52060332  1.30543722  1.39091364
  2.29244789  2.6027804   3.54941314  0.04728497]
Device (GPU) time: 1.1034 seconds
Iters. done: 327 [Current cost: -20.94346007963586]
Current parameters: [ 3.38929474  3.56218356  1.81282909  1.54610408  0.05807804  1.66993729
  2.34408317  0.71453407  2.37393448  3.14259469  2.93360322  3.2115095
  2.4544046   1.31337309  1.68524191  2.96458619  2.9248534   3.13970975
  1.43668497  1.84374205  1.28480213  4.12431301  2.61368858  1.1879832
  1.08375177  0.45447766  3.51975757  1.43594872  2.39798442  3.77563378
  2.61560381  2.83703895  2.45132184  3.18726797  4.46290099 -0.3131856
  2.85983291  1.45545069  2.32008303  2.60912451  2.51450385  2.44899001
  0.5074568   2.90205165  2.1227192   2.68648483  0.7311153   0.58145792
  0.14361514  2.85268925  0.04706227  0.061606   -0.20028294  3.36214301
  0.92546921  2.06539057  3.01019618  0.52211764  1.30584304  1.39288514
  2.26581246  2.60536138  3.54986151  0.02207402]
Device (GPU) time: 1.0643 seconds
Iters. done: 328 [Current cost: -20.905049894840545]
Current parameters: [ 3.3991816   3.55093283  1.8022407   1.54208564  0.04847627  1.66488404
  2.34160626  0.70941537  2.37802278  3.14627745  2.93003519  3.21627498
  2.44662273  1.30527571  1.67736773  2.96581833  2.94171969  3.14888817
  1.43618579  1.82087755  1.29485986  4.1447577   2.62520464  1.18676732
  1.13290837  0.45575737  3.5212954   1.43675094  2.39564471  3.77414058
  2.61374184  2.84371234  2.47819798  3.18695538  4.45871689 -0.20826222
  2.85724709  1.45050758  2.31669772  2.61130576  2.51526584  2.45120216
  0.50465385  2.90157756  2.12830207  2.6845389   0.73114808  0.5771933
  0.13506794  2.86061092  0.0465761   0.06370045 -0.19743136  3.36605109
  0.925312    2.06155319  3.01826116  0.52515266  1.30228305  1.39799368
  2.22218287  2.60738123  3.5500176  -0.00999978]
Device (GPU) time: 0.9945 seconds
Iters. done: 329 [Current cost: -21.043351507067054]
Current parameters: [ 3.40161669  3.55525692  1.83168142  1.5510971   0.05368362  1.66918498
  2.32599603  0.70021608  2.37897143  3.120261    2.93055348  3.21090328
  2.44590288  1.31184859  1.68330155  2.96317959  2.92795769  3.13009472
  1.45822471  1.83266058  1.28703472  4.14057087  2.61593855  1.18545278
  1.10285363  0.45412667  3.5202998   1.43656201  2.40462088  3.77263391
  2.61441332  2.8528749   2.45961978  3.18636612  4.46212495 -0.27255576
  2.86169081  1.45398546  2.3198183   2.60892253  2.51633107  2.44957266
  0.50625971  2.89781635  2.12287379  2.68544459  0.73064818  0.57878542
  0.14104171  2.84752313  0.04721682  0.06093628 -0.20386612  3.36415265
  0.92199306  2.06194251  3.02022174  0.52039858  1.32130621  1.37801506
  2.29512318  2.62261624  3.55327695  0.05140824]
Device (GPU) time: 1.0650 seconds
Iters. done: 330 [Current cost: -20.920740051287044]
Current parameters: [ 3.39002225  3.54269609  1.78172771  1.55641725  0.05122776  1.66883426
  2.30503798  0.69787987  2.3634605   3.08407358  2.93241316  3.22420942
  2.46276017  1.30423067  1.67312069  2.96751447  2.94787034  3.17385827
  1.39247598  1.83261842  1.28317565  4.11994294  2.62586666  1.19225339
  1.09468541  0.45318234  3.50779569  1.43997291  2.3785325   3.77985658
  2.61820781  2.82466626  2.46825129  3.1891394   4.46588146 -0.2705823
  2.84315982  1.45959493  2.30816577  2.61207104  2.5214      2.4530505
  0.50033417  2.88653316  2.12617288  2.67357212  0.71884246  0.56965987
  0.13261609  2.859876    0.04124846  0.06034019 -0.19854465  3.36616565
  0.95004108  2.04745368  2.9674323   0.52098983  1.29172838  1.38306817
  2.29935573  2.6230563   3.52305155  0.05046609]
Device (GPU) time: 1.0702 seconds
Iters. done: 331 [Current cost: -21.01621805418512]
Current parameters: [ 3.39310279  3.56673339  1.8094215   1.54219964  0.06232906  1.66807057
  2.36975745  0.71569755  2.37097887  3.11969197  2.94059448  3.21167556
  2.43278606  1.30075208  1.67616945  2.96342157  2.93104615  3.14361424
  1.43792874  1.84137696  1.28823336  4.13826998  2.60941015  1.21671537
  1.10493483  0.45317847  3.51477969  1.43590236  2.38911883  3.76136453
  2.61124422  2.82988519  2.4579611   3.18282534  4.45965849 -0.27076128
  2.86807265  1.45473281  2.32018201  2.60887215  2.51465708  2.4505849
  0.50479462  2.89787717  2.12320553  2.68587971  0.72897509  0.57984668
  0.14266579  2.84642605  0.04856706  0.06201168 -0.21507017  3.36475692
  0.92924527  2.06232535  3.00005271  0.52105618  1.30417894  1.39130605
  2.29456204  2.60074524  3.55382438  0.04646881]
Device (GPU) time: 1.1671 seconds
Iters. done: 332 [Current cost: -20.898090129895888]
Current parameters: [ 3.3794673   3.54761957  1.79220167  1.55899771  0.05116833  1.66685681
  2.29626621  0.70459039  2.37226363  3.21286174  2.92315477  3.22880352
  2.45031407  1.29940866  1.660828    2.97039095  2.9533788   3.13705954
  1.45629406  1.85481334  1.29187487  4.16270248  2.60161491  1.23831306
  1.09593905  0.45307755  3.51089735  1.43394075  2.38130294  3.77230383
  2.61642318  2.829715    2.46983677  3.18488861  4.45901807 -0.27773519
  2.85085294  1.45317716  2.3095263   2.61042505  2.52124006  2.45530515
  0.50062527  2.8883495   2.12746431  2.67472592  0.72248383  0.56939227
  0.13080177  2.85507972  0.04407093  0.06493224 -0.20194951  3.36631302
  0.92986963  2.05116914  3.01005211  0.52034868  1.30728383  1.39188545
  2.2989168   2.60293389  3.54368323  0.05933789]
Device (GPU) time: 1.1117 seconds
Iters. done: 333 [Current cost: -20.931946419476553]
Current parameters: [ 3.39692878  3.55530061  1.81220627  1.54445891  0.05672705  1.66893223
  2.33860661  0.71973577  2.37561978  3.14019764  2.93160774  3.20976438
  2.45286829  1.30938741  1.68414225  2.96699109  2.9420235   3.1534369
  1.43881979  1.83409065  1.29138396  4.13004156  2.61795641  1.19286612
  1.10474053  0.4548893   3.51669809  1.43888045  2.39950551  3.77746759
  2.61194739  2.84692933  2.45353034  3.1996933   4.47485901 -0.27631081
  2.85897419  1.4484632   2.31729124  2.60813967  2.51795364  2.45363771
  0.50686151  2.89738596  2.12335751  2.68097689  0.73418412  0.57383203
  0.14927675  2.82763991  0.04689118  0.05688331 -0.19951973  3.34367543
  0.93265688  2.03681478  3.00678199  0.51281379  1.30601508  1.42296919
  2.29211492  2.61088763  3.56259259  0.04804713]
Device (GPU) time: 1.0133 seconds
Iters. done: 334 [Current cost: -20.893963153330912]
Current parameters: [ 3.40544     3.54818888  1.81670342  1.5441784   0.06146094  1.67224196
  2.3403257   0.72814402  2.38284374  3.14862663  2.93291149  3.20281543
  2.46226826  1.29957998  1.68752553  2.9671574   2.9543774   3.16427863
  1.43610997  1.82003439  1.28819271  4.12205756  2.62714222  1.18804006
  1.10476452  0.45397007  3.50361482  1.4487938   2.39696934  3.78414949
  2.61324168  2.86888848  2.44523053  3.21513677  4.4948998  -0.27051777
  2.84998441  1.45070497  2.30819414  2.61004934  2.51949667  2.45806508
  0.50216519  2.88977654  2.1339972   2.6784946   0.73211983  0.57578415
  0.16221573  2.88963629  0.04426693  0.05045141 -0.20200249  3.40133351
  0.93665375  2.08626039  3.00323544  0.53256919  1.30768374  1.36563516
  2.29979654  2.54746983  3.57753295  0.05620164]
Device (GPU) time: 1.1560 seconds
Iters. done: 335 [Current cost: -20.904421900696914]
Current parameters: [ 3.39347508  3.55559396  1.81016327  1.54252962  0.05434345  1.66975958
  2.34450521  0.71274524  2.3693246   3.14543588  2.93038413  3.21337977
  2.45529118  1.31290945  1.69047276  2.90829457  2.93751693  3.14480432
  1.43244838  1.83346839  1.27640962  4.13217221  2.61643809  1.19447173
  1.10359232  0.45629443  3.52090575  1.44250396  2.39815594  3.77647537
  2.61535679  2.84386589  2.46981795  3.18562153  4.45948806 -0.27678257
  2.86269381  1.45017192  2.31814109  2.60916652  2.51796838  2.45152268
  0.50658231  2.89734093  2.12480448  2.68284919  0.73288178  0.5769835
  0.13698564  2.84747249  0.04737085  0.062782   -0.1943975   3.36373352
  0.93188187  2.06079395  3.00624881  0.51963506  1.3045351   1.38986817
  2.2932322   2.60294548  3.55009569  0.04905262]
Device (GPU) time: 1.0854 seconds
Iters. done: 336 [Current cost: -21.064050409429736]
Current parameters: [ 3.40192651  3.54699061  1.82641137  1.53524488  0.04782999  1.67770446
  2.36874325  0.70522259  2.36305033  3.16583169  2.92526036  3.21301326
  2.47101206  1.30978396  1.70059117  3.00219717  2.89718464  3.13637126
  1.40969031  1.80409687  1.22447675  4.12561587  2.62278799  1.20136498
  1.10216791  0.45448723  3.52343546  1.43094089  2.39750157  3.78007172
  2.63055079  2.8645482   2.48368649  3.16098112  4.45061479 -0.26697962
  2.86589514  1.45249627  2.31189071  2.61041521  2.52012286  2.44546327
  0.5029049   2.88808423  2.12938329  2.67041091  0.72921995  0.57279372
  0.12299985  2.85569537  0.044466    0.06994232 -0.18619835  3.36624591
  0.93491116  2.04890859  3.00336212  0.52127984  1.30408721  1.39893949
  2.30069964  2.6006645   3.53836069  0.05887745]
Device (GPU) time: 1.1061 seconds
Iters. done: 337 [Current cost: -20.925023014729856]
Current parameters: [ 3.39254121  3.55523756  1.80805529  1.54090125  0.05358135  1.67024198
  2.34319895  0.71288566  2.37694005  3.14408739  2.92867625  3.21415743
  2.45521735  1.30857366  1.68005732  2.96438717  2.93200739  3.14567306
  1.43517148  1.83756568  1.2913868   4.13346353  2.61747224  1.18453662
  1.10970094  0.47425977  3.48666666  1.44934886  2.41461533  3.76203901
  2.62877923  2.83538364  2.43877743  3.16794107  4.45961701 -0.27377621
  2.85298441  1.44533495  2.32246662  2.60294073  2.52083501  2.43700072
  0.51261491  2.89684709  2.12455527  2.68350119  0.73285722  0.5747764
  0.13311961  2.84660327  0.0423324   0.06474179 -0.19476697  3.36341243
  0.93192625  2.0603534   3.00598269  0.51874929  1.30455316  1.38839804
  2.2917659   2.60206389  3.54945654  0.04909252]
Device (GPU) time: 0.9733 seconds
Iters. done: 338 [Current cost: -20.908749817950945]
Current parameters: [ 3.39653327  3.55235144  1.81520205  1.53503827  0.04802644  1.67286067
  2.35270265  0.71009554  2.39270273  3.1488026   2.9233603   3.21504161
  2.45909889  1.29865573  1.67351386  2.96010917  2.94059975  3.15632506
  1.42724112  1.83090325  1.30003256  4.14330023  2.62010893  1.17507171
  1.08505142  0.42304774  3.57730448  1.47846767  2.39122502  3.7416878
  2.60880803  2.85416851  2.40670134  3.18267844  4.41986395 -0.26760776
  2.84572806  1.45750696  2.30735967  2.61935999  2.52111838  2.46483322
  0.49726875  2.89289944  2.12533795  2.68162266  0.72784089  0.56929421
  0.11821166  2.8499489   0.04459689  0.0654873  -0.19824696  3.36388949
  0.93278524  2.05437495  3.00342495  0.51842127  1.30435289  1.389866
  2.29304119  2.60019785  3.54269451  0.05148484]
Device (GPU) time: 1.1268 seconds
Iters. done: 339 [Current cost: -20.919971564773522]
Current parameters: [ 3.39823547  3.55981864  1.81314896  1.54329007  0.05326993  1.66699514
  2.34029689  0.72111352  2.3799679   3.13551981  2.93337497  3.22280251
  2.43629161  1.29273098  1.66212348  2.96180521  2.92253383  3.15137368
  1.43112423  1.83116207  1.28839043  4.13510053  2.61661504  1.19494796
  1.09859257  0.45553452  3.52579219  1.44076785  2.41037727  3.79130979
  2.6185932   2.84513396  2.46229136  3.19040339  4.46781064 -0.27900085
  2.85142478  1.45370363  2.3198986   2.60901912  2.51869223  2.44486221
  0.50858131  2.89808019  2.12241192  2.68635703  0.73338892  0.57701146
  0.13572356  2.84779675  0.04307762  0.05895139 -0.19059373  3.36325115
  0.91919675  2.06049841  3.02980476  0.51927378  1.28104423  1.39265756
  2.29384823  2.59566926  3.53258584  0.05241482]
Device (GPU) time: 1.0681 seconds
Iters. done: 340 [Current cost: -21.004192162911615]
Current parameters: [ 3.39530009  3.56798189  1.81072544  1.55019224  0.05668938  1.66387443
  2.34170788  0.7250806   2.38008823  3.13619618  2.95874802  3.19783781
  2.48712895  1.33440728  1.72233949  2.97246719  2.97707611  3.13820692
  1.44091892  1.83797041  1.2885166   4.13244127  2.62264764  1.17715228
  1.10120753  0.45187008  3.5117282   1.42886777  2.38810043  3.75532351
  2.61011412  2.83214625  2.47322349  3.18006722  4.45491084 -0.27151081
  2.86141607  1.45983265  2.31846179  2.61003616  2.51689885  2.45242586
  0.50317176  2.89521895  2.12220676  2.68596539  0.71240815  0.57618675
  0.12719783  2.84921512  0.04340057  0.06241947 -0.23146631  3.36485925
  0.90482393  2.05731762  3.05011944  0.5204047   1.26089779  1.39636242
  2.29787048  2.59010352  3.5160279   0.05920995]
Device (GPU) time: 0.9811 seconds
Iters. done: 341 [Current cost: -20.896351137663263]
Current parameters: [ 3.38880407  3.54391417  1.82260748  1.5761417   0.05300777  1.66480917
  2.35660807  0.7363706   2.37478628  3.14071603  2.92382904  3.24057044
  2.44829881  1.32225121  1.68061356  2.96375086  2.93592804  3.14646335
  1.43547737  1.83213239  1.28800894  4.13330401  2.61749296  1.18811185
  1.10286345  0.45446167  3.51491806  1.43584189  2.39901307  3.77172224
  2.6102042   2.84314766  2.45837169  3.19004984  4.46448327 -0.27635136
  2.8605353   1.45402794  2.32049962  2.60780339  2.51826623  2.45273285
  0.5059758   2.89750347  2.12312182  2.68781141  0.71692407  0.57547325
  0.12650715  2.84566223  0.04310374  0.05017424 -0.19885639  3.36426487
  0.93022458  2.05816586  3.00433538  0.5190253   1.31803192  1.38973552
  2.29075951  2.59822685  3.53865018  0.04548961]
Device (GPU) time: 1.1076 seconds
Iters. done: 342 [Current cost: -20.85712200988248]
Current parameters: [ 3.37952058  3.55011839  1.81256431  1.48904471  0.06818494  1.663819
  2.32841506  0.76111994  2.36673557  3.15106429  2.95051015  3.16773073
  2.42353662  1.31324079  1.68023738  2.96559318  2.93842061  3.1433897
  1.4368844   1.83571309  1.2858489   4.13159333  2.61971219  1.18047028
  1.09963034  0.45378     3.51589719  1.43319552  2.39104235  3.77771843
  2.61076122  2.83718668  2.45999608  3.19220131  4.46580779 -0.26735889
  2.85787321  1.46279555  2.32037066  2.60940342  2.51477314  2.45251761
  0.50471317  2.89723241  2.12048638  2.68516322  0.71049688  0.58079806
  0.12780387  2.85183398  0.04736451  0.04639631 -0.17267797  3.36327383
  0.92929899  2.06186485  2.99901041  0.5213504   1.34831031  1.38684224
  2.29750626  2.61132612  3.50226601  0.0470377 ]
Device (GPU) time: 1.0606 seconds
Iters. done: 343 [Current cost: -20.99473086102167]
Current parameters: [ 3.39369667  3.55786194  1.81033678  1.54320903  0.05391167  1.66768895
  2.34365153  0.71320185  2.37684558  3.14318007  2.93093545  3.21332938
  2.45178544  1.31061202  1.6816946   2.96511198  2.93272475  3.14578248
  1.43581067  1.83559603  1.28857016  4.13321906  2.61743337  1.18824785
  1.101642    0.45457712  3.52035231  1.43535609  2.39945587  3.77481706
  2.6139358   2.8398189   2.4618353   3.18755257  4.46191836 -0.27568995
  2.85882593  1.45258083  2.31929135  2.61597199  2.48223808  2.45314677
  0.52106969  2.87843805  2.1241634   2.68359782  0.72937424  0.57677056
  0.13733398  2.8471741   0.03426374  0.05984069 -0.20051251  3.37453074
  0.93064804  2.06236221  3.00494714  0.47787015  1.30447414  1.38738887
  2.29033254  2.60240664  3.5495478   0.0469017 ]
Device (GPU) time: 0.9709 seconds
Iters. done: 344 [Current cost: -21.026920392254922]
Current parameters: [ 3.39426457  3.56057251  1.80954235  1.54308914  0.05357647  1.66704744
  2.34631618  0.70905128  2.38139025  3.14677872  2.93202767  3.21227876
  2.45108586  1.30739     1.6798368   2.96341337  2.93201887  3.14492806
  1.43525985  1.83319926  1.28943839  4.1333631   2.61970293  1.18375209
  1.0993816   0.45386476  3.51819344  1.43365128  2.39823212  3.77688182
  2.61334155  2.84049402  2.46676749  3.18831342  4.46274917 -0.27388144
  2.85529321  1.45734084  2.31843215  2.59666859  2.57528992  2.44526042
  0.48003356  2.9443658   2.12402466  2.69360496  0.72437221  0.58257534
  0.13606142  2.87284801  0.06335257  0.06074357 -0.20584943  3.38551944
  0.93305339  2.07055172  3.00304241  0.43825803  1.30444127  1.40565219
  2.30832214  2.61363394  3.54926013  0.03624953]
Device (GPU) time: 1.0838 seconds
Iters. done: 345 [Current cost: -20.95793223763228]
Current parameters: [ 3.39216646  3.53448545  1.82657547  1.53407221  0.05206346  1.66640974
  2.34419225  0.71415012  2.37418966  3.14284615  2.93260754  3.21665775
  2.44642891  1.31543796  1.68044329  2.96495356  2.93817204  3.13751406
  1.44843818  1.83460852  1.28857318  4.13797185  2.61583071  1.18601386
  1.09346376  0.45921549  3.51641771  1.43469777  2.39876772  3.77527883
  2.61129594  2.84291749  2.46025964  3.19051135  4.46083282 -0.27324767
  2.8575409   1.47729207  2.34187778  2.60955915  2.51741754  2.45412105
  0.50729775  2.89713866  2.1247214   2.68326108  0.72921692  0.57720805
  0.13780368  2.84851632  0.0470112   0.07268591 -0.19432714  3.36397274
  0.93318164  2.06018865  2.9851211   0.52043969  1.27772438  1.39150864
  2.29353961  2.60141763  3.55359994  0.0438801 ]
Device (GPU) time: 1.0842 seconds
Iters. done: 346 [Current cost: -20.913008706822612]
Current parameters: [ 3.42487412  3.60233947  1.79187137  1.56151455  0.0523689   1.67797617
  2.34456145  0.70931067  2.41267572  3.14839388  2.93841308  3.20657252
  2.47174497  1.28178237  1.68533616  2.95327935  2.92051899  3.11670907
  1.44928571  1.82580499  1.30820669  4.13301808  2.62082064  1.18425306
  1.09238405  0.45911307  3.51905361  1.43973329  2.40507664  3.78649347
  2.62462236  2.85168655  2.47767341  3.18313142  4.4627836  -0.27134649
  2.8527595   1.48361163  2.34806198  2.60737773  2.51848247  2.44720986
  0.50713132  2.8897622   2.13097373  2.67922422  0.73095842  0.56855458
  0.13098305  2.844598    0.04089804  0.03127867 -0.21393733  3.36369763
  0.93724368  2.04901418  2.96630962  0.52596524  1.32231142  1.40303606
  2.29140333  2.58551841  3.52018429  0.04396181]
Device (GPU) time: 1.0742 seconds
Iters. done: 347 [Current cost: -20.960628265217494]
Current parameters: [ 3.36414086  3.56621955  1.8108048   1.54953718  0.06733815  1.67380947
  2.34096708  0.72257778  2.39504878  3.1360716   2.93235435  3.21447226
  2.46037429  1.31772172  1.6837955   2.96861215  2.92944324  3.14004549
  1.43990712  1.84038417  1.28383855  4.12893953  2.61965486  1.19221713
  1.10133342  0.45437747  3.52629302  1.43297582  2.39519479  3.77722336
  2.6154458   2.83410289  2.46170757  3.18855981  4.46252202 -0.26516263
  2.86114423  1.45316801  2.31865386  2.60961372  2.52726795  2.45105594
  0.50129406  2.89254171  2.1231973   2.6855766   0.75599521  0.56279323
  0.14207356  2.84139053  0.04339696  0.06640838 -0.18512269  3.36408274
  0.92832936  2.06240525  3.00239921  0.51525029  1.30347906  1.3802322
  2.2876342   2.59922046  3.54967505  0.05383329]
Device (GPU) time: 1.1174 seconds
Iters. done: 348 [Current cost: -20.908208447077026]
Current parameters: [ 3.35731618  3.56342773  1.80593064  1.54717118  0.06102221  1.67994271
  2.35319774  0.71232025  2.41670747  3.14053723  2.9230371   3.22017701
  2.46611907  1.31552474  1.68097432  2.96500955  2.93291105  3.1472658
  1.43304712  1.83747056  1.3003198   4.14321167  2.61934242  1.18471462
  1.10657366  0.4543247   3.52849538  1.4382857   2.40376607  3.78852262
  2.623601    2.84033296  2.47311397  3.18024501  4.45387688 -0.26747294
  2.84752943  1.44934937  2.31360178  2.61008188  2.48590381  2.44070395
  0.52226398  2.91090372  2.12074683  2.6707129   0.69635096  0.62823617
  0.16163949  2.87604432  0.07194612  0.07306506 -0.18669832  3.36066912
  0.93981885  2.07543629  3.00743954  0.53870422  1.3055199   1.41874912
  2.32309034  2.61904688  3.55309161  0.04284323]
Device (GPU) time: 1.0387 seconds
Iters. done: 349 [Current cost: -21.08361926572106]
Current parameters: [ 3.3940578   3.55638734  1.81029839  1.54168101  0.05339409  1.66772233
  2.34390736  0.7131311   2.37753211  3.14297443  2.928779    3.21368731
  2.45298851  1.31065992  1.68102265  2.96523381  2.93369334  3.14904505
  1.43322382  1.83584312  1.28956246  4.13427216  2.61725755  1.18834504
  1.10140612  0.45466531  3.51977782  1.43509509  2.40050331  3.77534789
  2.61353801  2.84107744  2.46251741  3.18813132  4.46212735 -0.27752773
  2.85798201  1.45180171  2.31910138  2.60842642  2.5093233   2.45092014
  0.50674435  2.91765371  2.1176759   2.68243614  0.72773273  0.5709176
  0.13440582  2.83800644  0.04165812  0.05934299 -0.20151098  3.39631391
  0.91477567  2.06960906  2.99434436  0.52761729  1.305571    1.40681201
  2.27261036  2.61427582  3.55047271  0.07523443]
Device (GPU) time: 1.1011 seconds
Iters. done: 350 [Current cost: -20.981514156300058]
Current parameters: [ 3.39438082  3.56017016  1.81211219  1.54379072  0.05359755  1.6663249
  2.34554875  0.71046819  2.37817655  3.14553034  2.93388723  3.21204575
  2.44851427  1.30863863  1.68074467  2.96423177  2.93264068  3.14377884
  1.43739946  1.8331337   1.28715368  4.13287737  2.61897874  1.18578479
  1.10086102  0.45356768  3.51872481  1.43381667  2.39795049  3.77507415
  2.61265786  2.83925976  2.46439825  3.1884332   4.46293235 -0.27412505
  2.85679029  1.4539515   2.31613884  2.60968435  2.49868208  2.45035624
  0.50588528  2.93837222  2.1324184   2.70246061  0.72562634  0.59159279
  0.1368096   2.88663534  0.03808406  0.06023575 -0.20512935  3.29978382
  0.95148096  2.04955325  2.99797518  0.50492053  1.30254618  1.36643375
  2.24719495  2.59114008  3.5485721   0.10799128]
Device (GPU) time: 1.0985 seconds
Iters. done: 351 [Current cost: -20.98978955412644]
Current parameters: [ 3.39585455  3.55735877  1.81079215  1.54561178  0.07911576  1.67048714
  2.34352388  0.70809705  2.3764994   3.143746    2.89650832  3.20124908
  2.44964219  1.31178041  1.68371828  2.96348157  2.9328386   3.1454727
  1.43647144  1.83214142  1.28829871  4.13447607  2.61685714  1.19048522
  1.1037239   0.45738818  3.51524763  1.43398575  2.39870333  3.77433589
  2.60967246  2.84440798  2.45999485  3.19065175  4.46121992 -0.27525561
  2.85875816  1.46452999  2.30753844  2.62614353  2.51804274  2.43617482
  0.50205918  2.89496759  2.10352148  2.70553693  0.72589243  0.57800871
  0.13404678  2.84758116  0.04133823  0.05669835 -0.204492    3.3638126
  0.93246798  2.05927196  3.00339485  0.52062632  1.29689836  1.39216936
  2.29319873  2.60085546  3.54432392  0.04564488]
Device (GPU) time: 1.0695 seconds
Iters. done: 352 [Current cost: -20.94789984792401]
Current parameters: [ 3.39579809  3.55301783  1.80172013  1.5388142   0.00684494  1.66651087
  2.34581763  0.71625509  2.37557406  3.14885108  2.98962636  3.23585976
  2.4603216   1.30558295  1.68087637  2.96306642  2.92798827  3.14064686
  1.43679693  1.83930632  1.29197392  4.13089971  2.61871886  1.18018062
  1.10391466  0.45919047  3.51532541  1.43105717  2.39244523  3.77967989
  2.61012798  2.84279124  2.4607552   3.19069751  4.45632302 -0.27314267
  2.85922918  1.47498957  2.28809384  2.64857722  2.51706322  2.41655853
  0.49371783  2.88794221  2.07986149  2.72469572  0.73791211  0.58077379
  0.14070055  2.85072525  0.04295862  0.06344911 -0.19145263  3.36564704
  0.93500673  2.06074617  3.00266115  0.52523341  1.31676299  1.39554345
  2.29971643  2.60399576  3.56655581  0.04986751]
Device (GPU) time: 1.0459 seconds
Iters. done: 353 [Current cost: -20.967490393854845]
Current parameters: [ 3.40091911  3.55395747  1.81648814  1.54083583  0.05162495  1.67288036
  2.34598745  0.7147383   2.37904624  3.14159891  2.92825654  3.21239179
  2.45507189  1.31048597  1.68309523  2.96446839  2.92876219  3.14732613
  1.4330721   1.8653881   1.28595313  4.1438259   2.65796094  1.19752749
  1.10167134  0.45495751  3.52014422  1.43520682  2.41127341  3.7764791
  2.6132838   2.83748706  2.4625838   3.17933799  4.47068498 -0.2759816
  2.85687971  1.44915502  2.32374411  2.62628937  2.51682749  2.46458562
  0.49607131  2.89850689  2.12317242  2.68626295  0.72661739  0.57646222
  0.13535337  2.84822481  0.04776291  0.05706275 -0.20166777  3.36298002
  0.93128466  2.06073445  3.00498099  0.51938942  1.3051058   1.38893208
  2.2925593   2.60268178  3.54855265  0.04619925]
Device (GPU) time: 1.0757 seconds
Iters. done: 354 [Current cost: -20.924698848052575]
Current parameters: [ 3.38617943  3.5610747   1.80389154  1.54404189  0.05596969  1.66121975
  2.34147796  0.71069955  2.37588057  3.14550652  2.93277671  3.2144696
  2.44862769  1.31001652  1.67869319  2.96570459  2.93819295  3.1461735
  1.43716017  1.80112969  1.29250959  4.12190174  2.57128203  1.17636979
  1.10093317  0.45374009  3.519704    1.43474706  2.43101701  3.77379418
  2.61412092  2.8215254   2.46278417  3.15242638  4.48748338 -0.27705993
  2.85944955  1.43827148  2.33346504  2.67011913  2.51166414  2.49980655
  0.46610484  2.89821161  2.12466647  2.68493858  0.72890846  0.57701972
  0.13787815  2.85082493  0.058913    0.05577431 -0.20129548  3.36379343
  0.93123405  2.06202013  3.0052111   0.52158993  1.30356128  1.39003488
  2.29616396  2.60541907  3.55087009  0.04726336]
Device (GPU) time: 1.1048 seconds
Iters. done: 355 [Current cost: -21.017869537442042]
Current parameters: [ 3.39036372  3.55256551  1.80298404  1.54410456  0.05607191  1.65920876
  2.3416762   0.71277577  2.37894673  3.14380781  2.92521778  3.22702106
  2.42968125  1.28140787  1.72554231  2.96914066  2.93516655  3.14666565
  1.4376461   1.84158035  1.28968574  4.13516004  2.61825521  1.17892241
  1.10071229  0.45451224  3.52159188  1.43466349  2.39842005  3.77571148
  2.61494393  2.83782851  2.46272458  3.18686564  4.46056204 -0.27766557
  2.85866319  1.45102279  2.3187061   2.60857781  2.51811467  2.45050131
  0.50649718  2.89694865  2.123737    2.68401421  0.73165441  0.57662873
  0.13718733  2.84767334  0.0470196   0.06226734 -0.19629947  3.36431131
  0.93151209  2.06141924  3.00498249  0.51977723  1.30506961  1.38858188
  2.29329889  2.60319321  3.54918189  0.04909312]
Device (GPU) time: 0.9821 seconds
Iters. done: 356 [Current cost: -21.0502325495578]
Current parameters: [ 3.40413281  3.55259369  1.82779565  1.52775709  0.0432204   1.66179134
  2.35667064  0.70277201  2.39563938  3.14767918  2.92409059  3.20636554
  2.46102584  1.31150002  1.68149196  2.9604302   2.91911933  3.15915541
  1.41624313  1.9093241   1.29309     4.10840525  2.55199764  1.17242016
  1.10553528  0.45006863  3.51903777  1.43029527  2.40515598  3.78729234
  2.61151482  2.85371619  2.48118809  3.19548435  4.4674442  -0.25489849
  2.84387721  1.44850571  2.30923701  2.6004709   2.52409429  2.45450288
  0.50755645  2.8900245   2.1265736   2.67936009  0.71492148  0.56918519
  0.12566677  2.85013529  0.03667284  0.05777838 -0.21054325  3.36162467
  0.93152651  2.05396586  3.00648363  0.52274891  1.30496836  1.37794577
  2.29437702  2.60543039  3.55174551  0.04539922]
Device (GPU) time: 1.1405 seconds
Iters. done: 357 [Current cost: -20.93279087972994]
Current parameters: [ 3.40053376  3.55446031  1.82254377  1.54350447  0.05516457  1.66606302
  2.34954214  0.71213352  2.38881479  3.14470489  2.93438467  3.20812619
  2.45979859  1.313071    1.6901061   2.96229466  2.91774716  3.1652238
  1.43611228  1.82736508  1.28428143  4.16806111  2.61011868  1.18361058
  1.09633975  0.4534579   3.51137973  1.44539613  2.38771055  3.78273321
  2.61816857  2.81472543  2.46152727  3.19525061  4.46852247 -0.27757485
  2.85480826  1.45486205  2.31700917  2.60792261  2.51837757  2.45367199
  0.5064843   2.89693491  2.12411874  2.68991839  0.73101852  0.57737589
  0.13764164  2.84792248  0.04392664  0.05469508 -0.20029859  3.36655904
  0.92745495  2.05146363  3.00578715  0.51969886  1.30531008  1.3841338
  2.29141085  2.60649116  3.5493585   0.0462398 ]
Device (GPU) time: 1.0952 seconds
Iters. done: 358 [Current cost: -20.970458490805786]
Current parameters: [ 3.38182455  3.5786791   1.7977057   1.52287142  0.021809    1.66416562
  2.35007578  0.69545991  2.35417207  3.14276284  2.91591009  3.20761098
  2.44733914  1.32522424  1.68220132  2.95801989  2.92289168  3.17407976
  1.46668728  1.80875305  1.31336621  4.1340308   2.63014806  1.17626906
  1.11118594  0.45165382  3.54540675  1.40342336  2.40313704  3.79450069
  2.5887938   2.8244919   2.47191115  3.17569351  4.46676363 -0.28555225
  2.84337619  1.43418487  2.31247644  2.59547762  2.52735617  2.42810691
  0.50885904  2.88484394  2.12566551  2.65677379  0.7107498   0.55806951
  0.1185593   2.84497544  0.03003319  0.06946398 -0.20991431  3.34998329
  0.94522543  2.08789786  3.00199187  0.52536288  1.30570607  1.38761789
  2.29985522  2.59030856  3.55491139  0.04734717]
Device (GPU) time: 0.9665 seconds
Iters. done: 359 [Current cost: -20.93045338282979]
Current parameters: [ 3.3838086   3.54466505  1.80767152  1.57327378  0.05024679  1.67085295
  2.35640362  0.70002371  2.37354793  3.14749208  2.94304273  3.18010314
  2.44293229  1.30215013  1.67873937  2.96436491  2.9325865   3.14610749
  1.4357862   1.83620375  1.29284311  4.13464533  2.6202779   1.18240506
  1.10180799  0.45657051  3.51637023  1.43387237  2.40135949  3.78622149
  2.6105065   2.84614709  2.46023477  3.1895202   4.45562254 -0.27714664
  2.853934    1.44295065  2.31961845  2.60439169  2.51807005  2.46092727
  0.50764705  2.89496285  2.11919502  2.69360221  0.72754965  0.57228788
  0.13535513  2.84688007  0.04555878  0.07279087 -0.19830343  3.36510677
  0.93205745  2.05882597  3.00310079  0.52061985  1.30402864  1.3908157
  2.29320241  2.60173872  3.54216276  0.04809548]
Device (GPU) time: 1.0636 seconds
Iters. done: 360 [Current cost: -20.978461012261356]
Current parameters: [ 3.40227637  3.55822714  1.78328852  1.53908213  0.06816729  1.64458452
  2.35115363  0.72439164  2.37677946  3.16921521  2.93140716  3.21397913
  2.44015805  1.30749478  1.65342551  2.96221722  2.93553231  3.14287364
  1.41630339  1.82354647  1.2948454   4.1229036   2.6383998   1.15093186
  1.09305335  0.44136777  3.53174441  1.43402865  2.39075084  3.75081675
  2.63744254  2.83941589  2.49682975  3.17716006  4.47272615 -0.278365
  2.86330151  1.44804919  2.32974489  2.57700252  2.51941807  2.45818363
  0.51325108  2.87917304  2.09471715  2.68783932  0.73563779  0.58463854
  0.14327915  2.84969763  0.05828129  0.0419949  -0.21491159  3.36311148
  0.92907575  2.05383389  3.0110794   0.52751759  1.29290584  1.35932681
  2.30021707  2.63632141  3.58149243  0.05331604]
Device (GPU) time: 1.1004 seconds
Iters. done: 361 [Current cost: -20.95080746578934]
Current parameters: [ 3.39027472  3.56723885  1.81272371  1.52848188  0.05481148  1.67080222
  2.33545165  0.70652376  2.37600728  3.14007156  2.93048127  3.22927045
  2.45665844  1.3108506   1.68362036  2.96532465  2.93276941  3.14772007
  1.4365459   1.8314821   1.28207589  4.13469859  2.616432    1.19205392
  1.0994454   0.45213539  3.51696171  1.43643751  2.4019597   3.78110847
  2.61124854  2.84454308  2.45943755  3.18790457  4.45968926 -0.27241255
  2.85462945  1.43826078  2.32930243  2.58845348  2.51706294  2.47332404
  0.51198768  2.89443914  2.09993964  2.71166787  0.72088743  0.57530669
  0.13876288  2.84809407  0.04634904  0.07052565 -0.2074095   3.36326101
  0.92934725  2.05999332  3.00018428  0.51991858  1.31020381  1.39255603
  2.29303298  2.59162661  3.54311792  0.0445931 ]
Device (GPU) time: 1.1038 seconds
Iters. done: 362 [Current cost: -20.940575066910757]
Current parameters: [ 3.40000308  3.55765283  1.80155869  1.54485475  0.05708673  1.65626832
  2.34292089  0.71282667  2.37872133  3.14426781  2.93259052  3.21366234
  2.44810768  1.32195207  1.68438208  2.96533175  2.9280013   3.14091192
  1.4366085   1.83680193  1.2864468   4.12997205  2.61836054  1.19072686
  1.10160426  0.45446856  3.52342175  1.44125649  2.39778277  3.78625066
  2.61746178  2.8380925   2.45210993  3.18984982  4.46672465 -0.27118874
  2.86143888  1.45241815  2.3197583   2.60911793  2.51751726  2.44966116
  0.50686793  2.89741455  2.12334872  2.68405567  0.72663642  0.57780278
  0.13141784  2.84805024  0.04725781  0.06645603 -0.20525174  3.36401941
  0.93130017  2.06194144  3.0047086   0.52000721  1.30423625  1.38895421
  2.29378474  2.60357374  3.54998019  0.04862474]
Device (GPU) time: 1.0491 seconds
Iters. done: 363 [Current cost: -20.81758573301497]
Current parameters: [ 3.40990117  3.55668063  1.80601543  1.54113312  0.0541808   1.64301267
  2.34652008  0.70410925  2.39548327  3.14055905  2.93212717  3.21381574
  2.44063363  1.32989834  1.68259411  2.96596754  2.93752496  3.15226995
  1.43242064  1.83191489  1.29141368  4.1374958   2.61798587  1.19731659
  1.09807726  0.45494106  3.51379185  1.42618204  2.40624765  3.76099531
  2.60572985  2.84868188  2.47320685  3.18447615  4.44700778 -0.28486806
  2.84694185  1.44909865  2.31295433  2.60835008  2.51883039  2.45442382
  0.50620062  2.89784831  2.12662956  2.68639193  0.73622554  0.57342777
  0.15122799  2.84893711  0.04217032  0.05955162 -0.18278797  3.36334668
  0.93035511  2.06043811  3.00282701  0.5200108   1.30764485  1.3914645
  2.29356058  2.59644737  3.54327311  0.04611504]
Device (GPU) time: 1.0749 seconds
Iters. done: 364 [Current cost: -20.954349334897607]
Current parameters: [ 3.39193052  3.56003861  1.80812146  1.54539963  0.05483042  1.66838117
  2.34439896  0.71363373  2.37073566  3.14484476  2.93142693  3.21305636
  2.4515659   1.31202187  1.68456488  2.96499824  2.92912105  3.14507629
  1.43320432  1.8346885   1.2828178   4.13049187  2.61759405  1.19083095
  1.10528629  0.45501022  3.5207175   1.43535735  2.40582376  3.77256459
  2.60939443  2.83449885  2.46031637  3.19539332  4.45729667 -0.2735384
  2.83788754  1.46073234  2.32594988  2.60845819  2.51736236  2.45141311
  0.5058965   2.89717386  2.12292901  2.6848196   0.72899254  0.57770834
  0.13950723  2.84687623  0.04696393  0.05706554 -0.20430239  3.36432353
  0.93057637  2.06085163  3.00972569  0.51984563  1.30737678  1.38727397
  2.29294815  2.60514538  3.5528956   0.04916821]
Device (GPU) time: 1.0602 seconds
Iters. done: 365 [Current cost: -20.883382404757853]
Current parameters: [ 3.38786495  3.55791278  1.80246559  1.54108631  0.05042701  1.66764329
  2.34566134  0.70129841  2.37905804  3.1430342   2.924908    3.21430547
  2.45242245  1.31163673  1.67912898  2.96615571  2.93674162  3.16467756
  1.42131333  1.83703785  1.29434546  4.13601836  2.61734289  1.18695449
  1.1103839   0.45775411  3.51887941  1.43306663  2.39192197  3.7784463
  2.61289572  2.84711329  2.46054964  3.18137595  4.46227746 -0.28203792
  2.87741309  1.48154706  2.342332    2.60897561  2.51911466  2.45430802
  0.50617494  2.89776447  2.12618389  2.68760587  0.7293899   0.57267142
  0.1385213   2.84843875  0.0416164   0.06861906 -0.19913177  3.36375579
  0.93118836  2.06051781  3.02631983  0.51976524  1.32246819  1.38994667
  2.29312197  2.5993549   3.55167131  0.05217565]
Device (GPU) time: 1.0619 seconds
Iters. done: 366 [Current cost: -20.897091458006273]
Current parameters: [ 3.3864008   3.54914757  1.81577578  1.53758188  0.04753006  1.66483715
  2.34403285  0.70871741  2.39176798  3.14281425  2.92889715  3.21115798
  2.44917383  1.30790948  1.68239816  2.96248993  2.93284161  3.13986103
  1.43088653  1.82817781  1.2906119   4.12469131  2.62197132  1.19609961
  1.10179215  0.45514732  3.51724168  1.4362728   2.39778987  3.77573889
  2.61271468  2.83516851  2.46201716  3.18918146  4.46319264 -0.27855907
  2.85697699  1.45187928  2.3190405   2.60859099  2.51901524  2.4506969
  0.50714505  2.89684354  2.12351098  2.68668721  0.7241535   0.57469673
  0.13163488  2.84594569  0.04290321  0.0546309  -0.20778925  3.36401106
  0.92985995  2.0578901   3.00812509  0.51928298  1.30526252  1.38809238
  2.29118896  2.60259321  3.55241996  0.04699078]
Device (GPU) time: 1.0682 seconds
Iters. done: 367 [Current cost: -20.969763458851858]
Current parameters: [ 3.41541201  3.55839028  1.82460834  1.54352463  0.05790286  1.67567829
  2.34746611  0.70769681  2.37296137  3.14597614  2.92337441  3.21906292
  2.44997228  1.30539692  1.67129697  2.96588678  2.94372301  3.13389595
  1.43456892  1.83740993  1.29174225  4.11647907  2.62184977  1.17472455
  1.10187614  0.45646205  3.51861567  1.43192317  2.38124748  3.78293561
  2.61220855  2.81021163  2.46370526  3.18573137  4.45270985 -0.27300044
  2.85696312  1.44911605  2.31631165  2.60969791  2.51729618  2.45445527
  0.50739196  2.89693542  2.12650679  2.68470017  0.73345231  0.57453946
  0.14369932  2.85042912  0.04682149  0.06861033 -0.19017064  3.36379002
  0.9295652   2.06286428  3.01117647  0.52184982  1.31304527  1.39739999
  2.29720277  2.59575512  3.54848885  0.05126181]
Device (GPU) time: 0.9732 seconds
Iters. done: 368 [Current cost: -20.895259936406696]
Current parameters: [ 3.39449608  3.55767971  1.81230024  1.54200922  0.05156241  1.66856016
  2.34687227  0.70600739  2.37858201  3.14353497  2.92960723  3.21455622
  2.45171368  1.31073674  1.68101202  2.96516743  2.93486665  3.14732802
  1.43513424  1.83505999  1.28963233  4.13330805  2.61758134  1.18860344
  1.1015994   0.4550354   3.51811259  1.4342133   2.39943819  3.76976055
  2.61179999  2.84072959  2.46175598  3.19495388  4.46905984 -0.27725547
  2.85767021  1.45197984  2.31969834  2.6088644   2.51834539  2.44864634
  0.50463762  2.8942095   2.11390945  2.67513468  0.73406952  0.58724242
  0.13028122  2.84253947  0.05860207  0.06473131 -0.20022174  3.36439043
  0.92997283  2.05809666  3.00454117  0.51689502  1.30748663  1.384926
  2.28785619  2.59768978  3.54199272  0.05013258]
Device (GPU) time: 1.0699 seconds
Iters. done: 369 [Current cost: -20.917652101343347]
Current parameters: [ 3.39669535  3.55619216  1.81318203  1.54392289  0.05845071  1.66579517
  2.33391368  0.7262799   2.37911319  3.13706998  2.93202154  3.20929656
  2.45223402  1.30915775  1.68109285  2.96609106  2.93540326  3.15224623
  1.43341185  1.83613027  1.28882442  4.13753868  2.61515106  1.18972398
  1.10161061  0.45816747  3.51278432  1.42912608  2.39692165  3.79953989
  2.60393156  2.84490215  2.45968199  3.1708688   4.43126091 -0.2781804
  2.8598823   1.45236147  2.31932657  2.60724313  2.51919999  2.45420374
  0.50343343  2.89418628  2.11343278  2.6738153   0.73302831  0.58728544
  0.12679031  2.84270065  0.05952283  0.045587   -0.20652333  3.3642554
  0.93120722  2.05718455  3.0046174   0.51575345  1.30276274  1.38455354
  2.28623832  2.5944092   3.56606953  0.04985009]
Device (GPU) time: 1.1002 seconds
Iters. done: 370 [Current cost: -20.948412000928688]
Current parameters: [ 3.38981753  3.55319393  1.81121479  1.5388356   0.05837711  1.66912506
  2.35112931  0.70152933  2.37308727  3.14747439  2.9348012   3.21972597
  2.45180931  1.31380974  1.68182366  2.96566147  2.93640778  3.14873933
  1.4396003   1.83616984  1.2899981   4.13142091  2.61865708  1.18779475
  1.10233451  0.4543695   3.51967341  1.4369793   2.39958316  3.78252529
  2.61356504  2.84254415  2.45737583  3.18616503  4.46061633 -0.27447844
  2.86003553  1.45206429  2.318035    2.6079468   2.51797392  2.44993889
  0.50657216  2.8974582   2.12415165  2.68426255  0.73337482  0.57642525
  0.1449124   2.84711315  0.04572843  0.04484472 -0.20484721  3.36363206
  0.93122061  2.06143381  3.00438531  0.51974913  1.30313483  1.38634843
  2.29293895  2.60728159  3.54011209  0.04771629]
Device (GPU) time: 1.0897 seconds
Iters. done: 371 [Current cost: -20.973721025658595]
Current parameters: [ 3.40016186  3.57225493  1.80957993  1.54297557  0.02770257  1.66653575
  2.35403477  0.7296287   2.38237416  3.14909918  2.91222222  3.20987763
  2.45620005  1.3049285   1.68402076  2.96570046  2.94089794  3.14958634
  1.43850247  1.83103225  1.28670854  4.12773881  2.61802098  1.19679767
  1.10207524  0.4563893   3.50925017  1.43374345  2.39488505  3.78401491
  2.6039067   2.84510917  2.45198174  3.19138883  4.45909049 -0.27543055
  2.8616376   1.45338531  2.3180529   2.6088152   2.51687108  2.45824235
  0.50496987  2.89768534  2.12243547  2.68672963  0.73271904  0.57759823
  0.14938543  2.84787092  0.04740865  0.06876694 -0.20071869  3.36387411
  0.92975066  2.06078912  3.00293013  0.51987076  1.29679763  1.37225416
  2.29330378  2.62917955  3.53965515  0.04667497]
Device (GPU) time: 0.9740 seconds
Iters. done: 372 [Current cost: -20.832425478871]
Current parameters: [ 3.39410615  3.56111034  1.81370552  1.54229587  0.05565234  1.66706653
  2.34476562  0.71399855  2.37795909  3.14244502  2.93295423  3.21403985
  2.4505701   1.31133342  1.6816714   2.96799682  2.93368882  3.14571672
  1.43934204  1.83594723  1.28915919  4.13282014  2.61730082  1.18915615
  1.10232746  0.45708935  3.51799114  1.44823296  2.39868686  3.7748974
  2.61001773  2.84104754  2.46958028  3.18978338  4.46067652 -0.27947497
  2.8588506   1.45179545  2.31983474  2.60907908  2.51865615  2.45259784
  0.5061416   2.89733853  2.12084267  2.68469281  0.72750851  0.57432542
  0.13376722  2.84384784  0.0452473   0.06036116 -0.20022541  3.36914571
  0.9531109   2.0637927   3.01171106  0.52041543  1.30221467  1.38967077
  2.28903911  2.60628681  3.54831773  0.04914433]
Device (GPU) time: 1.6551 seconds
Iters. done: 373 [Current cost: -20.979591840585485]
Current parameters: [ 3.39949458  3.5604742   1.81379327  1.53692938  0.0842241   1.67345004
  2.35213429  0.71253262  2.38468144  3.14969961  2.94847178  3.22673354
  2.45813736  1.30105515  1.6797503   2.9616932   2.93693391  3.15034935
  1.43166916  1.82736949  1.29650639  4.13425511  2.62194398  1.1896664
  1.10397972  0.45914522  3.51334123  1.42368867  2.40309767  3.78044126
  2.60392737  2.84967209  2.46028435  3.1940324   4.46083349 -0.28227109
  2.85283179  1.45096407  2.31462494  2.61530718  2.52023288  2.4507172
  0.50587666  2.89633839  2.13103944  2.68145306  0.71832356  0.57066535
  0.12380385  2.84622779  0.0398606   0.0799215  -0.20246496  3.36159044
  0.92664026  2.05704779  3.00319344  0.51935549  1.30717266  1.37815536
  2.29175348  2.61934304  3.55342632  0.04538316]
Device (GPU) time: 1.0963 seconds
Iters. done: 374 [Current cost: -20.988463968620486]
Current parameters: [ 3.39249185  3.5642449   1.80931189  1.54252379  0.05062413  1.68246562
  2.3430551   0.71165067  2.3780664   3.14512728  2.93036753  3.21533878
  2.4376061   1.32056871  1.68403596  2.96442802  2.93221527  3.14684492
  1.43114194  1.83414353  1.2907231   4.13435138  2.6187226   1.18515637
  1.08794652  0.45469875  3.5132496   1.43614094  2.39930235  3.77522239
  2.61394802  2.84351712  2.46330115  3.18937235  4.46099794 -0.27085283
  2.8583236   1.45300931  2.3166251   2.61045326  2.5180961   2.45155757
  0.50565618  2.89695866  2.12664389  2.68447444  0.72777572  0.57599118
  0.13513301  2.84723503  0.04505568  0.06050746 -0.20413627  3.36504741
  0.92998877  2.05724162  3.00667193  0.52004019  1.30347891  1.38869776
  2.29257685  2.6023844   3.5523977   0.04796135]
Device (GPU) time: 1.0808 seconds
Iters. done: 375 [Current cost: -20.97520884721886]
Current parameters: [ 3.3927843   3.56107081  1.81350621  1.54041234  0.05110516  1.66566577
  2.34621255  0.71376452  2.37586354  3.14017769  2.92856345  3.21341059
  2.45120503  1.31221155  1.68161295  2.96508867  2.93523305  3.15142247
  1.43902322  1.8359095   1.29113395  4.13447667  2.61652594  1.19027126
  1.10415245  0.45740669  3.51914279  1.4254081   2.38172413  3.77449812
  2.64733884  2.84989281  2.46211778  3.20652144  4.44693383 -0.27947805
  2.85208616  1.4313443   2.34259113  2.62691136  2.51953204  2.4447859
  0.4987783   2.89741359  2.12170519  2.68594314  0.72476247  0.57450546
  0.13374073  2.84726361  0.04267429  0.05622613 -0.20061823  3.36215047
  0.93276231  2.06438556  3.00616312  0.5187619   1.30359295  1.38772256
  2.29232507  2.60386499  3.5500813   0.04777649]
Device (GPU) time: 1.0000 seconds
Iters. done: 376 [Current cost: -20.9254228865998]
Current parameters: [ 3.40195776  3.54433099  1.80730573  1.54255017  0.05447132  1.67885608
  2.34298472  0.72004983  2.37947696  3.14317715  2.93068035  3.21273167
  2.45337829  1.31323101  1.68616385  2.96601056  2.9304624   3.14814021
  1.43322311  1.83282467  1.29701393  4.1331211   2.61403615  1.19495164
  1.10102375  0.45395045  3.5237609   1.43652433  2.40235397  3.77515419
  2.61717614  2.83931896  2.4661568   3.18570497  4.46125522 -0.27702253
  2.85696723  1.45135351  2.32055804  2.60756677  2.51881196  2.44959253
  0.5079623   2.89785318  2.11852435  2.68463501  0.73459906  0.57485709
  0.1408651   2.84580457  0.04548763  0.06461166 -0.20850603  3.35932936
  0.93208896  2.06980565  3.00560828  0.51800629  1.30759915  1.38763497
  2.2922767   2.60442826  3.54555678  0.04800602]
Device (GPU) time: 1.1145 seconds
Iters. done: 377 [Current cost: -20.90989008376666]
Current parameters: [ 3.40475177  3.55721252  1.80308892  1.54527146  0.05390063  1.68431509
  2.34636446  0.70804171  2.37434401  3.14071201  2.93395579  3.20968363
  2.45687418  1.31512547  1.69302063  2.9676341   2.93244657  3.14695564
  1.44057954  1.83474768  1.30190777  4.1257429   2.61275297  1.20523329
  1.10387792  0.45267346  3.52908617  1.43032783  2.39992078  3.77201778
  2.61080282  2.83562307  2.45720366  3.18506125  4.46797797 -0.27537331
  2.86277911  1.4486848   2.3275881   2.60015812  2.51867709  2.45062022
  0.50847295  2.89800797  2.11952917  2.69418588  0.71751088  0.58229697
  0.12513484  2.85269989  0.04579709  0.04449784 -0.16758664  3.37156362
  0.93094726  2.04891143  3.00886211  0.51967478  1.29606982  1.38000344
  2.29197977  2.60786923  3.55892545  0.04853345]
Device (GPU) time: 1.0863 seconds
Iters. done: 378 [Current cost: -20.86850515724735]
Current parameters: [ 3.39480752  3.56271211  1.82203474  1.54770516  0.05504111  1.66224852
  2.34281627  0.71123249  2.37700654  3.14645836  2.93346102  3.21054883
  2.45094997  1.30873988  1.6837881   2.96596152  2.94352663  3.15540595
  1.43202006  1.83444428  1.28683694  4.1298743   2.61783776  1.19528095
  1.08928558  0.45509684  3.52425591  1.43661469  2.4053534   3.7771139
  2.61585278  2.83718668  2.46240673  3.18332071  4.46473718 -0.26972112
  2.85767793  1.45252923  2.32464927  2.60810112  2.51712223  2.44214632
  0.50830209  2.89866006  2.11981787  2.68715137  0.72982675  0.57806478
  0.13444613  2.84595526  0.04368525  0.06061212 -0.20123954  3.36208963
  0.93198955  2.0651097   3.00313797  0.51942655  1.30801461  1.38748063
  2.29259874  2.60556253  3.55088918  0.04563851]
Device (GPU) time: 0.9943 seconds
Iters. done: 379 [Current cost: -20.98810756898506]
Current parameters: [ 3.39543519  3.57049248  1.82630832  1.54736852  0.05117017  1.67902397
  2.33332514  0.71325983  2.38358407  3.14998778  2.93743427  3.21182998
  2.43276945  1.31901639  1.68382769  2.96727181  2.94345765  3.15045468
  1.42688572  1.8359774   1.28292069  4.13529242  2.61581747  1.18576256
  1.13958103  0.45042327  3.53111789  1.44061809  2.40278631  3.7755925
  2.62113777  2.83861494  2.4633351   3.18286696  4.4638597  -0.29274739
  2.85936473  1.45490991  2.31595866  2.60615157  2.51785227  2.44787486
  0.50684137  2.89738088  2.12409823  2.68814527  0.73067595  0.57828923
  0.13571697  2.84996093  0.04336432  0.0609635  -0.20574975  3.36514428
  0.927959    2.05666874  2.98899094  0.5202142   1.29742764  1.38539054
  2.29383467  2.60308446  3.54791103  0.04299252]
Device (GPU) time: 1.0923 seconds
Iters. done: 380 [Current cost: -21.018606064239993]
Current parameters: [ 3.39523202  3.55943986  1.81660563  1.54748206  0.05584918  1.66640793
  2.33458357  0.71309486  2.37889045  3.1492326   2.93500105  3.21313666
  2.45089286  1.30944103  1.68286468  2.96213781  2.91832459  3.15204998
  1.43234372  1.83481299  1.290627    4.12771236  2.61897909  1.18765638
  1.10335858  0.45519487  3.51794108  1.43063707  2.39407158  3.76661802
  2.60512325  2.84043618  2.45670129  3.18798699  4.46118874 -0.27155429
  2.86452661  1.44926397  2.32394866  2.60978248  2.51693299  2.44978817
  0.50606545  2.89774211  2.12225514  2.6838568   0.725807    0.57724132
  0.14160933  2.84683761  0.04719716  0.05802823 -0.20265833  3.36308392
  0.93333026  2.06521057  3.00429306  0.52009369  1.29921668  1.39016845
  2.29370513  2.60340968  3.54615882  0.0480244 ]
Device (GPU) time: 1.0867 seconds
Iters. done: 381 [Current cost: -20.900311866766597]
Current parameters: [ 3.39310266  3.55249202  1.80094324  1.54015977  0.05280335  1.67097098
  2.34354803  0.71528668  2.37864523  3.14084505  2.92864354  3.21360444
  2.45374479  1.308685    1.67701405  2.96883912  2.93973015  3.13768431
  1.42989564  1.83804431  1.27935964  4.14322746  2.61367629  1.18088869
  1.10125045  0.44670394  3.52140278  1.44919066  2.40071775  3.77677031
  2.58471069  2.84093251  2.4700246   3.18752211  4.46293072 -0.27975034
  2.8631674   1.42955764  2.34230008  2.61672111  2.52042327  2.42635733
  0.50720554  2.89765604  2.12816468  2.68758371  0.73045785  0.57924185
  0.14183793  2.85302107  0.03809604  0.06125195 -0.20343673  3.36632507
  0.92311356  2.050516    3.00134905  0.5204659   1.3076158   1.38608998
  2.29474889  2.60076377  3.55017839  0.04627319]
Device (GPU) time: 1.0768 seconds
Iters. done: 382 [Current cost: -21.062680181357784]
Current parameters: [ 3.39801589  3.55621477  1.80419022  1.54461916  0.05346743  1.6737899
  2.34469061  0.7102879   2.38637155  3.14262211  2.9323371   3.21309774
  2.44904412  1.30865983  1.67879257  2.96555632  2.93859191  3.1479133
  1.43838305  1.83638601  1.27328526  4.13543227  2.61558606  1.18572062
  1.1017355   0.4549431   3.51799097  1.43437198  2.39803004  3.77328924
  2.61144009  2.83963197  2.45898662  3.18975054  4.46396024 -0.27613419
  2.85930459  1.45376787  2.32021087  2.60786129  2.5177181   2.45217773
  0.50661374  2.89810955  2.11899786  2.68279641  0.72271475  0.57300636
  0.13312776  2.84253295  0.04486619  0.05439372 -0.19721299  3.35600531
  0.92970681  2.07499314  3.00509976  0.5179823   1.30300215  1.3890023
  2.29234778  2.60434652  3.55181246  0.0465381 ]
Device (GPU) time: 0.9828 seconds
Iters. done: 383 [Current cost: -20.96010052467359]
Current parameters: [ 3.38870971  3.56738566  1.81928366  1.54286557  0.05244803  1.6598916
  2.34441906  0.70812316  2.36233502  3.14350326  2.92951612  3.21237135
  2.4574555   1.31054499  1.68688887  2.96961863  2.93164108  3.12939362
  1.41412214  1.83298204  1.30817406  4.14420553  2.6166146   1.19210515
  1.10502581  0.44542017  3.5092934   1.4535749   2.39676604  3.7791493
  2.61067564  2.84593422  2.46896535  3.19377728  4.46261916 -0.27695846
  2.86004501  1.45382397  2.31643541  2.60963102  2.51848954  2.45519488
  0.50526644  2.89710779  2.11923781  2.67975354  0.72508244  0.5702182
  0.13405083  2.84437988  0.04565884  0.05399743 -0.18816323  3.3478262
  0.91628716  2.08196166  2.99991152  0.51638585  1.30166091  1.38800413
  2.29551782  2.60326282  3.55534089  0.04685514]
Device (GPU) time: 1.0956 seconds
Iters. done: 384 [Current cost: -20.830929677638004]
Current parameters: [ 3.39480364  3.55764081  1.81246992  1.542756    0.05360764  1.66772782
  2.34396401  0.71355951  2.37802154  3.14273919  2.93094451  3.21320944
  2.45187954  1.31004447  1.68178648  2.96255889  2.93574414  3.1392622
  1.42915402  1.8349832   1.28847191  4.1400185   2.61577888  1.18785012
  1.10218345  0.43534342  3.51476447  1.42299741  2.40305083  3.77706371
  2.61607581  2.83985074  2.45441854  3.18569431  4.46507376 -0.27532847
  2.8573919   1.45261313  2.32087915  2.60733279  2.51850403  2.44755445
  0.50812062  2.89766213  2.12254798  2.68487981  0.73003595  0.5758028
  0.13743383  2.8457231   0.04443789  0.06006197 -0.20082269  3.36683764
  0.94219278  2.06143612  3.00803926  0.52017136  1.3033539   1.38977025
  2.29081335  2.60342241  3.54845272  0.0480211 ]
Device (GPU) time: 1.1531 seconds
Iters. done: 385 [Current cost: -20.849069580144096]
Current parameters: [ 3.39320386  3.55927669  1.81304342  1.54098154  0.05078253  1.66648295
  2.3434419   0.71452965  2.37495572  3.14088104  2.9297858   3.21256449
  2.45331835  1.3087345   1.68082208  2.96452304  2.94035232  3.12968916
  1.41571606  1.83486072  1.28912458  4.1541104   2.61121629  1.18485856
  1.09762092  0.49430787  3.54163315  1.42059257  2.39987196  3.77255356
  2.61079615  2.84237804  2.4540268   3.18972357  4.4680421  -0.27570549
  2.8604693   1.44740419  2.31415521  2.60461967  2.51938265  2.45271176
  0.50705972  2.89685881  2.12392302  2.68508718  0.72666316  0.57455276
  0.14297305  2.84816743  0.04345562  0.05403218 -0.20393602  3.36707798
  0.94027308  2.0596678   3.00611003  0.52032543  1.30331022  1.38774748
  2.29175052  2.6022206   3.54918022  0.04776361]
Device (GPU) time: 1.0003 seconds
Iters. done: 386 [Current cost: -20.951339401443235]
Current parameters: [ 3.392196    3.55714754  1.80535508  1.54225329  0.05653236  1.66173999
  2.34566953  0.718136    2.37481821  3.14590582  2.92978568  3.21249195
  2.45191304  1.30558313  1.67310937  2.96443233  2.93342835  3.14818361
  1.43740973  1.83430246  1.28904744  4.13285114  2.62197232  1.17759216
  1.09896802  0.4526778   3.52326852  1.43567226  2.39945578  3.76640994
  2.62112308  2.84143141  2.47393951  3.18323291  4.46465467 -0.27816295
  2.86114143  1.45235385  2.31652159  2.6021724   2.51835709  2.45272959
  0.50897238  2.89457456  2.12072923  2.68789941  0.72949931  0.57784819
  0.13691459  2.84951522  0.0461679   0.05644608 -0.20406306  3.3641985
  0.92717714  2.05553531  3.003614    0.52135465  1.30185562  1.38373921
  2.29476723  2.60781983  3.55741477  0.04742248]
Device (GPU) time: 1.0884 seconds
Iters. done: 387 [Current cost: -20.955415437376736]
Current parameters: [ 3.39351943  3.55782078  1.81100387  1.5425051   0.05296075  1.66775718
  2.34378921  0.71330237  2.37622919  3.14245389  2.93003392  3.2132729
  2.45172853  1.3112716   1.68206963  2.96514801  2.93301769  3.14741441
  1.43653729  1.83494821  1.28911799  4.13400413  2.61756141  1.18898851
  1.10202348  0.45469277  3.52081973  1.4346417   2.40015652  3.7752046
  2.61301442  2.83972859  2.46161617  3.1875265   4.46222943 -0.2766623
  2.85844394  1.45171728  2.31924655  2.61005521  2.51144365  2.45065972
  0.51000589  2.89166219  2.12313501  2.68381697  0.72856845  0.57535036
  0.13575792  2.844074    0.04277045  0.06010376 -0.20081282  3.36088851
  0.93101241  2.06024125  3.00480719  0.52943859  1.30434952  1.38627322
  2.29065782  2.60125133  3.54963098  0.04890655]
Device (GPU) time: 1.0974 seconds
Iters. done: 388 [Current cost: -20.9519654382692]
Current parameters: [ 3.38850235  3.56171195  1.81106887  1.53877492  0.04639469  1.66798717
  2.34440345  0.71118858  2.37154245  3.13865182  2.92684315  3.21241787
  2.45439125  1.30979852  1.68189874  2.96387994  2.93084865  3.15379183
  1.44780419  1.83248048  1.29182395  4.13569263  2.61791629  1.18684554
  1.10322674  0.45579507  3.52424699  1.43002692  2.40236853  3.77748646
  2.60919267  2.83853995  2.46512717  3.18458081  4.4625061  -0.27877021
  2.85654168  1.45085337  2.31277775  2.6081064   2.52473835  2.4454129
  0.50499963  2.90185604  2.12945006  2.68199892  0.7237027   0.57291347
  0.13169502  2.85043804  0.04144607  0.0630866  -0.20218925  3.36359469
  0.93107886  2.06408171  3.00165384  0.51271078  1.30571467  1.39348323
  2.29517988  2.59686448  3.54886357  0.0447358 ]
Device (GPU) time: 0.9683 seconds
Iters. done: 389 [Current cost: -20.965971395173057]
Current parameters: [ 3.39417832  3.55876973  1.81151902  1.5430857   0.05364739  1.66731486
  2.34423639  0.71419363  2.37765782  3.14222749  2.93210169  3.21236249
  2.45342166  1.31219994  1.68397176  2.96541354  2.93598977  3.14657495
  1.43597691  1.83575273  1.28885362  4.1339905   2.61729077  1.18813811
  1.10171894  0.45492432  3.51897111  1.43393874  2.39944253  3.7730648
  2.61207158  2.84011337  2.46220024  3.18825842  4.46219856 -0.27665683
  2.85864538  1.4522473   2.31998323  2.60818932  2.52017463  2.45167402
  0.50784778  2.89146095  2.12520653  2.68763465  0.73175979  0.57847776
  0.13129137  2.85332207  0.04577423  0.05866525 -0.20383651  3.3630703
  0.92917557  2.06337247  3.00736451  0.52030101  1.30198825  1.39384846
  2.29212204  2.60554094  3.54765978  0.05010342]
Device (GPU) time: 1.0779 seconds
Iters. done: 390 [Current cost: -20.979733533292364]
Current parameters: [ 3.39423318  3.55965811  1.81061782  1.54448905  0.05461166  1.66730703
  2.34221533  0.71564716  2.37749524  3.14104533  2.93754453  3.20971173
  2.46052859  1.31343111  1.68978995  2.96711406  2.94267872  3.1439101
  1.43674271  1.83656335  1.28748509  4.13300614  2.61727306  1.18648382
  1.10127292  0.45403467  3.51839102  1.43609232  2.3976244   3.77045063
  2.61537476  2.83954126  2.46516266  3.18532844  4.45947155 -0.27469676
  2.85979203  1.45498784  2.31693654  2.60962834  2.51570038  2.45021633
  0.50508274  2.90491491  2.12249527  2.68400581  0.72014943  0.57535116
  0.13959198  2.84197435  0.04456118  0.06199287 -0.20665603  3.36498605
  0.92480131  2.05540013  3.01443404  0.5184672   1.29581025  1.38523511
  2.29476925  2.59595541  3.54210312  0.0468229 ]
Device (GPU) time: 1.0708 seconds
Iters. done: 391 [Current cost: -20.912801320852857]
Current parameters: [ 3.39387894  3.55839835  1.81191204  1.54348168  0.05767543  1.66768335
  2.34390004  0.71272531  2.37748269  3.14270739  2.92592097  3.21127804
  2.45068406  1.31073641  1.68163456  2.96522756  2.93364263  3.14674505
  1.43556119  1.83472846  1.28821734  4.13391217  2.61734081  1.18914135
  1.10130724  0.45414659  3.5203083   1.43551676  2.40035819  3.77446471
  2.61388656  2.84001636  2.46233105  3.18769204  4.46268793 -0.27629597
  2.85824904  1.4506972   2.3217676   2.60520657  2.51646899  2.45355891
  0.50794851  2.90207307  2.12788791  2.68350206  0.72730541  0.5776548
  0.13587527  2.85050814  0.04497454  0.05960344 -0.20245731  3.35790592
  0.93242564  2.05971637  3.00440176  0.51765793  1.30326803  1.38573312
  2.28784545  2.60179184  3.54793584  0.05261832]
Device (GPU) time: 1.0623 seconds
Iters. done: 392 [Current cost: -20.9856567407078]
Current parameters: [ 3.39401083  3.55701142  1.80996065  1.54239554  0.04528991  1.66732367
  2.34438579  0.71367991  2.37713834  3.1439906   2.94172461  3.21757483
  2.45291164  1.30839593  1.68057013  2.96466369  2.93199003  3.14489621
  1.43630455  1.83639599  1.28853977  4.13301107  2.61681063  1.18672846
  1.10187568  0.45566966  3.518859    1.43479342  2.39854789  3.77541505
  2.6132715   2.84142     2.46244379  3.18854209  4.46103913 -0.27537669
  2.85868321  1.45708833  2.31251027  2.61610559  2.51478795  2.44456295
  0.50440673  2.90345894  2.11764687  2.69605357  0.72978509  0.58002562
  0.13737802  2.8548873   0.04355248  0.06067726 -0.19954013  3.35366941
  0.93474203  2.05800388  3.00233164  0.51753874  1.30695747  1.38622117
  2.2861233   2.60085091  3.55269344  0.05767003]
Device (GPU) time: 0.9750 seconds
Iters. done: 393 [Current cost: -20.969992622944726]
Current parameters: [ 3.39373921  3.55805115  1.81027365  1.54390716  0.05410206  1.66736847
  2.34295771  0.71320845  2.37602299  3.14295019  2.93139483  3.21326845
  2.45138339  1.31108662  1.68219042  2.96562792  2.93264896  3.14560301
  1.4358516   1.83531255  1.28752023  4.13282135  2.61738679  1.18952045
  1.10270019  0.4566898   3.51573916  1.43197352  2.40525213  3.77725624
  2.61470377  2.83672457  2.46615596  3.19264134  4.46188524 -0.27620283
  2.86382762  1.45247864  2.31979622  2.60802448  2.52001816  2.45158145
  0.50691251  2.89764059  2.12106089  2.68306218  0.72835197  0.58136432
  0.13795731  2.84765398  0.03898657  0.05952652 -0.20134029  3.36407557
  0.93093635  2.06103084  3.00457263  0.51971061  1.30445308  1.38819141
  2.29263831  2.60298625  3.54973735  0.04725679]
Device (GPU) time: 1.0890 seconds
Iters. done: 394 [Current cost: -21.01629884403313]
Current parameters: [ 3.39441318  3.55630077  1.81162019  1.54133428  0.05283955  1.66927725
  2.34431933  0.71218149  2.37982735  3.14366042  2.92953482  3.21348822
  2.45400716  1.30555952  1.67890777  2.96462011  2.93433337  3.14806386
  1.4337913   1.83513189  1.28930432  4.1352361   2.61646401  1.18691584
  1.09810821  0.44863158  3.53051201  1.44512913  2.40501391  3.7671944
  2.61478442  2.84117933  2.45085137  3.19278928  4.44886206 -0.27411579
  2.8627036   1.45385992  2.31493169  2.61120142  2.52187405  2.45650539
  0.50463095  2.89708462  2.12311033  2.68181858  0.7286591   0.58134192
  0.13394684  2.84861817  0.0372986   0.06114481 -0.19984094  3.36534648
  0.93085156  2.05794883  3.00299162  0.51943858  1.30629717  1.38975667
  2.29364386  2.60212523  3.5485458   0.0460856 ]
Device (GPU) time: 1.0561 seconds
Iters. done: 395 [Current cost: -20.88108428829951]
Current parameters: [ 3.39373533  3.55725621  1.81031748  1.54267785  0.05335212  1.66762946
  2.3436057   0.71258106  2.37725326  3.14314789  2.93025908  3.21391674
  2.4520836   1.31059461  1.68116643  2.96503028  2.9324935   3.14584587
  1.43494895  1.83571707  1.28911015  4.13411572  2.61725536  1.18813633
  1.10149962  0.45473509  3.52040829  1.43488093  2.39982039  3.77500941
  2.61390882  2.83959127  2.46294617  3.18696615  4.46076118 -0.27631589
  2.85838971  1.45255451  2.31929779  2.60442183  2.51534011  2.44874937
  0.49801383  2.89564183  2.12818468  2.69005528  0.72823599  0.58177974
  0.13493479  2.84096528  0.04434278  0.06084276 -0.20092127  3.36270852
  0.93104982  2.06230511  3.00454007  0.51889865  1.30407977  1.38881445
  2.29201265  2.60441742  3.5483361   0.04756056]
Device (GPU) time: 1.0729 seconds
Iters. done: 396 [Current cost: -20.921127365728562]
Current parameters: [ 3.3967935   3.55497812  1.81276909  1.54307047  0.05594296  1.6693279
  2.34153091  0.71627192  2.377581    3.14273008  2.93142684  3.21066895
  2.45470089  1.30544354  1.68189842  2.96686334  2.93736729  3.14995646
  1.43599312  1.83294406  1.28648076  4.13083406  2.61743962  1.19086634
  1.10207268  0.45507716  3.51520467  1.43877014  2.39829663  3.77691554
  2.61454213  2.84919963  2.45959384  3.19434612  4.4703995  -0.27598725
  2.85727709  1.45220921  2.31487032  2.60767593  2.51686268  2.45194296
  0.50296223  2.89616002  2.131301    2.68733339  0.73002658  0.57887529
  0.14319968  2.85444532  0.04729794  0.05787926 -0.20103661  3.3734806
  0.93154645  2.06601794  3.00330288  0.52245398  1.3074458   1.38473782
  2.29476238  2.59051408  3.55689015  0.04649401]
Device (GPU) time: 1.0567 seconds
Iters. done: 397 [Current cost: -20.972429781899322]
Current parameters: [ 3.39997464  3.55961878  1.81045609  1.54346633  0.05263663  1.66682368
  2.34297306  0.71300669  2.37472061  3.14368021  2.93195711  3.2121331
  2.45118858  1.3083548   1.68194357  2.96445763  2.93262579  3.14488174
  1.43646183  1.83449434  1.28852     4.132656    2.6172949   1.18869149
  1.10056088  0.45488416  3.51910002  1.43512893  2.399742    3.77399586
  2.61307521  2.84096298  2.46171093  3.18847373  4.46308852 -0.27696339
  2.85930909  1.45452504  2.32148745  2.60833642  2.52176382  2.45149782
  0.50510231  2.89566264  2.12383405  2.68674902  0.73190659  0.57050266
  0.13305524  2.84401801  0.04212738  0.05680291 -0.20372646  3.3641264
  0.93033371  2.05846877  3.00245735  0.51768475  1.30531349  1.38563406
  2.28909141  2.60015105  3.54756663  0.04778802]
Device (GPU) time: 0.9970 seconds
Iters. done: 398 [Current cost: -20.91457344277381]
Current parameters: [ 3.39602057  3.56762422  1.80695624  1.54784912  0.05424774  1.6713675
  2.34501139  0.71278855  2.38915648  3.14306803  2.93146182  3.21340081
  2.4574735   1.30416896  1.68155543  2.96257524  2.92999107  3.13965875
  1.43868751  1.83433201  1.29356838  4.13476784  2.61707326  1.18781143
  1.10015671  0.45634112  3.52009935  1.43687731  2.40151804  3.7786338
  2.61769684  2.84351431  2.46715977  3.18531816  4.46144074 -0.27450603
  2.85614837  1.45928166  2.32484393  2.60891749  2.51456998  2.44870912
  0.51021015  2.89807575  2.12514996  2.68268087  0.72526398  0.58019233
  0.13804862  2.85001008  0.04838193  0.05526466 -0.20166222  3.36361363
  0.93274863  2.05857352  2.99608256  0.5225153   1.30907822  1.39594438
  2.29621201  2.60149455  3.54338789  0.04465228]
Device (GPU) time: 1.0907 seconds
Iters. done: 399 [Current cost: -20.97787295467658]
Current parameters: [ 3.39516079  3.5571498   1.81235317  1.54260446  0.05317811  1.66836973
  2.34451146  0.71331184  2.37783301  3.14273653  2.93023777  3.21306488
  2.4522635   1.31054785  1.68204122  2.96495322  2.93223921  3.14677548
  1.43485098  1.84137103  1.28819397  4.13457389  2.62133321  1.18986599
  1.1017463   0.45468656  3.51991947  1.4352143   2.39621565  3.77528935
  2.61357074  2.84294779  2.46235872  3.19238414  4.45915525 -0.27558557
  2.85801467  1.45423673  2.31733085  2.60101333  2.51901275  2.4446636
  0.51192074  2.89735909  2.12317068  2.68541032  0.72804162  0.576421
  0.13571549  2.84686301  0.04358766  0.06034282 -0.20143584  3.36370919
  0.93089548  2.06033894  3.00481807  0.51925912  1.3046208   1.38793158
  2.2920626   2.60276418  3.54932933  0.04737393]
Device (GPU) time: 1.1334 seconds
Iters. done: 400 [Current cost: -20.831986590701625]
Current parameters: [ 3.3937235   3.55519374  1.81582317  1.53994499  0.05247417  1.66605215
  2.34640565  0.71173648  2.38063263  3.14261353  2.9281475   3.2130475
  2.45290515  1.31014597  1.68049861  2.96446958  2.92975857  3.14911593
  1.43179821  1.85204459  1.28831694  4.12760114  2.59842142  1.18537417
  1.1026722   0.45476739  3.51877999  1.43440982  2.40351633  3.7769573
  2.61378923  2.84279873  2.46685428  3.18586326  4.46554414 -0.27188233
  2.8556404   1.45071291  2.31717002  2.61286823  2.51903751  2.45512023
  0.50600674  2.89744067  2.1241522   2.68503314  0.72578857  0.57385742
  0.13426779  2.84806087  0.04591499  0.0598697  -0.20162068  3.36429029
  0.92970421  2.05765604  3.0046116   0.51944125  1.30497717  1.38769641
  2.29353623  2.6049442   3.55034594  0.04521179]
Device (GPU) time: 1.1004 seconds
Iters. done: 401 [Current cost: -20.910997857932266]
Current parameters: [ 3.39330745  3.55806412  1.81118055  1.54370102  0.05417801  1.66809041
  2.34265659  0.71299546  2.37666534  3.14031268  2.93085307  3.2133292
  2.45267723  1.31092181  1.68189756  2.96509954  2.93265759  3.14699774
  1.43409316  1.83691261  1.28770456  4.13195612  2.6166516   1.18893352
  1.09754833  0.45446163  3.51942805  1.43523207  2.39972762  3.77511812
  2.61379737  2.83942598  2.46026027  3.18810475  4.46261356 -0.28425925
  2.85815384  1.45304478  2.31923149  2.60850266  2.5185222   2.45059427
  0.50706777  2.896856    2.12282276  2.68527764  0.72780706  0.57642857
  0.13621466  2.84607916  0.04525706  0.05942949 -0.20167188  3.36356737
  0.93220946  2.06022007  3.00207644  0.51886089  1.30444755  1.38685738
  2.30109103  2.60330515  3.54854409  0.05426163]
Device (GPU) time: 1.0180 seconds
Iters. done: 402 [Current cost: -20.94055918738434]
Current parameters: [ 3.39260388  3.55335118  1.80413479  1.54641699  0.05277084  1.667976
  2.33230733  0.70835173  2.37272739  3.12889427  2.93111872  3.21628433
  2.45386981  1.30832012  1.67888526  2.96670396  2.93646197  3.15161662
  1.42672649  1.83255894  1.2860323   4.1318766   2.61937916  1.19007488
  1.10150577  0.45472349  3.51733956  1.43620031  2.39517164  3.77548081
  2.61523717  2.83713372  2.4651455   3.18768659  4.46206305 -0.2722147
  2.8562141   1.45372435  2.31577484  2.61180234  2.51825667  2.45192196
  0.50786989  2.89777263  2.12606365  2.68435187  0.72754851  0.57543451
  0.13509708  2.85111606  0.04748501  0.06065622 -0.19962868  3.36501617
  0.93392465  2.05772304  2.99810826  0.52042914  1.30295236  1.38767897
  2.28832948  2.60981697  3.54348235  0.04069748]
Device (GPU) time: 1.2020 seconds
Iters. done: 403 [Current cost: -20.992231938747803]
Current parameters: [ 3.39197905  3.55775325  1.80802301  1.54513112  0.05381686  1.66680437
  2.33761446  0.71288502  2.37793653  3.1477648   2.93042549  3.21485962
  2.44999561  1.30950678  1.67813285  2.9628838   2.93775253  3.14623004
  1.43947175  1.83960882  1.2939831   4.13718486  2.61537578  1.19225092
  1.10092902  0.45449539  3.51894423  1.43536418  2.39833721  3.7741428
  2.61259974  2.83727332  2.46117534  3.18951498  4.46248213 -0.27713183
  2.85717855  1.45268729  2.31901073  2.60868444  2.51823943  2.45136469
  0.50665354  2.89751732  2.12316336  2.68576582  0.72765235  0.57637035
  0.13649242  2.84770461  0.04537139  0.05960719 -0.20261942  3.36417151
  0.93048496  2.06120861  3.00542979  0.51953031  1.30477773  1.38714669
  2.29247055  2.60299836  3.54960916  0.04758425]
Device (GPU) time: 1.0915 seconds
Iters. done: 404 [Current cost: -21.011010530524743]
Current parameters: [ 3.39219495  3.55489446  1.81211496  1.54344429  0.05304256  1.66954418
  2.34176023  0.71056179  2.3720511   3.15646236  2.92939132  3.21519601
  2.45333982  1.30773429  1.68128979  2.97321223  2.92883923  3.14150848
  1.43634703  1.83113982  1.27557807  4.13773304  2.61477441  1.20079112
  1.10088336  0.45480733  3.5195812   1.43412965  2.39698574  3.77384448
  2.61735445  2.84347571  2.46735755  3.18145867  4.45935441 -0.27694411
  2.86116663  1.45176113  2.31582138  2.61152894  2.51844008  2.45134915
  0.5077786   2.89738704  2.12628267  2.68285884  0.72896412  0.57533362
  0.13423873  2.84924501  0.048603    0.06302014 -0.19844685  3.36456709
  0.92980474  2.05632927  3.00671471  0.51969534  1.30698017  1.39254546
  2.29501331  2.60409353  3.54845068  0.04781186]
Device (GPU) time: 1.0936 seconds
Iters. done: 405 [Current cost: -20.909748261733014]
Current parameters: [ 3.39222152  3.55688852  1.81164367  1.53656543  0.05533521  1.66747098
  2.34199228  0.71920833  2.37586514  3.14343428  2.93322915  3.20791646
  2.44810876  1.31091945  1.68171292  2.96511549  2.93390944  3.14599476
  1.43584422  1.83542159  1.28826183  4.13358238  2.61723312  1.18821181
  1.10154878  0.45486393  3.5191544   1.43512271  2.39901196  3.77536345
  2.61300391  2.83999861  2.46108781  3.18857659  4.46244849 -0.27533767
  2.85847971  1.45369396  2.31945066  2.60900576  2.51765392  2.4506958
  0.50679563  2.8978957   2.12328819  2.68559173  0.72614577  0.57718432
  0.13513375  2.84761689  0.04567369  0.05830827 -0.1975546   3.36352987
  0.93066247  2.06083605  3.00426758  0.51962478  1.31027035  1.38857975
  2.29300613  2.60371455  3.54328724  0.04711351]
Device (GPU) time: 1.0221 seconds
Iters. done: 406 [Current cost: -20.97874898703649]
Current parameters: [ 3.39078962  3.55717975  1.80610506  1.54201776  0.05656264  1.66219315
  2.34852964  0.71808588  2.37594903  3.14534114  2.92993924  3.21347675
  2.44896287  1.30833731  1.67407506  2.96378268  2.93303863  3.14835874
  1.43695594  1.82889442  1.29066578  4.13327773  2.62271699  1.1767906
  1.10114016  0.45298327  3.52395757  1.43561668  2.40068541  3.76840656
  2.61935561  2.84009733  2.47055137  3.1811691   4.46669535 -0.27645841
  2.85984067  1.45043501  2.31894743  2.60717087  2.51925216  2.45342873
  0.50892246  2.89829302  2.11637574  2.68679542  0.72908138  0.57682863
  0.13986636  2.84991989  0.0508989   0.05763386 -0.20198816  3.36627845
  0.92803014  2.05851172  3.00584236  0.51871787  1.302281    1.38517457
  2.29486979  2.60887266  3.55980692  0.04345804]
Device (GPU) time: 1.0703 seconds
Iters. done: 407 [Current cost: -20.95191435096878]
Current parameters: [ 3.39366649  3.55822261  1.81168906  1.54272517  0.05275927  1.6676002
  2.34429296  0.71317864  2.3769415   3.14230764  2.93041579  3.21350955
  2.45184236  1.31053931  1.68177298  2.96489544  2.93488385  3.14245605
  1.43061591  1.83432828  1.28903461  4.13880818  2.61582043  1.18779717
  1.10102514  0.46440325  3.52541682  1.43164882  2.40012926  3.77477209
  2.612542    2.84062481  2.45939386  3.18803874  4.46381561 -0.27580931
  2.8586754   1.45093683  2.31839182  2.60857179  2.51860569  2.4511472
  0.50684718  2.89806682  2.12280734  2.68510596  0.72788586  0.57593947
  0.13833221  2.84757836  0.0456075   0.0587885  -0.2017      3.36490634
  0.93344548  2.06101721  3.00551446  0.5192017   1.30409938  1.38849421
  2.29231232  2.60272578  3.54988309  0.04687929]
Device (GPU) time: 1.0899 seconds
Iters. done: 408 [Current cost: -20.99658951966534]
Current parameters: [ 3.39428844  3.55841977  1.81171817  1.54286833  0.05325794  1.66871498
  2.34426735  0.71293886  2.37708661  3.1429122   2.93120832  3.21167215
  2.4544076   1.31408377  1.6762479   2.96465198  2.93308308  3.14696499
  1.4348453   1.83456789  1.28869142  4.13363082  2.61721074  1.18976241
  1.10195085  0.4547518   3.51980435  1.43527332  2.3998365   3.77488897
  2.61346825  2.84079584  2.4618886   3.18783298  4.46232241 -0.27619382
  2.85894048  1.45354666  2.32002784  2.60865196  2.51814824  2.45067333
  0.50689392  2.89767159  2.12324124  2.68567794  0.7279872   0.57656914
  0.13614124  2.84728344  0.04510316  0.05983053 -0.20183733  3.36369485
  0.93089145  2.06062435  3.00542229  0.51942205  1.30490643  1.38831003
  2.29244662  2.6028205   3.54961895  0.04736806]
Device (GPU) time: 0.9873 seconds
Iters. done: 409 [Current cost: -20.935940563530888]
Current parameters: [ 3.39206385  3.55763019  1.80833563  1.54268527  0.05291268  1.66703811
  2.34442344  0.71028762  2.3777265   3.1428764   2.92887067  3.21465683
  2.45038342  1.30888898  1.68409789  2.96567591  2.93417816  3.15108371
  1.43259665  1.83573092  1.29012998  4.13443519  2.61737619  1.18738381
  1.10410452  0.455333    3.52009189  1.43490597  2.39811744  3.77596579
  2.61339874  2.84174971  2.46174922  3.1859398   4.46212823 -0.27772332
  2.86283768  1.45918443  2.32475567  2.60922479  2.51849013  2.4514656
  0.5066473   2.89798909  2.12392762  2.68588168  0.72866413  0.57559308
  0.13699076  2.84792931  0.04479071  0.06245599 -0.20026077  3.36403378
  0.93075829  2.06065906  3.00992536  0.51933327  1.30878726  1.38888856
  2.29285959  2.60193363  3.55044494  0.04822568]
Device (GPU) time: 1.1085 seconds
Iters. done: 410 [Current cost: -20.975878404325552]
Current parameters: [ 3.39424461  3.55727789  1.81055061  1.54281813  0.05363077  1.66800683
  2.34388851  0.71340453  2.37790085  3.14298348  2.93052137  3.21342361
  2.45164681  1.31049405  1.68134797  2.96495946  2.93341412  3.14751554
  1.43609959  1.83542819  1.28795772  4.13341659  2.617318    1.18841208
  1.10148256  0.45499864  3.52047789  1.43444419  2.40009083  3.77474524
  2.61373376  2.84021839  2.46187544  3.1876216   4.46207624 -0.27638714
  2.85833188  1.45233472  2.31939359  2.60850888  2.51708785  2.45043664
  0.50692251  2.89996009  2.12272703  2.68538763  0.72838345  0.57625625
  0.13609624  2.84638788  0.04490096  0.06007953 -0.20182779  3.36827224
  0.92963378  2.06082371  3.00375247  0.52055644  1.30473188  1.39047429
  2.29008102  2.60422223  3.54938643  0.05071602]
Device (GPU) time: 1.0623 seconds
Iters. done: 411 [Current cost: -20.93920898537887]
Current parameters: [ 3.3924814   3.56000522  1.81288521  1.5429343   0.05314897  1.66575951
  2.34431878  0.71192721  2.37375404  3.1429936   2.93019465  3.21356223
  2.45283369  1.3101359   1.68366565  2.96626882  2.93275822  3.14285186
  1.43094986  1.83417384  1.2934916   4.13611438  2.61717234  1.18911486
  1.10257389  0.45241026  3.51770924  1.43983957  2.39945938  3.77603334
  2.61277423  2.84154948  2.46382279  3.1889506   4.46232746 -0.27626606
  2.85840639  1.45215185  2.31819666  2.60953523  2.51781005  2.45173166
  0.50638574  2.89931185  2.12162387  2.68364012  0.72734726  0.57464866
  0.13580877  2.84630989  0.04568807  0.05867636 -0.19798953  3.36235443
  0.92622343  2.06662287  3.00277168  0.51892532  1.30361853  1.38967034
  2.29206845  2.60359331  3.55140063  0.04852217]
Device (GPU) time: 1.0831 seconds
Iters. done: 412 [Current cost: -20.939408500273945]
Current parameters: [ 3.3937898   3.55822611  1.81101176  1.5421444   0.05404336  1.668152
  2.34304698  0.71265914  2.37730102  3.14291381  2.93085993  3.21466105
  2.45216136  1.31035261  1.68181226  2.96510425  2.93299745  3.14614471
  1.43532819  1.83494683  1.28787742  4.13384504  2.61734076  1.18881126
  1.10116463  0.45421899  3.51975256  1.43624274  2.4017607   3.77539123
  2.61035569  2.83980466  2.46175494  3.18615185  4.46329659 -0.275648
  2.85875936  1.45328161  2.31803262  2.60529732  2.51787829  2.45305199
  0.5080933   2.89736102  2.12140813  2.6877353   0.72813036  0.57672363
  0.13668579  2.84731471  0.04572834  0.06113859 -0.20177663  3.3638278
  0.93060061  2.06028811  3.00430563  0.51952567  1.30502921  1.38876687
  2.29256577  2.60189978  3.54891041  0.0470985 ]
Device (GPU) time: 1.0174 seconds
Iters. done: 413 [Current cost: -20.946289592852597]
Current parameters: [ 3.3928093   3.5599685   1.81190069  1.54028612  0.05336495  1.66788721
  2.34319336  0.71226035  2.37687114  3.14162468  2.93017624  3.21642211
  2.45207352  1.31055564  1.6825377   2.96515457  2.9335057   3.14769403
  1.4371072   1.83441585  1.28791304  4.13414492  2.61708642  1.18925363
  1.10200834  0.4547374   3.51946606  1.43390906  2.39735448  3.77590459
  2.6191025   2.84260578  2.4615922   3.1908521   4.45907821 -0.27620766
  2.85646105  1.44577924  2.32491879  2.60909721  2.51844396  2.45340961
  0.50634912  2.89712984  2.11900541  2.69020814  0.72648423  0.57608012
  0.13646197  2.84781819  0.04546208  0.06132895 -0.20192938  3.36314215
  0.93102467  2.06085558  3.00420811  0.51898045  1.30504375  1.38887462
  2.29297432  2.60079376  3.54884754  0.04590828]
Device (GPU) time: 1.1041 seconds
Iters. done: 414 [Current cost: -20.99185442670821]
Current parameters: [ 3.39242784  3.5566238   1.80917092  1.54555782  0.0532769   1.66790816
  2.34649217  0.71277436  2.37674825  3.14509472  2.93198038  3.21008063
  2.45122588  1.30954152  1.68124058  2.96517842  2.93354804  3.1476228
  1.43390641  1.83555576  1.28921203  4.13335051  2.61771928  1.18820584
  1.10152659  0.45487612  3.51963564  1.43501157  2.39969001  3.77620324
  2.61326443  2.84002742  2.46203182  3.18815214  4.46145054 -0.27657154
  2.85775257  1.45144241  2.3192997   2.60815894  2.51824843  2.45170876
  0.50698929  2.89729646  2.1228201   2.68628843  0.72810255  0.57607189
  0.13577277  2.84725005  0.04528405  0.06112784 -0.20079448  3.36386982
  0.93170914  2.06043487  3.00355926  0.51950784  1.30323662  1.38928288
  2.29241465  2.60141249  3.54848655  0.04721985]
Device (GPU) time: 1.0770 seconds
Iters. done: 415 [Current cost: -20.979647481403443]
Current parameters: [ 3.39415892  3.55551051  1.81477469  1.54888883  0.05298034  1.66831782
  2.34207433  0.70875846  2.37717029  3.13881439  2.93231044  3.20834726
  2.44908251  1.30937211  1.68195208  2.96468595  2.93216966  3.14319859
  1.4407009   1.83455208  1.28899573  4.1352966   2.61738329  1.18677239
  1.10219215  0.45474889  3.51992842  1.43528264  2.4011677   3.77585915
  2.6133893   2.8437346   2.46158127  3.18750506  4.46119737 -0.27565987
  2.85835141  1.45115848  2.31913169  2.60871617  2.51801019  2.45143265
  0.5066964   2.89735813  2.12289562  2.68620999  0.72863605  0.57654066
  0.13725273  2.84775433  0.04592854  0.0618905  -0.20117371  3.3638954
  0.92930839  2.06054395  3.00776906  0.51957991  1.30772835  1.38627454
  2.29352751  2.60674496  3.54963792  0.04771359]
Device (GPU) time: 1.0222 seconds
Iters. done: 416 [Current cost: -21.013563176178646]
Current parameters: [ 3.39013469  3.55878728  1.81148084  1.5435523   0.05504669  1.66721847
  2.34341719  0.71452368  2.37933754  3.14242245  2.93068033  3.21365192
  2.45235094  1.31089887  1.68111598  2.96533771  2.93292964  3.14581822
  1.43563129  1.83584351  1.28729476  4.13379599  2.61783607  1.18786802
  1.10143579  0.45471535  3.52015539  1.43524002  2.39936821  3.77525308
  2.61401113  2.84003226  2.46240519  3.1880722   4.46175463 -0.27511302
  2.85848884  1.45280685  2.31865702  2.6092357   2.51908297  2.45062379
  0.50615697  2.89702053  2.12347804  2.68491172  0.73194538  0.57479841
  0.13756443  2.84638768  0.0450902   0.06156498 -0.20167373  3.3632941
  0.93064683  2.06165583  3.0042704   0.51901138  1.30492077  1.3879548
  2.29207481  2.60220464  3.54894347  0.04804433]
Device (GPU) time: 1.0973 seconds
Iters. done: 417 [Current cost: -20.88342723858384]
Current parameters: [ 3.39311376  3.55862492  1.8091556   1.54402697  0.05501493  1.67194612
  2.34440837  0.71341562  2.37874257  3.14156243  2.93132784  3.21326155
  2.45338959  1.31220845  1.68510992  2.96615328  2.93269754  3.14602425
  1.43782499  1.83524774  1.29114238  4.13130359  2.61654261  1.19238102
  1.10250677  0.45416245  3.52316866  1.43413164  2.39953215  3.77441029
  2.6133052   2.83830578  2.46116041  3.18705324  4.46356272 -0.27484835
  2.85938203  1.45141331  2.3206565   2.60804054  2.51963678  2.44993726
  0.50638118  2.89727614  2.12283919  2.68665705  0.72909466  0.57656625
  0.13463835  2.84839273  0.04570361  0.05713244 -0.1919815   3.36525829
  0.93086483  2.05807895  3.00556118  0.51858192  1.30221022  1.38523271
  2.29235153  2.60347384  3.55216357  0.04733885]
Device (GPU) time: 1.0841 seconds
Iters. done: 418 [Current cost: -20.914557951299873]
Current parameters: [ 3.39520346  3.55786109  1.81041974  1.54279503  0.05347855  1.66532999
  2.34468621  0.71188024  2.37899359  3.14301513  2.9307318   3.21371829
  2.45057867  1.31239724  1.68153647  2.96499647  2.93276488  3.14633796
  1.43495917  1.83513986  1.28863583  4.13441221  2.61735488  1.18907248
  1.10098913  0.45468317  3.51971961  1.43421517  2.40047903  3.77350542
  2.61314042  2.84040707  2.46362148  3.18655514  4.45971586 -0.27696424
  2.85744108  1.45263046  2.31896041  2.60870234  2.51816021  2.45063142
  0.5068546   2.89764929  2.1235149   2.68598318  0.72853692  0.57666466
  0.13630994  2.84915471  0.04502594  0.06015871 -0.19984125  3.36549541
  0.93074403  2.06280597  3.00447934  0.52007682  1.30458398  1.38554991
  2.29264036  2.60165384  3.54779217  0.04721784]
Device (GPU) time: 1.0054 seconds
Iters. done: 419 [Current cost: -20.925780399470092]
Current parameters: [ 3.39779418  3.55706235  1.81034817  1.54276236  0.05396451  1.6634027
  2.34360611  0.71305576  2.37970677  3.14203249  2.93086562  3.21318335
  2.44963984  1.31323752  1.68267174  2.96556982  2.9356514   3.14895495
  1.43609147  1.83413867  1.2896843   4.13381493  2.61749233  1.19046081
  1.10193764  0.45473945  3.51859037  1.4346086   2.40106482  3.77297279
  2.61214259  2.84287736  2.46238975  3.18918942  4.46209496 -0.27793611
  2.85655446  1.4509376   2.31755169  2.60940237  2.51827832  2.45122803
  0.50675265  2.89785764  2.12424906  2.68434475  0.73016156  0.5759771
  0.14109349  2.84452156  0.0454199   0.05920567 -0.19813932  3.35976631
  0.93127029  2.05606888  3.00486903  0.51807849  1.30502944  1.39519509
  2.29312266  2.6032484   3.55134467  0.04634332]
Device (GPU) time: 1.1152 seconds
Iters. done: 420 [Current cost: -20.913787427008216]
Current parameters: [ 3.39397203  3.55831157  1.81166726  1.54323738  0.0536214   1.66741968
  2.34389706  0.71301069  2.37701986  3.14314181  2.9309125   3.21323779
  2.45163996  1.31051795  1.68199939  2.9648612   2.93278931  3.14710708
  1.43600617  1.835037    1.28943348  4.13310069  2.61754332  1.18906428
  1.10174974  0.45523356  3.52008371  1.43401761  2.39977474  3.77466694
  2.61600463  2.84037264  2.46156383  3.18780553  4.46204545 -0.2759241
  2.85815504  1.45431696  2.31736748  2.60967428  2.51973187  2.45318078
  0.51016922  2.89790739  2.12468823  2.68711503  0.72815971  0.57839388
  0.13585724  2.84441035  0.04647396  0.05964857 -0.20093574  3.36365734
  0.93145787  2.06228834  3.00496509  0.51915786  1.30424379  1.38803667
  2.29194863  2.60277502  3.54958219  0.04781056]
Device (GPU) time: 1.0682 seconds
Iters. done: 421 [Current cost: -20.980231225612087]
Current parameters: [ 3.39417939  3.55664477  1.80921421  1.5424561   0.05319649  1.668595
  2.34402778  0.71380081  2.37696639  3.14285136  2.93019336  3.21384062
  2.45164685  1.30976329  1.68132333  2.96574483  2.93423617  3.14481868
  1.43479442  1.83540379  1.2870359   4.13521535  2.61667092  1.18684079
  1.10185266  0.45323657  3.52047364  1.43835936  2.40002287  3.77549865
  2.60804613  2.83996897  2.46325802  3.18773233  4.46251095 -0.27672314
  2.85926968  1.44800432  2.32378319  2.61383721  2.52126969  2.44632153
  0.51210709  2.89829286  2.12708859  2.68807553  0.72840105  0.58079453
  0.13728372  2.84477551  0.04553946  0.05991573 -0.20242109  3.3642279
  0.92966318  2.06005554  3.00425667  0.51902394  1.30480642  1.38699811
  2.29258414  2.60228386  3.54999606  0.04685165]
Device (GPU) time: 1.0933 seconds
Iters. done: 422 [Current cost: -20.940670478452937]
Current parameters: [ 3.39380039  3.55902752  1.81033743  1.54644793  0.05373516  1.66759474
  2.34488127  0.71488898  2.37736423  3.1428558   2.92998612  3.21508406
  2.45197441  1.31090975  1.68169718  2.9650292   2.93295886  3.14737947
  1.43421521  1.83509887  1.28862545  4.13329267  2.61747707  1.18883732
  1.10249393  0.45417607  3.51999522  1.43534622  2.39991829  3.77459608
  2.61360925  2.84028268  2.46193963  3.18778246  4.46242691 -0.27651871
  2.85869685  1.45020192  2.31716816  2.6084594   2.51820716  2.4503891
  0.50675497  2.89762004  2.12305282  2.68584744  0.72738599  0.576528
  0.13530236  2.84706389  0.04506166  0.05786754 -0.20178479  3.36377706
  0.93068254  2.06057277  3.00673922  0.51932515  1.30816037  1.3880856
  2.29229459  2.6027244   3.54827279  0.0476362 ]
Device (GPU) time: 1.0730 seconds
Iters. done: 423 [Current cost: -20.9074039117564]
Current parameters: [ 3.39292962  3.55147992  1.81588558  1.54748698  0.05279085  1.66713272
  2.3463999   0.71790879  2.37569653  3.14261971  2.92951164  3.21928609
  2.45011612  1.31268563  1.68162152  2.96482512  2.93467742  3.14532569
  1.43812028  1.83416412  1.28867197  4.13431816  2.61699531  1.18750212
  1.10094303  0.45533026  3.51890217  1.43533301  2.39957972  3.77435924
  2.61302957  2.84122956  2.4611757   3.18846187  4.46267473 -0.27584335
  2.85869073  1.45674117  2.32274411  2.60905903  2.51794494  2.4511057
  0.50626537  2.8976491   2.12350431  2.68474961  0.72561471  0.57660906
  0.13443876  2.84802489  0.04543688  0.05999186 -0.20019369  3.36362533
  0.9313753   2.05990103  3.00161267  0.51933482  1.30240966  1.38905697
  2.29289272  2.60193031  3.5487388   0.04565189]
Device (GPU) time: 0.9695 seconds
Iters. done: 424 [Current cost: -20.98890667520047]
Current parameters: [ 3.39452217  3.55650576  1.81043858  1.54248921  0.05354316  1.66735417
  2.34482621  0.71339532  2.3769242   3.14232543  2.92997163  3.21332651
  2.45355229  1.30974603  1.68157295  2.96491622  2.9320889   3.14632106
  1.43591892  1.83827961  1.28880788  4.13476806  2.62149881  1.18957124
  1.09890153  0.45492444  3.51932558  1.43470795  2.40078368  3.77485049
  2.61306148  2.84031557  2.46214623  3.18730067  4.46287264 -0.27501498
  2.85832683  1.4519697   2.31994685  2.61054313  2.51808406  2.45223737
  0.50578894  2.89769599  2.12323683  2.68538421  0.72787938  0.57648375
  0.13617823  2.84726098  0.04565992  0.05947307 -0.20085794  3.36356994
  0.93115038  2.06096119  3.00590061  0.51941523  1.30503551  1.38860697
  2.29248891  2.60283328  3.54959671  0.04764158]
Device (GPU) time: 1.0969 seconds
Iters. done: 425 [Current cost: -21.015734170740647]
Current parameters: [ 3.39575854  3.55984256  1.81485517  1.54279424  0.05258889  1.6709748
  2.3422342   0.71320597  2.37834828  3.14439313  2.93157551  3.21286081
  2.44804017  1.31162751  1.68282911  2.96540497  2.93461798  3.14754907
  1.43388804  1.83928388  1.28729657  4.13515191  2.62274002  1.18916888
  1.10929973  0.4540084   3.52244053  1.43674415  2.40219709  3.77567124
  2.61549429  2.83909252  2.4621388   3.18563573  4.46389554 -0.27944695
  2.85808843  1.452667    2.31907554  2.61115645  2.51760889  2.45144545
  0.50484465  2.8978009   2.12318801  2.68518584  0.72837703  0.57718839
  0.13586737  2.84862782  0.04590044  0.05986102 -0.20306757  3.36369719
  0.93077393  2.05985429  3.00196719  0.51936019  1.30266261  1.38767188
  2.29318138  2.60328267  3.54960737  0.04557775]
Device (GPU) time: 1.0888 seconds
Iters. done: 426 [Current cost: -21.02236364975134]
Current parameters: [ 3.39354968  3.55750641  1.81068452  1.54350021  0.05117513  1.66727795
  2.34318808  0.71328541  2.37659582  3.14250134  2.92928285  3.21227408
  2.45127315  1.31123776  1.68180636  2.96540963  2.93289651  3.1461224
  1.43579893  1.83593713  1.28817201  4.13370557  2.61695615  1.18841709
  1.10154806  0.45454404  3.52017706  1.43572509  2.39930576  3.77415093
  2.61385308  2.83982121  2.46205867  3.18797992  4.46227597 -0.27572259
  2.85895975  1.45242152  2.31981972  2.60808008  2.51597366  2.4511996
  0.50744414  2.90074097  2.12268895  2.68622525  0.73206551  0.57738643
  0.1349325   2.84717035  0.04524915  0.0578329  -0.20136144  3.36379028
  0.93154887  2.06111794  3.00527144  0.52003153  1.30422882  1.38913726
  2.29441978  2.60161611  3.54924748  0.04612486]
Device (GPU) time: 1.0867 seconds
Iters. done: 427 [Current cost: -20.985875132490623]
Current parameters: [ 3.39517213  3.55823332  1.81127424  1.54128031  0.0593527   1.66877915
  2.34549069  0.71290668  2.37820743  3.14437221  2.93402054  3.21594015
  2.45302487  1.30812049  1.68152931  2.96444139  2.9337958   3.14713853
  1.43521147  1.83338102  1.2904619   4.13362373  2.61794794  1.1883713
  1.10230933  0.45604488  3.51819618  1.43250277  2.39993977  3.77567989
  2.61106055  2.84228214  2.46133192  3.19010319  4.46206274 -0.27731602
  2.85730946  1.45194989  2.31845929  2.61014344  2.51519394  2.45122352
  0.50721852  2.90232875  2.12482506  2.68480313  0.73085795  0.57602635
  0.13008875  2.84719446  0.04373066  0.06307335 -0.20218802  3.36299979
  0.93075735  2.06006649  3.00525131  0.52020241  1.3045998   1.38635639
  2.29557773  2.6062512   3.55076018  0.04418445]
Device (GPU) time: 0.9746 seconds
Iters. done: 428 [Current cost: -20.909216713002053]
Current parameters: [ 3.39347176  3.55817511  1.81114582  1.54300807  0.05147211  1.66758903
  2.34398607  0.71380887  2.37706816  3.14291126  2.93428131  3.2143667
  2.45212659  1.31059222  1.68173285  2.96523726  2.9326292   3.14607051
  1.43549013  1.83623742  1.28840352  4.13294144  2.61708103  1.18838681
  1.10000351  0.45435903  3.52047915  1.43542448  2.39984371  3.77498949
  2.61418294  2.83966683  2.46141604  3.18755627  4.46226736 -0.27917267
  2.85852399  1.45157921  2.32051875  2.60693439  2.51785415  2.45186366
  0.50738328  2.89818499  2.12510257  2.68355945  0.72880354  0.57691235
  0.13698986  2.84769934  0.04592412  0.06032179 -0.20089227  3.36362893
  0.93038502  2.0612201   3.0053887   0.51954656  1.30532979  1.38826751
  2.29039538  2.60332787  3.55004574  0.04564631]
Device (GPU) time: 1.0783 seconds
Iters. done: 429 [Current cost: -20.8864225073767]
Current parameters: [ 3.39352886  3.55858992  1.81122247  1.54343203  0.0581771   1.66858702
  2.34382538  0.7125303   2.37599704  3.14304923  2.92551196  3.21093052
  2.45193332  1.31050029  1.68290641  2.96476156  2.93163435  3.14519594
  1.4364106   1.83591335  1.28801204  4.13202423  2.61618828  1.1883101
  1.0985466   0.45504069  3.51953805  1.43523529  2.39928365  3.77494188
  2.61373181  2.84031364  2.45983447  3.1880183   4.46225569 -0.28292396
  2.85876736  1.45506858  2.31727626  2.6117672   2.51756045  2.44747151
  0.50586971  2.89782149  2.11993717  2.68825866  0.72780016  0.57784134
  0.13748243  2.84899858  0.04528871  0.05970258 -0.20190045  3.36328062
  0.93033224  2.06123234  3.00567224  0.51995436  1.3031035   1.38982225
  2.28784703  2.60311836  3.54931026  0.04195456]
Device (GPU) time: 1.1374 seconds
Iters. done: 430 [Current cost: -20.951825390291948]
Current parameters: [ 3.3941662   3.55800952  1.81114506  1.54311045  0.05368875  1.66737345
  2.34356647  0.71365152  2.37827194  3.14254125  2.93078176  3.21319393
  2.45129133  1.31016782  1.68057315  2.97203651  2.93277869  3.14686937
  1.43579804  1.83551763  1.2901542   4.13404451  2.61735901  1.18795063
  1.10135524  0.4545499   3.51970169  1.4341881   2.39999702  3.7754327
  2.61314161  2.84001926  2.46102015  3.18764345  4.46150779 -0.27620172
  2.8579674   1.45281482  2.3194499   2.60850655  2.51817495  2.45056494
  0.50679643  2.89750582  2.12271681  2.68540957  0.72794147  0.57695982
  0.13581984  2.84714792  0.04559386  0.05909561 -0.20228406  3.36377908
  0.93085185  2.06059855  3.00465878  0.51931911  1.30442349  1.38798692
  2.29225341  2.60267543  3.5499383   0.04731465]
Device (GPU) time: 0.9510 seconds
Iters. done: 431 [Current cost: -21.013586392709797]
Current parameters: [ 3.39475513  3.55724883  1.8113503   1.54278158  0.05458388  1.66730774
  2.34154721  0.71619166  2.37689577  3.14173468  2.93076462  3.2122788
  2.45202752  1.30983793  1.68223706  2.96173122  2.93406935  3.14788118
  1.43514311  1.83496572  1.28801875  4.13455837  2.61652263  1.18899061
  1.10188005  0.45561208  3.51853229  1.43432477  2.39905883  3.7809275
  2.61165448  2.84155911  2.46206482  3.18359395  4.45464675 -0.27630954
  2.85899218  1.4524044   2.31904717  2.60851129  2.51846869  2.45113229
  0.50577899  2.89655916  2.12089855  2.68205761  0.72928098  0.57927083
  0.13404432  2.84658463  0.04912754  0.05664752 -0.20236528  3.3637775
  0.93122381  2.05972707  3.00490332  0.51840644  1.30377506  1.38748182
  2.29144351  2.60089328  3.55389687  0.04806543]
Device (GPU) time: 1.0969 seconds
Iters. done: 432 [Current cost: -20.994879623932633]
Current parameters: [ 3.39346497  3.5574202   1.81057482  1.54287119  0.05366535  1.66791403
  2.34429482  0.71230988  2.3769322   3.14390816  2.93028814  3.2123202
  2.45362662  1.31235289  1.68372959  2.96544272  2.9343544   3.14590752
  1.43595939  1.83586247  1.28885463  4.13357708  2.61740366  1.18768171
  1.10239572  0.45567688  3.51746293  1.43545014  2.39956385  3.77231432
  2.6139683   2.83950314  2.46067233  3.18644269  4.46134314 -0.27576569
  2.85890945  1.45198431  2.319421    2.60824189  2.51822043  2.4504214
  0.50700828  2.89748462  2.12337494  2.68523704  0.72805047  0.57652565
  0.13607912  2.84721453  0.04547669  0.0602599  -0.20209232  3.36379558
  0.93231758  2.06071955  3.00213146  0.51943456  1.30708161  1.38781463
  2.2923398   2.60369073  3.55138202  0.04697869]
Device (GPU) time: 1.1343 seconds
Iters. done: 433 [Current cost: -20.94404435935813]
Current parameters: [ 3.3943287   3.55747454  1.81051079  1.54207281  0.05323384  1.66818264
  2.34333438  0.71390255  2.3770872   3.14238596  2.93027554  3.21457875
  2.45062197  1.30729448  1.67914116  2.96440143  2.9317912   3.14705414
  1.43533459  1.83479595  1.28933855  4.13386651  2.61700292  1.18810947
  1.10315798  0.45899463  3.51378893  1.4390766   2.40434168  3.77392892
  2.6178661   2.8398183   2.45727477  3.18379897  4.46254679 -0.2755541
  2.85640812  1.45114706  2.31979114  2.60767042  2.51892179  2.44649116
  0.50804896  2.8973012   2.12342124  2.68472068  0.72932836  0.57623501
  0.13564756  2.84771635  0.04453366  0.06090184 -0.19877768  3.36348322
  0.9299415   2.06047295  3.00810485  0.5191204   1.301293    1.38886792
  2.29303661  2.60193974  3.54780699  0.04829377]
Device (GPU) time: 0.9798 seconds
Iters. done: 434 [Current cost: -20.955675155859407]
Current parameters: [ 3.39394269  3.5578685   1.81087511  1.54311366  0.05367804  1.66768866
  2.34390481  0.71319084  2.37714789  3.14305203  2.93079579  3.21331013
  2.45167076  1.31052015  1.68169464  2.96511567  2.93313725  3.14633444
  1.43557114  1.83530392  1.28865565  4.1336442   2.61733947  1.18857348
  1.10160846  0.45463308  3.52014969  1.43535609  2.39823784  3.77488036
  2.6135276   2.84097494  2.46200292  3.18655275  4.46299822 -0.27607864
  2.85720669  1.45253737  2.31930501  2.60942253  2.51490741  2.45133844
  0.50828974  2.89550593  2.12263088  2.68449536  0.72859754  0.57803921
  0.13640608  2.84728214  0.04211327  0.05998311 -0.20116331  3.36494491
  0.93090688  2.06088752  3.00483546  0.51495862  1.30449661  1.38819651
  2.29229954  2.60288449  3.54952067  0.04737836]
Device (GPU) time: 1.0719 seconds
Iters. done: 435 [Current cost: -20.91872407186645]
Current parameters: [ 3.39422581  3.55757421  1.8109953   1.54244135  0.05335244  1.66769145
  2.34389221  0.71313751  2.37711735  3.14297742  2.93028539  3.21333504
  2.45185749  1.30998597  1.68164792  2.96500771  2.93340458  3.14682622
  1.43568486  1.83496749  1.28872183  4.1338494   2.61710639  1.18835648
  1.10163115  0.45451202  3.52020505  1.43491527  2.40535205  3.77484733
  2.61435072  2.83780684  2.46240832  3.19245006  4.45915652 -0.276121
  2.86301008  1.45260356  2.31908338  2.60966144  2.51157041  2.4489246
  0.50874278  2.89517903  2.12571889  2.68759713  0.72753725  0.57188457
  0.13619925  2.84769934  0.05143901  0.05950847 -0.2014821   3.3648829
  0.93108985  2.06084164  3.00493069  0.51434581  1.30410357  1.38820379
  2.29261342  2.60289161  3.54970453  0.04729408]
Device (GPU) time: 1.0596 seconds
Iters. done: 436 [Current cost: -20.872897391093574]
Current parameters: [ 3.39591888  3.55701921  1.81226541  1.54314372  0.05319855  1.66830565
  2.34187197  0.71250477  2.37747119  3.14540577  2.92917963  3.21395666
  2.45329004  1.31097913  1.68129429  2.96533512  2.93430674  3.14567457
  1.43518677  1.83489028  1.28895368  4.13185174  2.61843005  1.18488548
  1.10131756  0.45492988  3.5203946   1.43492112  2.39927952  3.77682026
  2.61374062  2.83869729  2.46253554  3.18817552  4.4615503  -0.27642931
  2.85741113  1.45205264  2.31898095  2.60868377  2.51837181  2.45090196
  0.50709854  2.89749855  2.1234891   2.68534574  0.72871762  0.57620392
  0.13623983  2.84765436  0.04523138  0.06042409 -0.19910089  3.36367312
  0.93099489  2.060749    3.00581876  0.51951361  1.30523942  1.38878741
  2.29274217  2.60253288  3.54903792  0.04785219]
Device (GPU) time: 1.0884 seconds
Iters. done: 437 [Current cost: -20.945162206608764]
Current parameters: [ 3.39778336  3.55947615  1.81296621  1.54231494  0.05545291  1.66909144
  2.34906374  0.71246102  2.37489042  3.13947511  2.93079518  3.21396356
  2.4479912   1.30707028  1.67911052  2.96473748  2.93475726  3.14399263
  1.43630297  1.83602788  1.28921847  4.13154147  2.61638501  1.19071498
  1.10235337  0.45447307  3.51966227  1.43481856  2.39456335  3.77398134
  2.61326171  2.83329628  2.462158    3.18676649  4.46052287 -0.27410651
  2.8597763   1.45248037  2.31857298  2.60912729  2.51803565  2.4507837
  0.5059848   2.89754672  2.1237437   2.68486534  0.72850319  0.57685448
  0.13886478  2.84836272  0.04639686  0.06182952 -0.20210066  3.3636205
  0.93061066  2.06116714  3.00521744  0.52051184  1.30534925  1.39046353
  2.29441599  2.60139442  3.55049983  0.04781655]
Device (GPU) time: 1.0621 seconds
Iters. done: 438 [Current cost: -20.953049896038387]
Current parameters: [ 3.39358848  3.55890107  1.80957824  1.54296291  0.05213255  1.66779132
  2.34382293  0.71413964  2.37620231  3.1431454   2.92934325  3.21374396
  2.45101357  1.30994642  1.68082779  2.96546712  2.9353808   3.14450415
  1.4355747   1.83595293  1.28905556  4.12950455  2.61818153  1.18962289
  1.10222413  0.45486639  3.5204667   1.43402917  2.40100676  3.77447353
  2.61262585  2.84346257  2.46155948  3.18724309  4.46124644 -0.27600713
  2.85899504  1.45232061  2.31951247  2.60870438  2.51803214  2.45060923
  0.50680745  2.89765443  2.12305332  2.68498822  0.72827426  0.57665736
  0.13670549  2.8472607   0.04569069  0.06091631 -0.20139061  3.36344915
  0.93129297  2.06177006  3.00463694  0.51944711  1.3040011   1.38793785
  2.29269276  2.6038753   3.54901224  0.0475411 ]
Device (GPU) time: 0.9911 seconds
Iters. done: 439 [Current cost: -21.032548715456947]
Current parameters: [ 3.39592816  3.56060355  1.81153006  1.54236335  0.04756213  1.66703928
  2.34673618  0.71646403  2.37913864  3.14455647  2.92676783  3.21188702
  2.4534529   1.30882772  1.68347402  2.96471051  2.93320021  3.14951456
  1.43680084  1.83275463  1.28780604  4.13624743  2.61632138  1.18971727
  1.10128826  0.45464084  3.51758541  1.43610348  2.3975904   3.77771607
  2.61228076  2.8391582   2.46022801  3.18968959  4.46280102 -0.27559286
  2.85862747  1.45320239  2.31847829  2.60885783  2.51856908  2.45203357
  0.50575162  2.89754752  2.12299023  2.68559231  0.72868743  0.57704983
  0.13936068  2.84810522  0.04595933  0.06119146 -0.20162491  3.36375685
  0.93053837  2.05949975  3.00455854  0.51989585  1.3021777   1.38420602
  2.2932283   2.60930136  3.5476935   0.04699246]
Device (GPU) time: 1.1179 seconds
Iters. done: 440 [Current cost: -20.954748662903064]
Current parameters: [ 3.39401676  3.55766355  1.81116182  1.54240413  0.05303568  1.66785281
  2.34453931  0.7112372   2.37726939  3.14307842  2.93042788  3.2135715
  2.45164521  1.31014132  1.6816663   2.96500311  2.93357036  3.14690598
  1.43570007  1.83486565  1.28896544  4.13384239  2.61714563  1.18841948
  1.10165342  0.45458136  3.52009901  1.43502538  2.39986145  3.77348359
  2.61343589  2.84070162  2.46237529  3.18965912  4.46418237 -0.27618984
  2.85823075  1.45248596  2.31921786  2.60882065  2.5185683   2.44974518
  0.50599071  2.89677491  2.12087941  2.68261662  0.7292144   0.57927606
  0.13471821  2.84647813  0.04871993  0.06095996 -0.20127894  3.36373115
  0.93084949  2.05994559  3.00477305  0.51900083  1.30488399  1.38755175
  2.29173411  2.60154112  3.54796619  0.04800172]
Device (GPU) time: 1.0685 seconds
Iters. done: 441 [Current cost: -20.91234357889358]
Current parameters: [ 3.39450269  3.55705191  1.81068359  1.54317557  0.05414978  1.66541573
  2.34398145  0.71336169  2.37723512  3.1428407   2.93083781  3.21311098
  2.45313063  1.30994691  1.68152896  2.96520741  2.93308307  3.14616535
  1.43604641  1.83548227  1.28831745  4.13347828  2.61721146  1.1891224
  1.10314581  0.45462571  3.52097816  1.43545753  2.39983136  3.77543053
  2.61380553  2.83984283  2.46138547  3.18780837  4.46248568 -0.27656326
  2.85861695  1.4524702   2.31963208  2.6084321   2.51809822  2.45041416
  0.50700347  2.89764446  2.12282564  2.68548857  0.72832426  0.57680914
  0.13607688  2.84735638  0.04553254  0.06014673 -0.20116693  3.36362648
  0.93108621  2.06117506  3.00461675  0.51941753  1.30458142  1.38828062
  2.29259005  2.60303178  3.54920593  0.04743676]
Device (GPU) time: 1.0809 seconds
Iters. done: 442 [Current cost: -20.94549020258529]
Current parameters: [ 3.39485251  3.55842606  1.80859798  1.54281073  0.05389077  1.6671177
  2.34335343  0.71285407  2.37715032  3.14342284  2.93107023  3.21352626
  2.44910592  1.31346593  1.68278062  2.96488343  2.93189226  3.14568556
  1.43562597  1.83491735  1.2885356   4.13337337  2.61734436  1.18832104
  1.09996953  0.45436689  3.52073497  1.43666242  2.3995308   3.77718679
  2.61488278  2.84067492  2.46078959  3.18831601  4.46323982 -0.27406707
  2.85902602  1.45272028  2.31877441  2.60915652  2.51857239  2.45003937
  0.50629221  2.89760447  2.12388515  2.6849108   0.72694668  0.57650466
  0.13523008  2.84810572  0.04544799  0.06098352 -0.20286449  3.36368066
  0.93113563  2.06041918  3.00506531  0.51998017  1.30371235  1.38870992
  2.29346076  2.60299803  3.55065078  0.04751748]
Device (GPU) time: 0.9637 seconds
Iters. done: 443 [Current cost: -20.939111915411797]
Current parameters: [ 3.39449836  3.55760282  1.81106657  1.54329891  0.05413975  1.66758287
  2.34394561  0.71344125  2.37768601  3.14322366  2.93093812  3.21337802
  2.45156467  1.31046995  1.68156764  2.96498208  2.93374413  3.14518381
  1.43400757  1.83552416  1.28845199  4.13433865  2.61710717  1.18854987
  1.10152178  0.45274506  3.51920835  1.43446027  2.39995338  3.77491788
  2.61432821  2.84052215  2.46115075  3.18787924  4.4624061  -0.27600072
  2.85863997  1.4526488   2.319801    2.60850538  2.51785218  2.45070932
  0.50704549  2.8974213   2.12278007  2.68573609  0.72883899  0.57694946
  0.13656978  2.84709639  0.04566634  0.05979182 -0.2010603   3.36419495
  0.93185099  2.06031435  3.00527406  0.51977349  1.30428625  1.38809592
  2.2922342   2.60338029  3.549508    0.04763318]
Device (GPU) time: 1.0829 seconds
Iters. done: 444 [Current cost: -20.962145147119877]
Current parameters: [ 3.39269412  3.55808664  1.81151473  1.54168777  0.05219879  1.66855555
  2.34369741  0.71271916  2.37596481  3.14229304  2.9301785   3.21304049
  2.45206027  1.30928245  1.68205936  2.96433182  2.93306739  3.14752963
  1.43701725  1.83399451  1.28927846  4.13508529  2.61685733  1.18807843
  1.10192211  0.45202133  3.52070294  1.43257582  2.40104977  3.7749202
  2.61316665  2.84025584  2.46255653  3.1868784   4.46257133 -0.27614639
  2.85747999  1.45245468  2.3183914   2.60861965  2.51948193  2.44880624
  0.50645925  2.8981112   2.12419045  2.68453587  0.72692093  0.57537081
  0.13617065  2.8478606   0.04407425  0.05949129 -0.20187218  3.36354335
  0.93302576  2.06166854  3.00499251  0.51930107  1.30393897  1.38944891
  2.29321312  2.60206434  3.54983527  0.04690743]
Device (GPU) time: 1.0831 seconds
Iters. done: 445 [Current cost: -20.932701866853023]
Current parameters: [ 3.39360091  3.55805816  1.81170974  1.54294762  0.05371432  1.66702408
  2.34373563  0.7136667   2.37629706  3.14295165  2.9309797   3.21311507
  2.45255904  1.31089553  1.68251012  2.96519564  2.93324663  3.14620204
  1.43525709  1.8352219   1.29024756  4.13347885  2.61750639  1.18882608
  1.10156045  0.45457699  3.52014755  1.43539759  2.39993761  3.77475426
  2.61395137  2.84032091  2.46256329  3.18752399  4.46174325 -0.27611719
  2.85840594  1.4525534   2.319092    2.60876472  2.51798504  2.45037622
  0.50680338  2.89792166  2.12360603  2.68563856  0.72846132  0.5769776
  0.13674588  2.84748087  0.04538912  0.0605641  -0.20210199  3.36463981
  0.9307292   2.05890085  3.00544194  0.51961509  1.30408137  1.3880376
  2.29267452  2.60236951  3.54877409  0.04751971]
Device (GPU) time: 0.9915 seconds
Iters. done: 446 [Current cost: -20.849746740800725]
Current parameters: [ 3.39456963  3.55771279  1.81000974  1.54338404  0.05395264  1.66882157
  2.34357696  0.71328587  2.37853564  3.14269275  2.93237657  3.2125711
  2.45287207  1.31025655  1.68289649  2.96557822  2.93590375  3.14644919
  1.43602351  1.83546953  1.28619858  4.13383775  2.61686609  1.18767208
  1.10144936  0.45498716  3.5197393   1.43573934  2.39911797  3.77326928
  2.61384856  2.84044104  2.46289981  3.18775231  4.4618175  -0.27570193
  2.85882878  1.45332684  2.31906003  2.60886353  2.51765367  2.45083095
  0.50632265  2.89882686  2.1223723   2.68493748  0.72569253  0.57588933
  0.13668807  2.84592847  0.04514615  0.05896304 -0.20187189  3.36259613
  0.92937013  2.06157016  3.00679873  0.51953356  1.30225447  1.38774007
  2.29318234  2.60208484  3.54883771  0.04717977]
Device (GPU) time: 1.1535 seconds
Iters. done: 447 [Current cost: -21.02404294438606]
Current parameters: [ 3.39312695  3.5567614   1.81166365  1.54239013  0.05278514  1.66745577
  2.34390616  0.71253085  2.37909415  3.14290595  2.93048372  3.21308935
  2.45147452  1.31022449  1.68190027  2.96483141  2.93322679  3.1456337
  1.43490089  1.83446119  1.28885874  4.13267638  2.61774626  1.18974168
  1.10166387  0.45472903  3.51962399  1.43537429  2.39962285  3.77514388
  2.61342696  2.83972243  2.46183089  3.18812035  4.46219418 -0.27646541
  2.85825559  1.45246087  2.31924217  2.6087637   2.51822557  2.45057011
  0.50684315  2.89755637  2.12335515  2.68555563  0.72778722  0.5764228
  0.13560319  2.84714513  0.04504984  0.05933531 -0.2020151   3.36379537
  0.93085692  2.06040401  3.0052289   0.51941348  1.30460637  1.38836265
  2.29232537  2.60272833  3.54973561  0.04737644]
Device (GPU) time: 1.0832 seconds
Iters. done: 448 [Current cost: -21.015332692110388]
Current parameters: [ 3.39340306  3.55691027  1.81025319  1.54222819  0.05443192  1.66732266
  2.34419977  0.71397924  2.37710008  3.14391675  2.9303032   3.21320021
  2.45014463  1.30868849  1.67979687  2.96466384  2.9326744   3.14722041
  1.43537419  1.834244    1.28879058  4.13345582  2.61817461  1.18678372
  1.10104407  0.45522999  3.52114034  1.43601474  2.3997425   3.77293697
  2.61489124  2.84081237  2.46487415  3.18752745  4.46278164 -0.276366
  2.8586594   1.4525641   2.31962704  2.6075529   2.5186942   2.45098
  0.50699044  2.89656746  2.12216713  2.68621717  0.72835164  0.5767259
  0.13666683  2.84814554  0.04576602  0.05787324 -0.2015782   3.3631557
  0.93043175  2.06029483  3.00430919  0.52012404  1.30420003  1.38749153
  2.29325305  2.60513458  3.55211969  0.04727529]
Device (GPU) time: 0.9708 seconds
Iters. done: 449 [Current cost: -20.97559936844586]
Current parameters: [ 3.39465007  3.55811442  1.81108339  1.54349748  0.05328184  1.66764618
  2.34298254  0.71466572  2.37770877  3.14253036  2.93030134  3.21245395
  2.45189285  1.3098506   1.68168729  2.96516813  2.93311952  3.14648589
  1.43506935  1.83502978  1.28839766  4.13379349  2.61717789  1.1888709
  1.10154281  0.45470527  3.51977975  1.4352676   2.39984991  3.77414767
  2.61367582  2.84057541  2.46241883  3.18847884  4.46274991 -0.27637478
  2.85818907  1.45255682  2.31922086  2.60858924  2.51800701  2.45072957
  0.50661899  2.89744718  2.1236411   2.68570694  0.72793141  0.57690279
  0.13567461  2.84773551  0.04542254  0.06138263 -0.20092112  3.36429384
  0.93100509  2.06101697  3.00481315  0.51966442  1.30478726  1.3882958
  2.29257415  2.6017374   3.55094058  0.0474101 ]
Device (GPU) time: 1.1246 seconds
Iters. done: 450 [Current cost: -20.905318623713526]
Current parameters: [ 3.39415999  3.55658308  1.81150143  1.54252174  0.05478064  1.66863857
  2.34423566  0.71212406  2.37669228  3.14353673  2.93132298  3.21371117
  2.45222439  1.309684    1.68188142  2.96560416  2.93439448  3.1476983
  1.4360394   1.83493458  1.2882541   4.13297833  2.61714893  1.1892018
  1.10180342  0.45497748  3.51912059  1.43638628  2.39965307  3.77627529
  2.61370154  2.84261434  2.46097665  3.1892511   4.46344584 -0.27575182
  2.85840975  1.45244599  2.31837886  2.60847564  2.51775959  2.45082414
  0.50570698  2.89703862  2.12524253  2.6857425   0.72933298  0.57733625
  0.13879579  2.84890822  0.0456326   0.05737092 -0.20156247  3.36533255
  0.93124048  2.06213383  3.00432112  0.52041469  1.3048648   1.38747783
  2.2929522   2.60107236  3.54983583  0.04743932]
Device (GPU) time: 1.0590 seconds
Iters. done: 451 [Current cost: -20.85497924284581]
Current parameters: [ 3.3934868   3.5590563   1.81151975  1.54297937  0.05378324  1.66686439
  2.34408605  0.71282227  2.37717404  3.14294471  2.93093919  3.21343787
  2.45148169  1.3103972   1.68135232  2.96535903  2.93347538  3.14630209
  1.43605183  1.83551149  1.28815041  4.13368916  2.61753843  1.18824462
  1.10170994  0.45494494  3.51956331  1.43652123  2.3995819   3.77486103
  2.61302105  2.84046632  2.46255568  3.18822345  4.46202612 -0.27650231
  2.85859019  1.45253347  2.31927431  2.60873484  2.51813538  2.4508525
  0.50671533  2.89753832  2.12327937  2.68542629  0.72783493  0.57655024
  0.13563158  2.84704878  0.04537505  0.05960469 -0.20068215  3.36462556
  0.93320426  2.06042056  3.00550079  0.51965455  1.30403054  1.38848152
  2.29218124  2.60318575  3.54965362  0.04757509]
Device (GPU) time: 1.0676 seconds
Iters. done: 452 [Current cost: -21.051179826423855]
Current parameters: [ 3.39571289  3.55544044  1.81059053  1.54279441  0.05400262  1.67023517
  2.34386499  0.71449233  2.37777523  3.14293707  2.93094     3.21347565
  2.45174012  1.31104975  1.68262593  2.96569524  2.93263947  3.14676759
  1.43548184  1.83493022  1.29039501  4.13372802  2.61632754  1.19008674
  1.10157692  0.45502     3.52072774  1.43735786  2.40026186  3.77497447
  2.61387811  2.84032912  2.46394126  3.18769385  4.46154694 -0.2767131
  2.85825661  1.4522388   2.31969395  2.60871387  2.51847555  2.45064075
  0.50694007  2.89763205  2.12182753  2.68514779  0.72943515  0.57592119
  0.13679022  2.84661327  0.04536464  0.06084419 -0.20244575  3.36324602
  0.93412803  2.0629601   3.00575153  0.51929138  1.30479402  1.3885131
  2.2920407   2.60395417  3.54850448  0.04773932]
Device (GPU) time: 1.0939 seconds
Iters. done: 453 [Current cost: -20.961257352696013]
Current parameters: [ 3.39410827  3.55721843  1.81063437  1.54314765  0.05346425  1.66764838
  2.34280672  0.71272315  2.37736654  3.14157004  2.93067088  3.21358947
  2.45192953  1.31017465  1.68118438  2.96526587  2.93385381  3.14709462
  1.43487888  1.83513608  1.28891024  4.13382648  2.61752198  1.1885883
  1.10124381  0.45462949  3.51970197  1.43528932  2.39891964  3.77511924
  2.6141232   2.84052096  2.46247829  3.18727315  4.46250543 -0.27611556
  2.86000152  1.45195657  2.31845109  2.60880259  2.51818932  2.45057401
  0.50704703  2.8975628   2.1235432   2.68542217  0.72824654  0.57647757
  0.13578065  2.8476343   0.04538188  0.06016271 -0.2009145   3.36378038
  0.93126484  2.06044364  3.00378468  0.51954107  1.30407578  1.38830007
  2.29210493  2.60336984  3.54863136  0.0467532 ]
Device (GPU) time: 0.9627 seconds
Iters. done: 454 [Current cost: -20.893541588600428]
Current parameters: [ 3.39346108  3.55762975  1.80943506  1.54400231  0.05364274  1.66817071
  2.34216895  0.71216558  2.37519715  3.14109542  2.93080664  3.21392011
  2.45181952  1.31027418  1.68182845  2.96531943  2.93282435  3.14708787
  1.43358712  1.83494562  1.2869702   4.13310051  2.61740039  1.18936644
  1.10223594  0.45498155  3.51992679  1.43541391  2.40025805  3.77456002
  2.61302348  2.83885744  2.46218363  3.18938757  4.46092555 -0.2749852
  2.85429595  1.45437716  2.32013199  2.60921118  2.51814139  2.45085245
  0.50677741  2.89744365  2.12362017  2.68515918  0.72822773  0.57663349
  0.13649705  2.8478535   0.04585934  0.05928912 -0.20137135  3.36358958
  0.93119146  2.0601436   3.00442453  0.51974975  1.30471014  1.38817774
  2.29199689  2.60472684  3.54913629  0.0467756 ]
Device (GPU) time: 1.1041 seconds
Iters. done: 455 [Current cost: -20.925985329602167]
Current parameters: [ 3.39402726  3.55822185  1.81182835  1.54325121  0.05364232  1.66718081
  2.34439822  0.71299819  2.37712222  3.1429992   2.9307312   3.21303391
  2.45168356  1.31037142  1.68181253  2.9653956   2.93528562  3.14711248
  1.43531494  1.83521329  1.28834605  4.13370219  2.61726929  1.18940033
  1.10015182  0.4546559   3.52061894  1.43568281  2.40083107  3.77563647
  2.61441371  2.83997554  2.46241871  3.18737581  4.46246014 -0.27580419
  2.85798364  1.45273467  2.3195919   2.60848621  2.51809246  2.44971061
  0.50707138  2.89768895  2.12290145  2.68573402  0.72866726  0.57678793
  0.13567586  2.84719234  0.04509906  0.06007128 -0.20119374  3.36362088
  0.93092146  2.0609107   3.00468264  0.51941223  1.30519207  1.38808705
  2.29246399  2.60319052  3.54986857  0.04720341]
Device (GPU) time: 1.0874 seconds
Iters. done: 456 [Current cost: -20.981670771799017]
Current parameters: [ 3.39438169  3.55886607  1.81364995  1.54448032  0.05421458  1.66699356
  2.34196446  0.71275535  2.37759987  3.14497751  2.9319023   3.21307645
  2.45124691  1.30995278  1.68222635  2.96453533  2.93110463  3.14872242
  1.43446753  1.83518545  1.28879794  4.13222281  2.61743021  1.18922867
  1.10051336  0.45499161  3.52030501  1.43443878  2.39937539  3.77336702
  2.61200768  2.84012637  2.46085142  3.18737283  4.46204912 -0.27435188
  2.85974958  1.45186583  2.32106589  2.60902208  2.51786761  2.44937432
  0.50678951  2.89777986  2.12248577  2.68529744  0.72785902  0.57694578
  0.13713496  2.84709092  0.04553651  0.05944733 -0.20138431  3.36310267
  0.93142662  2.06215892  3.0044401   0.51958264  1.30375291  1.3887773
  2.29290667  2.60347638  3.54905218  0.04739099]
Device (GPU) time: 1.0864 seconds
Iters. done: 457 [Current cost: -20.846977820292953]
Current parameters: [ 3.39424452  3.55902322  1.81024155  1.54373632  0.05376899  1.66817945
  2.34389546  0.71324648  2.37833136  3.14304825  2.93094272  3.21334897
  2.45226314  1.30982841  1.68171277  2.96488248  2.93310706  3.14559248
  1.43607025  1.8340998   1.28922438  4.13421572  2.61838637  1.18871363
  1.10137087  0.45481714  3.52011542  1.43547401  2.39987462  3.77515351
  2.61407264  2.84049081  2.46230651  3.1876757   4.46186606 -0.27629771
  2.85837457  1.45335556  2.32005459  2.60846739  2.51767482  2.45016045
  0.50722345  2.89764062  2.12336802  2.68517831  0.72817478  0.57722952
  0.13652046  2.84755932  0.0456994   0.05936971 -0.20130601  3.36370607
  0.93122858  2.06067113  3.00389491  0.51979363  1.304947    1.38916075
  2.29286707  2.60265881  3.54879388  0.04727313]
Device (GPU) time: 0.9629 seconds
Iters. done: 458 [Current cost: -20.883176025060767]
Current parameters: [ 3.39436689  3.55844508  1.81162476  1.54269075  0.05335764  1.66811518
  2.34488999  0.71259623  2.37914021  3.14311115  2.93000193  3.21338408
  2.45232025  1.30966098  1.68152593  2.96466011  2.93192342  3.14607725
  1.43525036  1.83910957  1.28898724  4.13299808  2.61296859  1.18786484
  1.10182599  0.455143    3.519942    1.43516541  2.40088527  3.77576937
  2.61401442  2.84144808  2.46364372  3.18747016  4.4624213  -0.27515452
  2.85776807  1.45298747  2.31959431  2.60936554  2.51806421  2.4512822
  0.50689533  2.89729982  2.12379694  2.68514936  0.72747349  0.57642693
  0.13566873  2.84760792  0.04541059  0.05913971 -0.2012604   3.36322578
  0.93057328  2.05967778  3.00375177  0.51992599  1.30497677  1.38914396
  2.29299342  2.60329722  3.54902351  0.04694676]
Device (GPU) time: 1.1423 seconds
Iters. done: 459 [Current cost: -20.97190849601913]
Current parameters: [ 3.39399269  3.55780411  1.81083797  1.5430611   0.0527924   1.66755057
  2.34396133  0.71332057  2.37707951  3.14307769  2.93194253  3.21376272
  2.45169739  1.31058566  1.68171605  2.96509961  2.93303999  3.14622965
  1.43568757  1.83540216  1.28861694  4.13357441  2.61731731  1.18852372
  1.10184223  0.45512567  3.51925475  1.43458027  2.39938702  3.77541499
  2.61352487  2.84039693  2.46278551  3.1876157   4.46284964 -0.2762605
  2.85818114  1.45292901  2.31886024  2.60924703  2.51752397  2.44955483
  0.50674871  2.89823511  2.12263432  2.68681582  0.72848182  0.57671432
  0.1364645   2.84803084  0.04573982  0.05988121 -0.20119201  3.36258283
  0.93136678  2.06060387  3.0046856   0.51925523  1.30462656  1.38797962
  2.29177634  2.60276583  3.54990733  0.04861084]
Device (GPU) time: 1.1203 seconds
Iters. done: 460 [Current cost: -20.932895810279568]
Current parameters: [ 3.3940259   3.5573605   1.81103967  1.5424081   0.05246141  1.66823215
  2.34428525  0.71289963  2.37751465  3.14338343  2.93157958  3.21396413
  2.45201886  1.30932426  1.68106925  2.96499916  2.93331745  3.14659123
  1.43539155  1.83531699  1.2886173   4.13436648  2.61694391  1.18807843
  1.10105733  0.45368803  3.52225266  1.43719335  2.40088003  3.77328275
  2.61369681  2.84067226  2.45960404  3.18914327  4.45901805 -0.27578571
  2.8595456   1.45323403  2.31763612  2.61019502  2.5185661   2.4512485
  0.50611199  2.89801099  2.12249956  2.68590745  0.72858911  0.57804783
  0.13572538  2.8486207   0.04327343  0.0601692  -0.20061061  3.36237268
  0.93115011  2.05979692  3.00430529  0.51940644  1.3049633   1.38842814
  2.29190583  2.60262685  3.54984992  0.04869484]
Device (GPU) time: 0.9622 seconds
Iters. done: 461 [Current cost: -20.945383317120367]
Current parameters: [ 3.39365675  3.55710315  1.81128502  1.54299421  0.05356379  1.66838221
  2.34349538  0.71239299  2.37566644  3.14636168  2.93006175  3.21382057
  2.4517462   1.30995723  1.68168232  2.96705237  2.93214208  3.14521384
  1.43585848  1.83452483  1.28538858  4.13511239  2.61669481  1.19171805
  1.10148981  0.45492017  3.51995057  1.43481137  2.39906374  3.77465771
  2.61437759  2.84113914  2.46325961  3.18662521  4.46130651 -0.27672632
  2.85921075  1.45229334  2.3186388   2.60892296  2.51839559  2.45067719
  0.50703067  2.89721756  2.12409641  2.68481552  0.72851193  0.57618206
  0.13550226  2.84744387  0.04591267  0.06049039 -0.20054565  3.3636293
  0.93038915  2.05967419  3.00536068  0.51956268  1.30487362  1.3892829
  2.29324969  2.60333792  3.54929501  0.04780114]
Device (GPU) time: 1.0984 seconds
Iters. done: 462 [Current cost: -20.921852841260343]
Current parameters: [ 3.39366385  3.55631078  1.8121317   1.54408419  0.0535326   1.66768064
  2.34475077  0.71434571  2.37686586  3.14288448  2.93026283  3.21479185
  2.45106869  1.31128926  1.68155385  2.96494061  2.93355737  3.14633438
  1.43621885  1.83506523  1.28862577  4.13402383  2.61724488  1.18828123
  1.1015432   0.45486279  3.5197718   1.43519474  2.39986232  3.7747724
  2.6133057   2.84051727  2.46175898  3.18809133  4.46218437 -0.27622152
  2.85848949  1.45349742  2.32012931  2.60861743  2.51827165  2.45079842
  0.50673023  2.89755813  2.12324279  2.68534086  0.72770531  0.5765189
  0.13574412  2.8472633   0.04534767  0.05985353 -0.20095341  3.36370206
  0.93082529  2.06064014  3.00409525  0.51941503  1.30394219  1.38845229
  2.29262678  2.602712    3.54929954  0.04708441]
Device (GPU) time: 1.0814 seconds
Iters. done: 463 [Current cost: -20.97854455890924]
Current parameters: [ 3.39390677  3.55790524  1.81096366  1.54307777  0.05385828  1.66779355
  2.34416969  0.71285188  2.37719515  3.14314872  2.9303227   3.21325666
  2.45170035  1.31056467  1.68169092  2.96541785  2.93304095  3.14626064
  1.43559385  1.83535183  1.28868174  4.13353699  2.61731726  1.18856174
  1.10134706  0.45457207  3.52014856  1.4353415   2.39991531  3.77426704
  2.61385006  2.84019686  2.46188709  3.18832137  4.46288823 -0.2766893
  2.85841622  1.45272406  2.31918426  2.60885152  2.51805094  2.45029494
  0.50690551  2.89770429  2.12321007  2.68599775  0.72821666  0.57649207
  0.13651608  2.84750367  0.04500908  0.06019351 -0.20121545  3.36372333
  0.93088571  2.06085459  3.0048858   0.51959822  1.30445427  1.38848532
  2.29230383  2.60315665  3.54904822  0.04697758]
Device (GPU) time: 1.0222 seconds
Iters. done: 464 [Current cost: -20.924907402232378]
Current parameters: [ 3.39398651  3.55798859  1.81092753  1.54290251  0.05464933  1.66792733
  2.34372475  0.71349277  2.37694094  3.14278828  2.92968956  3.21265186
  2.45157871  1.3105626   1.68189053  2.96442303  2.9329701   3.14662101
  1.43568993  1.83546128  1.28838372  4.13366972  2.6169934   1.18853446
  1.10110433  0.45489504  3.51973295  1.43502224  2.39969995  3.77588857
  2.61318832  2.84043956  2.4615537   3.18726291  4.46087253 -0.27758753
  2.85857043  1.45282155  2.31885031  2.60904735  2.51822362  2.45022127
  0.50651302  2.89748646  2.12221962  2.68538247  0.72850424  0.577188
  0.13607387  2.84730536  0.04596853  0.05923737 -0.20156131  3.36362511
  0.93065604  2.06080815  3.00516493  0.51937175  1.30409617  1.38840361
  2.29151033  2.60270324  3.55023015  0.0465415 ]
Device (GPU) time: 1.0714 seconds
Iters. done: 465 [Current cost: -20.895240964742158]
Current parameters: [ 3.39390835  3.55796908  1.81101488  1.54315859  0.05378202  1.66795876
  2.343952    0.71317453  2.37738074  3.14291355  2.930799    3.21325636
  2.4518688   1.31068852  1.68194788  2.96514052  2.93310935  3.14661494
  1.43573822  1.8352682   1.28901199  4.13341639  2.61732021  1.18907801
  1.10164449  0.45474086  3.52023341  1.43487617  2.39982666  3.77480218
  2.6141356   2.84020118  2.46184774  3.18784307  4.4622126  -0.27605771
  2.85845549  1.45286721  2.31900017  2.6080459   2.51793169  2.45092229
  0.5063053   2.8974852   2.12279246  2.68528742  0.72840852  0.57624886
  0.13597971  2.84762907  0.04539352  0.05966555 -0.20046665  3.36381973
  0.93106622  2.0605516   3.00494156  0.51942837  1.30427996  1.38820879
  2.292506    2.60304889  3.54967597  0.04749942]
Device (GPU) time: 1.0807 seconds
Iters. done: 466 [Current cost: -20.966495914296996]
Current parameters: [ 3.39380455  3.55787188  1.8102453   1.54280094  0.05375838  1.66873746
  2.34418037  0.71322643  2.37749202  3.14271203  2.93080604  3.21329096
  2.45169334  1.31088035  1.68198022  2.96526541  2.93334599  3.14635397
  1.43581324  1.83537958  1.28876616  4.13385536  2.61713636  1.18887497
  1.10206564  0.45438817  3.52068528  1.43550923  2.39993224  3.7750291
  2.6124012   2.83988817  2.46210069  3.18780198  4.46230225 -0.275879
  2.8587162   1.4513904   2.32037327  2.60906744  2.51914128  2.44999007
  0.50766402  2.89755834  2.12382731  2.68599044  0.72863596  0.57708806
  0.13609114  2.8466996   0.04541588  0.05944243 -0.19989273  3.3640466
  0.93044967  2.06026997  3.00487526  0.51920141  1.30407875  1.38751855
  2.29272708  2.60298332  3.55012219  0.04773727]
Device (GPU) time: 1.0738 seconds
Iters. done: 467 [Current cost: -20.993388367263748]
Current parameters: [ 3.39389434  3.55768231  1.81103434  1.54233284  0.0537552   1.66763721
  2.34383979  0.71381465  2.3771589   3.14326348  2.93094     3.21278715
  2.45128464  1.31050482  1.68164461  2.96511905  2.93335005  3.14640774
  1.4356355   1.83516364  1.28870016  4.13386428  2.61735945  1.18855484
  1.1018989   0.45467699  3.51999034  1.43523525  2.39980104  3.77490746
  2.61356655  2.84035847  2.46208698  3.18792755  4.4621134  -0.27551394
  2.85847283  1.45260626  2.31932403  2.60866209  2.51804949  2.45058399
  0.5068435   2.89766882  2.12324611  2.68547743  0.72817176  0.57674212
  0.13609755  2.8474338   0.04543497  0.05975506 -0.20088597  3.3637513
  0.93083337  2.06076615  3.00498698  0.51951747  1.30505559  1.38843033
  2.291923    2.60298472  3.5489679   0.04688124]
Device (GPU) time: 1.0869 seconds
Iters. done: 468 [Current cost: -20.967237578933858]
Current parameters: [ 3.39366317  3.55775322  1.81112117  1.54206791  0.0538905   1.66772226
  2.34346502  0.71391881  2.37685428  3.14251244  2.93108568  3.21257491
  2.45118125  1.31062702  1.68169413  2.96505258  2.93326317  3.14657837
  1.43519047  1.83559651  1.28842374  4.13359579  2.61715859  1.18849168
  1.10091003  0.45474868  3.51980835  1.43521699  2.39974921  3.77504868
  2.6135523   2.84016526  2.46153186  3.18808075  4.46221451 -0.27765453
  2.8583673   1.45268117  2.31936854  2.60862964  2.51820813  2.45069819
  0.50686244  2.89747907  2.12312137  2.68529949  0.72787272  0.57660279
  0.1360975   2.84700324  0.04544803  0.05955621 -0.20095319  3.36359206
  0.93107925  2.06072932  3.00427435  0.51932132  1.30530583  1.3880798
  2.29450152  2.60319252  3.54851712  0.048839  ]
Device (GPU) time: 0.9791 seconds
Iters. done: 469 [Current cost: -20.971616304420145]
Current parameters: [ 3.39399333  3.55793575  1.8111054   1.5430731   0.05366898  1.66756944
  2.34396608  0.71311085  2.37713585  3.14307888  2.93073884  3.21332205
  2.45181053  1.31042264  1.68168849  2.96517892  2.93323174  3.14618171
  1.43510756  1.83526191  1.28892552  4.13385841  2.61729621  1.18863234
  1.10161316  0.45447894  3.5197792   1.43559849  2.39981068  3.77491423
  2.61365022  2.8404665   2.46221451  3.1880028   4.46210763 -0.27617565
  2.85845327  1.45261106  2.31925216  2.60847513  2.51880963  2.45062216
  0.5064998   2.89832639  2.12313372  2.68552147  0.72826969  0.57668515
  0.1362001   2.8475675   0.04565906  0.05977153 -0.20114651  3.36399982
  0.93062718  2.06114586  3.00469349  0.51837074  1.30444156  1.38861087
  2.29265427  2.603166    3.54960328  0.04739473]
Device (GPU) time: 1.0874 seconds
Iters. done: 470 [Current cost: -20.921420114430077]
Current parameters: [ 3.39381181  3.55829084  1.8113427   1.54282799  0.05328709  1.66734729
  2.34408741  0.71272709  2.37636256  3.14291944  2.93044799  3.21343035
  2.45178874  1.31060796  1.68191062  2.96523129  2.93316388  3.14606851
  1.43473541  1.8350435   1.28965906  4.13451915  2.61735496  1.18865969
  1.10203862  0.45432939  3.51969913  1.43599901  2.39986607  3.77519555
  2.61335214  2.84057674  2.46234772  3.18815437  4.46206264 -0.27622601
  2.85843024  1.45221548  2.31919879  2.6088318   2.51717687  2.4508901
  0.5071816   2.89705674  2.12292527  2.68472969  0.72819142  0.57596986
  0.13606531  2.84644984  0.04501348  0.05969468 -0.20089207  3.36303091
  0.92989141  2.06189128  3.00453107  0.52078105  1.30420439  1.38835153
  2.29224352  2.60292043  3.55007998  0.04807983]
Device (GPU) time: 1.0523 seconds
Iters. done: 471 [Current cost: -20.893474068276408]
Current parameters: [ 3.39397566  3.55793714  1.81097251  1.54305262  0.05365426  1.66761113
  2.34393806  0.71331117  2.37726664  3.14294094  2.93088467  3.21322725
  2.4518794   1.31068585  1.68189949  2.96516007  2.93360376  3.14648988
  1.43558247  1.83500689  1.28871281  4.13372782  2.61710209  1.18849887
  1.10160035  0.45467092  3.51991675  1.43509989  2.40001916  3.77465061
  2.61346735  2.84015985  2.46204632  3.18768128  4.46228396 -0.27629867
  2.85849247  1.45240837  2.31948503  2.60896758  2.51831184  2.45100993
  0.50671053  2.89690038  2.12343717  2.6856999   0.72875107  0.57689068
  0.13567327  2.84801431  0.0455351   0.05971419 -0.20156577  3.36368389
  0.93075953  2.0610373   3.00511998  0.51956147  1.30419049  1.38894094
  2.29250849  2.60324018  3.54930954  0.04774032]
Device (GPU) time: 1.0751 seconds
Iters. done: 472 [Current cost: -20.932099241105707]
Current parameters: [ 3.39442391  3.55770583  1.81126742  1.54283705  0.05339759  1.66786003
  2.34419966  0.71314003  2.37747168  3.14285243  2.93068302  3.21330214
  2.45173946  1.31063201  1.68188616  2.96499526  2.93331711  3.1467686
  1.43546414  1.83670095  1.28842022  4.13416844  2.61822298  1.18867933
  1.10178225  0.45490005  3.52005735  1.43494448  2.3990658   3.77482659
  2.61348976  2.84094881  2.46205741  3.18895023  4.46137674 -0.27603715
  2.85833146  1.45272994  2.3190131   2.60680249  2.51858471  2.4494051
  0.508109    2.89688038  2.12339994  2.68551901  0.72859189  0.57672079
  0.13575228  2.84764967  0.04505488  0.05994335 -0.20186681  3.3635961
  0.93086658  2.06076174  3.00524738  0.51950427  1.30422575  1.38867682
  2.29260918  2.60316294  3.54946214  0.04768113]
Device (GPU) time: 1.0163 seconds
Iters. done: 473 [Current cost: -20.93014165367845]
Current parameters: [ 3.39386795  3.55776563  1.81079431  1.54312423  0.05360152  1.6676426
  2.34348017  0.71317695  2.37742166  3.14342936  2.93061486  3.21345938
  2.45159736  1.31035685  1.68130634  2.96487968  2.93368056  3.14655392
  1.43580297  1.83564306  1.28922743  4.13412296  2.61714384  1.18884922
  1.10143666  0.45444265  3.52032743  1.43555375  2.39925473  3.77459864
  2.61345558  2.84038687  2.46159725  3.18758369  4.46217101 -0.27629528
  2.85784958  1.45254864  2.31923409  2.60867445  2.51796437  2.45054989
  0.50684341  2.89757144  2.12339993  2.68569424  0.72828817  0.57622079
  0.13606978  2.84731202  0.04597691  0.05988468 -0.20139414  3.36376601
  0.93091958  2.06073011  3.00490717  0.51943853  1.30450833  1.38820302
  2.29251513  2.6029367   3.54949753  0.04746369]
Device (GPU) time: 1.1198 seconds
Iters. done: 474 [Current cost: -20.923566162583437]
Current parameters: [ 3.39365806  3.55781363  1.81029476  1.54351148  0.05369253  1.66749791
  2.34268807  0.71306573  2.37717106  3.14383694  2.93074866  3.21364525
  2.45123046  1.31039843  1.6810807   2.96476557  2.93393526  3.14637405
  1.43628694  1.83601296  1.28933694  4.13427102  2.61696785  1.1893415
  1.1017295   0.45506693  3.51915432  1.43462807  2.400597    3.77518889
  2.61366133  2.83916151  2.46258306  3.18898752  4.46212238 -0.27634241
  2.85915712  1.45247593  2.31938212  2.60854091  2.51848834  2.45093866
  0.50680837  2.89759315  2.12281358  2.68501682  0.72820079  0.57740778
  0.13665079  2.84734827  0.04428235  0.05980478 -0.20163969  3.36385637
  0.93092132  2.06079221  3.00494948  0.51951433  1.30452287  1.38801221
  2.29263693  2.60294723  3.54965086  0.04741528]
Device (GPU) time: 1.0903 seconds
Iters. done: 475 [Current cost: -21.01950164894473]
Current parameters: [ 3.39374257  3.55781962  1.81098149  1.54297173  0.05353906  1.66807571
  2.34391155  0.71330252  2.37702181  3.14303367  2.93065752  3.21346837
  2.45179708  1.30997054  1.68136312  2.96503714  2.93290018  3.14634889
  1.43543767  1.83533598  1.2886624   4.13373461  2.61727437  1.18841918
  1.10169492  0.45504142  3.51953979  1.4356592   2.40019355  3.77492186
  2.61417756  2.84005542  2.46154743  3.1873834   4.46216584 -0.27602377
  2.85841114  1.45250836  2.31947755  2.60846343  2.5181862   2.45014371
  0.50701337  2.89754783  2.12316184  2.68545163  0.72828917  0.57670821
  0.13574528  2.84756465  0.04532717  0.05999281 -0.20130058  3.3640407
  0.93084751  2.06107338  3.00515513  0.5195351   1.3041711   1.38779231
  2.2925298   2.60282584  3.54922127  0.04757781]
Device (GPU) time: 0.9648 seconds
Iters. done: 476 [Current cost: -20.939675023693173]
Current parameters: [ 3.39486014  3.55759321  1.8106713   1.542768    0.05353799  1.66697655
  2.34406189  0.71311395  2.37781508  3.14270212  2.93066862  3.21354928
  2.45097728  1.31066178  1.68124531  2.96503857  2.93332432  3.14731155
  1.43562284  1.8348674   1.28859008  4.13379152  2.61735147  1.18865217
  1.10197007  0.45535071  3.51891935  1.43551995  2.40098212  3.77443207
  2.61393032  2.8407003   2.46147449  3.18740213  4.46204795 -0.27633586
  2.85779228  1.45188911  2.31906001  2.60854308  2.51828838  2.45031273
  0.50692986  2.89767311  2.12346613  2.68498274  0.72893103  0.57636883
  0.13723169  2.84651078  0.04523192  0.06005673 -0.20062817  3.36298271
  0.93094468  2.05970899  3.00529624  0.51917482  1.30414807  1.38949317
  2.29283287  2.6027397   3.54970961  0.04740784]
Device (GPU) time: 1.1674 seconds
Iters. done: 477 [Current cost: -20.93013993312971]
Current parameters: [ 3.39454866  3.5579426   1.81092804  1.54317274  0.05310171  1.66753617
  2.34370959  0.71318498  2.37690999  3.14297309  2.93058888  3.21301704
  2.45154435  1.31042683  1.68172903  2.96510294  2.93315779  3.14626947
  1.43560311  1.83532507  1.288533    4.13367399  2.61725518  1.18863284
  1.1014594   0.45460827  3.52010048  1.43542388  2.39984628  3.77474064
  2.6137889   2.84026249  2.46204328  3.18778709  4.46222887 -0.27622208
  2.85862477  1.45276675  2.3196255   2.60849032  2.51871252  2.45060788
  0.50665341  2.89702845  2.12314109  2.68561783  0.72849601  0.57609501
  0.1363492   2.84700692  0.04519484  0.05933869 -0.20146721  3.36383821
  0.93092184  2.06051888  3.00457555  0.51921642  1.30454727  1.38816583
  2.29197623  2.60243062  3.54924925  0.0476871 ]
Device (GPU) time: 1.1854 seconds
Iters. done: 478 [Current cost: -21.01507237636999]
Current parameters: [ 3.39511393  3.55812039  1.81090124  1.54271101  0.05454761  1.66785699
  2.34433305  0.7129858   2.37710807  3.14334881  2.93148281  3.2137408
  2.45177541  1.30978523  1.68160399  2.96482934  2.93315993  3.14655838
  1.43558945  1.83470392  1.28872745  4.13361118  2.61746439  1.18838911
  1.10163574  0.45494027  3.51979295  1.4344719   2.39990769  3.77501256
  2.61298321  2.84078676  2.46198898  3.18842918  4.46216987 -0.27641906
  2.85842055  1.45261226  2.31945296  2.60889931  2.51804045  2.45104089
  0.50663026  2.89832011  2.12359331  2.68540282  0.72930808  0.57566974
  0.13464353  2.84661789  0.04462668  0.06012818 -0.20210983  3.36367956
  0.93093863  2.06024285  3.00458868  0.51940058  1.30469382  1.38732228
  2.29281595  2.60317284  3.54961778  0.04684438]
Device (GPU) time: 1.0069 seconds
Iters. done: 479 [Current cost: -20.934117461693276]
Current parameters: [ 3.39418059  3.55776012  1.81117975  1.54302942  0.05367067  1.66773683
  2.34385925  0.71344063  2.37720629  3.1430392   2.93084599  3.21326086
  2.45184608  1.31062069  1.68144027  2.96506151  2.9330958   3.14599008
  1.43572628  1.83527067  1.28856156  4.13371775  2.61730423  1.18868629
  1.10134108  0.45460289  3.52006783  1.43524232  2.40004011  3.77478367
  2.61368451  2.84012451  2.46213877  3.18799273  4.46201333 -0.27607734
  2.85801622  1.45188162  2.31876542  2.60823747  2.51787978  2.45034165
  0.5062003   2.89738546  2.12351495  2.68576511  0.72831372  0.57716931
  0.13603629  2.84675452  0.04537791  0.05970117 -0.20134816  3.36366505
  0.93098808  2.06084808  3.00431597  0.5194269   1.30403199  1.38827999
  2.29246692  2.60314958  3.54933141  0.04735876]
Device (GPU) time: 1.1445 seconds
Iters. done: 480 [Current cost: -20.987475437439567]
Current parameters: [ 3.39364731  3.55763917  1.81045308  1.54285321  0.05335836  1.66766861
  2.34407066  0.71250148  2.37732276  3.14295922  2.93025544  3.21365103
  2.45148419  1.31035892  1.68187033  2.96515653  2.93320709  3.14719115
  1.43493457  1.8353701   1.28879721  4.13400587  2.61730275  1.18820804
  1.1020479   0.45479637  3.52034952  1.43499869  2.39959807  3.77515947
  2.61367326  2.84041243  2.46223811  3.18741962  4.4618181  -0.27639299
  2.85919298  1.45349741  2.32024052  2.60793339  2.51763882  2.450476
  0.50510622  2.89727845  2.12422001  2.6862975   0.72822915  0.57753706
  0.13626004  2.84613896  0.04516836  0.06050623 -0.20124583  3.36357015
  0.93104386  2.06097704  3.00562097  0.51935528  1.30509917  1.38837714
  2.2926147   2.60306842  3.54957693  0.04758708]
Device (GPU) time: 1.1128 seconds
Iters. done: 481 [Current cost: -21.0196295174052]
Current parameters: [ 3.39385201  3.55744483  1.81131751  1.5437117   0.05347513  1.66771812
  2.34347157  0.71272051  2.37734745  3.142715    2.93088049  3.21269747
  2.45159757  1.31053742  1.68178464  2.96506776  2.93305011  3.14626196
  1.43603823  1.83513682  1.2886703   4.13404512  2.61736177  1.18832677
  1.10164116  0.45466845  3.52005048  1.43527667  2.40030542  3.77505251
  2.61361202  2.84107951  2.46198212  3.18789504  4.46210982 -0.27625287
  2.85837369  1.45237954  2.31933967  2.60857698  2.51812457  2.45066762
  0.50688132  2.89757617  2.12311641  2.68559299  0.7283404   0.57664519
  0.13618967  2.84731142  0.04541207  0.06002417 -0.2012505   3.36379305
  0.93078268  2.06064802  3.00512974  0.51944214  1.30477268  1.387982
  2.29254155  2.60345001  3.54947093  0.04747253]
Device (GPU) time: 1.0610 seconds
Iters. done: 482 [Current cost: -20.903684592337555]
Current parameters: [ 3.39480363  3.55793903  1.81170215  1.54338905  0.05382268  1.66813195
  2.34512759  0.71257625  2.37678015  3.14187836  2.9308122   3.213065
  2.450632    1.30983687  1.68098535  2.96502568  2.93339697  3.14582199
  1.43614799  1.83536626  1.28852736  4.13333577  2.61716758  1.18870809
  1.10180597  0.45453002  3.52013659  1.43500981  2.39883383  3.77484123
  2.6134863   2.83891488  2.46213709  3.18753789  4.46159994 -0.27560073
  2.85877093  1.45226293  2.31907851  2.60873771  2.51801423  2.45097288
  0.50683237  2.89761161  2.12321358  2.6851857   0.72833218  0.57671244
  0.13710849  2.84752496  0.04572803  0.06053779 -0.20168483  3.36384229
  0.93083464  2.06082173  3.00514076  0.51968179  1.30508103  1.38848065
  2.29310824  2.6028383   3.54988342  0.04758722]
Device (GPU) time: 0.9928 seconds
Iters. done: 483 [Current cost: -21.03271956257958]
Current parameters: [ 3.3940382   3.55780357  1.81099686  1.54308855  0.0540426   1.66769707
  2.34389882  0.71316741  2.37729858  3.14305437  2.93033154  3.2131361
  2.45161794  1.31051142  1.68164506  2.96514719  2.93312318  3.14688364
  1.43594294  1.83531506  1.28859602  4.13329708  2.61745496  1.18873715
  1.10162221  0.4537126   3.51956422  1.43559591  2.39989206  3.77485317
  2.61376181  2.84026914  2.46231006  3.18784568  4.46201144 -0.27625903
  2.85841003  1.45252353  2.31959098  2.60833646  2.51794561  2.45076859
  0.50695725  2.89791023  2.12363283  2.68532019  0.72830395  0.57682088
  0.1359835   2.84754987  0.04534277  0.05995233 -0.20134391  3.3631702
  0.93085362  2.06060621  3.00473457  0.51932946  1.30441454  1.38806192
  2.29216185  2.60286025  3.54934535  0.04791454]
Device (GPU) time: 1.0741 seconds
Iters. done: 484 [Current cost: -21.021664637485774]
Current parameters: [ 3.39391477  3.55797553  1.8112275   1.54295968  0.05416861  1.66770508
  2.34405003  0.71311372  2.37725242  3.14287621  2.92971782  3.21305351
  2.4515146   1.31059988  1.68169492  2.96509154  2.93357023  3.14596814
  1.43465448  1.83498952  1.2885209   4.13465212  2.61707126  1.18851156
  1.10147267  0.45617495  3.5211182   1.43463254  2.40002921  3.77482353
  2.61352783  2.8403124   2.46170371  3.18790991  4.46250254 -0.27612821
  2.8584618   1.45186327  2.31963384  2.60802116  2.51791452  2.45126837
  0.50709295  2.89849303  2.12393674  2.68493907  0.72798961  0.57674464
  0.13657764  2.84792873  0.04539618  0.05961808 -0.20167896  3.36285779
  0.93172149  2.0605535   3.00483301  0.51909763  1.30414006  1.38779743
  2.29170226  2.60265646  3.54936801  0.04828042]
Device (GPU) time: 1.0568 seconds
Iters. done: 485 [Current cost: -20.91174037084069]
Current parameters: [ 3.39405397  3.55783585  1.81135142  1.54305949  0.05395394  1.66807223
  2.34359314  0.71299418  2.37726546  3.14304578  2.93104877  3.21337061
  2.4512117   1.31073651  1.68162958  2.96514696  2.93337047  3.14643371
  1.43522438  1.83585721  1.2885644   4.13375065  2.61796635  1.18863653
  1.10243181  0.45457193  3.52044967  1.43534064  2.40028614  3.7747792
  2.61392133  2.84027945  2.46219176  3.18751968  4.46225873 -0.27657788
  2.85839429  1.45250249  2.31930897  2.60887266  2.51808186  2.45058314
  0.50671725  2.89761438  2.1232023   2.68545263  0.72832195  0.57668724
  0.13596114  2.84738239  0.04541799  0.05979751 -0.20145898  3.36377012
  0.93095401  2.06071439  3.00454987  0.51944763  1.30444407  1.38849598
  2.29254593  2.60253323  3.54960735  0.04729988]
Device (GPU) time: 1.0527 seconds
Iters. done: 486 [Current cost: -21.02516809069776]
Current parameters: [ 3.3944678   3.55862602  1.81138179  1.5428075   0.05204724  1.66797067
  2.34448919  0.71392616  2.3778991   3.14364155  2.92998085  3.21314678
  2.45171295  1.31057458  1.68205733  2.9651046   2.93328843  3.14752473
  1.43549476  1.83527303  1.28801707  4.13431922  2.61788615  1.18872066
  1.10244895  0.45442569  3.51998607  1.43546022  2.39977924  3.77561925
  2.61355569  2.83985794  2.46182698  3.18792209  4.46238852 -0.27641281
  2.85845728  1.45261005  2.31899252  2.60904698  2.51813241  2.45120282
  0.50656605  2.89758517  2.12301121  2.68529273  0.72838421  0.5767972
  0.13696821  2.84748209  0.04561905  0.06014691 -0.20176106  3.36394623
  0.93093679  2.06043948  3.00435027  0.51953485  1.30389494  1.3872753
  2.29284674  2.60414848  3.54925365  0.04708796]
Device (GPU) time: 1.1013 seconds
Iters. done: 487 [Current cost: -20.95209883247151]
Current parameters: [ 3.3938909   3.55804673  1.81109352  1.54272768  0.05362269  1.66773907
  2.34384151  0.71309328  2.37721454  3.14286086  2.93066541  3.21366053
  2.45177295  1.31055863  1.68169438  2.96511148  2.93326219  3.14662085
  1.43566199  1.83517777  1.28856661  4.1337808   2.61729537  1.18871997
  1.10164233  0.45465806  3.51996426  1.43512517  2.39930055  3.77500381
  2.61416413  2.84072538  2.46197007  3.1879257   4.4619773  -0.27621129
  2.85797205  1.45180656  2.31993859  2.60857238  2.51854074  2.45099239
  0.5067028   2.89769716  2.12256848  2.68587558  0.72816999  0.57688335
  0.1362354   2.84733649  0.04505108  0.06007239 -0.20136178  3.36366638
  0.93093753  2.06070728  3.00474932  0.51972692  1.30455918  1.38839652
  2.29255603  2.60271312  3.54942416  0.04731126]
Device (GPU) time: 1.0064 seconds
Iters. done: 488 [Current cost: -20.990303871987745]
Current parameters: [ 3.39381302  3.55788304  1.8108792   1.54247786  0.05348874  1.66771986
  2.34396401  0.7130589   2.37718275  3.14289325  2.93059343  3.2138162
  2.45184852  1.31057571  1.6816415   2.96510408  2.93319451  3.14687479
  1.43569362  1.83506724  1.28838881  4.13371686  2.61718937  1.18849199
  1.10153176  0.45450505  3.52015584  1.43492238  2.40085197  3.77497446
  2.61433323  2.84002093  2.4622054   3.18918737  4.46110043 -0.27609045
  2.85926638  1.45179504  2.31984658  2.6088907   2.51672901  2.45058736
  0.5073717   2.89700042  2.12315216  2.68627134  0.72786848  0.57558206
  0.13631237  2.84731361  0.04674225  0.05991028 -0.20155873  3.36405996
  0.9310725   2.06077355  3.00476159  0.518331    1.30451729  1.38835367
  2.29268893  2.60254572  3.54966504  0.04724287]
Device (GPU) time: 1.1488 seconds
Iters. done: 489 [Current cost: -20.951533217145084]
Current parameters: [ 3.39409279  3.55789493  1.81108988  1.5429647   0.05355732  1.66774627
  2.34418366  0.71308929  2.37774638  3.1430295   2.93054805  3.21338657
  2.45194705  1.31030046  1.68162631  2.96502351  2.93291146  3.14643245
  1.43535335  1.83618559  1.28869677  4.13349011  2.61625037  1.18842771
  1.10159402  0.45471893  3.52006337  1.43520986  2.40011165  3.7751165
  2.61368647  2.84059019  2.46250841  3.18774519  4.4621704  -0.27592324
  2.85832547  1.45268516  2.31936071  2.60883059  2.51811044  2.45072655
  0.50696032  2.8975072   2.12335018  2.68526206  0.72812435  0.5766842
  0.13612827  2.84732616  0.04538449  0.05969423 -0.20130153  3.36369636
  0.93094712  2.0604157   3.00453142  0.51964355  1.30463185  1.3884987
  2.29269895  2.60294371  3.5494569   0.04729321]
Device (GPU) time: 1.1463 seconds
Iters. done: 490 [Current cost: -20.944728054730625]
Current parameters: [ 3.3940409   3.5579207   1.81103378  1.54323437  0.0536368   1.66765493
  2.34418468  0.7134306   2.37742656  3.1431806   2.93062811  3.21343622
  2.45169996  1.3105555   1.68164851  2.96508262  2.93324012  3.14653624
  1.43556295  1.83527334  1.28879586  4.13376571  2.61732081  1.18855237
  1.10161246  0.45456115  3.52005729  1.43523679  2.39985683  3.7748744
  2.61369626  2.84044618  2.46203297  3.1877428   4.46226095 -0.27633256
  2.85881126  1.4521692   2.31903969  2.60854752  2.5181492   2.45051684
  0.50685319  2.89759478  2.12314356  2.68549026  0.72825249  0.57666
  0.13609365  2.84724025  0.04533469  0.05972199 -0.20133908  3.36375159
  0.93091046  2.06076488  3.00504735  0.5194188   1.30478472  1.38828533
  2.29257087  2.60277423  3.54944456  0.04751111]
Device (GPU) time: 1.1500 seconds
Iters. done: 491 [Current cost: -20.912111568441766]
Current parameters: [ 3.39384438  3.55780671  1.81047671  1.54367355  0.05363978  1.66772946
  2.34375225  0.71327501  2.37681426  3.14262076  2.93063983  3.21376208
  2.45179262  1.31057177  1.68169741  2.96516364  2.93310266  3.14681706
  1.43487741  1.83509086  1.28823318  4.13349603  2.61740547  1.18875042
  1.1018005   0.45455931  3.52008874  1.43525636  2.39992314  3.77476047
  2.61343581  2.84000324  2.46210985  3.18815633  4.46191258 -0.27599655
  2.85772969  1.45258611  2.31910374  2.60873445  2.51818409  2.45056897
  0.50690638  2.89754949  2.12323048  2.68529272  0.72816872  0.57670827
  0.13619855  2.84729839  0.04542612  0.05946966 -0.20142142  3.36378512
  0.93105216  2.06055987  3.00504869  0.5195605   1.30503135  1.3881978
  2.2924657   2.603171    3.54939532  0.04733286]
Device (GPU) time: 1.0153 seconds
Iters. done: 492 [Current cost: -20.921044488342172]
Current parameters: [ 3.39392972  3.55783891  1.81107081  1.54298184  0.05340118  1.66762203
  2.34397281  0.71324079  2.37712467  3.14302735  2.93086792  3.21349244
  2.45160345  1.3105076   1.68156208  2.96507543  2.93294776  3.1464866
  1.43546397  1.8353291   1.28883882  4.13367739  2.6173218   1.1886805
  1.10145469  0.45459634  3.52010116  1.43522963  2.39993816  3.77502866
  2.61366538  2.84026148  2.4619221   3.18788182  4.46216865 -0.27652237
  2.85842513  1.45237401  2.31943153  2.6084488   2.51816085  2.45064433
  0.50694212  2.89751907  2.12345433  2.68531102  0.72859001  0.57675298
  0.13621514  2.84746999  0.04547143  0.05997131 -0.20119493  3.36381171
  0.93104095  2.0607043   3.00470931  0.51946137  1.30474293  1.38834578
  2.29229477  2.60305754  3.54963986  0.04728903]
Device (GPU) time: 1.0878 seconds
Iters. done: 493 [Current cost: -20.922577310322218]
Current parameters: [ 3.39398958  3.55765539  1.81073109  1.54289547  0.05337078  1.66779574
  2.34389262  0.71326181  2.37738945  3.14300605  2.93160678  3.21331612
  2.45203303  1.31054988  1.6818878   2.965247    2.9336295   3.14643002
  1.43560796  1.83537553  1.28810571  4.13359836  2.61725833  1.18830657
  1.10124947  0.45456365  3.52015816  1.43529316  2.39971993  3.77458427
  2.61371309  2.8402167   2.46216649  3.18776206  4.4620657  -0.27650152
  2.85855022  1.45267393  2.31947788  2.60842212  2.51803492  2.45080013
  0.50693059  2.89790209  2.12326446  2.68489896  0.72797282  0.57664308
  0.1365364   2.84703169  0.04543382  0.05985901 -0.20140181  3.363605
  0.93067601  2.06092511  3.00523973  0.51954041  1.30401602  1.38814443
  2.29242432  2.60275679  3.5496276   0.04713578]
Device (GPU) time: 1.0757 seconds
Iters. done: 494 [Current cost: -20.95889206200136]
Current parameters: [ 3.39416909  3.5577676   1.81113699  1.54305211  0.05358948  1.66771735
  2.34375272  0.71312444  2.37721465  3.14323333  2.93058026  3.21337072
  2.45186252  1.31053909  1.68165166  2.96515117  2.93332016  3.14633328
  1.43541361  1.83522635  1.28875405  4.13360184  2.61741694  1.18830126
  1.10157904  0.45463618  3.5200249   1.43528675  2.39980286  3.77506402
  2.61364244  2.84018483  2.46210414  3.18792474  4.46207114 -0.27621976
  2.858364    1.45250447  2.31926714  2.60863025  2.51823869  2.45061491
  0.50688189  2.89736841  2.12327579  2.68544628  0.72837845  0.57666683
  0.13621682  2.84742039  0.04542506  0.05990766 -0.20104097  3.36335989
  0.93107649  2.06071001  3.00501472  0.51936496  1.30452677  1.38814741
  2.29276171  2.60278801  3.54947792  0.04718745]
Device (GPU) time: 0.9898 seconds
Iters. done: 495 [Current cost: -20.910879881150933]
Current parameters: [ 3.3943471   3.55745619  1.81102622  1.54286089  0.05360847  1.66783897
  2.3436216   0.71306866  2.37735456  3.14342106  2.93034515  3.21342315
  2.45188001  1.31059946  1.68152865  2.96511088  2.93341034  3.14661415
  1.43559082  1.8351431   1.28853994  4.13339935  2.61752105  1.18794659
  1.10150589  0.45470847  3.52024534  1.43500286  2.39982526  3.77516362
  2.613617    2.84005838  2.46214526  3.18789223  4.46202464 -0.27616645
  2.85827767  1.4525221   2.31926235  2.6086638   2.518031    2.45051974
  0.50693646  2.89797605  2.12307875  2.68534153  0.72841546  0.57656063
  0.13621904  2.84714969  0.04527752  0.06001766 -0.20108918  3.36461227
  0.93080279  2.06072919  3.00471748  0.51971388  1.30452083  1.38877341
  2.29222754  2.60308214  3.54954781  0.04816859]
Device (GPU) time: 1.0903 seconds
Iters. done: 496 [Current cost: -20.922522087840115]
Current parameters: [ 3.39398735  3.55779644  1.81096848  1.54295861  0.05364802  1.66775275
  2.34391797  0.71312211  2.37714425  3.14306028  2.93070287  3.21342079
  2.45178879  1.31052179  1.68178423  2.96437048  2.93327375  3.14643319
  1.43545053  1.83522733  1.28845639  4.13371758  2.61731386  1.18870341
  1.10159292  0.45462444  3.52004894  1.43542346  2.39998099  3.7748503
  2.61348813  2.84032201  2.46213759  3.187792    4.46225883 -0.2761811
  2.85851866  1.45254718  2.31920801  2.60841719  2.51810559  2.4507308
  0.50695083  2.8975766   2.12314822  2.68559883  0.72837843  0.5766451
  0.13627611  2.84732713  0.04539657  0.06003991 -0.20120775  3.36376152
  0.93094715  2.06070208  3.00481775  0.51947441  1.30452108  1.38835515
  2.29256217  2.60289863  3.5494256   0.04742642]
Device (GPU) time: 1.0894 seconds
Iters. done: 497 [Current cost: -21.043497301645328]
Current parameters: [ 3.39394169  3.5578402   1.81092817  1.54274147  0.05376706  1.66772814
  2.34375628  0.71311354  2.37734754  3.14291249  2.93071378  3.21356142
  2.45167151  1.31043472  1.68154848  2.96599131  2.93308572  3.14652566
  1.43552631  1.8351698   1.2886587   4.13385262  2.61732678  1.18861341
  1.10146111  0.45450054  3.51997644  1.43529715  2.40030131  3.77502285
  2.61284111  2.84021504  2.46188388  3.18749047  4.46230182 -0.2760043
  2.85848318  1.45281187  2.31905574  2.6079449   2.51812312  2.4510284
  0.50712785  2.89749321  2.12269998  2.68586814  0.72824465  0.5767601
  0.13627762  2.84725444  0.04549608  0.06004296 -0.20159277  3.36378277
  0.93093641  2.060601    3.00463197  0.51948086  1.30447921  1.38833376
  2.29259513  2.602666    3.54954895  0.04737217]
Device (GPU) time: 0.9703 seconds
Iters. done: 498 [Current cost: -20.956082273507313]
Current parameters: [ 3.39401355  3.55774985  1.81102462  1.54309243  0.05367331  1.66773879
  2.34382341  0.71330838  2.37711727  3.14329514  2.93068118  3.21336068
  2.45174706  1.31044126  1.68167968  2.96531406  2.93313676  3.14633494
  1.43549414  1.83523823  1.28835048  4.13386059  2.61727039  1.18894248
  1.10158682  0.45468296  3.52000272  1.43523727  2.39979679  3.77498891
  2.6137184   2.84035705  2.46212667  3.18762451  4.46187246 -0.27628576
  2.85854807  1.45251324  2.31926073  2.60862389  2.51809626  2.45063701
  0.50695315  2.89762844  2.12348552  2.68564607  0.72828229  0.5764227
  0.13626525  2.84739317  0.04518293  0.05985032 -0.20120027  3.36375152
  0.93090471  2.06065372  3.00488713  0.51951782  1.30448714  1.38845226
  2.29264222  2.60308544  3.54959741  0.0474264 ]
Device (GPU) time: 1.0683 seconds
Iters. done: 499 [Current cost: -21.031794691411363]
Current parameters: [ 3.39386582  3.55756498  1.81095185  1.54282238  0.05356569  1.66775603
  2.34407692  0.71271721  2.37698058  3.14349444  2.93051895  3.21333216
  2.45165807  1.31040787  1.68163596  2.96537154  2.93310212  3.14642934
  1.43559573  1.83502169  1.28816885  4.1340272   2.61722892  1.18917744
  1.10157969  0.45466445  3.52004674  1.43507777  2.39969561  3.77452394
  2.6137194   2.84059011  2.46234853  3.18799438  4.46230003 -0.27616457
  2.85857754  1.4526236   2.31921817  2.60886743  2.51825446  2.45033103
  0.50677803  2.89735506  2.12289837  2.68477577  0.72858638  0.5771166
  0.13588143  2.84711523  0.04601362  0.06017897 -0.2012407   3.36377587
  0.93097753  2.0604332   3.00477016  0.51940469  1.30445995  1.38826001
  2.29262347  2.60270499  3.54934783  0.04763395]
Device (GPU) time: 1.0652 seconds
Iters. done: 500 [Current cost: -21.090174419888676]
Current parameters: [ 3.3941696   3.55789051  1.81123785  1.54326571  0.05377647  1.66760409
  2.34374348  0.71319972  2.37737614  3.14323209  2.93085427  3.21334221
  2.4516374   1.31050663  1.68171192  2.9651345   2.9330737   3.14665573
  1.43527845  1.83535806  1.2886456   4.1334972   2.61734891  1.18873313
  1.10145068  0.45490577  3.51999386  1.43539271  2.39973977  3.77473355
  2.61349355  2.84030186  2.46190828  3.18792844  4.4620693  -0.2760668
  2.85865275  1.45246383  2.31953334  2.60865198  2.51799761  2.45057885
  0.50687569  2.89757155  2.12307915  2.68550211  0.72838607  0.57680149
  0.13628232  2.84724432  0.04552525  0.05987415 -0.20123629  3.36371286
  0.93081065  2.06074033  3.00479363  0.51949114  1.30445249  1.38826231
  2.29249706  2.6030431   3.54942435  0.04746953]
Device (GPU) time: 1.0919 seconds
Iters. done: 501 [Current cost: -20.835065560869502]
Current parameters: [ 3.39374139  3.55784428  1.81128443  1.54288306  0.05354468  1.66757254
  2.34376794  0.7131014   2.37706304  3.14301449  2.93073012  3.21308891
  2.45171649  1.31028004  1.68174691  2.96482875  2.93293483  3.14700239
  1.4356135   1.8350204   1.2887813   4.133836    2.61728177  1.18865428
  1.10157659  0.45410118  3.52022397  1.43456345  2.40000424  3.77464996
  2.61336185  2.84032381  2.46194414  3.18761058  4.46212817 -0.27582801
  2.85847636  1.452571    2.31943047  2.60881678  2.51834412  2.45001777
  0.50685074  2.89768364  2.1232523   2.68524391  0.72809671  0.5764944
  0.13641123  2.84730328  0.04504371  0.05974193 -0.20148346  3.36370156
  0.93158264  2.06115555  3.00468005  0.51945459  1.30410925  1.38848345
  2.29282944  2.60283471  3.54968797  0.0473539 ]
Device (GPU) time: 1.0757 seconds
Iters. done: 502 [Current cost: -20.998811095006047]
Current parameters: [ 3.39386725  3.55775217  1.81099327  1.54302842  0.05364432  1.66790763
  2.34390489  0.71323236  2.37707591  3.1430985   2.93066059  3.21319623
  2.45198755  1.31050901  1.68186011  2.96515821  2.93338259  3.1464542
  1.43558177  1.83534015  1.28868674  4.13367226  2.61732179  1.18849415
  1.10171931  0.45473395  3.51981841  1.43535155  2.39979574  3.77475436
  2.6137138   2.8402388   2.46178593  3.187853    4.46224746 -0.27611102
  2.85857427  1.45247136  2.31934358  2.60857288  2.51813239  2.4505545
  0.50688005  2.89756764  2.1231986   2.68538587  0.72830484  0.57665986
  0.13618378  2.84714626  0.04543534  0.05988805 -0.20148029  3.36361753
  0.93110245  2.06054196  3.00461084  0.51940138  1.30471334  1.38847719
  2.29250317  2.60311324  3.54982725  0.04741045]
Device (GPU) time: 0.9830 seconds
Iters. done: 503 [Current cost: -20.977447099364475]
Current parameters: [ 3.39414213  3.55765905  1.81065738  1.54286262  0.05366325  1.66726608
  2.34423552  0.7128452   2.37751177  3.1430792   2.93060489  3.21321386
  2.45170612  1.31120337  1.68194922  2.96512778  2.93334112  3.14637131
  1.43549015  1.83531848  1.28868777  4.13387755  2.61734746  1.18854252
  1.10161262  0.45482714  3.51960097  1.43514332  2.3999324   3.77423715
  2.61363954  2.84024228  2.46216391  3.18745162  4.4615186  -0.27625097
  2.85833959  1.45254583  2.31925593  2.60862414  2.51816912  2.45053927
  0.50689462  2.89755397  2.12328152  2.68550641  0.72834022  0.5766605
  0.13622609  2.84762559  0.04531032  0.05996021 -0.20120297  3.36410827
  0.93114455  2.06107261  3.00429251  0.51960832  1.30482271  1.38765112
  2.29259116  2.60284362  3.54962894  0.04734478]
Device (GPU) time: 1.0954 seconds
Iters. done: 504 [Current cost: -21.01447769781677]
Current parameters: [ 3.3939667   3.55777806  1.81093395  1.54310048  0.05342909  1.6676167
  2.34383746  0.71322745  2.37715625  3.14295059  2.93048858  3.21317379
  2.45162248  1.31065534  1.68170561  2.96515412  2.93318193  3.14645487
  1.43553876  1.83534595  1.28860916  4.13370188  2.61729387  1.18861373
  1.10161444  0.45468624  3.51993337  1.43519857  2.39975761  3.77488506
  2.6136642   2.84024801  2.46218387  3.18782042  4.46231234 -0.27617764
  2.85844207  1.45247544  2.31945612  2.60846068  2.51787226  2.45060988
  0.50696841  2.89790314  2.12318787  2.68550453  0.72874243  0.57666935
  0.13608924  2.8472211   0.04550138  0.05962112 -0.20134002  3.36383578
  0.93100477  2.06081745  3.00491576  0.51952554  1.30441904  1.38837585
  2.29278597  2.60282167  3.54947788  0.0472167 ]
Device (GPU) time: 1.0645 seconds
Iters. done: 505 [Current cost: -20.95915688055381]
Current parameters: [ 3.39395821  3.55760873  1.81086299  1.54288419  0.05314691  1.66773915
  2.34401111  0.71320802  2.37725183  3.14289906  2.93073641  3.21332594
  2.45171231  1.3102993   1.68150749  2.96510968  2.9332798   3.146461
  1.43550173  1.83531847  1.28861971  4.13392251  2.6172217   1.18852942
  1.10148679  0.45441399  3.5205626   1.43575089  2.40002271  3.77452229
  2.61370597  2.84038779  2.46156871  3.18822371  4.46143874 -0.27606662
  2.85874746  1.45278033  2.31898545  2.60898744  2.51798179  2.45074787
  0.50678369  2.8980032   2.12299628  2.68564573  0.72881631  0.57708481
  0.13599357  2.8475586   0.04487962  0.05973482 -0.20116708  3.36349052
  0.93108787  2.06049388  3.00473309  0.51953086  1.30445497  1.3883821
  2.29262385  2.60269577  3.54962374  0.04761147]
Device (GPU) time: 1.1288 seconds
Iters. done: 506 [Current cost: -20.90898390680099]
Current parameters: [ 3.39420417  3.5578642   1.81123443  1.54271615  0.05372278  1.66771092
  2.34365608  0.71320497  2.37728308  3.14279806  2.93058802  3.21370451
  2.45182168  1.31055529  1.68172016  2.96513876  2.93327209  3.1464239
  1.43569594  1.83522986  1.28858762  4.13374966  2.6172603   1.18870956
  1.10162362  0.45462687  3.52001961  1.43532096  2.39988613  3.77479469
  2.61367995  2.84047046  2.46198599  3.1879153   4.46225765 -0.27615979
  2.85851946  1.45264979  2.31925779  2.60866301  2.51808743  2.45045959
  0.50679454  2.89759043  2.12336117  2.6853718   0.72843346  0.57677837
  0.13638911  2.84739182  0.04541923  0.05961817 -0.2013484   3.3638372
  0.93089028  2.06081894  3.00495534  0.51949343  1.30464581  1.38813785
  2.29255712  2.6029967   3.54962949  0.04746061]
Device (GPU) time: 0.9833 seconds
Iters. done: 507 [Current cost: -20.833824666849534]
Current parameters: [ 3.39385266  3.55732046  1.8107849   1.54314128  0.05392808  1.66789188
  2.34440533  0.71300804  2.37707545  3.14324649  2.93095972  3.21299006
  2.45173013  1.31021807  1.68162954  2.96520917  2.93355569  3.14687304
  1.43541187  1.83521123  1.28866329  4.13357094  2.61733917  1.18875176
  1.10167667  0.45473313  3.51980559  1.43545013  2.39980501  3.77540872
  2.61361674  2.84081039  2.46188373  3.18826432  4.46232135 -0.27617395
  2.85832147  1.45247661  2.31912148  2.60859767  2.51809246  2.45073153
  0.50665235  2.89736388  2.12360506  2.68558923  0.72849611  0.57674051
  0.13675962  2.84757701  0.04541712  0.05954063 -0.20132946  3.36416971
  0.93109801  2.06092897  3.00458272  0.51967608  1.30429083  1.38818241
  2.29263308  2.6023499   3.54954617  0.04745447]
Device (GPU) time: 1.6429 seconds
Iters. done: 508 [Current cost: -20.988306724202968]
Current parameters: [ 3.39396695  3.55772373  1.81097976  1.54296742  0.05368134  1.6676204
  2.34395065  0.71326925  2.37725869  3.14305795  2.93067516  3.21330353
  2.45168154  1.31039155  1.68153693  2.96508958  2.93322199  3.14651955
  1.43545749  1.83521566  1.28870145  4.13372093  2.61738073  1.18854117
  1.10158031  0.45465576  3.52008327  1.43526818  2.40004452  3.77476614
  2.61374574  2.84027664  2.46220823  3.18798814  4.46206061 -0.27623661
  2.85859593  1.45254025  2.31932549  2.60847468  2.51850741  2.45052231
  0.50672738  2.8977506   2.12321257  2.6856103   0.72834252  0.57653468
  0.13622799  2.84734813  0.0457751   0.05976569 -0.20133356  3.36361657
  0.93093994  2.06064225  3.00482162  0.51998055  1.30445792  1.38824452
  2.29259043  2.60306065  3.54963869  0.04743931]
Device (GPU) time: 1.0644 seconds
Iters. done: 509 [Current cost: -20.918100251817787]
Current parameters: [ 3.3938017   3.55753982  1.81069123  1.54281423  0.05391623  1.66743541
  2.34412326  0.71348135  2.37721979  3.14307663  2.93063445  3.21320897
  2.45140504  1.3102346   1.68123809  2.96498108  2.93310589  3.14649145
  1.43540598  1.83506363  1.28878803  4.13367727  2.61755944  1.18832903
  1.10154667  0.45469405  3.52033463  1.43537779  2.3996276   3.7746152
  2.61395506  2.84048187  2.46266794  3.18763997  4.46233745 -0.2762054
  2.85830504  1.45265743  2.31940705  2.60861132  2.51787452  2.45073683
  0.50714419  2.89704392  2.12288403  2.68546888  0.72835099  0.57684399
  0.13635251  2.84733777  0.04501811  0.05964478 -0.20144829  3.36385499
  0.93085305  2.06047605  3.00478625  0.51899094  1.30423441  1.38806853
  2.29266782  2.60340657  3.55006526  0.04746268]
Device (GPU) time: 1.1021 seconds
Iters. done: 510 [Current cost: -20.947844271944284]
Current parameters: [ 3.39425305  3.55778732  1.81102757  1.54301398  0.05353984  1.6676893
  2.34396222  0.71310207  2.37709703  3.14306594  2.93072576  3.21329287
  2.45166742  1.31047294  1.68172811  2.9650764   2.93320959  3.14660398
  1.43554095  1.83521326  1.28883486  4.13367057  2.61730937  1.18871398
  1.10162093  0.45470098  3.52002901  1.43511332  2.39989562  3.77483166
  2.61387533  2.84034542  2.46197073  3.18785594  4.46213317 -0.27625199
  2.85841289  1.4527074   2.31913368  2.6086915   2.51824166  2.45085355
  0.50726853  2.89765238  2.12335279  2.68566439  0.72810524  0.57697576
  0.1360824   2.84705153  0.04553287  0.05974682 -0.20122258  3.36377704
  0.93103177  2.060829    3.00488146  0.51945044  1.30442737  1.38828537
  2.29249509  2.60296368  3.54955257  0.04743779]
Device (GPU) time: 1.0091 seconds
Iters. done: 511 [Current cost: -20.958064762951775]
Current parameters: [ 3.39318588  3.55806299  1.81104874  1.54314646  0.0539609   1.66757351
  2.34389778  0.71348091  2.37767859  3.1428218   2.93071407  3.21336806
  2.4517596   1.31067603  1.68161227  2.96512503  2.93311747  3.14641352
  1.43559382  1.83537915  1.28844734  4.1337296   2.61743685  1.1885411
  1.10157877  0.45472515  3.5200754   1.43508861  2.39975341  3.77505008
  2.61396858  2.84024655  2.46205274  3.18794903  4.46200071 -0.27592991
  2.8584      1.45284766  2.31894447  2.60893697  2.51854574  2.45084907
  0.50711177  2.89747952  2.12343695  2.68547488  0.72904325  0.57643546
  0.13642195  2.84670186  0.04543292  0.06031316 -0.20134727  3.36364498
  0.93094862  2.06108575  3.00472275  0.51930639  1.30445384  1.38820552
  2.29237556  2.60274881  3.54940404  0.04763597]
Device (GPU) time: 1.0852 seconds
Iters. done: 512 [Current cost: -20.985352452635187]
Current parameters: [ 3.39398555  3.55777461  1.8109319   1.54297369  0.05359969  1.66752326
  2.34404082  0.71314932  2.37718512  3.14294533  2.93060699  3.21332093
  2.45190499  1.31039012  1.68159915  2.96506365  2.9331367   3.14646667
  1.43554884  1.83563162  1.28858487  4.13386198  2.61784034  1.1886418
  1.10128359  0.45465663  3.51991782  1.4350764   2.39995601  3.77487761
  2.61356465  2.84032126  2.46195187  3.1878209   4.4622352  -0.2760465
  2.85844543  1.4524826   2.31935294  2.60882801  2.51810601  2.45075584
  0.50673956  2.89759174  2.12328596  2.68545463  0.72823484  0.57668858
  0.13616747  2.84734206  0.04542804  0.05977379 -0.20117626  3.36375747
  0.93080694  2.06063115  3.00489902  0.51945863  1.30452506  1.38831857
  2.29255475  2.60287562  3.54957487  0.04744106]
Device (GPU) time: 1.0845 seconds
Iters. done: 513 [Current cost: -21.009950136179135]
Current parameters: [ 3.39446904  3.55711658  1.81078264  1.54290724  0.05371406  1.66820713
  2.34406879  0.71355137  2.37733415  3.14284914  2.93066896  3.21331763
  2.45190739  1.31057519  1.6818772   2.9652206   2.93300972  3.14650882
  1.43551239  1.83551692  1.28907857  4.13388314  2.61751682  1.18909677
  1.10134338  0.45473363  3.52010574  1.43564428  2.40006222  3.77495587
  2.61358605  2.84030719  2.46248279  3.18780524  4.46204309 -0.2762268
  2.8583698   1.45243253  2.31949173  2.60887394  2.5181909   2.4507163
  0.5067628   2.89759276  2.12288874  2.68534089  0.72848829  0.57646749
  0.13631021  2.84711581  0.04539239  0.06014402 -0.20150716  3.36365985
  0.93169525  2.06118144  3.0051656   0.51940798  1.30453659  1.38837953
  2.29241971  2.60312424  3.54929681  0.04754174]
Device (GPU) time: 1.0247 seconds
Iters. done: 514 [Current cost: -20.909024843955503]
Current parameters: [ 3.39397076  3.55781359  1.81124598  1.5430227   0.05356694  1.66787115
  2.34400985  0.71320204  2.37724609  3.14297723  2.93072106  3.21315455
  2.45214541  1.31061419  1.68106634  2.96508985  2.93332707  3.14661261
  1.43541243  1.83523024  1.28868468  4.13377545  2.61730489  1.18873837
  1.10172381  0.45467264  3.51993712  1.4351382   2.39989655  3.77469115
  2.61352846  2.84034131  2.46214066  3.18784023  4.46204624 -0.27637359
  2.85844456  1.45261283  2.31940654  2.6085796   2.51809477  2.45062697
  0.50691048  2.89758771  2.12316682  2.68551363  0.72842329  0.57667367
  0.13627489  2.84724463  0.04536227  0.05977902 -0.20121628  3.36376242
  0.93093522  2.06072015  3.00487403  0.51941228  1.3045789   1.3882626
  2.29244885  2.60291653  3.5494383   0.04742176]
Device (GPU) time: 1.0955 seconds
Iters. done: 515 [Current cost: -20.944838401851328]
Current parameters: [ 3.39424138  3.55799641  1.81053548  1.54295266  0.05364639  1.66765503
  2.34395722  0.71310388  2.37719286  3.14299797  2.93084085  3.21307501
  2.45163221  1.31165291  1.68101533  2.96499498  2.9329942   3.14639235
  1.43544129  1.83510074  1.28860463  4.13367319  2.61726173  1.18878113
  1.10144652  0.45459824  3.52017161  1.43549002  2.39980395  3.77542334
  2.61378984  2.84043869  2.46173564  3.18798403  4.46233634 -0.27584008
  2.85862306  1.45275678  2.3193566   2.60874345  2.51820968  2.45041328
  0.50676676  2.89758376  2.12331365  2.68532935  0.72795765  0.5766031
  0.13597366  2.84742168  0.04533496  0.06016217 -0.20166162  3.36373438
  0.93095075  2.06061599  3.00493835  0.51953178  1.30431635  1.3883828
  2.29271082  2.60292508  3.54973513  0.04745262]
Device (GPU) time: 1.0662 seconds
Iters. done: 516 [Current cost: -20.951473995926]
Current parameters: [ 3.39396772  3.55791666  1.8108091   1.5429826   0.05344557  1.66770924
  2.34389112  0.71329189  2.37709776  3.1429966   2.93053567  3.21335713
  2.45162362  1.31041715  1.68155976  2.96516049  2.93350876  3.1462397
  1.435497    1.83536548  1.28870409  4.13322331  2.61741916  1.18875621
  1.10167634  0.45468779  3.52007314  1.43509606  2.40001799  3.77483771
  2.61350302  2.84068982  2.46198368  3.18782223  4.46198715 -0.27618149
  2.85846614  1.45255714  2.31937635  2.60863659  2.51811001  2.4505813
  0.50686152  2.89758758  2.12320257  2.6853941   0.72835285  0.57666941
  0.13627876  2.84730883  0.04544326  0.06002899 -0.20128146  3.36371663
  0.93099831  2.06083209  3.00477441  0.51945868  1.30437059  1.38825005
  2.29254576  2.60307965  3.54945814  0.04743478]
Device (GPU) time: 1.0765 seconds
Iters. done: 517 [Current cost: -20.9998485111994]
Current parameters: [ 3.39394093  3.55799948  1.81084059  1.54346875  0.05357632  1.66762365
  2.34449129  0.71362949  2.37754522  3.14336509  2.93059814  3.21357051
  2.45162882  1.31058446  1.68166395  2.96513006  2.93332691  3.14659134
  1.43559625  1.8352      1.28877927  4.13368364  2.61732683  1.18846795
  1.10163537  0.45437633  3.52018358  1.43511466  2.39986817  3.77482235
  2.61365107  2.84063882  2.46206435  3.18757596  4.46231627 -0.27641358
  2.85907192  1.45183334  2.31870361  2.60850745  2.51817344  2.45041478
  0.50683646  2.89759528  2.12298929  2.68533364  0.72807608  0.57664851
  0.1360099   2.84714552  0.04520924  0.05966016 -0.20145299  3.3638293
  0.93091165  2.06085141  3.00523964  0.51935224  1.30501504  1.3882697
  2.29259956  2.60255437  3.54934386  0.04764001]
Device (GPU) time: 1.0054 seconds
Iters. done: 518 [Current cost: -20.956361562414507]
Current parameters: [ 3.39395732  3.55783677  1.81076486  1.54300194  0.05369502  1.6679147
  2.3440581   0.71321438  2.37733767  3.14284742  2.93071349  3.21328754
  2.45169756  1.31055032  1.68181395  2.9651627   2.93330959  3.14644179
  1.43556524  1.835277    1.28870896  4.13382171  2.61725179  1.18871416
  1.1017241   0.4545631   3.52017042  1.43525411  2.39986618  3.7749497
  2.61335533  2.84016876  2.46207055  3.18789221  4.46218057 -0.27622096
  2.85849504  1.45231949  2.31953443  2.6087365   2.51831623  2.45034473
  0.50703816  2.89757231  2.12330962  2.68558125  0.72836091  0.57673973
  0.13615744  2.84717244  0.04535789  0.05985313 -0.20090072  3.36385296
  0.93083173  2.06052203  3.00481487  0.51939512  1.30431393  1.38813268
  2.29254189  2.60291679  3.54961707  0.04749188]
Device (GPU) time: 1.0601 seconds
Iters. done: 519 [Current cost: -20.983959902011904]
Current parameters: [ 3.39402646  3.55782372  1.81102086  1.54305445  0.05361898  1.66765337
  2.34395494  0.71318795  2.3771898   3.1430162   2.93069088  3.21328532
  2.45170827  1.31049612  1.68168255  2.9651299   2.93323854  3.14642785
  1.43540588  1.83527474  1.28877214  4.13380201  2.61733547  1.18863902
  1.10163376  0.45463233  3.51998911  1.43532962  2.39977546  3.77489697
  2.61354959  2.8403657   2.46205854  3.18778094  4.46221176 -0.27623112
  2.85837812  1.45259142  2.31923614  2.6086041   2.5181849   2.45058948
  0.50684414  2.89760612  2.12318834  2.68531006  0.72838093  0.57672307
  0.13619285  2.84723972  0.04523469  0.05986307 -0.20121887  3.36367554
  0.93086748  2.06079622  3.00481408  0.51966371  1.30446028  1.38829855
  2.29249646  2.60297143  3.54954295  0.04749383]
Device (GPU) time: 1.0714 seconds
Iters. done: 520 [Current cost: -20.961567217268602]
Current parameters: [ 3.3939406   3.55790788  1.81099018  1.54290468  0.0535604   1.66759353
  2.34401965  0.71308995  2.37710747  3.14292505  2.93065358  3.21338256
  2.45169631  1.31046636  1.68174872  2.96513909  2.93326234  3.14648964
  1.43538888  1.83518582  1.28877455  4.13395374  2.61726536  1.18859746
  1.10169013  0.4545488   3.51995656  1.43526757  2.40002953  3.77497134
  2.61374244  2.84028963  2.46213986  3.1881805   4.46191773 -0.27623599
  2.85852049  1.45240968  2.31933003  2.60868232  2.51768879  2.45058667
  0.50694342  2.89740518  2.12310584  2.68543134  0.72817023  0.5763203
  0.13616672  2.84719413  0.04552848  0.05993243 -0.20128838  3.36371245
  0.93078283  2.06088312  3.00475217  0.51942935  1.30439819  1.38836731
  2.29247573  2.60285264  3.54954865  0.04750319]
Device (GPU) time: 1.0016 seconds
Iters. done: 521 [Current cost: -20.947803660527086]
Current parameters: [ 3.39392341  3.55778135  1.81103036  1.54297101  0.05366906  1.66764236
  2.34401251  0.71309677  2.37713261  3.1430583   2.93076235  3.21339183
  2.45176258  1.31058974  1.68172035  2.96511894  2.93325165  3.14647395
  1.43551727  1.83529425  1.28881518  4.1337183   2.6173452   1.18861038
  1.10159669  0.45462998  3.52006468  1.43525598  2.39988246  3.77494003
  2.61366208  2.84029699  2.46204856  3.18778927  4.46202755 -0.27619218
  2.85846939  1.45252964  2.31929579  2.60862894  2.5181273   2.45054291
  0.50688533  2.8976218   2.12319692  2.68543955  0.72839799  0.57667377
  0.13629813  2.84728072  0.04539379  0.05978101 -0.20138338  3.36377474
  0.93093595  2.06054669  3.00488121  0.51944705  1.30441934  1.38827224
  2.29253689  2.60301002  3.5493122   0.04744366]
Device (GPU) time: 1.0526 seconds
Iters. done: 522 [Current cost: -20.838877816897423]
Current parameters: [ 3.39406826  3.557857    1.81109137  1.54310836  0.05360216  1.66756569
  2.34379348  0.71356531  2.3771978   3.14288465  2.93067018  3.21313691
  2.45182228  1.31042365  1.6818235   2.96512039  2.93324539  3.14649541
  1.43540435  1.83523318  1.28881127  4.13374416  2.61728688  1.18867065
  1.10157797  0.45465868  3.51998669  1.4352016   2.3998754   3.77475339
  2.61368119  2.8403416   2.4621884   3.18793198  4.46211086 -0.27627897
  2.8583567   1.452595    2.31923319  2.60862574  2.51808861  2.45053434
  0.50677957  2.89761441  2.12333029  2.68548396  0.72825758  0.57676625
  0.13619103  2.84741755  0.04538435  0.06030422 -0.20141081  3.364026
  0.9309495   2.06039323  3.00492705  0.51946184  1.30443642  1.38827498
  2.2925779   2.60260634  3.54959865  0.04742661]
Device (GPU) time: 1.0826 seconds
Iters. done: 523 [Current cost: -20.895777862928586]
Current parameters: [ 3.39396503  3.55769153  1.81105528  1.54287139  0.05364375  1.66764837
  2.3438915   0.71326419  2.3771308   3.14296496  2.93072255  3.21324316
  2.45162307  1.3105593   1.68165761  2.96513581  2.93325499  3.14657213
  1.43541751  1.83539911  1.28860137  4.13368653  2.61721736  1.18860606
  1.10154999  0.45463441  3.52000474  1.43522303  2.3998605   3.77486873
  2.61360841  2.84029014  2.46197537  3.18791313  4.4621622  -0.27633933
  2.85844882  1.45248005  2.31924324  2.60862723  2.51816549  2.45061482
  0.50683437  2.89757063  2.1231837   2.68546699  0.72831743  0.57661674
  0.1361684   2.8472678   0.04537373  0.05988909 -0.20124054  3.36374678
  0.93095276  2.06072071  3.00485767  0.51941771  1.30452421  1.38820299
  2.29267685  2.60298869  3.5494657   0.04757323]
Device (GPU) time: 1.0295 seconds
Iters. done: 524 [Current cost: -20.947573935281554]
Current parameters: [ 3.39403743  3.55799561  1.81080291  1.5430385   0.05370745  1.66780429
  2.34390635  0.71332195  2.37747321  3.14292045  2.93079128  3.21321431
  2.45166836  1.3103394   1.68165851  2.96505169  2.93324063  3.14637455
  1.43558837  1.835097    1.28862691  4.13384724  2.61746981  1.18860143
  1.10145558  0.45470356  3.51999641  1.43521874  2.39984566  3.77497171
  2.61370314  2.84030948  2.46199874  3.18789286  4.46207699 -0.27647581
  2.85839545  1.45276222  2.3194424   2.60857295  2.5180512   2.45048541
  0.5069069   2.89756901  2.12319297  2.68534885  0.72820992  0.57675755
  0.1362187   2.84732646  0.0454462   0.05975752 -0.2012351   3.3637147
  0.93106231  2.06071961  3.00454548  0.51945603  1.30468757  1.38846395
  2.29286756  2.60292084  3.54921957  0.04757491]
Device (GPU) time: 1.1085 seconds
Iters. done: 525 [Current cost: -20.98682920908918]
Current parameters: [ 3.39401752  3.55787005  1.81099576  1.54302967  0.05350944  1.66770515
  2.34394525  0.7132689   2.37728624  3.14308705  2.93064075  3.21330371
  2.45171038  1.31048691  1.68166622  2.96512424  2.93323224  3.14655542
  1.4355047   1.83515252  1.28863435  4.13376152  2.61728703  1.1886196
  1.10165126  0.45459849  3.520029    1.43530071  2.39994424  3.77494394
  2.61365073  2.8402322   2.46202048  3.1877773   4.46220638 -0.2762472
  2.85844832  1.45251188  2.31930551  2.60880801  2.51808361  2.45072982
  0.50673021  2.8976426   2.1231811   2.68543154  0.72832697  0.57667678
  0.13630496  2.84728971  0.04544966  0.05989171 -0.20128027  3.36378997
  0.93096304  2.06068887  3.00475253  0.51945883  1.30445079  1.38815636
  2.29254857  2.60301723  3.54948842  0.04739149]
Device (GPU) time: 1.0726 seconds
Iters. done: 526 [Current cost: -20.905359614137616]
Current parameters: [ 3.39419033  3.55787704  1.81102656  1.54300887  0.05335519  1.66776752
  2.34410937  0.71326071  2.37747944  3.14307053  2.93058466  3.21328259
  2.45165921  1.31046794  1.6817412   2.96509851  2.93330017  3.14672127
  1.43552118  1.83552156  1.2884202   4.13394861  2.61751685  1.18863272
  1.10179351  0.4546486   3.52001152  1.43516657  2.39971958  3.77496706
  2.61361309  2.84034083  2.46200574  3.18808687  4.46205774 -0.27618694
  2.85839081  1.45260725  2.31917475  2.60834128  2.51823054  2.45044363
  0.50697749  2.89745848  2.12318851  2.6854471   0.72838232  0.57667619
  0.13617436  2.84746648  0.04535944  0.05996802 -0.20145662  3.36375984
  0.93095896  2.06072672  3.00484164  0.51938706  1.30430789  1.38826557
  2.29248618  2.6031829   3.54946661  0.04735822]
Device (GPU) time: 1.0543 seconds
Iters. done: 527 [Current cost: -20.972718919746068]
Current parameters: [ 3.39398337  3.55779767  1.81092613  1.54306488  0.05370066  1.66767809
  2.34380707  0.71317845  2.37726005  3.14309273  2.93061319  3.21331458
  2.45167191  1.31047667  1.68159684  2.96508802  2.93332806  3.14650142
  1.43555387  1.8353365   1.28874211  4.13380791  2.61728207  1.1887013
  1.10158869  0.45464075  3.52000811  1.43524081  2.3999796   3.77486047
  2.61365682  2.84020146  2.46203821  3.18800402  4.46207106 -0.27622095
  2.85853548  1.45249322  2.31934324  2.60855805  2.51821007  2.45069015
  0.50686592  2.89753387  2.12321665  2.68530806  0.72832508  0.57673681
  0.13622418  2.84726505  0.0452644   0.05986917 -0.20132177  3.36386211
  0.93092238  2.0607364   3.00485785  0.51947259  1.30447488  1.38829428
  2.29259651  2.60295704  3.54948617  0.04734035]
Device (GPU) time: 0.9609 seconds
Iters. done: 528 [Current cost: -20.978248459849205]
Current parameters: [ 3.3939677   3.55775917  1.81080785  1.54313376  0.05351359  1.66763248
  2.34377845  0.71318277  2.37723093  3.14313089  2.93095372  3.2134779
  2.45160421  1.31047062  1.6815621   2.96505663  2.93331747  3.14642852
  1.43566606  1.83539653  1.28871408  4.13379555  2.61722155  1.18869304
  1.10165459  0.45480609  3.51974332  1.43498588  2.3998863   3.77501505
  2.6136102   2.84016272  2.46227006  3.18798728  4.46225087 -0.27623598
  2.85848159  1.45261903  2.31922787  2.60872812  2.51806327  2.45041121
  0.50681326  2.8977137   2.12302696  2.68564338  0.72834093  0.57677752
  0.13628881  2.84746133  0.0452944   0.05988111 -0.20131242  3.36353825
  0.93104583  2.06072043  3.00482885  0.51939155  1.30451078  1.38823644
  2.29235421  2.60286894  3.549638    0.04763115]
Device (GPU) time: 1.0897 seconds
Iters. done: 529 [Current cost: -20.89736897308023]
Current parameters: [ 3.39395003  3.5578242   1.8110305   1.54303849  0.0536819   1.66774168
  2.34393266  0.71320122  2.37721307  3.14302337  2.9306046   3.21327545
  2.45174735  1.31050078  1.68169301  2.96512188  2.9332599   3.14638719
  1.43540118  1.83527298  1.2886506   4.13383472  2.6172926   1.18860294
  1.10155485  0.45474791  3.52022312  1.43516347  2.39982244  3.77490499
  2.61360661  2.84030238  2.46205913  3.18791763  4.46215814 -0.27619644
  2.85849156  1.452499    2.31935472  2.6085558   2.51809149  2.45066326
  0.50689145  2.89766684  2.12326762  2.68542433  0.72826938  0.57670572
  0.13618039  2.84741986  0.04540468  0.05983437 -0.2013746   3.36371678
  0.93103948  2.06076334  3.00479437  0.51944131  1.30446971  1.38815202
  2.29242728  2.60291641  3.54948543  0.04753306]
Device (GPU) time: 1.0997 seconds
Iters. done: 530 [Current cost: -20.981171059354995]
Current parameters: [ 3.39417537  3.55772865  1.81088869  1.54299289  0.05374403  1.66755498
  2.34401766  0.71312666  2.37741303  3.14289678  2.93057657  3.21333366
  2.45151824  1.31047423  1.68155344  2.96511011  2.93331063  3.14658291
  1.4354149   1.83512433  1.2885719   4.13386459  2.61722836  1.18858256
  1.101637    0.45495512  3.51996258  1.43521277  2.40010033  3.77472547
  2.61370211  2.84040955  2.46185159  3.18774642  4.46216181 -0.27619163
  2.85826608  1.45233962  2.31929203  2.60851312  2.51814035  2.45057629
  0.50686981  2.89770775  2.12335285  2.68529798  0.72840323  0.57657017
  0.136359    2.84726647  0.04538746  0.05990725 -0.20116933  3.36351598
  0.93106097  2.06054889  3.00495239  0.51929097  1.30436024  1.38855169
  2.29241102  2.60283112  3.5495353   0.04747709]
Device (GPU) time: 1.0327 seconds
Iters. done: 531 [Current cost: -20.953025952463374]
Current parameters: [ 3.39406722  3.5576381   1.81089966  1.54302098  0.0535998   1.66778626
  2.34391861  0.71322327  2.37726357  3.14302311  2.93065846  3.21331808
  2.45173584  1.31049966  1.68170068  2.96509159  2.93321167  3.14654113
  1.43540603  1.83524983  1.28873618  4.13375959  2.61728918  1.18865071
  1.10159699  0.45460945  3.52009843  1.43508759  2.39989911  3.77488698
  2.61372067  2.84030597  2.46198922  3.1878162   4.46212328 -0.27618541
  2.85845631  1.45256451  2.31934055  2.60857393  2.51810883  2.45053614
  0.50681581  2.89757584  2.12323878  2.68548844  0.72840608  0.57671725
  0.13627141  2.84730067  0.04539182  0.0599311  -0.20135322  3.36365052
  0.93069246  2.06076427  3.00478242  0.51942546  1.3045562   1.38827379
  2.29257249  2.60291395  3.54949018  0.04742332]
Device (GPU) time: 1.0977 seconds
Iters. done: 532 [Current cost: -20.984678065662017]
Current parameters: [ 3.39389138  3.55783643  1.81087897  1.54299581  0.05360211  1.66762971
  2.3439956   0.71299632  2.37727161  3.14298434  2.93062791  3.21340848
  2.45164058  1.31042289  1.68167278  2.9651491   2.93325175  3.14662683
  1.43541729  1.835308    1.28863182  4.13378818  2.61730348  1.18848349
  1.10169469  0.45467109  3.52007662  1.43528595  2.39976559  3.77492192
  2.61360623  2.84035007  2.46212142  3.18778395  4.46204155 -0.27626371
  2.85861509  1.45277681  2.3195143   2.60846371  2.51802024  2.45055287
  0.50641376  2.89748991  2.12344199  2.68566362  0.72827315  0.57684377
  0.13611168  2.8470274   0.04535226  0.06000823 -0.20122023  3.36381118
  0.93114962  2.06079003  3.00506744  0.51942419  1.30458632  1.38835364
  2.29248925  2.60297617  3.54953354  0.04744418]
Device (GPU) time: 1.0940 seconds
Iters. done: 533 [Current cost: -20.93259261389503]
Current parameters: [ 3.39402248  3.55770981  1.810871    1.54300683  0.05361643  1.66774162
  2.34381272  0.71319641  2.37727246  3.14292549  2.93069639  3.21337047
  2.45173192  1.31048844  1.68161073  2.96509738  2.93305801  3.14646728
  1.43547402  1.83527205  1.28871669  4.13375336  2.61733505  1.18853309
  1.10172729  0.45463891  3.51994678  1.43520213  2.39971156  3.77481142
  2.61358898  2.84037193  2.46203259  3.18789128  4.46210638 -0.27625336
  2.85859581  1.45247204  2.31921882  2.60864062  2.51813413  2.45066642
  0.50685526  2.89756959  2.12326308  2.68541791  0.72830748  0.57664806
  0.13623424  2.84734261  0.04542802  0.05987321 -0.20127083  3.36377557
  0.93098167  2.06067815  3.00478185  0.51946536  1.30437799  1.38831484
  2.29251019  2.60293605  3.54941525  0.04741631]
Device (GPU) time: 0.9748 seconds
Iters. done: 534 [Current cost: -20.934183772106767]
Current parameters: [ 3.39404555  3.55769497  1.81101195  1.54311336  0.05363178  1.66763042
  2.34380292  0.71307778  2.37726502  3.14268739  2.9307065   3.21335799
  2.45174204  1.31039327  1.68157135  2.96518128  2.93362894  3.14669944
  1.43536882  1.83522484  1.2886152   4.13373795  2.61732627  1.18869209
  1.10130621  0.45461237  3.52004576  1.43529729  2.39978628  3.77502626
  2.61381762  2.84032859  2.46219177  3.1876853   4.46221007 -0.27613786
  2.85868835  1.4524602   2.31915645  2.60865706  2.51813892  2.45043996
  0.50694456  2.89757854  2.12320351  2.68545821  0.72835336  0.57662603
  0.13599437  2.84736395  0.04536409  0.05996445 -0.20119885  3.36377269
  0.93102429  2.0607012   3.00457633  0.51945982  1.30448196  1.38829084
  2.29240845  2.60302184  3.54940965  0.047216  ]
Device (GPU) time: 1.0985 seconds
Iters. done: 535 [Current cost: -20.916537708641616]
Current parameters: [ 3.39416444  3.55793163  1.81089748  1.54308443  0.05376297  1.66772257
  2.34394965  0.71327467  2.37702716  3.14304456  2.93075961  3.21336173
  2.45174792  1.31049714  1.68162593  2.96514285  2.93323883  3.1465963
  1.43556707  1.83535043  1.28865108  4.13386552  2.61727009  1.18847923
  1.10158938  0.4546401   3.52007046  1.43520542  2.39990528  3.77484556
  2.61364739  2.84040821  2.46206463  3.1878663   4.46211865 -0.27618999
  2.85846678  1.4525418   2.31931678  2.60860639  2.51811414  2.45059204
  0.5068568   2.89761293  2.12320678  2.68544099  0.72845286  0.57666036
  0.13621383  2.84730936  0.04541053  0.05994942 -0.20122615  3.36375467
  0.93096777  2.06074007  3.00477978  0.51945469  1.30447396  1.38824892
  2.29256277  2.6029729   3.54948066  0.04742061]
Device (GPU) time: 1.0690 seconds
Iters. done: 536 [Current cost: -21.02295170856736]
Current parameters: [ 3.39419584  3.55777778  1.8109985   1.54292402  0.05380815  1.66772137
  2.34407016  0.71309771  2.37737618  3.14309637  2.93088445  3.21338845
  2.45170312  1.31027517  1.68165967  2.96503396  2.93320947  3.14640362
  1.43550234  1.8350744   1.28865267  4.13360635  2.61734262  1.1886456
  1.10159608  0.45467158  3.51995746  1.43508533  2.39985339  3.7748906
  2.61347065  2.84037132  2.46199286  3.18802274  4.46213379 -0.27625943
  2.85836318  1.45257783  2.31933628  2.60870163  2.51813451  2.45065778
  0.50680704  2.89772876  2.12326761  2.685452    0.72851227  0.57638029
  0.13573441  2.84717723  0.04521525  0.05988559 -0.20152249  3.36379059
  0.93093821  2.06063379  3.0048285   0.51940871  1.30453991  1.38811694
  2.29254223  2.60294248  3.54957002  0.04726287]
Device (GPU) time: 1.0808 seconds
Iters. done: 537 [Current cost: -21.008758652852514]
Current parameters: [ 3.39393492  3.55762366  1.81105353  1.54310772  0.05361033  1.66765
  2.34394744  0.71336965  2.37724428  3.14307457  2.93064568  3.21350099
  2.45172331  1.31062245  1.68169147  2.96510404  2.93326325  3.14652801
  1.4355168   1.83524771  1.28866234  4.1337981   2.61732046  1.18857939
  1.10157967  0.45466682  3.51999816  1.4352491   2.39994087  3.77487938
  2.61361294  2.84043305  2.46201073  3.18792167  4.46215257 -0.27626197
  2.85843735  1.45265075  2.3194092   2.60860977  2.51814432  2.45056968
  0.50686334  2.89757913  2.12320746  2.68544729  0.72828305  0.57666053
  0.13610364  2.84728165  0.04536864  0.05983141 -0.20122716  3.36374518
  0.93096116  2.06069472  3.0047311   0.51944305  1.30438458  1.38829484
  2.29250572  2.60291153  3.54947268  0.04738848]
Device (GPU) time: 1.0897 seconds
Iters. done: 538 [Current cost: -20.973361238489478]
Current parameters: [ 3.39412428  3.55761651  1.81126885  1.54327131  0.05367879  1.66777729
  2.34430251  0.71321022  2.37711842  3.14276128  2.93068138  3.21341757
  2.45140966  1.31043838  1.68150152  2.96508065  2.93329788  3.14628561
  1.43575766  1.83527161  1.28859169  4.13368633  2.61723997  1.18858618
  1.1016245   0.45459751  3.52003633  1.4352032   2.39966224  3.77483359
  2.6135767   2.84005475  2.4620033   3.18782555  4.46201363 -0.27607229
  2.85846515  1.45260846  2.31935535  2.60863833  2.5181327   2.45065747
  0.50683504  2.8975556   2.12317131  2.68539454  0.72824562  0.57665244
  0.13630451  2.84737962  0.04549132  0.06000395 -0.20130747  3.36380755
  0.93091115  2.06077604  3.00482599  0.51947482  1.30453535  1.38838856
  2.29262455  2.60287711  3.54957143  0.04740375]
Device (GPU) time: 0.9644 seconds
Iters. done: 539 [Current cost: -21.012570981484515]
Current parameters: [ 3.39396434  3.55782402  1.81097075  1.54298776  0.05363967  1.6677102
  2.3439235   0.71319281  2.37718515  3.14298068  2.93061059  3.21327452
  2.45172657  1.31050158  1.68168124  2.96509446  2.933166    3.14663987
  1.43566771  1.83526036  1.2886718   4.13367207  2.61731952  1.18862214
  1.10157361  0.4548588   3.52010524  1.43531885  2.39985657  3.77492842
  2.61354366  2.84030473  2.46210755  3.18784374  4.46202322 -0.27632836
  2.85843408  1.45253767  2.31922271  2.60865521  2.5181607   2.45053366
  0.50682619  2.89759549  2.12319382  2.68542256  0.72830341  0.57667247
  0.13616079  2.84733454  0.04539808  0.05985121 -0.2013241   3.36370372
  0.93084377  2.06076805  3.00480512  0.51941784  1.30447783  1.38832243
  2.29249741  2.60287729  3.54954672  0.04735363]
Device (GPU) time: 1.1200 seconds
Iters. done: 540 [Current cost: -20.965026355702282]
Current parameters: [ 3.39406184  3.55780831  1.81094149  1.54304326  0.05392873  1.66771628
  2.34391973  0.71326759  2.37726985  3.14300624  2.93052182  3.21316759
  2.45169005  1.31049105  1.68170216  2.9649805   2.93322112  3.1463381
  1.43534715  1.83535177  1.28852042  4.13377809  2.61719975  1.18858615
  1.10146861  0.45440253  3.5198951   1.43510422  2.39986192  3.77506137
  2.61364197  2.84037256  2.46183009  3.18777171  4.46190915 -0.27648249
  2.85845455  1.4526154   2.31926122  2.60870454  2.5181058   2.45047216
  0.50684442  2.89752331  2.12291084  2.68547911  0.72842407  0.57681046
  0.13622666  2.84729282  0.04554802  0.05974271 -0.20130588  3.36381305
  0.93102452  2.0607142   3.004971    0.51948048  1.30438102  1.38832741
  2.29225297  2.60291809  3.54967797  0.04724998]
Device (GPU) time: 1.0850 seconds
Iters. done: 541 [Current cost: -21.018671212878964]
Current parameters: [ 3.3940927   3.5577028   1.81092369  1.54305776  0.05367293  1.66744527
  2.34391128  0.71325074  2.37728466  3.14299117  2.93070217  3.21327873
  2.45187344  1.31040679  1.68162011  2.96513605  2.93320511  3.14646577
  1.43554982  1.83529248  1.2885699   4.13371221  2.6172863   1.1886764
  1.10177234  0.45462931  3.52014431  1.43527543  2.39987379  3.77491293
  2.61365094  2.84027731  2.46197404  3.18789732  4.46219301 -0.27625061
  2.85845656  1.45251526  2.31934625  2.60859542  2.5181237   2.45056988
  0.5068823   2.89757005  2.12316317  2.68545278  0.72832449  0.57668557
  0.1361577   2.84732103  0.045416    0.05992952 -0.20123011  3.36374406
  0.93097665  2.06084357  3.00478868  0.51945669  1.30451579  1.38829636
  2.29253391  2.60291721  3.54954865  0.04743408]
Device (GPU) time: 1.0857 seconds
Iters. done: 542 [Current cost: -20.979082032191243]
Current parameters: [ 3.39393084  3.55775132  1.81104893  1.54295006  0.0537457   1.66739599
  2.34413458  0.71302801  2.37709916  3.14304049  2.93085283  3.2134058
  2.45188429  1.31057327  1.68178358  2.96511391  2.93329877  3.14642038
  1.43557703  1.83532121  1.28888183  4.13370203  2.61738917  1.18865579
  1.10171728  0.45462908  3.52012734  1.43524474  2.39987284  3.77505181
  2.61371193  2.84023273  2.46200184  3.18771942  4.46195178 -0.27621357
  2.8584481   1.45256638  2.31930042  2.60858602  2.51811694  2.450433
  0.50692385  2.89766429  2.12315769  2.68543341  0.72844106  0.57669097
  0.13636293  2.84728151  0.04539584  0.05977527 -0.20150086  3.36379498
  0.93097866  2.06035474  3.00493182  0.51941192  1.30437056  1.38830272
  2.29255349  2.60306081  3.54910393  0.0474571 ]
Device (GPU) time: 0.9644 seconds
Iters. done: 543 [Current cost: -20.90286363442025]
Current parameters: [ 3.39395117  3.55780559  1.81085244  1.54318009  0.05362492  1.66772446
  2.34390007  0.71319188  2.37716936  3.14293928  2.93072053  3.21340919
  2.45172847  1.31051031  1.6816754   2.9651449   2.93320015  3.14655614
  1.43536256  1.83523302  1.28854916  4.13367867  2.61732689  1.18863977
  1.10162394  0.454581    3.52005338  1.43526287  2.39989959  3.77481803
  2.61361279  2.84026468  2.46207563  3.18793917  4.46206741 -0.27612845
  2.85822644  1.45253546  2.31925452  2.60863561  2.51814791  2.45055299
  0.50688133  2.89755869  2.12320074  2.68541933  0.72829508  0.57666855
  0.13618578  2.84732576  0.04540875  0.05977561 -0.20131367  3.36379411
  0.93098119  2.06068934  3.00489846  0.51946387  1.30460851  1.38829684
  2.29250124  2.6029768   3.54947614  0.04741807]
Device (GPU) time: 1.1182 seconds
Iters. done: 544 [Current cost: -20.972079914440112]
Current parameters: [ 3.39401237  3.5577993   1.81096895  1.5430606   0.05363137  1.66767715
  2.34394623  0.713252    2.37721897  3.14303556  2.93070394  3.21334075
  2.45168964  1.31052429  1.68165731  2.96512482  2.9332774   3.14651062
  1.4355082   1.83517789  1.2886738   4.13375829  2.61743185  1.1886322
  1.10159725  0.45462272  3.52003548  1.43524164  2.39985072  3.77485355
  2.61363442  2.84031529  2.46199883  3.18787212  4.46212484 -0.27625936
  2.85851194  1.45246676  2.31925876  2.60858619  2.51812884  2.45054872
  0.50686126  2.89759185  2.12318465  2.68546403  0.72835786  0.57667286
  0.1362046   2.84729176  0.0453892   0.05987389 -0.20129436  3.36376456
  0.93095973  2.06075321  3.00489259  0.51943525  1.30451036  1.38826694
  2.29252316  2.60291199  3.54951165  0.0474607 ]
Device (GPU) time: 1.1231 seconds
Iters. done: 545 [Current cost: -20.941708873499298]
Current parameters: [ 3.39400902  3.55786263  1.81099402  1.54306956  0.05359865  1.66771248
  2.34408446  0.71323587  2.37741579  3.14310938  2.93069146  3.21335466
  2.45173607  1.31048185  1.68165389  2.96511623  2.93319932  3.14647521
  1.43551625  1.83541042  1.28869436  4.13367983  2.61715704  1.18855577
  1.10156846  0.4545771   3.52006441  1.43523693  2.39992416  3.77487749
  2.61367509  2.84044934  2.46213306  3.18779914  4.4621597  -0.27617121
  2.85852454  1.4524208   2.3192189   2.60861575  2.51813312  2.45054803
  0.50689933  2.89755677  2.12318762  2.68542236  0.72827556  0.57665993
  0.13615351  2.84729604  0.04537761  0.05980856 -0.2013065   3.36378294
  0.93095529  2.06070596  3.00487231  0.51945626  1.30459156  1.38835055
  2.29256666  2.60284994  3.54949072  0.04745675]
Device (GPU) time: 0.9731 seconds
Iters. done: 546 [Current cost: -20.935913111932848]
Current parameters: [ 3.39402487  3.55779797  1.81092534  1.54301761  0.0535915   1.6676432
  2.34397346  0.71322675  2.37724656  3.14301003  2.93066452  3.21330724
  2.45177155  1.31051661  1.68163259  2.96510774  2.93321259  3.14649766
  1.43552279  1.83519999  1.28867871  4.13373874  2.61723899  1.18862532
  1.10149037  0.45464974  3.51998586  1.43524754  2.39982402  3.77491272
  2.61361615  2.84033177  2.46201368  3.18792308  4.4621124  -0.27615709
  2.85846168  1.45254244  2.31930672  2.60858961  2.51813548  2.45056667
  0.50687909  2.89757884  2.12321584  2.68544888  0.72833614  0.57666822
  0.13622256  2.84730622  0.04539352  0.05989468 -0.20127899  3.36375496
  0.93095759  2.06071206  3.00487114  0.51946022  1.30448065  1.38827185
  2.29253591  2.60298541  3.54950763  0.04744991]
Device (GPU) time: 1.0841 seconds
Iters. done: 547 [Current cost: -20.901743944330256]
Current parameters: [ 3.3940748   3.55784722  1.81093581  1.54298965  0.05366399  1.6677335
  2.34390069  0.71313983  2.3772513   3.14301554  2.93078539  3.21326035
  2.45164756  1.31077648  1.6815133   2.9650965   2.93319368  3.14645548
  1.43545741  1.83530106  1.28863961  4.1337278   2.61737518  1.18865845
  1.10163324  0.45461991  3.52010092  1.43532134  2.3999079   3.77498245
  2.61371228  2.84034381  2.4619999   3.18787303  4.46217288 -0.27615066
  2.85846232  1.45259069  2.31933668  2.60866769  2.51813565  2.45052981
  0.50684638  2.89757764  2.12323705  2.68543507  0.72827081  0.57665493
  0.13613304  2.84734728  0.04539782  0.05993494 -0.2013782   3.36376143
  0.93096288  2.0606895   3.00482355  0.51947212  1.30442694  1.38834819
  2.29257282  2.6028892   3.54958835  0.04742333]
Device (GPU) time: 1.0900 seconds
Iters. done: 548 [Current cost: -21.025281848506825]
Current parameters: [ 3.39402684  3.55779845  1.81096673  1.54309421  0.05359719  1.66770177
  2.34393976  0.7131393   2.37726703  3.1429882   2.93072867  3.21338059
  2.45177928  1.31049721  1.68167066  2.96512464  2.93324514  3.14649834
  1.43548874  1.83529301  1.28863604  4.13372167  2.6173078   1.1886094
  1.10153827  0.45463108  3.52004224  1.43525294  2.39987506  3.7748567
  2.61365785  2.84031282  2.46204306  3.18786267  4.46211964 -0.27631317
  2.85844623  1.45252675  2.31931409  2.60859473  2.51813276  2.45058732
  0.50686864  2.89759006  2.1232104   2.68541917  0.72834925  0.57666303
  0.13623168  2.84728578  0.04539636  0.05988932 -0.20133286  3.36375245
  0.93095398  2.06072567  3.00483832  0.51945073  1.30439212  1.38826959
  2.29258553  2.60292503  3.54957376  0.04747717]
Device (GPU) time: 0.9613 seconds
Iters. done: 549 [Current cost: -21.029915055716682]
Current parameters: [ 3.39397407  3.55774648  1.81095906  1.54288756  0.05358333  1.66772581
  2.34390709  0.71325201  2.37727741  3.14305598  2.9309526   3.21323961
  2.45171018  1.3104801   1.68171864  2.96515834  2.93332423  3.14645519
  1.43555098  1.83529295  1.28855675  4.13373632  2.61731856  1.18854228
  1.10155053  0.4546045   3.52006061  1.43525982  2.39985185  3.77479668
  2.61366391  2.84030664  2.46208597  3.18785324  4.46210058 -0.2761917
  2.85842569  1.45257072  2.31936424  2.60857041  2.51809972  2.45061321
  0.50688435  2.89764269  2.12322513  2.6853457   0.72827567  0.5766712
  0.13625539  2.84729107  0.04541915  0.05987431 -0.20124215  3.36375277
  0.93089318  2.06077319  3.00491317  0.51946465  1.30443434  1.38830373
  2.29241171  2.60289588  3.54947574  0.04730607]
Device (GPU) time: 1.0861 seconds
Iters. done: 550 [Current cost: -21.055446434434543]
Current parameters: [ 3.3940392   3.55775841  1.81096171  1.54302575  0.05364062  1.66772565
  2.34397196  0.71325447  2.37725313  3.14296171  2.93072717  3.21331632
  2.45172057  1.31049564  1.68169139  2.96512545  2.93320723  3.1464892
  1.43548531  1.83531159  1.28871253  4.13378303  2.61732016  1.18872052
  1.10158007  0.45465019  3.52001864  1.43530473  2.39989648  3.77486203
  2.61363839  2.84034106  2.46207913  3.1878698   4.46211881 -0.27621828
  2.85845977  1.45252344  2.31932613  2.60863672  2.51813593  2.4505917
  0.50685312  2.89755812  2.12319064  2.68545062  0.72835251  0.57666224
  0.13621539  2.84729753  0.04540805  0.05988398 -0.20132443  3.36368167
  0.93103603  2.0607565   3.00487553  0.51943597  1.3044841   1.38826255
  2.29254447  2.60294467  3.54948898  0.04738649]
Device (GPU) time: 1.0935 seconds
Iters. done: 551 [Current cost: -20.862530076903553]
Current parameters: [ 3.39413452  3.55763858  1.81100125  1.54295341  0.05363972  1.66780671
  2.34387903  0.71318383  2.37729217  3.14308744  2.93063148  3.21333078
  2.45175279  1.31049729  1.68167656  2.9651397   2.93323275  3.14650297
  1.43551794  1.83529293  1.28870977  4.13370009  2.61740111  1.18854362
  1.10154865  0.45465033  3.52008511  1.43525671  2.39991046  3.77493519
  2.61364207  2.84026587  2.46213888  3.18787314  4.46207855 -0.27619607
  2.85835879  1.45251767  2.31933697  2.60865954  2.51811715  2.4505659
  0.50688089  2.897632    2.12314251  2.68543717  0.72841448  0.57662023
  0.1362136   2.84727756  0.04538549  0.05995028 -0.20124874  3.36392629
  0.93104539  2.06077503  3.00482876  0.51948562  1.30448867  1.38842259
  2.29245373  2.60297628  3.54949978  0.04759319]
Device (GPU) time: 1.0495 seconds
Iters. done: 552 [Current cost: -20.954149448808813]
Current parameters: [ 3.39402188  3.55780191  1.81099737  1.54304856  0.05362355  1.66767389
  2.34395453  0.71320491  2.37723451  3.14302749  2.93070429  3.21330312
  2.45172672  1.31049278  1.68166957  2.96505809  2.93325257  3.14646623
  1.43545161  1.83528116  1.28868924  4.13374808  2.61731396  1.18862277
  1.10160856  0.45463754  3.5200108   1.43527438  2.39983556  3.77486921
  2.61370246  2.84034517  2.46207672  3.18791858  4.46210095 -0.27622491
  2.85844819  1.45251905  2.31931724  2.60865633  2.51819084  2.45054067
  0.50681139  2.89766491  2.12323889  2.68542209  0.72834623  0.57666777
  0.13619992  2.84733409  0.04541368  0.05985133 -0.20125069  3.36378395
  0.93092761  2.06076578  3.00483284  0.51934928  1.30447525  1.38832082
  2.2925383   2.60297783  3.54951757  0.04743849]
Device (GPU) time: 1.0895 seconds
Iters. done: 553 [Current cost: -20.943694054175722]
Current parameters: [ 3.39397228  3.55784067  1.81101473  1.54296104  0.05366168  1.66767706
  2.34390057  0.71313272  2.37725629  3.1430194   2.93071594  3.2133576
  2.45169754  1.31044899  1.68164468  2.96529731  2.93320692  3.14644731
  1.43544587  1.83524906  1.28869505  4.13378779  2.61731907  1.18860824
  1.10158316  0.45457164  3.51998602  1.43529578  2.39995899  3.77489856
  2.61349225  2.84032459  2.46203929  3.18782029  4.46214566 -0.27615839
  2.85842659  1.45260318  2.3192503   2.60845905  2.51822133  2.45065147
  0.50687864  2.89764247  2.12310481  2.68555566  0.72833675  0.57669698
  0.13621049  2.84735902  0.04545801  0.05989918 -0.201303    3.36380673
  0.93090636  2.06073712  3.00474215  0.5192945   1.30446385  1.38835579
  2.29256593  2.60289328  3.54954264  0.04741188]
Device (GPU) time: 1.3650 seconds
Iters. done: 554 [Current cost: -20.936916899479876]
Current parameters: [ 3.39402817  3.55780237  1.81095639  1.54302859  0.05363628  1.66768814
  2.34395316  0.71322394  2.37726487  3.14300109  2.93071715  3.21332515
  2.45173283  1.31052896  1.68167819  2.96514283  2.93330343  3.14646552
  1.43549657  1.83525888  1.28866146  4.13374274  2.61729482  1.18860429
  1.10160105  0.45467472  3.520007    1.43526751  2.39988473  3.77486707
  2.61363922  2.84030617  2.46205756  3.18787223  4.46213543 -0.27624652
  2.85845096  1.45251946  2.31931086  2.6086444   2.51813383  2.45065205
  0.50685045  2.89750619  2.12322834  2.68548392  0.72840489  0.57670844
  0.13613334  2.84738154  0.0454333   0.05986536 -0.20130837  3.36375973
  0.93089985  2.06072244  3.00487127  0.51946622  1.30447015  1.38835259
  2.29251116  2.602971    3.54947986  0.04747659]
Device (GPU) time: 1.0818 seconds
Iters. done: 555 [Current cost: -20.985760228498254]
Current parameters: [ 3.3939377   3.55784127  1.81108628  1.54300257  0.05361775  1.66765364
  2.34388022  0.71315757  2.37722304  3.14303769  2.93074239  3.21325153
  2.45170517  1.31044991  1.68170947  2.9650492   2.93320448  3.14659984
  1.43552999  1.83519733  1.2886836   4.13374695  2.61729214  1.18860456
  1.10159446  0.45453243  3.52006514  1.4350803   2.39991752  3.77478771
  2.61357632  2.84030126  2.46201122  3.1878004   4.46212472 -0.27613544
  2.8584344   1.45251812  2.31937035  2.60869747  2.51816534  2.45048678
  0.50686783  2.8974765   2.12325982  2.68545664  0.72836735  0.57666303
  0.13618567  2.8474088   0.04533558  0.05983686 -0.20132432  3.36373406
  0.93106581  2.0608167   3.00480691  0.51948613  1.30436292  1.38840295
  2.2925883   2.60293281  3.54952947  0.04744405]
Device (GPU) time: 1.1225 seconds
Iters. done: 556 [Current cost: -21.041008760059626]
Current parameters: [ 3.39399251  3.55779969  1.81098876  1.54304153  0.05362272  1.66771984
  2.34387281  0.71323307  2.37724574  3.14304373  2.93070025  3.2133439
  2.45170359  1.31042229  1.68159945  2.96509684  2.93327484  3.14651299
  1.43552277  1.83530216  1.28871393  4.13377246  2.61729734  1.18864817
  1.10158097  0.45460444  3.52009613  1.43527892  2.39981488  3.77490642
  2.61362357  2.84033657  2.4619997   3.18788562  4.46217367 -0.27621909
  2.85840111  1.4525344   2.31929806  2.60862301  2.51810873  2.45057237
  0.50686137  2.89758568  2.12321853  2.6854637   0.72834248  0.57663354
  0.13618885  2.84728105  0.04545791  0.05986874 -0.20130467  3.36373449
  0.93093917  2.06068737  3.00488534  0.51944067  1.30445105  1.38833938
  2.29252508  2.60294006  3.54949836  0.04744822]
Device (GPU) time: 1.0880 seconds
Iters. done: 557 [Current cost: -20.941421968117208]
Current parameters: [ 3.39400542  3.55777335  1.81090957  1.54300821  0.05363457  1.66760751
  2.34391476  0.71311058  2.3773344   3.14310847  2.93067435  3.21331787
  2.45167573  1.3105887   1.68165759  2.96507935  2.93332764  3.14647545
  1.43554137  1.83535171  1.2887462   4.13382311  2.6173024   1.18863454
  1.10158226  0.45464986  3.52000007  1.43527941  2.39978434  3.77470923
  2.61362711  2.84031834  2.46199128  3.1877603   4.46200453 -0.27623012
  2.85831669  1.45253666  2.31928867  2.60862206  2.51808395  2.45054889
  0.50688676  2.89755239  2.12325785  2.68550785  0.72835032  0.57660081
  0.13618925  2.84736686  0.04547315  0.05989999 -0.20126531  3.36382709
  0.93098275  2.06075035  3.0047207   0.51949159  1.30455301  1.38815132
  2.29253501  2.60290299  3.54954058  0.04741776]
Device (GPU) time: 0.9654 seconds
Iters. done: 558 [Current cost: -20.9814647269208]
Current parameters: [ 3.39394303  3.55777772  1.81099008  1.54300401  0.05368056  1.6677296
  2.34395747  0.71321283  2.3772747   3.14302127  2.93071119  3.21336468
  2.45173854  1.3104712   1.68163183  2.96511463  2.93322771  3.14651152
  1.43547846  1.83527243  1.28868106  4.13375071  2.61732108  1.18860556
  1.10161508  0.45466905  3.51999366  1.43525195  2.39989758  3.77489545
  2.61365784  2.84031237  2.4620154   3.18785563  4.46210939 -0.2762031
  2.85842559  1.45250328  2.31927931  2.60861931  2.51806599  2.45054372
  0.50689804  2.89764081  2.12321332  2.685432    0.72832855  0.5767382
  0.13616063  2.8473579   0.04541479  0.05994187 -0.20126554  3.36376772
  0.93095552  2.06075959  3.00487988  0.51948624  1.30445428  1.38827583
  2.29259064  2.60298452  3.5495207   0.04741573]
Device (GPU) time: 1.1393 seconds
Iters. done: 559 [Current cost: -20.923488375605483]
Current parameters: [ 3.3940188   3.55782243  1.8109819   1.54302264  0.05354446  1.66775503
  2.34391105  0.71320942  2.37716268  3.14301318  2.9306797   3.21330868
  2.45169705  1.3103622   1.68160617  2.96510203  2.93315668  3.14643302
  1.43549241  1.83529381  1.28862974  4.13373271  2.61730497  1.18857347
  1.10161086  0.45472348  3.51993682  1.4353498   2.39994613  3.77487093
  2.61378569  2.84026048  2.46194838  3.1877715   4.46213572 -0.2761703
  2.85845769  1.45256154  2.31938081  2.60856855  2.51820012  2.45047382
  0.50688332  2.8974916   2.12318894  2.68546859  0.72836269  0.57661437
  0.13612595  2.84732029  0.0453511   0.05983511 -0.20130061  3.36383593
  0.9309275   2.06074245  3.00485403  0.51944848  1.30442042  1.38816855
  2.29245871  2.60283143  3.54942171  0.04749921]
Device (GPU) time: 1.0856 seconds
Iters. done: 560 [Current cost: -20.964540043605066]
Current parameters: [ 3.39402324  3.55782857  1.81098315  1.54305068  0.05364948  1.66770408
  2.34392729  0.71325197  2.37729123  3.14295732  2.9307272   3.21331449
  2.45173158  1.31051754  1.68168352  2.96509807  2.93324771  3.14651817
  1.43550136  1.8352984   1.28874092  4.13369378  2.61732358  1.18860654
  1.10160352  0.4546497   3.52004531  1.43523009  2.39988717  3.77490027
  2.61367169  2.84028687  2.46200115  3.1878609   4.46210781 -0.27620035
  2.85843923  1.45255543  2.31928645  2.60854953  2.51809679  2.45062109
  0.50682804  2.89759939  2.12319806  2.68549607  0.72832782  0.5765963
  0.1362148   2.84734839  0.04534101  0.05982561 -0.20122921  3.36377034
  0.93096344  2.06073011  3.0048457   0.51945789  1.3044606   1.38828955
  2.2925199   2.60296346  3.54953964  0.04742922]
Device (GPU) time: 0.9563 seconds
Iters. done: 561 [Current cost: -20.90971027751007]
Current parameters: [ 3.39396959  3.55779179  1.81100078  1.5430125   0.05364222  1.66775001
  2.34396128  0.71309821  2.37722764  3.14308336  2.93069001  3.21330674
  2.45172154  1.31051225  1.68171152  2.96516378  2.93318507  3.1464931
  1.43555796  1.83522946  1.28863056  4.13372423  2.61731113  1.18878815
  1.10160448  0.45465609  3.52007815  1.43514451  2.39984162  3.7748139
  2.6137557   2.8403492   2.46207187  3.18790657  4.46216155 -0.27618747
  2.85846071  1.45260283  2.31923435  2.60854677  2.5181039   2.45059594
  0.50675978  2.89750683  2.12309095  2.68531431  0.72841264  0.57667366
  0.13611835  2.84733687  0.04548886  0.05989527 -0.20110576  3.3637636
  0.93098282  2.06061118  3.00482683  0.51944651  1.30445037  1.38827292
  2.29253723  2.60290774  3.54951918  0.04746678]
Device (GPU) time: 1.0964 seconds
Iters. done: 562 [Current cost: -20.98974578531926]
Current parameters: [ 3.39395528  3.55781185  1.81097     1.54302986  0.05364198  1.66767763
  2.3439366   0.71319281  2.37727886  3.14300343  2.93068523  3.21333368
  2.45170332  1.31049246  1.68168039  2.9651243   2.93324657  3.14654684
  1.43547421  1.83528053  1.28866638  4.13374329  2.61732534  1.18860748
  1.10162074  0.4546515   3.52002845  1.4352393   2.39984969  3.77489677
  2.61365603  2.84033986  2.46203426  3.18786731  4.46212532 -0.27621545
  2.85849438  1.45261988  2.31934588  2.60867363  2.51817811  2.45061544
  0.50695506  2.89759978  2.12318885  2.6854182   0.72839207  0.57660553
  0.13623597  2.84733766  0.04540375  0.05991837 -0.20128013  3.36376128
  0.93095418  2.06072259  3.00488477  0.5194526   1.30453139  1.38828823
  2.29252911  2.60290401  3.54952479  0.04745221]
Device (GPU) time: 1.0768 seconds
Iters. done: 563 [Current cost: -20.81635777635869]
Current parameters: [ 3.3938703   3.55785484  1.81104418  1.54304099  0.05370313  1.66766425
  2.34391301  0.71327618  2.37733842  3.14297709  2.93072232  3.21332053
  2.45172202  1.310541    1.68162834  2.96511358  2.93319574  3.14640877
  1.43553963  1.83529824  1.2885833   4.13372943  2.61734914  1.18859654
  1.10156923  0.45465397  3.52004737  1.43521039  2.3998765   3.77490241
  2.61372048  2.84028663  2.4620728   3.18792838  4.46207393 -0.27613746
  2.85838352  1.4525162   2.3191697   2.60863884  2.51817183  2.45059184
  0.50685972  2.89752544  2.12330844  2.68550741  0.72850307  0.57669819
  0.13624603  2.84709776  0.04539921  0.05993817 -0.20130208  3.36372019
  0.93095541  2.06077983  3.0047225   0.51943674  1.30443054  1.38827619
  2.2924873   2.60291057  3.54947946  0.04745909]
Device (GPU) time: 0.9643 seconds
Iters. done: 564 [Current cost: -20.983634818086028]
Current parameters: [ 3.39401047  3.55777462  1.81097929  1.54302042  0.05358968  1.66769612
  2.34395166  0.71320113  2.37723837  3.14302042  2.93075447  3.2133345
  2.45172785  1.31048461  1.68165921  2.96511765  2.93326293  3.146462
  1.43543782  1.83526748  1.28867451  4.1337885   2.61730141  1.18860995
  1.1015929   0.45475686  3.52007775  1.43521395  2.39986948  3.77489955
  2.61362644  2.84034656  2.46200614  3.187894    4.46214043 -0.27620887
  2.85844841  1.45252826  2.31926503  2.60864676  2.51814578  2.45055629
  0.50684774  2.89753541  2.12317366  2.68547158  0.72836153  0.57665879
  0.13625237  2.84729129  0.04540473  0.05985373 -0.20127826  3.36384306
  0.9309756   2.06073763  3.00483557  0.51947889  1.30448398  1.38831534
  2.2925785   2.60292521  3.54953142  0.04737583]
Device (GPU) time: 1.0949 seconds
Iters. done: 565 [Current cost: -20.949624016731903]
Current parameters: [ 3.39400837  3.55769098  1.81096998  1.54304531  0.05372264  1.66773366
  2.3440259   0.71313536  2.37720828  3.1430762   2.93073036  3.21323055
  2.45169424  1.31042623  1.68165959  2.96514233  2.93330006  3.14659964
  1.43550847  1.83526565  1.28863573  4.13365664  2.61733886  1.18864609
  1.10162073  0.45458622  3.51994247  1.43532884  2.39986577  3.77499281
  2.6136402   2.84043597  2.46203978  3.18798455  4.46215419 -0.27621293
  2.85841393  1.45250065  2.31930263  2.60858168  2.51807017  2.45060514
  0.50683719  2.89754562  2.12334499  2.68548354  0.72838593  0.57672541
  0.13632837  2.84738814  0.04538546  0.05978726 -0.20129337  3.36380161
  0.93097655  2.06071782  3.00474309  0.51950752  1.30444655  1.38825385
  2.29252539  2.60279045  3.54951985  0.04745985]
Device (GPU) time: 1.0907 seconds
Iters. done: 566 [Current cost: -20.905798871388438]
Current parameters: [ 3.39401193  3.55781159  1.81099699  1.5429887   0.0536122   1.66768764
  2.34390859  0.7132169   2.37725118  3.14299026  2.93072336  3.21336244
  2.451722    1.31049741  1.68165908  2.96509692  2.93325513  3.14652472
  1.43550472  1.83525887  1.28865516  4.13376153  2.61731461  1.18863364
  1.10161601  0.45464768  3.52001601  1.43522722  2.39981204  3.77493234
  2.61368236  2.84037286  2.46204809  3.18785082  4.46205168 -0.27618294
  2.85839934  1.45244128  2.31937878  2.60859438  2.51817513  2.45063636
  0.50684606  2.89758614  2.12314137  2.68545792  0.72833844  0.57670721
  0.13618643  2.84729908  0.04538679  0.05987519 -0.20129734  3.36375199
  0.93096097  2.06070609  3.00481993  0.51947416  1.30449036  1.38829015
  2.2925481   2.60289755  3.54953189  0.04745263]
Device (GPU) time: 1.0510 seconds
Iters. done: 567 [Current cost: -20.916007022856814]
Current parameters: [ 3.39399351  3.55785709  1.81099894  1.54298646  0.05366839  1.66771204
  2.34397514  0.71310781  2.37723683  3.14301864  2.93061396  3.21334649
  2.45170354  1.31051213  1.68167016  2.96518077  2.93320159  3.14645238
  1.43553412  1.83527947  1.28864243  4.13370826  2.61731737  1.18860878
  1.10155498  0.45461723  3.5200539   1.43524533  2.3998206   3.77475459
  2.61374875  2.84034126  2.46202013  3.18798388  4.46225183 -0.27631835
  2.85837438  1.45247371  2.31936547  2.60865808  2.51814469  2.45054979
  0.50686338  2.89761712  2.12312503  2.68562345  0.72828793  0.57667246
  0.13626843  2.84734521  0.04525858  0.05996616 -0.20127878  3.36373648
  0.93093513  2.06071289  3.00481647  0.51952224  1.30448492  1.38835345
  2.29248017  2.6029521   3.549406    0.04732083]
Device (GPU) time: 1.0808 seconds
Iters. done: 568 [Current cost: -20.913556342749825]
Current parameters: [ 3.39401106  3.55777022  1.81103123  1.54311072  0.05359385  1.6677089
  2.34387996  0.7131353   2.37726504  3.14297665  2.93072583  3.21325835
  2.45172031  1.31051501  1.68169604  2.96512184  2.93323026  3.14647224
  1.43555804  1.83527226  1.28866007  4.13378449  2.61730575  1.18860603
  1.10160391  0.45463769  3.52001533  1.43523805  2.39993779  3.77491393
  2.6136186   2.840394    2.46200089  3.18789171  4.46210209 -0.27622045
  2.85844398  1.45250768  2.31929796  2.60861374  2.51814153  2.45057328
  0.50684996  2.89761437  2.12321627  2.68546351  0.72834216  0.57665807
  0.13619073  2.84730639  0.04541709  0.05991    -0.20127175  3.36376058
  0.93094619  2.06072403  3.0048661   0.51947868  1.30452251  1.38827411
  2.29252048  2.60295831  3.54946727  0.04744058]
Device (GPU) time: 0.9751 seconds
Iters. done: 569 [Current cost: -20.91976818452061]
Current parameters: [ 3.3939918   3.55771208  1.81099128  1.54304372  0.05365598  1.66762696
  2.34390256  0.71319835  2.37725535  3.14299637  2.93070315  3.21322701
  2.45161402  1.31043834  1.68158989  2.96507991  2.93318369  3.14644645
  1.43552843  1.83521967  1.28866692  4.13375641  2.61738069  1.18850497
  1.1015967   0.45464607  3.52010379  1.43528009  2.39989751  3.77482409
  2.61368642  2.8404219   2.46219603  3.18784089  4.46214709 -0.27621891
  2.85842283  1.45253841  2.31933955  2.60859764  2.51803629  2.45058086
  0.50694577  2.89746053  2.12314862  2.68546708  0.72835228  0.57672496
  0.13622976  2.84730349  0.04532518  0.0598236  -0.20130827  3.36376719
  0.9309079   2.06060403  3.00483239  0.51936909  1.30447631  1.38821581
  2.292559    2.60310191  3.54964492  0.04743567]
Device (GPU) time: 1.1214 seconds
Iters. done: 570 [Current cost: -20.941120375976922]
Current parameters: [ 3.39403136  3.55776538  1.81097157  1.54298441  0.05349672  1.6676968
  2.34394817  0.71320156  2.37724775  3.14300146  2.9307087   3.21332508
  2.45170385  1.31044818  1.68163123  2.96511564  2.93324684  3.14647739
  1.43547634  1.83529669  1.28863802  4.13377462  2.61729615  1.18859174
  1.10157121  0.45458202  3.52015644  1.43536628  2.39991908  3.77478603
  2.61363767  2.84030596  2.4619385   3.18796709  4.46193995 -0.27618131
  2.85852886  1.45258453  2.31923592  2.60869618  2.51806359  2.45059157
  0.50686087  2.89768207  2.12317327  2.68549197  0.7284646   0.57678291
  0.13614457  2.84735803  0.04527659  0.05983787 -0.20124595  3.36368027
  0.93099058  2.06062992  3.00478538  0.51947842  1.30448121  1.38833109
  2.29254893  2.60286707  3.54954065  0.04746615]
Device (GPU) time: 1.0550 seconds
Iters. done: 571 [Current cost: -20.93735309097268]
Current parameters: [ 3.39408826  3.55779969  1.81099677  1.54301474  0.05360505  1.66768709
  2.34394523  0.71317746  2.37721456  3.14302743  2.93070601  3.21331487
  2.45169714  1.31048916  1.68167843  2.96510879  2.93323556  3.14651915
  1.43550025  1.83526207  1.28870044  4.13372562  2.61731543  1.18864106
  1.10160625  0.45465046  3.52002742  1.43520447  2.39988722  3.77486534
  2.61369131  2.84031599  2.46203784  3.18787218  4.46211937 -0.27622649
  2.85843659  1.45257359  2.31926246  2.60863036  2.51814581  2.4506273
  0.50697018  2.89759584  2.1232514   2.68549829  0.72827883  0.57674792
  0.13617061  2.84723757  0.04543324  0.05984352 -0.20126879  3.36376481
  0.93097465  2.06073107  3.00483495  0.51945565  1.30446602  1.38829636
  2.2925164   2.60293714  3.54951893  0.0474352 ]
Device (GPU) time: 1.0899 seconds
Iters. done: 572 [Current cost: -20.95390728675638]
Current parameters: [ 3.39400459  3.55779135  1.81099423  1.54301731  0.05363695  1.66771747
  2.34394244  0.71320935  2.37723456  3.14301545  2.93068214  3.21329889
  2.45175147  1.31049773  1.68168726  2.96512614  2.93325042  3.14649488
  1.43549305  1.83527347  1.28866627  4.1337348   2.61732392  1.188601
  1.10160513  0.45464079  3.52002583  1.43527302  2.39986558  3.77485663
  2.61365116  2.84032293  2.46200453  3.18786859  4.46212287 -0.27620282
  2.85845848  1.45251848  2.31931368  2.60860273  2.51812938  2.45057832
  0.50687271  2.89757143  2.12321893  2.68543259  0.72834273  0.57666394
  0.13619575  2.8472825   0.04540806  0.05987835 -0.20130364  3.36375801
  0.93096795  2.06069626  3.00480779  0.51945209  1.30450248  1.38831695
  2.29253738  2.60295755  3.54953659  0.04742085]
Device (GPU) time: 1.0464 seconds
Iters. done: 573 [Current cost: -20.983361289271308]
Current parameters: [ 3.3940063   3.55779084  1.81095503  1.54303743  0.05360523  1.6676929
  2.34389712  0.71320095  2.37723039  3.14305428  2.93074717  3.21334443
  2.45170957  1.31049329  1.68165507  2.96511109  2.93327631  3.14647063
  1.43552985  1.83531509  1.28866173  4.13374171  2.61729526  1.18861799
  1.10162493  0.4546777   3.51994069  1.43519147  2.39988135  3.77489168
  2.61362479  2.84025841  2.46208256  3.18789246  4.4621613  -0.2762117
  2.85846641  1.45253942  2.31929342  2.60863008  2.51810178  2.45051621
  0.50684815  2.89760602  2.12317638  2.68546894  0.72833647  0.57669211
  0.13622109  2.84731706  0.04537783  0.05987541 -0.20131293  3.36369635
  0.93098977  2.06067881  3.00479446  0.51944296  1.30451457  1.38830463
  2.29248365  2.60293597  3.54956608  0.04747131]
Device (GPU) time: 1.0905 seconds
Iters. done: 574 [Current cost: -20.975553793561982]
Current parameters: [ 3.39400862  3.55779859  1.81098575  1.54300971  0.05363686  1.66767229
  2.34396143  0.71320604  2.37723755  3.14304997  2.93071108  3.21332565
  2.45172596  1.31051181  1.68167535  2.96511139  2.93320444  3.14647154
  1.43551385  1.83528291  1.28868713  4.1337416   2.61732107  1.18861427
  1.10163284  0.45464496  3.52003774  1.43524191  2.3998843   3.77487615
  2.61362854  2.8403154   2.46202755  3.18788336  4.46209751 -0.27622421
  2.85842354  1.4525406   2.31931888  2.60860841  2.51812473  2.45057627
  0.50686205  2.89758873  2.12320551  2.6854479   0.72835402  0.57667903
  0.13623617  2.84730203  0.0454002   0.05986009 -0.20130788  3.36375986
  0.93095245  2.0606924   3.00486366  0.51945151  1.30447162  1.38829318
  2.29254389  2.60293617  3.54948973  0.04745748]
Device (GPU) time: 1.0779 seconds
Iters. done: 575 [Current cost: -20.985196196744095]
Current parameters: [ 3.39402841  3.55777484  1.81100887  1.54301245  0.05365164  1.66761656
  2.3439443   0.71315468  2.37723039  3.14297168  2.93071575  3.21334797
  2.45173547  1.31049736  1.6816555   2.96512876  2.93330213  3.14651143
  1.43547094  1.83528069  1.28867545  4.1337293   2.61732896  1.18863144
  1.10157346  0.45462095  3.52006195  1.4352407   2.39987158  3.77492884
  2.61365716  2.84029138  2.46208261  3.18780955  4.46210071 -0.27621119
  2.85848578  1.45252331  2.31928138  2.60861029  2.51811615  2.45051567
  0.50687503  2.89759214  2.1232135   2.68542724  0.72835818  0.57666865
  0.13619832  2.84730977  0.04539096  0.05986691 -0.20130646  3.36377339
  0.93095908  2.06064056  3.0047947   0.51946083  1.30445741  1.38828926
  2.29251143  2.60296226  3.5494016   0.04739605]
Device (GPU) time: 0.9995 seconds
Iters. done: 576 [Current cost: -21.055770523243982]
Current parameters: [ 3.39400353  3.55779261  1.81098235  1.54301321  0.05360644  1.66769152
  2.34395045  0.71318459  2.37724236  3.14302389  2.93072202  3.21335149
  2.45169467  1.31050104  1.68163842  2.96511371  2.93320899  3.14649578
  1.43549781  1.83528192  1.28867522  4.13373903  2.6173177   1.18862147
  1.1015816   0.45463367  3.52004241  1.4352465   2.39988309  3.774903
  2.61364253  2.84031298  2.46202296  3.18787429  4.46212292 -0.27624374
  2.8584503   1.45250829  2.31932185  2.60859779  2.5181314   2.4505824
  0.50688063  2.89757228  2.12322592  2.68543432  0.72837713  0.57667357
  0.1362048   2.84731858  0.0454054   0.05985985 -0.20126743  3.36374954
  0.93096823  2.06073502  3.00481197  0.51945155  1.30450927  1.38829964
  2.29250127  2.602969    3.5495172   0.04742089]
Device (GPU) time: 1.1225 seconds
Iters. done: 577 [Current cost: -20.862407244568438]
Current parameters: [ 3.39404744  3.55783082  1.81102766  1.54302801  0.05359638  1.6676572
  2.34390555  0.71328752  2.37724288  3.14298691  2.93069853  3.21330188
  2.45170908  1.31047921  1.6816736   2.96511535  2.93320822  3.14648763
  1.43545189  1.83527335  1.28868924  4.13373589  2.61731687  1.188635
  1.10157455  0.45463013  3.52002706  1.43522849  2.39989065  3.77485789
  2.61362717  2.84031364  2.46208639  3.18789253  4.46211979 -0.27626275
  2.85841909  1.45252721  2.31930838  2.6085902   2.51810898  2.45055193
  0.50685253  2.8975734   2.1232728   2.68542932  0.72834892  0.57669574
  0.13619766  2.84734408  0.04540509  0.05997235 -0.20128613  3.36382049
  0.93095181  2.06064711  3.00483175  0.51947483  1.30449687  1.38829816
  2.2925155   2.60286544  3.5495433   0.04741378]
Device (GPU) time: 1.0992 seconds
Iters. done: 578 [Current cost: -20.96763312080622]
Current parameters: [ 3.39402606  3.5577901   1.8109848   1.54303036  0.05362933  1.66767745
  2.34393712  0.71321299  2.3772682   3.14300769  2.9306967   3.21331057
  2.45170038  1.31049198  1.68163825  2.96520845  2.93323734  3.14650572
  1.43549609  1.83527593  1.28868931  4.1337496   2.61731442  1.18860814
  1.10159519  0.45465308  3.52002684  1.43522415  2.3998688   3.77487636
  2.61366159  2.84032416  2.46202809  3.18788145  4.46210391 -0.27621911
  2.85843375  1.45252301  2.31931514  2.60863628  2.51813008  2.45055646
  0.50685439  2.89758762  2.12322041  2.68542698  0.72834655  0.57667399
  0.13620081  2.84730613  0.04539636  0.05985637 -0.20129083  3.3637516
  0.93096265  2.06071375  3.00483783  0.51944932  1.30447234  1.38829058
  2.29252341  2.60293827  3.54952036  0.04743685]
Device (GPU) time: 1.0052 seconds
Iters. done: 579 [Current cost: -20.945261988799725]
Current parameters: [ 3.39406784  3.55778764  1.81096816  1.54300419  0.05366164  1.66766772
  2.34394582  0.71317931  2.37729161  3.14299699  2.93065428  3.21332619
  2.45166416  1.31049351  1.68163589  2.96506517  2.93326784  3.14650832
  1.43545967  1.83523834  1.28860383  4.13377034  2.61729487  1.18861384
  1.10160583  0.45470579  3.52001726  1.4352477   2.39994019  3.77483324
  2.61362573  2.84033275  2.46202313  3.18784113  4.46214047 -0.27620084
  2.85841204  1.45248948  2.31929417  2.60858154  2.51812111  2.45058305
  0.50686268  2.89760959  2.12323521  2.68541753  0.72834993  0.57664243
  0.1362433   2.84729109  0.04539197  0.05988209 -0.20124693  3.36370106
  0.93097157  2.06068408  3.00485471  0.51943068  1.30444817  1.38834565
  2.29251506  2.60290589  3.5495021   0.04744721]
Device (GPU) time: 1.1114 seconds
Iters. done: 580 [Current cost: -20.93725919525837]
Current parameters: [ 3.39401981  3.55778966  1.81099211  1.54303409  0.05363499  1.66770709
  2.34391515  0.71321923  2.37724311  3.1430485   2.93070678  3.21332634
  2.45170349  1.31049819  1.68166413  2.9651414   2.93323707  3.14648203
  1.43548962  1.83524327  1.28864178  4.1337461   2.61727213  1.18864931
  1.10161735  0.45464417  3.52003688  1.43525854  2.39986122  3.77488875
  2.61365502  2.84032551  2.4620605   3.18785514  4.46208536 -0.27623533
  2.85845728  1.45253244  2.31929595  2.60859938  2.51812507  2.45056575
  0.50688418  2.89758614  2.12323014  2.68546923  0.72835048  0.57664697
  0.13621309  2.84731513  0.04537341  0.05988134 -0.20128455  3.3637587
  0.93096457  2.06071675  3.00483255  0.51946119  1.30447755  1.38830602
  2.29253924  2.60295528  3.54951332  0.04743338]
Device (GPU) time: 1.1032 seconds
Iters. done: 581 [Current cost: -20.964378654313784]
Current parameters: [ 3.39401515  3.55778762  1.81097794  1.54302111  0.05363007  1.66766899
  2.34394112  0.7132073   2.37722304  3.14304297  2.93067733  3.21332655
  2.45175529  1.31046592  1.68165105  2.96513451  2.93320636  3.14646375
  1.43550289  1.83534155  1.28859382  4.13378595  2.61741607  1.18867005
  1.101533    0.45464127  3.52000533  1.43520977  2.39987978  3.7748941
  2.6136297   2.84032344  2.46204936  3.18783191  4.46210213 -0.27618876
  2.85846302  1.45252108  2.31930763  2.60865968  2.51811229  2.45061139
  0.50685437  2.89758537  2.12326173  2.68548205  0.72830859  0.57663538
  0.13620061  2.84732431  0.04537161  0.05984912 -0.20124818  3.36376129
  0.93091455  2.06069335  3.00484928  0.51946801  1.30448708  1.38831956
  2.29255478  2.60294256  3.54953293  0.04743581]
Device (GPU) time: 1.0946 seconds
Iters. done: 582 [Current cost: -20.987597534536697]
Current parameters: [ 3.3940034   3.55780583  1.81095527  1.54299477  0.05362755  1.66767579
  2.34390402  0.71320785  2.37726631  3.14304141  2.93070302  3.213311
  2.45174071  1.31049112  1.68166406  2.96511925  2.93323335  3.14651693
  1.43546706  1.83526936  1.28867608  4.13374822  2.61733052  1.18861692
  1.10159036  0.45464546  3.52003475  1.43525287  2.39990976  3.77487423
  2.61365638  2.84034302  2.4620636   3.18789135  4.4621218  -0.27623033
  2.85845595  1.45252297  2.3193012   2.60860086  2.51815549  2.45055749
  0.50686055  2.89759682  2.12321196  2.68546988  0.72835683  0.5766618
  0.13619534  2.84730557  0.04541931  0.05985543 -0.20128562  3.363744
  0.93096135  2.060704    3.00483228  0.51949466  1.304473    1.38828162
  2.29252534  2.60295059  3.54951562  0.04743868]
Device (GPU) time: 0.9885 seconds
Iters. done: 583 [Current cost: -20.95976775932796]
Current parameters: [ 3.39403503  3.55775776  1.81102877  1.54304926  0.0536475   1.66770098
  2.34399717  0.71321516  2.37723892  3.14298024  2.93068657  3.21333325
  2.45165439  1.3104699   1.68161111  2.96510056  2.93325101  3.14646447
  1.4355247   1.83526652  1.2886478   4.13372916  2.61731657  1.18859039
  1.10160068  0.45462024  3.52004388  1.43523995  2.39987046  3.77484647
  2.61363293  2.84026374  2.46208487  3.18789664  4.46209179 -0.27618917
  2.85848028  1.45255211  2.31931674  2.60859574  2.51818735  2.45056848
  0.50683134  2.8975993   2.1231936   2.68546801  0.72831889  0.57664486
  0.13621616  2.84731936  0.04548215  0.05987191 -0.2012954   3.36374717
  0.93093742  2.06072152  3.00481944  0.5195589   1.30447959  1.38828985
  2.29256184  2.60294148  3.5495338   0.04743143]
Device (GPU) time: 1.0906 seconds
Iters. done: 584 [Current cost: -21.0911882885014]
Current parameters: [ 3.39401348  3.55779301  1.81099445  1.5430349   0.05360822  1.66768875
  2.3439104   0.71320686  2.3772387   3.14302515  2.93067628  3.21332042
  2.45172806  1.31051851  1.68165857  2.96512845  2.93325014  3.14648977
  1.43548789  1.83528788  1.28867479  4.13374539  2.61732441  1.18859051
  1.10159254  0.45463687  3.52003717  1.43526541  2.39987244  3.77489373
  2.61365779  2.84030571  2.46205636  3.18786846  4.46211094 -0.27621139
  2.85844585  1.45252354  2.31929865  2.60860759  2.51813445  2.45056471
  0.506876    2.89754898  2.12320822  2.68545153  0.72833459  0.57669703
  0.13624641  2.84733071  0.04541695  0.05987811 -0.20124105  3.36372336
  0.93097053  2.06072226  3.004848    0.51945064  1.30447801  1.38829903
  2.29254756  2.60292133  3.54950304  0.04742993]
Device (GPU) time: 1.0847 seconds
Iters. done: 585 [Current cost: -20.89734239837282]
Current parameters: [ 3.39408449  3.55779545  1.81100997  1.54300554  0.05365329  1.66771076
  2.34392387  0.71316854  2.37727459  3.1430646   2.93070592  3.21333907
  2.45173466  1.31046833  1.68165954  2.96510354  2.93325246  3.14645183
  1.43547477  1.83523645  1.28866589  4.13369526  2.61733758  1.18856271
  1.1015968   0.45462927  3.52001921  1.43522143  2.39985558  3.7749089
  2.61359351  2.84030185  2.46206048  3.18791586  4.4621159  -0.27621723
  2.85842071  1.45254012  2.31930255  2.60863722  2.51813124  2.45058761
  0.50685503  2.89756059  2.12322084  2.68544475  0.72837145  0.57662471
  0.13611723  2.8472957   0.04536519  0.05987936 -0.20128282  3.3637055
  0.93096461  2.06071168  3.00485311  0.51942975  1.30449378  1.38822714
  2.29257597  2.60290414  3.54950269  0.047365  ]
Device (GPU) time: 1.0917 seconds
Iters. done: 586 [Current cost: -20.92798314318251]
Current parameters: [ 3.39401927  3.55779569  1.81094531  1.5430215   0.05363983  1.66769039
  2.34393347  0.71320609  2.37725905  3.14300508  2.93069967  3.21333743
  2.45167367  1.31048995  1.68172505  2.96512462  2.93323656  3.14648032
  1.43550715  1.83527934  1.28866763  4.13374365  2.61731275  1.1886178
  1.10159239  0.45463415  3.52005026  1.43525791  2.39987151  3.77489896
  2.61362758  2.8403095   2.46203756  3.1878806   4.46213129 -0.27619966
  2.85845337  1.45250606  2.31931541  2.60862801  2.51814249  2.45054941
  0.50687571  2.89758228  2.12322085  2.68545492  0.72834491  0.57667988
  0.13619566  2.84730398  0.04539856  0.05988059 -0.20126001  3.36376705
  0.93094882  2.06070194  3.00482781  0.51945516  1.30445824  1.3882809
  2.29253948  2.60293731  3.54952489  0.04744008]
Device (GPU) time: 1.1593 seconds
Iters. done: 587 [Current cost: -20.998047268518647]
Current parameters: [ 3.39400711  3.55781731  1.81099131  1.54301434  0.05362936  1.6677648
  2.34396657  0.71320394  2.37727522  3.14297163  2.93070355  3.2132889
  2.45177876  1.31052883  1.68158879  2.965117    2.93326956  3.14650885
  1.43549046  1.83527397  1.28866151  4.13376018  2.61730352  1.18866084
  1.10164091  0.45462256  3.52003889  1.43522929  2.39987633  3.77485023
  2.61355869  2.84030115  2.46207665  3.18787978  4.46211813 -0.27623361
  2.85845962  1.45251454  2.31936543  2.60863129  2.51813137  2.45052849
  0.50690473  2.89757591  2.12320762  2.68548133  0.7283563   0.57668874
  0.13620473  2.84726526  0.04538573  0.05984724 -0.2012103   3.36379244
  0.93092064  2.06069563  3.00482654  0.51943788  1.30446406  1.38825864
  2.29251746  2.60292601  3.54950818  0.04744945]
Device (GPU) time: 0.9928 seconds
Iters. done: 588 [Current cost: -20.94530837255597]
Current parameters: [ 3.39404434  3.55779732  1.81100004  1.54302334  0.05360798  1.66769999
  2.34394095  0.71323034  2.37726654  3.14302206  2.93069936  3.21331132
  2.45171642  1.31050071  1.68166354  2.96511403  2.9332425   3.14650126
  1.43550256  1.8352899   1.28864988  4.13375428  2.61733368  1.1886338
  1.10160071  0.45463903  3.52002285  1.43523877  2.3998728   3.77488089
  2.61364148  2.8403214   2.462034    3.18790064  4.4621229  -0.27620996
  2.8584266   1.45251316  2.31927349  2.60861045  2.51814231  2.45056593
  0.50691702  2.897582    2.12318329  2.6854284   0.72835852  0.57665593
  0.13621191  2.84734722  0.04539924  0.0598693  -0.2013027   3.363754
  0.93093901  2.06071149  3.00480925  0.51945473  1.3044566   1.38828303
  2.29253279  2.60295341  3.54950332  0.0474293 ]
Device (GPU) time: 1.1100 seconds
Iters. done: 589 [Current cost: -20.979668657215885]
Current parameters: [ 3.39403526  3.55782297  1.81098158  1.54300967  0.05357219  1.66769126
  2.34396799  0.71318393  2.37729777  3.14302074  2.93066333  3.21332506
  2.45168079  1.31048303  1.68167825  2.96511413  2.93325292  3.14656235
  1.43547816  1.83533011  1.28859948  4.13378071  2.61734565  1.18860082
  1.10164232  0.45463419  3.5200323   1.43524088  2.39982976  3.77489246
  2.61362157  2.84033107  2.46205788  3.18789444  4.46210657 -0.27621127
  2.8584639   1.45259539  2.31930483  2.60854966  2.51810651  2.45054978
  0.5067995   2.8975455   2.12322546  2.68547169  0.7283327   0.57670706
  0.13618366  2.84728374  0.04537871  0.05990761 -0.20131885  3.36378243
  0.93097898  2.06074771  3.00485833  0.51944567  1.30446741  1.38829076
  2.29251831  2.60298732  3.54949313  0.04743266]
Device (GPU) time: 1.0578 seconds
Iters. done: 590 [Current cost: -20.889726983439235]
Current parameters: [ 3.39402074  3.55779013  1.8109837   1.54297491  0.05362356  1.66769892
  2.34392664  0.71320522  2.37724299  3.14297716  2.93067799  3.21335439
  2.4517312   1.31049974  1.68165817  2.96511825  2.93325687  3.14647515
  1.43553071  1.83526292  1.28866159  4.13376601  2.61730908  1.18861703
  1.10160955  0.45461653  3.52003327  1.43524     2.39988812  3.77488323
  2.61365803  2.84033687  2.4620522   3.18787454  4.46213522 -0.27622369
  2.85843536  1.45254689  2.31927959  2.60861581  2.51813445  2.45056296
  0.50685872  2.89758398  2.12323368  2.68543874  0.72835245  0.57667076
  0.13621363  2.84732241  0.04538751  0.05985345 -0.20129446  3.36377031
  0.93096532  2.06072331  3.00484654  0.51945547  1.30449737  1.38828129
  2.29253538  2.60293177  3.54952779  0.04743388]
Device (GPU) time: 1.0769 seconds
Iters. done: 591 [Current cost: -20.895644048751226]
Current parameters: [ 3.39407404  3.55782741  1.81106453  1.54301539  0.05367996  1.66767429
  2.34385324  0.71319873  2.37727773  3.14301485  2.93071644  3.21338463
  2.45171215  1.31050676  1.68167666  2.96511668  2.93321361  3.14650637
  1.43548303  1.83527692  1.28864394  4.13369654  2.61730836  1.18865035
  1.10156153  0.45466927  3.52002073  1.43528456  2.39986276  3.77482866
  2.61362098  2.84034397  2.46202755  3.18789292  4.46212931 -0.27617168
  2.85849423  1.45254525  2.31933144  2.60863853  2.51806625  2.45055214
  0.50685365  2.8975761   2.12319097  2.68543843  0.72834993  0.57670743
  0.13624066  2.84730227  0.04542485  0.05982904 -0.20129732  3.36377808
  0.93091344  2.06075185  3.00482804  0.51947011  1.30450623  1.38827343
  2.29252556  2.60294533  3.5495025   0.04745574]
Device (GPU) time: 0.9664 seconds
Iters. done: 592 [Current cost: -21.025986014889266]
Current parameters: [ 3.39401866  3.55778607  1.81100378  1.54302171  0.05364346  1.66768103
  2.34394385  0.71318849  2.37725843  3.14301213  2.93071589  3.21332116
  2.45172334  1.31050282  1.68167386  2.96511477  2.93321118  3.14652205
  1.43548636  1.83525948  1.2886701   4.13381295  2.61730298  1.18860327
  1.10159148  0.45463086  3.5200212   1.43526489  2.39986685  3.77488783
  2.61366126  2.84028052  2.46205811  3.18789772  4.46212314 -0.27622038
  2.85844844  1.4525212   2.31929724  2.60861573  2.51810283  2.45057373
  0.5068709   2.8975729   2.12320312  2.68545355  0.72833926  0.57665347
  0.13619344  2.84730152  0.04539767  0.05986164 -0.20128441  3.36376039
  0.93094267  2.06071491  3.00483395  0.51945645  1.30448699  1.38830155
  2.29252564  2.60291556  3.54951786  0.04743869]
Device (GPU) time: 1.1292 seconds
Iters. done: 593 [Current cost: -20.86654420452361]
Current parameters: [ 3.39399246  3.55783453  1.81095654  1.54299935  0.0535919   1.66766895
  2.34394831  0.71319042  2.37719768  3.1429944   2.93067156  3.21332877
  2.45169351  1.31048036  1.68166291  2.96512425  2.93327784  3.14645439
  1.43546563  1.83526728  1.28869466  4.13371735  2.61731867  1.18863017
  1.10161964  0.45461962  3.5200182   1.43523261  2.39992393  3.77488807
  2.61363905  2.84036403  2.46206788  3.1879236   4.46206524 -0.27621211
  2.85845853  1.45251505  2.31931387  2.60863287  2.51802262  2.4505776
  0.50688029  2.89755     2.12317478  2.68542978  0.72830871  0.5766008
  0.13619823  2.84727697  0.04542267  0.05990427 -0.2012878   3.36374848
  0.93092288  2.06077548  3.00479847  0.51946154  1.30444837  1.38831089
  2.29252107  2.60292716  3.54950442  0.04745353]
Device (GPU) time: 1.1085 seconds
Iters. done: 594 [Current cost: -20.934194507842516]
Current parameters: [ 3.39401199  3.55777501  1.81099354  1.54303059  0.05360361  1.6676741
  2.34392811  0.7131965   2.37722607  3.14301817  2.93067461  3.21331932
  2.45171155  1.31052226  1.68166148  2.96512637  2.93323383  3.14650193
  1.43549174  1.83529416  1.28866446  4.13373123  2.61730296  1.18862009
  1.10160776  0.45464026  3.52002576  1.43524378  2.39986818  3.77487048
  2.61363976  2.84031625  2.4620624   3.18786983  4.46213816 -0.27618864
  2.85845176  1.45250603  2.31930756  2.60860436  2.5181087   2.45058351
  0.50687231  2.89761237  2.12320868  2.68546491  0.72839557  0.57666557
  0.13619315  2.84730114  0.04540419  0.05986284 -0.20129489  3.363771
  0.93095475  2.0607244   3.00486373  0.51945985  1.30445713  1.3882864
  2.29252369  2.60292585  3.54953122  0.04740102]
Device (GPU) time: 0.9868 seconds
Iters. done: 595 [Current cost: -21.047898727934964]
Current parameters: [ 3.39401058  3.55782267  1.81093903  1.54304122  0.0536136   1.66769726
  2.34391251  0.71323165  2.37727312  3.14298909  2.93068644  3.21326844
  2.45168518  1.31049599  1.68166189  2.96510856  2.93323001  3.14646487
  1.43551394  1.83525877  1.28864502  4.13374509  2.61733791  1.18861308
  1.10156467  0.45465373  3.52000897  1.43523172  2.39984939  3.7748894
  2.6136504   2.84030866  2.46206471  3.18785984  4.4621488  -0.27625465
  2.85843206  1.4525678   2.31934795  2.60858355  2.51807126  2.45056436
  0.50688658  2.89763641  2.12319404  2.68543688  0.728385    0.57669278
  0.13618197  2.84729398  0.0454165   0.05981193 -0.20128765  3.36377008
  0.93098588  2.06073646  3.00478871  0.51947075  1.3045095   1.38833948
  2.29263558  2.60290853  3.5494448   0.04742966]
Device (GPU) time: 1.1160 seconds
Iters. done: 596 [Current cost: -20.85150533533083]
Current parameters: [ 3.39402204  3.55779472  1.81097488  1.54302647  0.0536624   1.66770142
  2.34392917  0.71321898  2.3772546   3.14302089  2.93067605  3.21330082
  2.45170786  1.3104968   1.68166188  2.96510061  2.93322848  3.14647638
  1.43547708  1.83528378  1.28864626  4.13374941  2.61729935  1.18861183
  1.1015806   0.45461267  3.52001323  1.43522851  2.39987499  3.77489401
  2.61363743  2.84033034  2.46201771  3.18786808  4.46209635 -0.27624931
  2.85844439  1.45254117  2.31929895  2.6086275   2.51812541  2.45056861
  0.50685997  2.89757394  2.12317224  2.68545279  0.72835404  0.57669079
  0.13620688  2.84730725  0.04541389  0.05985966 -0.20128479  3.36376496
  0.93096408  2.0607256   3.00484906  0.51945885  1.3044697   1.38829511
  2.29249723  2.60292997  3.54953924  0.04741594]
Device (GPU) time: 1.0757 seconds
Iters. done: 597 [Current cost: -20.942270917834442]
Current parameters: [ 3.3940174   3.55776247  1.81100024  1.54303216  0.05367303  1.66762158
  2.34395125  0.71316314  2.3772231   3.14297584  2.93072305  3.21333052
  2.45174117  1.3104907   1.68165331  2.96510445  2.93330523  3.14650618
  1.43547166  1.83528397  1.28868133  4.13370834  2.61732417  1.18863419
  1.10156555  0.45462266  3.52005686  1.43523606  2.39986776  3.77491432
  2.61365047  2.84030609  2.46206418  3.1877976   4.46209868 -0.27620432
  2.85848549  1.45253727  2.31927462  2.60862622  2.51812644  2.45053574
  0.50686179  2.89759911  2.12318512  2.68543643  0.72834969  0.57668441
  0.13619687  2.84730542  0.04538669  0.05988678 -0.20132339  3.36378659
  0.93096344  2.06063908  3.0048015   0.51945489  1.30445262  1.38828754
  2.29249812  2.60295583  3.54940648  0.04740225]
Device (GPU) time: 0.9669 seconds
Iters. done: 598 [Current cost: -20.95983734641383]
Current parameters: [ 3.39400359  3.55779002  1.81095476  1.54305613  0.05362781  1.66769716
  2.34392568  0.71320542  2.37723393  3.14300555  2.93070608  3.21333686
  2.45171657  1.31049958  1.68165725  2.96512163  2.93322843  3.14650965
  1.43546932  1.83526748  1.28864243  4.1337262   2.61731602  1.18862104
  1.10160022  0.45462927  3.52003991  1.43524892  2.39988166  3.77485939
  2.61363099  2.8403115   2.46205442  3.18788475  4.46211376 -0.27619504
  2.85840424  1.45253214  2.31929083  2.60862204  2.518133    2.45057584
  0.50686364  2.89757873  2.12320562  2.68544104  0.72833146  0.57667445
  0.13619836  2.8473121   0.04539381  0.05986063 -0.20129208  3.36376897
  0.93096014  2.06071537  3.00483852  0.51945703  1.30450473  1.38829074
  2.29252351  2.60293987  3.54950065  0.0474349 ]
Device (GPU) time: 1.0644 seconds
Iters. done: 599 [Current cost: -20.84555730338143]
Current parameters: [ 3.39402078  3.55779909  1.81098335  1.54300685  0.05363078  1.66768985
  2.34393042  0.71319573  2.37724386  3.14300757  2.9307073   3.21330323
  2.45170821  1.3104897   1.68165481  2.96512015  2.93323847  3.14649816
  1.43548698  1.83528456  1.28866274  4.13373561  2.61731007  1.18862141
  1.10159247  0.45463878  3.52003183  1.43524464  2.39986904  3.77487706
  2.61364159  2.84031119  2.4620434   3.18787458  4.4621188  -0.27621993
  2.85844807  1.45251771  2.31929173  2.60861606  2.51812765  2.4505765
  0.506864    2.8975818   2.12320721  2.68545158  0.72835137  0.57667013
  0.13620978  2.84730881  0.0453976   0.05988038 -0.20128615  3.36375961
  0.93095765  2.06071838  3.00484187  0.51945376  1.30449071  1.38828617
  2.29254164  2.60294129  3.54950967  0.04744743]
Device (GPU) time: 1.1180 seconds
Iters. done: 600 [Current cost: -20.990432289331466]
Current parameters: [ 3.3939999   3.55775235  1.81100576  1.54301039  0.05362806  1.66767871
  2.34393186  0.71323614  2.3772365   3.1430222   2.9307009   3.2133314
  2.45170042  1.31052226  1.68165846  2.9651169   2.93324521  3.14650963
  1.43549013  1.83529096  1.2886577   4.13373824  2.61730226  1.18861004
  1.10158204  0.45464307  3.52002411  1.43524283  2.39988385  3.7748713
  2.61363143  2.84033571  2.46203398  3.18788344  4.46213316 -0.27623572
  2.85844964  1.45254025  2.31930839  2.60861646  2.51813502  2.45058026
  0.50685887  2.89758049  2.12320366  2.6854536   0.72833222  0.57666436
  0.13618345  2.84729901  0.0453864   0.05987762 -0.20127163  3.36375867
  0.93095825  2.06071597  3.00481836  0.51944677  1.30447112  1.38828092
  2.29254725  2.60293458  3.54949867  0.04745228]
Device (GPU) time: 1.1577 seconds
Iters. done: 601 [Current cost: -21.011035631490365]
Current parameters: [ 3.39401314  3.55779029  1.81098859  1.54302621  0.05362059  1.66769136
  2.3439352   0.71320952  2.3772451   3.14301426  2.93069439  3.2133269
  2.45171829  1.31046451  1.68166482  2.9651181   2.93323764  3.146494
  1.43549543  1.83527516  1.28866627  4.13374418  2.61731196  1.1886141
  1.10159299  0.4546489   3.52001866  1.43524877  2.39987808  3.77486941
  2.6136471   2.84031626  2.46204235  3.18786925  4.46211552 -0.27621774
  2.85844545  1.45252866  2.31930744  2.60860825  2.51813051  2.45056946
  0.50686858  2.89757632  2.12320565  2.68545344  0.72835573  0.5766703
  0.13620344  2.84730763  0.04539467  0.05986876 -0.2012787   3.36376382
  0.93095627  2.06071943  3.00483482  0.51945293  1.30447963  1.38827997
  2.29252262  2.60293279  3.54949789  0.0474397 ]
Device (GPU) time: 0.9649 seconds
Iters. done: 602 [Current cost: -20.97829049104176]
Current parameters: [ 3.39402813  3.55780316  1.81097365  1.54302125  0.05362148  1.66770429
  2.34392928  0.71319856  2.3772422   3.14302139  2.93071072  3.21330927
  2.45170491  1.31051529  1.68162488  2.96510928  2.93322112  3.14647925
  1.43549558  1.83527471  1.28866274  4.13373857  2.61732524  1.18861954
  1.10159769  0.45465127  3.52002889  1.43527201  2.39988773  3.77488701
  2.61366855  2.84031952  2.46202761  3.18785828  4.46213262 -0.2761949
  2.85845731  1.45254386  2.3193179   2.60861636  2.51813783  2.45055654
  0.50686181  2.89757128  2.12320954  2.68545087  0.72833759  0.57666655
  0.13618327  2.84731643  0.0453878   0.05988682 -0.20130259  3.36377133
  0.93095338  2.06072049  3.00483121  0.51945557  1.30445978  1.38828258
  2.29252327  2.60291142  3.54950948  0.04744356]
Device (GPU) time: 1.0799 seconds
Iters. done: 603 [Current cost: -20.888003090045668]
Current parameters: [ 3.39402843  3.5577825   1.81098015  1.54302345  0.05362324  1.66768795
  2.34393372  0.71319784  2.37724411  3.14301712  2.93070048  3.21331688
  2.45170831  1.31048841  1.68165607  2.96511591  2.93323983  3.14649968
  1.43549217  1.83526898  1.28867317  4.13374606  2.6173179   1.18861414
  1.10159672  0.45464113  3.52003392  1.43525094  2.39987643  3.77487327
  2.6136378   2.84033178  2.46205148  3.1878696   4.46212358 -0.27622196
  2.85845051  1.45253128  2.31931754  2.60861187  2.5181178   2.45057247
  0.50687078  2.8975797   2.12319646  2.68544704  0.72833559  0.57667408
  0.13620242  2.8473262   0.04539239  0.0598678  -0.2012845   3.36376343
  0.93095552  2.06070421  3.00484122  0.51945234  1.30448459  1.38828909
  2.29253554  2.60294752  3.54952004  0.04743239]
Device (GPU) time: 1.1076 seconds
Iters. done: 604 [Current cost: -20.978679895293528]
Current parameters: [ 3.39399406  3.5577868   1.81099231  1.54303514  0.05364551  1.66767599
  2.34393131  0.71321494  2.37727221  3.14301007  2.93070775  3.21330857
  2.45170431  1.31049083  1.68164329  2.96510675  2.93323173  3.14647907
  1.43551157  1.83526535  1.28866633  4.1337423   2.61733312  1.18860432
  1.101588    0.45464675  3.52004583  1.43524375  2.39987377  3.77486886
  2.61365244  2.84034014  2.46207498  3.18787859  4.46211981 -0.27620227
  2.85844124  1.45253327  2.31929131  2.60861918  2.51811794  2.45058739
  0.50687323  2.89756485  2.12321094  2.68546312  0.72836919  0.57668712
  0.13621662  2.84728414  0.04538563  0.05988853 -0.2012902   3.36375407
  0.93095138  2.06071158  3.00481764  0.51943886  1.30447093  1.38828325
  2.29252867  2.60295611  3.54953021  0.04743702]
Device (GPU) time: 1.0968 seconds
Iters. done: 605 [Current cost: -20.896148484010173]
Current parameters: [ 3.39401461  3.55779178  1.81098254  1.5430215   0.05362709  1.66769041
  2.34393155  0.713208    2.37724688  3.14301376  2.9306981   3.21331641
  2.45171636  1.31049511  1.68165922  2.96511324  2.93323439  3.14651033
  1.435508    1.83527329  1.28866794  4.13373853  2.61731666  1.18861902
  1.10159386  0.45466051  3.52003686  1.43525253  2.39987711  3.77488749
  2.61362693  2.84031965  2.4620532   3.18786661  4.46210351 -0.27621985
  2.85844964  1.45253344  2.31929316  2.60861587  2.5181284   2.45057052
  0.50686257  2.89758154  2.12321167  2.68543873  0.7283468   0.57667297
  0.13619703  2.84730964  0.04540379  0.05986899 -0.20128835  3.3637562
  0.93094942  2.06072143  3.0048299   0.51944863  1.30448009  1.3882926
  2.29252907  2.60292903  3.5495178   0.0474334 ]
Device (GPU) time: 1.0994 seconds
Iters. done: 606 [Current cost: -20.908337463166056]
Current parameters: [ 3.39401089  3.55780752  1.81098572  1.54301485  0.05363699  1.66769575
  2.34394444  0.71318715  2.37724768  3.14301643  2.9306802   3.2133258
  2.45171705  1.31049887  1.68166255  2.96512561  2.93323143  3.14650179
  1.4355176   1.83527386  1.28866711  4.13372917  2.61731697  1.18862188
  1.10158348  0.45465608  3.52004116  1.43524906  2.39986119  3.77485754
  2.61364785  2.8403254   2.46204631  3.18789314  4.46213534 -0.27624103
  2.85843664  1.45252225  2.31930763  2.60862793  2.51813321  2.45056992
  0.50685857  2.89759603  2.12319249  2.68548012  0.72833244  0.57667437
  0.13621291  2.84731934  0.04537257  0.05989676 -0.20128645  3.36375042
  0.93094658  2.0607228   3.00482524  0.51946592  1.30447991  1.38831101
  2.29251726  2.60292824  3.54949379  0.04740649]
Device (GPU) time: 0.9817 seconds
Iters. done: 607 [Current cost: -20.883131338861396]
Current parameters: [ 3.39402234  3.55779279  1.81098294  1.54302645  0.0536282   1.66768865
  2.34393868  0.71320502  2.3772483   3.14301513  2.9306989   3.2133232
  2.45171389  1.31049763  1.68165654  2.96512286  2.93324137  3.14648433
  1.43548458  1.8352799   1.28867389  4.13374746  2.61731974  1.18862031
  1.10159809  0.45464619  3.52002612  1.43526193  2.39986496  3.7748844
  2.61363738  2.84032713  2.46204871  3.18787107  4.46212605 -0.27622065
  2.85844105  1.45253677  2.31929423  2.60860903  2.5181285   2.45057867
  0.50686484  2.89759003  2.12320414  2.68543793  0.72834954  0.57667752
  0.136204    2.84729751  0.04538602  0.05987668 -0.20127615  3.36375425
  0.93094437  2.06071641  3.00483141  0.51947254  1.30448561  1.38828741
  2.29252352  2.60293789  3.54951165  0.04743904]
Device (GPU) time: 1.1058 seconds
Iters. done: 608 [Current cost: -20.956514297495847]
Current parameters: [ 3.39401119  3.55780137  1.81100221  1.54302549  0.05362443  1.66767946
  2.34393222  0.71319795  2.3772458   3.14302503  2.93071088  3.21330834
  2.45171762  1.31048859  1.68167023  2.9651076   2.93323791  3.14650339
  1.43549004  1.83525912  1.28868521  4.13375152  2.61731333  1.18862351
  1.10159437  0.4546154   3.52003007  1.43522399  2.39987161  3.77485965
  2.6136166   2.84032402  2.46204236  3.18785334  4.46213129 -0.2761986
  2.85844474  1.45253319  2.31930822  2.60862771  2.51814034  2.45056601
  0.50685945  2.89757155  2.12321658  2.6854359   0.72835505  0.57667856
  0.13620148  2.84732     0.04537253  0.05987361 -0.20128525  3.36374791
  0.93097256  2.06074708  3.00482512  0.51947982  1.30445695  1.38831463
  2.29253614  2.60293647  3.54951435  0.04744537]
Device (GPU) time: 1.0622 seconds
Iters. done: 609 [Current cost: -20.873052221093992]
Current parameters: [ 3.39401542  3.55779663  1.81097951  1.54302583  0.05363129  1.66768692
  2.34391891  0.71320444  2.37725447  3.14302177  2.9306923   3.21332496
  2.45171137  1.31049639  1.68165173  2.96511472  2.93324525  3.14649174
  1.43549956  1.83528119  1.28867435  4.13375254  2.61731242  1.18862501
  1.10159236  0.4546423   3.52003247  1.43524256  2.39988608  3.77487116
  2.61364282  2.8403065   2.46204603  3.18788302  4.46211251 -0.27621566
  2.8584566   1.45252737  2.31930742  2.60861009  2.51813635  2.45058297
  0.50686707  2.8975791   2.12320408  2.68543519  0.72834404  0.57667726
  0.13620117  2.84730161  0.04538464  0.05987849 -0.2012877   3.36376808
  0.9309541   2.06071798  3.00483726  0.51945507  1.3044816   1.38829439
  2.29253586  2.60294253  3.54950673  0.04742499]
Device (GPU) time: 1.0883 seconds
Iters. done: 610 [Current cost: -20.96916034544474]
Current parameters: [ 3.39401713  3.55777205  1.81097505  1.54303301  0.05365117  1.66769807
  2.34394693  0.71319365  2.37725132  3.14303459  2.93070541  3.21331037
  2.45171182  1.31048143  1.68165279  2.96511939  2.93326356  3.14651436
  1.43549852  1.8352775   1.28866876  4.13373078  2.61731858  1.18863387
  1.10159698  0.45462972  3.52001167  1.43525748  2.3998801   3.77489659
  2.61364178  2.84033551  2.46204169  3.18790814  4.46212287 -0.27621086
  2.8584536   1.45252498  2.31930678  2.60860547  2.51811888  2.45059254
  0.50685899  2.89757885  2.12323601  2.68545024  0.72835398  0.576686
  0.13623062  2.84732258  0.04539283  0.05986632 -0.20128783  3.36377718
  0.93096466  2.06071699  3.00481859  0.51946259  1.30447435  1.38828688
  2.29253418  2.60290683  3.54950903  0.04743361]
Device (GPU) time: 0.9727 seconds
Iters. done: 611 [Current cost: -20.888136354557126]
Current parameters: [ 3.39401727  3.55780334  1.81099338  1.54302828  0.05362767  1.66768604
  2.34395277  0.71320855  2.37725775  3.14302886  2.93070085  3.21332022
  2.45171496  1.31049546  1.68166124  2.96511968  2.93325261  3.14649734
  1.43549675  1.83527993  1.28866385  4.13374012  2.61730795  1.18862296
  1.10158253  0.45463759  3.52004109  1.43524902  2.39989134  3.77488336
  2.61364784  2.84032424  2.46205001  3.18786968  4.46212276 -0.27621061
  2.85844038  1.45252816  2.31930607  2.60861286  2.51812584  2.45056492
  0.50686783  2.89758267  2.12320269  2.68545155  0.72834779  0.57667447
  0.13619947  2.84730585  0.04539349  0.05987294 -0.20128722  3.363759
  0.93095572  2.06072017  3.00483872  0.51945407  1.30449555  1.38829196
  2.2925336   2.60293107  3.54951632  0.04743786]
Device (GPU) time: 1.0791 seconds
Iters. done: 612 [Current cost: -20.97019037817697]
Current parameters: [ 3.39402367  3.55779158  1.81097031  1.54302859  0.05361932  1.66769959
  2.34394562  0.71321396  2.37728476  3.14302498  2.93070315  3.21333757
  2.45172339  1.31049467  1.6816518   2.96511734  2.93321514  3.14648605
  1.43549475  1.83529105  1.28867505  4.13373524  2.61729838  1.18859791
  1.10160583  0.45462666  3.52003035  1.43523351  2.39986301  3.77486489
  2.61363865  2.84034632  2.46205672  3.18786195  4.46212522 -0.2762107
  2.85848344  1.45250453  2.31927894  2.60861744  2.51812417  2.45058342
  0.50686691  2.89758506  2.12320958  2.68544536  0.72833061  0.57666779
  0.13620059  2.84730987  0.04540522  0.05987282 -0.20128542  3.36376702
  0.93096385  2.06071115  3.00483035  0.51945242  1.30448846  1.38830291
  2.29252931  2.60291856  3.54949305  0.04743891]
Device (GPU) time: 1.0679 seconds
Iters. done: 613 [Current cost: -21.006317502931065]
Current parameters: [ 3.39402614  3.55778835  1.81098238  1.54303434  0.05363554  1.66766872
  2.34393362  0.71320428  2.37725263  3.14301066  2.93068556  3.21332447
  2.45172635  1.31048912  1.68165066  2.96511658  2.93323099  3.14649567
  1.43549397  1.8352767   1.2886666   4.1337413   2.61731458  1.18862864
  1.10161228  0.4546429   3.52003756  1.43524808  2.39987736  3.77488552
  2.61364097  2.84031985  2.46203823  3.1878787   4.46212509 -0.27621953
  2.8584483   1.45252721  2.31930338  2.60861667  2.51812814  2.45057019
  0.50686627  2.89757685  2.12320426  2.6854575   0.72835134  0.57667389
  0.13619646  2.8473117   0.04539681  0.05987974 -0.20128272  3.36375885
  0.93096434  2.06072177  3.00482285  0.51945501  1.30448618  1.38829331
  2.292538    2.60293656  3.54951478  0.0474425 ]
Device (GPU) time: 1.0419 seconds
Iters. done: 614 [Current cost: -20.984609468895314]
Current parameters: [ 3.39402484  3.55777231  1.81097001  1.543007    0.05362466  1.66766218
  2.34392779  0.71321972  2.37726003  3.14301968  2.93074111  3.21330636
  2.45173823  1.31048386  1.68166173  2.96512731  2.93325013  3.1464844
  1.43550998  1.83527352  1.28863615  4.13373905  2.61731518  1.18861562
  1.10160621  0.45463305  3.52005036  1.43524929  2.39986954  3.77486832
  2.61364409  2.84031132  2.46203993  3.18787569  4.46212524 -0.27621471
  2.85844704  1.4525362   2.31931951  2.60860418  2.51812005  2.45058045
  0.50686932  2.89759465  2.1232046   2.68543679  0.72833439  0.57667413
  0.13620779  2.84730708  0.04540698  0.05988858 -0.20127066  3.363757
  0.93095267  2.06074162  3.00483843  0.51945471  1.30447694  1.38829253
  2.29251079  2.60292806  3.54950955  0.04741742]
Device (GPU) time: 1.1819 seconds
Iters. done: 615 [Current cost: -21.10082826716009]
Current parameters: [ 3.39402622  3.5577789   1.81097459  1.54302221  0.05362244  1.66769284
  2.34393324  0.71320636  2.37725488  3.14301552  2.93070529  3.21332548
  2.45171413  1.31049538  1.6816581   2.96511566  2.93323581  3.14650674
  1.43549398  1.83527255  1.28867295  4.13373831  2.6173166   1.18862263
  1.10159725  0.45463128  3.52002222  1.43524065  2.39988068  3.77487651
  2.61364983  2.84032222  2.46204019  3.18786836  4.46211611 -0.27621458
  2.8584447   1.45253521  2.31930304  2.60861606  2.51812768  2.45056433
  0.50686038  2.89757581  2.12320676  2.6854549   0.72835816  0.57667377
  0.13621088  2.84730085  0.04539598  0.05988304 -0.20128316  3.36375438
  0.93093293  2.06071655  3.00483131  0.51945409  1.30448664  1.38830091
  2.29254052  2.60293569  3.54950996  0.04742683]
Device (GPU) time: 1.1232 seconds
Iters. done: 616 [Current cost: -20.95466895069505]
Current parameters: [ 3.39401725  3.55777456  1.81098028  1.54302408  0.05363169  1.6677118
  2.34393126  0.71320604  2.37724849  3.14301802  2.93068213  3.2133172
  2.45172261  1.31049826  1.68166873  2.96511527  2.93324019  3.14648432
  1.4354666   1.83527005  1.2886741   4.13375935  2.61731162  1.18862183
  1.10158709  0.45465243  3.52006804  1.4352099   2.39987068  3.7748812
  2.61364573  2.84031553  2.46204006  3.18787388  4.46212373 -0.27620653
  2.85845465  1.45253296  2.31931714  2.60860026  2.51811743  2.45058193
  0.50686197  2.89759683  2.12322143  2.68545436  0.72834542  0.57668365
  0.13620986  2.84732425  0.04540063  0.05988123 -0.2013068   3.36373911
  0.9309362   2.06072777  3.00481758  0.5194476   1.30448866  1.38827004
  2.29251924  2.60292969  3.54950302  0.0474492 ]
Device (GPU) time: 0.9959 seconds
Iters. done: 617 [Current cost: -20.900247711751604]
Current parameters: [ 3.39402054  3.55778757  1.81098183  1.54302564  0.0536172   1.66769121
  2.34393669  0.71320954  2.37725132  3.14301352  2.93070173  3.21332025
  2.45171513  1.31049512  1.68165658  2.96510414  2.93324289  3.14649849
  1.4354961   1.83527849  1.28866248  4.13374231  2.61731496  1.18861714
  1.10159493  0.45464323  3.52004339  1.43524993  2.39987197  3.77487115
  2.61365271  2.84032129  2.46203738  3.18788589  4.46210447 -0.27621707
  2.85845396  1.45252913  2.31930364  2.6086321   2.51811499  2.45056965
  0.50686544  2.8975844   2.12321398  2.68544558  0.7283571   0.57667834
  0.13619916  2.84730971  0.045384    0.05987164 -0.20128022  3.36375062
  0.93096335  2.06070833  3.00483648  0.51947015  1.3044819   1.38829096
  2.29252886  2.60293391  3.54950944  0.04743833]
Device (GPU) time: 1.1071 seconds
Iters. done: 618 [Current cost: -20.937963530260216]
Current parameters: [ 3.39401734  3.55779737  1.81098735  1.54301121  0.05361212  1.66768908
  2.34393376  0.71319707  2.37725303  3.14301124  2.93070951  3.21333329
  2.45171307  1.31048655  1.68165241  2.96514074  2.93324049  3.14648408
  1.4354836   1.83526953  1.28866826  4.13375594  2.61731851  1.18861881
  1.10158425  0.45462464  3.52003654  1.43526942  2.39988961  3.77486533
  2.61361802  2.84032024  2.46202879  3.18788344  4.46209527 -0.27620023
  2.85845783  1.45255086  2.31928887  2.60860763  2.51813034  2.45058945
  0.50686399  2.89761215  2.12318849  2.68547494  0.72836363  0.57668856
  0.13619715  2.84732229  0.0453972   0.05988199 -0.20127997  3.36375587
  0.93096623  2.06070461  3.00481622  0.51943145  1.30447558  1.38830593
  2.29253684  2.60292341  3.54951808  0.04743719]
Device (GPU) time: 1.1427 seconds
Iters. done: 619 [Current cost: -20.908364965171813]
Current parameters: [ 3.39401393  3.55778731  1.81098394  1.54302292  0.05363821  1.66769271
  2.34393594  0.71319354  2.37724693  3.1430145   2.93070559  3.21332294
  2.45171624  1.3104972   1.68166059  2.96512033  2.93323617  3.14649125
  1.43549759  1.83527962  1.28866733  4.1337412   2.61731843  1.18863182
  1.10159044  0.45464548  3.52003417  1.43523571  2.39986731  3.77486858
  2.61364926  2.84033062  2.4620483   3.18788533  4.46211553 -0.27621125
  2.85844842  1.4525367   2.31929869  2.6085957   2.51812793  2.45056395
  0.5068678   2.89757287  2.12320255  2.68544211  0.72835426  0.57667253
  0.13619055  2.84731324  0.04539985  0.05987614 -0.20127218  3.36375664
  0.93095949  2.0607115   3.00483902  0.51945383  1.30447985  1.38830055
  2.29252978  2.60292877  3.54951197  0.04743982]
Device (GPU) time: 1.0985 seconds
Iters. done: 620 [Current cost: -20.973442109326896]
Current parameters: [ 3.39401405  3.55780409  1.81098928  1.54302335  0.05361444  1.66770098
  2.3439399   0.71320066  2.37725458  3.14303499  2.93069327  3.21332081
  2.45171603  1.31049952  1.68166606  2.96512357  2.93323379  3.14650268
  1.43550437  1.83524922  1.2886581   4.13374244  2.61731493  1.18864483
  1.10160166  0.45463857  3.52003324  1.4352373   2.3998783   3.77487726
  2.61365794  2.84031123  2.46204727  3.18786585  4.46213842 -0.27621528
  2.8584478   1.45253877  2.31929604  2.60863376  2.51811495  2.45059919
  0.50683002  2.89758263  2.12318979  2.68543049  0.7283528   0.57667066
  0.13620655  2.84730926  0.04542342  0.05988572 -0.20125789  3.36376669
  0.93096818  2.06069624  3.00482116  0.51945348  1.30446957  1.38827022
  2.29253163  2.60294663  3.54950689  0.04743414]
Device (GPU) time: 1.0219 seconds
Iters. done: 621 [Current cost: -21.012307317943783]
Current parameters: [ 3.39400323  3.55777857  1.8109894   1.5430175   0.05361551  1.66768334
  2.34393243  0.71319527  2.3772755   3.14301578  2.93069513  3.21331858
  2.45171065  1.31049855  1.68166046  2.96511395  2.93324263  3.14648521
  1.4354885   1.83526933  1.28867138  4.13373503  2.61732075  1.18863376
  1.10159381  0.45464158  3.52002596  1.43525198  2.3998686   3.77487494
  2.61364049  2.84031381  2.46204135  3.18787288  4.4621148  -0.27621858
  2.858441    1.45252937  2.31930221  2.60861599  2.51812644  2.45057093
  0.50686722  2.8975783   2.12321076  2.68545319  0.72833838  0.57667144
  0.13620273  2.84731141  0.04539862  0.05986975 -0.20128978  3.36376164
  0.93095816  2.06071563  3.00483422  0.51945608  1.3044833   1.38829145
  2.29252728  2.60293154  3.54951345  0.04743545]
Device (GPU) time: 1.1199 seconds
Iters. done: 622 [Current cost: -20.962312097262313]
Current parameters: [ 3.39403012  3.55779936  1.81096323  1.54302676  0.05363971  1.66767631
  2.34393253  0.71319569  2.37725043  3.14303384  2.93070271  3.21332731
  2.45171134  1.3105152   1.68165436  2.96511049  2.93325927  3.14649773
  1.43550781  1.83529281  1.2886822   4.13376803  2.61731307  1.18861372
  1.10158775  0.45464341  3.52002427  1.43524978  2.39985721  3.77484324
  2.61363717  2.84032733  2.46203819  3.18785471  4.46209847 -0.27621658
  2.85842399  1.45253181  2.31930443  2.60861707  2.51811774  2.45056984
  0.50686847  2.89758076  2.12322028  2.68546295  0.72835544  0.57665592
  0.13620264  2.8473182   0.04541746  0.05988947 -0.20127893  3.36377197
  0.93096814  2.06072496  3.00481083  0.51945934  1.30449171  1.38826381
  2.2925316   2.60293553  3.54951174  0.04743182]
Device (GPU) time: 1.1175 seconds
Iters. done: 623 [Current cost: -20.98177384583697]
Current parameters: [ 3.39402661  3.55778367  1.81097833  1.54301546  0.05362646  1.66769721
  2.3439232   0.71320306  2.37725556  3.14302432  2.93069731  3.2133217
  2.4517264   1.31049947  1.68166505  2.96512094  2.93323743  3.14650009
  1.43549251  1.83527537  1.28867271  4.1337422   2.6173242   1.18861861
  1.10158701  0.45464393  3.5200326   1.43524893  2.39987785  3.7748853
  2.6136413   2.84032441  2.46204904  3.18787349  4.46211953 -0.27621664
  2.85843726  1.45252668  2.3193041   2.60862072  2.51811743  2.45057297
  0.50687103  2.89758336  2.12320404  2.68544722  0.7283566   0.57667289
  0.136204    2.84730459  0.04538463  0.05988371 -0.20128158  3.36377323
  0.93096927  2.06072153  3.00483484  0.51944379  1.30448045  1.38830106
  2.29252038  2.60293754  3.54950521  0.04744798]
Device (GPU) time: 1.0550 seconds
Iters. done: 624 [Current cost: -20.99152763825451]
Current parameters: [ 3.39404037  3.55776624  1.81100096  1.54302522  0.05363638  1.66770675
  2.34395037  0.71321175  2.37725123  3.14300922  2.93069422  3.21333227
  2.45170263  1.31049114  1.68164455  2.96511636  2.93324245  3.14648597
  1.43550449  1.83526949  1.28866643  4.13373387  2.61733067  1.18860349
  1.10158715  0.4546388   3.52003514  1.43524269  2.39987702  3.77487784
  2.61363672  2.8402981   2.46206793  3.18788414  4.46210637 -0.27620599
  2.85845042  1.45253371  2.31931782  2.60861331  2.51814625  2.4505714
  0.50685822  2.89759721  2.12320079  2.68545692  0.72834547  0.57665324
  0.13621248  2.84730429  0.04542871  0.05988792 -0.20128704  3.36377272
  0.93097101  2.06072353  3.00483407  0.5194905   1.30447942  1.38830854
  2.292529    2.60294913  3.54951519  0.04745145]
Device (GPU) time: 1.0756 seconds
Iters. done: 625 [Current cost: -20.911621984723773]
Current parameters: [ 3.39401913  3.55779289  1.81098591  1.54301857  0.05362552  1.66768018
  2.34392608  0.71320688  2.37724828  3.14301598  2.93070508  3.21333286
  2.45170838  1.31049139  1.68166519  2.96511319  2.933239    3.14649897
  1.43549606  1.83527192  1.2886646   4.13374443  2.61731805  1.18861705
  1.10159253  0.45464458  3.52002653  1.43524398  2.39986472  3.77488915
  2.61365726  2.8403324   2.46204333  3.18787114  4.46210817 -0.27620755
  2.85843742  1.45251802  2.31930884  2.60860972  2.51813315  2.45058922
  0.50685781  2.89758408  2.12319739  2.68544819  0.72834502  0.57667752
  0.13620058  2.84731231  0.04539591  0.05987997 -0.20129595  3.3637548
  0.93096291  2.06071622  3.00482987  0.51946034  1.30448391  1.38829577
  2.29253386  2.60292924  3.54951379  0.04743623]
Device (GPU) time: 1.0329 seconds
Iters. done: 626 [Current cost: -20.972984783361966]
Current parameters: [ 3.39401268  3.55781323  1.81099237  1.54301432  0.05362703  1.66771136
  2.34393779  0.71320997  2.37725831  3.14299277  2.93071369  3.21332494
  2.45173833  1.31051125  1.6816352   2.96511476  2.93325494  3.1465052
  1.43549038  1.83526986  1.2886594   4.13375157  2.61731478  1.18863406
  1.10161547  0.45463802  3.52002521  1.43523236  2.39986146  3.77488406
  2.61362058  2.84032833  2.46205514  3.18787248  4.46210762 -0.27621456
  2.85844368  1.45250605  2.31934553  2.60861631  2.51813722  2.45057106
  0.50687683  2.8975821   2.1232014   2.68546563  0.72834578  0.57668447
  0.13620343  2.84728954  0.04539592  0.05986861 -0.20126284  3.36376611
  0.93095179  2.0607022   3.00482887  0.51944943  1.30447306  1.38828123
  2.29252787  2.60292876  3.54950969  0.04743853]
Device (GPU) time: 1.0677 seconds
Iters. done: 627 [Current cost: -20.936077754643065]
Current parameters: [ 3.39402772  3.55779146  1.81098999  1.54303882  0.05361577  1.66768638
  2.34392309  0.71319361  2.3772498   3.14300911  2.9307036   3.21330708
  2.45171223  1.3105018   1.68166675  2.96511892  2.93323971  3.14648998
  1.43550526  1.83527424  1.28866365  4.13374846  2.61731469  1.18861926
  1.10159258  0.45463666  3.52003419  1.43524438  2.39988086  3.77488038
  2.61363586  2.84033372  2.4620433   3.18788095  4.46211757 -0.27621795
  2.85844989  1.45253117  2.31930672  2.60861404  2.51813748  2.45057781
  0.50685889  2.89757836  2.12320917  2.68545482  0.72835029  0.57666118
  0.13620869  2.84730185  0.04539719  0.05987127 -0.20128549  3.36375828
  0.93095691  2.06071117  3.00483015  0.51945411  1.30449017  1.38829205
  2.29251984  2.60293201  3.54950197  0.0474383 ]
Device (GPU) time: 1.0929 seconds
Iters. done: 628 [Current cost: -20.97436184003874]
Current parameters: [ 3.39399665  3.55778726  1.81100189  1.54304381  0.05363566  1.66770269
  2.34392432  0.71318953  2.37726046  3.14300491  2.93071579  3.21331989
  2.45172171  1.31049505  1.68166103  2.9651169   2.93323522  3.14649196
  1.43550374  1.83527328  1.28866547  4.1337547   2.61731733  1.18860953
  1.10160249  0.45465     3.52000984  1.43524078  2.39990093  3.77489281
  2.61363735  2.84033897  2.46202531  3.1878755   4.46211712 -0.27621296
  2.85844207  1.45252007  2.31929453  2.60861676  2.51810868  2.45056334
  0.50687169  2.89761008  2.12321877  2.68545085  0.72833712  0.57668768
  0.13618876  2.8473207   0.04541044  0.05990874 -0.20127815  3.36376095
  0.93095837  2.06072625  3.00485468  0.5194675   1.30448171  1.38828346
  2.29254204  2.60295758  3.549498    0.04742706]
Device (GPU) time: 1.1894 seconds
Iters. done: 629 [Current cost: -20.934936787566294]
Current parameters: [ 3.3940145   3.55779171  1.81098915  1.54302706  0.05363133  1.66769801
  2.34392404  0.71320197  2.37724924  3.14302048  2.93071346  3.21332752
  2.45170639  1.31049186  1.68166228  2.96511838  2.93324923  3.14649259
  1.43549331  1.83529104  1.28866573  4.13374445  2.6173269   1.18861864
  1.10161456  0.45464529  3.5200269   1.4352403   2.39988291  3.77487393
  2.61364418  2.84031278  2.46205337  3.18787047  4.46212555 -0.27622445
  2.85844834  1.45253022  2.31930244  2.60862128  2.51812299  2.45056845
  0.50686197  2.89758576  2.12320335  2.68545279  0.72834915  0.57667431
  0.13620378  2.84731069  0.04539574  0.05987283 -0.20128945  3.3637519
  0.93096281  2.06071306  3.00482308  0.51945197  1.30448514  1.38829781
  2.29252379  2.60292882  3.54951807  0.04743665]
Device (GPU) time: 1.0092 seconds
Iters. done: 630 [Current cost: -20.920656757737003]
Current parameters: [ 3.3940186   3.55780084  1.81096092  1.54302728  0.05361473  1.66767436
  2.3439358   0.71321609  2.37724188  3.14302221  2.93070911  3.21332894
  2.45172919  1.31050169  1.68165202  2.96511136  2.93324667  3.14648878
  1.4355049   1.83526509  1.28866803  4.13373852  2.61729357  1.18861999
  1.10157338  0.45465699  3.51998847  1.43522861  2.39986068  3.7748896
  2.61362933  2.84030592  2.46204595  3.18789448  4.46213689 -0.27619874
  2.8584611   1.45254246  2.31930199  2.60861427  2.5181195   2.45055704
  0.5068668   2.89758842  2.12320866  2.68545716  0.72833879  0.57667304
  0.13621622  2.8473078   0.04539472  0.05988386 -0.20129522  3.36373921
  0.93097289  2.06070059  3.0048341   0.51944659  1.30448681  1.38829349
  2.29251662  2.60295152  3.54952415  0.04744397]
Device (GPU) time: 1.2187 seconds
Iters. done: 631 [Current cost: -20.975679533659218]
Current parameters: [ 3.39401544  3.55779043  1.81098781  1.54300917  0.05363595  1.66768525
  2.34393365  0.71321695  2.37724725  3.14302     2.93069648  3.213311
  2.45170277  1.31049532  1.6816551   2.96511662  2.93323986  3.14649531
  1.43549435  1.8352708   1.28867353  4.13374787  2.61731885  1.18862134
  1.10160501  0.45464243  3.52002953  1.4352451   2.3998748   3.77488375
  2.61363902  2.84032321  2.46204595  3.1878763   4.46211771 -0.27619575
  2.85844857  1.4525312   2.31930109  2.60861923  2.5181254   2.45056935
  0.50686545  2.89758104  2.12320753  2.685456    0.72834859  0.57667462
  0.13619881  2.84731433  0.04539701  0.05987275 -0.20127582  3.36376115
  0.93095937  2.06071268  3.0048305   0.51945617  1.30449747  1.38829689
  2.29251802  2.60293907  3.54949404  0.04742498]
Device (GPU) time: 1.0853 seconds
Iters. done: 632 [Current cost: -20.858141819968253]
Current parameters: [ 3.39401944  3.55779183  1.81099058  1.54302824  0.05364694  1.66766081
  2.34394368  0.71319008  2.37724186  3.14299549  2.93071125  3.21333705
  2.4517293   1.31050017  1.68166102  2.96511872  2.93326023  3.14649839
  1.4354761   1.83527633  1.28866513  4.13373315  2.61732291  1.18861789
  1.10157679  0.45462789  3.52004252  1.43524448  2.39987072  3.77489387
  2.6136507   2.84031606  2.46204877  3.18784868  4.46211565 -0.27622607
  2.85846275  1.45253594  2.31929498  2.60861611  2.51812408  2.45056115
  0.50687102  2.89758557  2.12321153  2.68544177  0.72834992  0.5766684
  0.13620912  2.84730502  0.04540153  0.0598751  -0.20130429  3.36376833
  0.93096499  2.0606891   3.00482561  0.51944997  1.30445307  1.38829117
  2.29252472  2.6029472   3.54947337  0.0474157 ]
Device (GPU) time: 1.1069 seconds
Iters. done: 633 [Current cost: -20.953505388556156]
Current parameters: [ 3.3940195   3.55778701  1.8109793   1.54301946  0.05363057  1.66769624
  2.34393512  0.71321039  2.37725431  3.14300736  2.93070399  3.21332504
  2.45171355  1.31049593  1.68165927  2.96512892  2.9332334   3.14649993
  1.43550002  1.83527734  1.28866808  4.13374738  2.61731777  1.18863009
  1.10159019  0.45464288  3.52003301  1.43524828  2.39988433  3.77487744
  2.61363081  2.84032022  2.4620438   3.18786775  4.46212162 -0.27621414
  2.85844846  1.45253161  2.31930425  2.60861028  2.5181166   2.45058114
  0.5068737   2.8975655   2.12320157  2.68545508  0.72834911  0.57667251
  0.13620625  2.84730382  0.04539532  0.05988113 -0.20129486  3.36374629
  0.93097232  2.06071256  3.0048371   0.51947111  1.3044816   1.38828401
  2.29253031  2.60292977  3.54950596  0.04742854]
Device (GPU) time: 0.9594 seconds
Iters. done: 634 [Current cost: -21.002535434410532]
Current parameters: [ 3.3940299   3.55778923  1.81098199  1.54302996  0.05363161  1.66769661
  2.34395218  0.71322424  2.377249    3.14299958  2.93071123  3.21331864
  2.45171781  1.31049538  1.68167056  2.96510589  2.93322862  3.14648643
  1.43547653  1.83528618  1.28868277  4.13375513  2.61731967  1.18865186
  1.10159046  0.45464368  3.52002114  1.43527098  2.39987375  3.77486618
  2.61365262  2.84033595  2.46206411  3.18788656  4.46211812 -0.27621972
  2.8584503   1.45252834  2.31931605  2.60863075  2.51814185  2.45057544
  0.50685033  2.89759264  2.12321763  2.68544478  0.72834619  0.57666796
  0.13620753  2.84730857  0.04540678  0.05987636 -0.20129001  3.36374054
  0.93097837  2.06074163  3.00484742  0.51942198  1.30447536  1.38828887
  2.29253857  2.60294714  3.54950501  0.04741737]
Device (GPU) time: 1.0781 seconds
Iters. done: 635 [Current cost: -20.862978770651253]
Current parameters: [ 3.39402625  3.5577885   1.81098876  1.54301834  0.05363504  1.66768495
  2.34393967  0.71319751  2.37725405  3.14301697  2.9306974   3.21333123
  2.45171121  1.31049467  1.68165347  2.96511227  2.93324435  3.14650208
  1.43548554  1.83527159  1.28866171  4.13374599  2.61731177  1.18861919
  1.10160023  0.45464973  3.52003248  1.43524784  2.39988787  3.77486959
  2.61363745  2.84032565  2.46203709  3.18787303  4.46211738 -0.27620849
  2.85844436  1.45251973  2.31929742  2.6086145   2.5181333   2.45057721
  0.50686253  2.89757813  2.12321559  2.68544676  0.7283439   0.57666533
  0.13621283  2.8473084   0.04539387  0.059886   -0.20127889  3.36374978
  0.93095628  2.06070882  3.00484242  0.51944909  1.30447265  1.3882939
  2.29251224  2.60293603  3.54951825  0.04743695]
Device (GPU) time: 1.0946 seconds
Iters. done: 636 [Current cost: -20.95463227887347]
Current parameters: [ 3.39402707  3.55780726  1.81096777  1.54302332  0.05363264  1.66768517
  2.34393287  0.71320823  2.37726916  3.14300405  2.93068645  3.21331257
  2.45169168  1.31049805  1.68165093  2.96510568  2.93324021  3.14649021
  1.43548804  1.83525702  1.28864075  4.13374922  2.61732033  1.18860895
  1.10158775  0.4546615   3.52002221  1.43524088  2.39988328  3.77486796
  2.61363989  2.84032196  2.4620393   3.18786577  4.46213787 -0.27622598
  2.8584326   1.45253271  2.31931733  2.60859524  2.51810737  2.45057756
  0.50687448  2.89760369  2.12321985  2.68543754  0.72835961  0.57666667
  0.1362107   2.84729878  0.04540468  0.05985788 -0.20127528  3.36374925
  0.93097033  2.06071499  3.00482629  0.51945097  1.30447592  1.38832176
  2.29255881  2.60292213  3.54949086  0.04743538]
Device (GPU) time: 1.0632 seconds
Iters. done: 637 [Current cost: -20.90376157087796]
Current parameters: [ 3.39401515  3.55778866  1.810988    1.54302226  0.05362223  1.66769051
  2.34393339  0.71320119  2.37724743  3.14301848  2.93070563  3.21332352
  2.45171363  1.31048867  1.68165432  2.96511381  2.93323188  3.14649633
  1.43548635  1.8352759   1.28866852  4.1337494   2.61731854  1.18862041
  1.10159297  0.45465028  3.52004072  1.43523891  2.39987289  3.77488224
  2.61364002  2.84032763  2.46203841  3.18787857  4.4621186  -0.27620957
  2.85844673  1.45253197  2.31929799  2.60861406  2.5181277   2.45055859
  0.50686611  2.89758878  2.12320119  2.68544746  0.72834077  0.57666533
  0.13622177  2.84729542  0.04539199  0.05987496 -0.2012799   3.36376975
  0.93096988  2.06071807  3.00482636  0.51945646  1.30448242  1.38828536
  2.2925392   2.60292888  3.54951722  0.04742052]
Device (GPU) time: 1.1071 seconds
Iters. done: 638 [Current cost: -21.042888831049375]
Current parameters: [ 3.39401921  3.55779303  1.81097778  1.54302408  0.05361718  1.66769064
  2.34394418  0.71321015  2.37725002  3.14301405  2.93072367  3.21332869
  2.45172392  1.31050066  1.68166285  2.96512484  2.93326092  3.14647698
  1.43547466  1.83526751  1.28866621  4.13375511  2.61730812  1.18861055
  1.10159395  0.45468513  3.52003981  1.43523984  2.39987452  3.77488064
  2.61363513  2.84032677  2.46203651  3.18788333  4.46213127 -0.27622187
  2.85844854  1.45252975  2.3192938   2.60863263  2.51813297  2.45058938
  0.50685712  2.89754686  2.12320658  2.68546724  0.72836454  0.57667829
  0.13620103  2.84732079  0.04540975  0.0598685  -0.20128913  3.36378945
  0.93094862  2.06072515  3.00484251  0.51946534  1.30447648  1.38831337
  2.29254181  2.60294093  3.54950992  0.04742527]
Device (GPU) time: 1.0657 seconds
Iters. done: 639 [Current cost: -20.84534392022853]
Current parameters: [ 3.39403615  3.55779207  1.81098766  1.54302179  0.05362307  1.66769045
  2.34393561  0.71320197  2.37724216  3.1430187   2.93070413  3.21332016
  2.45171294  1.31049457  1.6816586   2.96511546  2.93323837  3.14649482
  1.4354972   1.8352713   1.28867332  4.13374048  2.61731635  1.18862427
  1.10159362  0.45464153  3.52003109  1.43523993  2.39987945  3.77487387
  2.6136487   2.84031895  2.46204435  3.1878759   4.4621183  -0.27621749
  2.85844061  1.45252864  2.31929216  2.60861101  2.51812428  2.45057866
  0.5068745   2.89758305  2.123218    2.68546224  0.72833173  0.57669195
  0.1361952   2.84729411  0.04540241  0.05986573 -0.20128209  3.36376004
  0.93096142  2.06071842  3.00482808  0.51945545  1.30447252  1.38829347
  2.29252768  2.60293943  3.54950987  0.04743316]
Device (GPU) time: 1.1431 seconds
Iters. done: 640 [Current cost: -20.929642344475717]
Current parameters: [ 3.39401017  3.5578075   1.81098512  1.54302517  0.05362837  1.66768387
  2.34393575  0.71319897  2.37725371  3.14301422  2.93069782  3.21332783
  2.45170766  1.31049352  1.68166863  2.96511939  2.93323759  3.14651887
  1.43548601  1.83527307  1.28867081  4.13373503  2.61732346  1.18861625
  1.10160338  0.45464182  3.52002912  1.43523415  2.39986587  3.77487987
  2.61365461  2.84032826  2.46204078  3.18787602  4.46212337 -0.27621876
  2.8584622   1.45257493  2.31931244  2.60863778  2.51814542  2.45060117
  0.50691872  2.89759032  2.12321654  2.68545031  0.72834692  0.57666343
  0.13620774  2.84730464  0.0454076   0.059889   -0.2012808   3.3637649
  0.93095899  2.0607218   3.00485108  0.51945336  1.30449187  1.38828861
  2.29252801  2.60292411  3.54951806  0.04744015]
Device (GPU) time: 0.9783 seconds
Iters. done: 641 [Current cost: -20.867813858129978]
Current parameters: [ 3.39401619  3.55778881  1.81098185  1.54302571  0.05362605  1.66768561
  2.34393707  0.71320595  2.37724092  3.14302633  2.93069853  3.21332637
  2.45170875  1.31049707  1.68165401  2.96512158  2.93324418  3.14649504
  1.43549507  1.83525596  1.28865804  4.1337525   2.61733406  1.18862286
  1.10159349  0.45463721  3.5200298   1.43524779  2.39986974  3.77487102
  2.61363645  2.84032556  2.46204382  3.1878771   4.46212099 -0.2762243
  2.8584584   1.45251718  2.31929919  2.60861895  2.51813076  2.45056333
  0.50687013  2.89758156  2.12320638  2.68544638  0.72835248  0.57668293
  0.13620291  2.84730148  0.04540306  0.05988233 -0.20129337  3.3637587
  0.93095779  2.06072036  3.00483996  0.51945179  1.30448762  1.38828864
  2.29253032  2.60292852  3.54950603  0.04743948]
Device (GPU) time: 1.1161 seconds
Iters. done: 642 [Current cost: -20.93934106572373]
Current parameters: [ 3.39401762  3.55780993  1.81098236  1.54304213  0.053636    1.66769028
  2.34393403  0.71323467  2.37725624  3.1430025   2.93071104  3.2133266
  2.45171464  1.31051037  1.68166438  2.96511444  2.93324872  3.14650565
  1.4354981   1.83525707  1.28868886  4.13372846  2.61735055  1.18861569
  1.10159556  0.45463562  3.52003616  1.43523994  2.39987115  3.77487714
  2.61364662  2.84031007  2.46202103  3.18787317  4.46211804 -0.27622224
  2.85846123  1.4525236   2.31928914  2.60858568  2.5181147   2.45058212
  0.50685018  2.89758893  2.12320315  2.68546849  0.72834326  0.57664772
  0.13620741  2.8473183   0.0453771   0.05986333 -0.20127069  3.3637668
  0.93095922  2.06072986  3.0048505   0.51945042  1.30447902  1.38828259
  2.29252623  2.60293823  3.5495201   0.04743863]
Device (GPU) time: 1.1137 seconds
Iters. done: 643 [Current cost: -21.041796050736792]
Current parameters: [ 3.3940223   3.55778683  1.81098037  1.54302094  0.05363671  1.66769684
  2.34393593  0.71318768  2.3772563   3.14302634  2.93070178  3.213327
  2.45171854  1.31049478  1.68165523  2.96511825  2.93324688  3.14649164
  1.43549708  1.83526896  1.28866261  4.13373896  2.61731924  1.1886092
  1.10159762  0.45464191  3.52002966  1.43524582  2.39987038  3.77488479
  2.61363857  2.840321    2.46204262  3.18787812  4.46211726 -0.27620789
  2.85844852  1.45253251  2.31930229  2.60862207  2.51813029  2.45057774
  0.50686636  2.89758095  2.12320007  2.68545362  0.72835033  0.57666322
  0.1361945   2.8473028   0.04539119  0.05986145 -0.20128324  3.36374222
  0.93096022  2.06072686  3.00483557  0.51944953  1.30447839  1.38828235
  2.29253902  2.60294199  3.54950336  0.04742917]
Device (GPU) time: 0.9908 seconds
Iters. done: 644 [Current cost: -21.002577018257572]
Current parameters: [ 3.39404006  3.55780882  1.81100583  1.54301777  0.05362632  1.66768858
  2.34392331  0.71321616  2.37725486  3.14302844  2.93070391  3.21332691
  2.45172168  1.31048511  1.6816593   2.96511745  2.93322738  3.14647863
  1.43547686  1.83526547  1.28867067  4.13372289  2.61732417  1.18860097
  1.10158857  0.45462943  3.52002877  1.43523729  2.39987114  3.77488325
  2.61362206  2.84031457  2.46205638  3.18789556  4.46211884 -0.27623068
  2.85843087  1.45253244  2.31931147  2.60861127  2.51812102  2.45057276
  0.50685819  2.89757009  2.12323649  2.68544165  0.7283565   0.57666193
  0.13617937  2.84731452  0.04539303  0.05990115 -0.20128528  3.36375775
  0.93095895  2.06069688  3.0048353   0.51945161  1.30448667  1.38827502
  2.29254035  2.60291555  3.54951737  0.04740683]
Device (GPU) time: 1.1212 seconds
Iters. done: 645 [Current cost: -20.931995940977213]
Current parameters: [ 3.39401995  3.5577873   1.81098617  1.54302596  0.05363259  1.66768814
  2.34393418  0.71320667  2.37725192  3.14302294  2.93070077  3.21332259
  2.45172383  1.31049168  1.68165532  2.96512043  2.93322928  3.14649439
  1.43549831  1.83528687  1.288651    4.13375293  2.61733391  1.18862726
  1.10158091  0.45464387  3.52002794  1.43524131  2.39987049  3.77487928
  2.61363934  2.84031814  2.46204299  3.18786271  4.46212104 -0.27621118
  2.85844892  1.45253063  2.31930419  2.6086207   2.51813465  2.45057989
  0.50686205  2.89758639  2.12322175  2.68545783  0.72834574  0.57667403
  0.13620416  2.847315    0.04538968  0.05986845 -0.20127824  3.36376101
  0.93095445  2.06070625  3.0048387   0.51945664  1.3044851   1.38829529
  2.29253506  2.60293857  3.54951414  0.04743289]
Device (GPU) time: 1.1080 seconds
Iters. done: 646 [Current cost: -20.954436768254453]
Current parameters: [ 3.39400428  3.5578088   1.81097369  1.54301385  0.05361598  1.66767874
  2.34394058  0.71320138  2.37722708  3.14301418  2.93068694  3.21332803
  2.45171668  1.31048665  1.68165688  2.96512766  2.93324213  3.14647498
  1.43548684  1.83528632  1.28865919  4.13374394  2.6173365   1.18863018
  1.10159014  0.45462973  3.52002218  1.43523638  2.39989179  3.774885
  2.61363965  2.84033738  2.46205332  3.1878858   4.46209776 -0.27620915
  2.85845402  1.45252355  2.3193104   2.60862864  2.51808612  2.45058191
  0.50686859  2.89757065  2.12321105  2.68544938  0.72832558  0.57663847
  0.13620455  2.84730236  0.04540197  0.0598792  -0.20127909  3.36375665
  0.93093668  2.0607332   3.00482136  0.51945973  1.30446679  1.38830446
  2.29253233  2.60293833  3.54951338  0.04744247]
Device (GPU) time: 1.0181 seconds
Iters. done: 647 [Current cost: -20.992479678259627]
Current parameters: [ 3.39401066  3.55779029  1.81097066  1.54302434  0.05361363  1.66769187
  2.34395188  0.71320313  2.37725261  3.14301656  2.93069516  3.21331178
  2.45171104  1.31049189  1.68165655  2.96511702  2.93324501  3.14650224
  1.43549289  1.83528049  1.2886624   4.13375518  2.61732188  1.18861202
  1.10160476  0.45463639  3.52003249  1.43523937  2.39987157  3.7748871
  2.61364194  2.84031923  2.46204994  3.18787504  4.46211522 -0.27622166
  2.85844182  1.45253576  2.31929998  2.60860351  2.51813351  2.4505747
  0.50685981  2.89757917  2.12321283  2.68545515  0.72834589  0.57667135
  0.13619531  2.84730708  0.04539003  0.0598883  -0.20128648  3.36375919
  0.93096778  2.06071427  3.00483575  0.51945164  1.30447421  1.38829521
  2.29252932  2.60294     3.54950835  0.04743107]
Device (GPU) time: 1.1244 seconds
Iters. done: 648 [Current cost: -20.949682763279487]
Current parameters: [ 3.39403163  3.5578146   1.81100279  1.54301595  0.05362185  1.66768814
  2.343923    0.71319967  2.37727342  3.1430195   2.93069368  3.21334185
  2.45170406  1.31049875  1.68166815  2.96512367  2.93323284  3.14651938
  1.43548784  1.83529377  1.28863864  4.13374221  2.61732143  1.18861588
  1.10160214  0.45464108  3.52003205  1.43525827  2.39985632  3.77487158
  2.6136327   2.84033146  2.46204227  3.18788901  4.46211907 -0.27620485
  2.85846266  1.45255356  2.31931395  2.60859616  2.51810771  2.45055756
  0.5068441   2.8975674   2.12321424  2.68545278  0.72834468  0.57669189
  0.13621304  2.84730274  0.04540166  0.05987216 -0.20129865  3.36376983
  0.93095521  2.06073529  3.00483592  0.51945584  1.30447701  1.38828672
  2.29252593  2.60296205  3.54950361  0.04743992]
Device (GPU) time: 1.0735 seconds
Iters. done: 649 [Current cost: -20.84100722099384]
Current parameters: [ 3.39401288  3.55779369  1.8109853   1.54302777  0.05362769  1.66769525
  2.34392243  0.71320997  2.37725097  3.14302152  2.9307023   3.21332801
  2.45171186  1.31048143  1.68164502  2.96511477  2.93324698  3.14649529
  1.43549602  1.83528003  1.28867533  4.13375047  2.61731314  1.18862451
  1.10159165  0.45462913  3.5200427   1.43525169  2.39986303  3.77488083
  2.61364206  2.84032559  2.46203445  3.18787996  4.4621335  -0.27621475
  2.85843689  1.45253064  2.31930527  2.60861632  2.51812271  2.45057399
  0.50686592  2.89758255  2.12320994  2.68545585  0.72834744  0.57666504
  0.13620276  2.84730338  0.04540695  0.05987621 -0.20128783  3.36375529
  0.93095648  2.06070931  3.00484321  0.51945369  1.30447445  1.38830105
  2.2925293   2.60293864  3.54950568  0.04743805]
Device (GPU) time: 1.0580 seconds
Iters. done: 650 [Current cost: -20.959817576836073]
Current parameters: [ 3.39400703  3.55779694  1.81098136  1.54302275  0.05362827  1.66769491
  2.34392644  0.71321338  2.37724437  3.14301123  2.93069765  3.21331428
  2.45172291  1.31048921  1.68165444  2.96510792  2.93323416  3.14652658
  1.43552552  1.83527195  1.28867481  4.13373168  2.61731025  1.18861947
  1.10158842  0.45467195  3.52004637  1.43526047  2.39987087  3.77489726
  2.6136066   2.84031936  2.4620582   3.18786011  4.46209574 -0.27622519
  2.8584517   1.45253745  2.31928639  2.60861768  2.51812637  2.45056954
  0.50685755  2.89758879  2.12321603  2.68542872  0.72834378  0.57666867
  0.13619353  2.84731248  0.04541908  0.05986554 -0.20129337  3.3637537
  0.93094005  2.06072527  3.00482706  0.5194422   1.30446993  1.3882979
  2.29252929  2.60292102  3.54952158  0.0474322 ]
Device (GPU) time: 1.1066 seconds
Iters. done: 651 [Current cost: -20.836286497779]
Current parameters: [ 3.39400703  3.55779694  1.81098136  1.54302275  0.05362827  1.66769491
  2.34392644  0.71321338  2.37724437  3.14301123  2.93069765  3.21331428
  2.45172291  1.31048921  1.68165444  2.96510792  2.93323416  3.14652658
  1.43552552  1.83527195  1.28867481  4.13373168  2.61731025  1.18861947
  1.10158842  0.45467195  3.52004637  1.43526047  2.39987087  3.77489726
  2.6136066   2.84031936  2.4620582   3.18786011  4.46209574 -0.27622519
  2.8584517   1.45253745  2.31928639  2.60861768  2.51812637  2.45056954
  0.50685755  2.89758879  2.12321603  2.68542872  0.72834378  0.57666867
  0.13619353  2.84731248  0.04541908  0.05986554 -0.20129337  3.3637537
  0.93094005  2.06072527  3.00482706  0.5194422   1.30446993  1.3882979
  2.29252929  2.60292102  3.54952158  0.0474322 ]
Device (GPU) time: 0.9750 seconds

Total time: 701.9669098854 seconds
Total device time: 701.3255136013 seconds
Total classical optimizer time 0.6413962841 
 message: Optimization terminated successfully.
 success: True
  status: 1
     fun: -20.836286497779
       x: [ 3.394e+00  3.558e+00 ...  3.550e+00  4.743e-02]
    nfev: 651
   maxcv: 0.0

=== GROUND STATE ENERGY ===
 
* Electronic ground state energy (Hartree): -68.610439512361
  - computed part:      -20.836286497779
  - FreezeCoreTransformer extracted energy part: -47.774153014582
~ Nuclear repulsion energy (Hartree): 14.033695679786
> Total ground state energy (Hartree): -54.576743832576
 
=== MEASURED OBSERVABLES ===
 
 
=== DIPOLE MOMENTS ===
 
~ Nuclear dipole moment (a.u.): [0.0  0.0  0.0]
 
calculting using numpy
=== GROUND STATE ENERGY ===
 
* Electronic ground state energy (Hartree): -69.770627941648
  - computed part:      -21.996474927066
  - FreezeCoreTransformer extracted energy part: -47.774153014582
~ Nuclear repulsion energy (Hartree): 14.033695679786
> Total ground state energy (Hartree): -55.736932261862
 
=== MEASURED OBSERVABLES ===
 
 
=== DIPOLE MOMENTS ===
 
~ Nuclear dipole moment (a.u.): [0.0  0.0  0.0]
 
